method,N,seed,mspe_y,mspe_fx,mspe_fz,corr_fx_z,b_z_hat,val_loss
baseline,100,4,1.0202027559280396,0.03380633145570755,0.08104897290468216,0.6595473405022596,nan,0.9524052095413208
baseline,100,9,0.9995346665382385,0.07284637540578842,0.08104897290468216,0.7380693826028222,nan,1.245128047466278
baseline,100,6,1.0018212795257568,0.10242665559053421,0.08104897290468216,0.8363872326059257,nan,1.1566577911376954
baseline,100,1,1.1595488786697388,0.061937928199768066,0.08104897290468216,0.3228472344894552,nan,0.7816287159919739
baseline,100,7,1.0378421545028687,0.0663871243596077,0.08104897290468216,0.7142102234439544,nan,0.8863308191299438
baseline,100,8,1.0331833362579346,0.14679765701293945,0.08104897290468216,0.8385392519242438,nan,0.8258792519569397
baseline,100,2,1.1582096815109253,0.16212639212608337,0.08104897290468216,0.32775537180302444,nan,1.0802023375034333
baseline,100,3,0.9854130148887634,0.11811741441488266,0.08104897290468216,0.7088209030712113,nan,0.9947050213813782
baseline,100,0,1.0129990577697754,0.05836250260472298,0.08104897290468216,0.6619081802759743,nan,1.202751212120056
baseline,100,5,1.0301094055175781,0.19730879366397858,0.08104897290468216,0.7924676944288708,nan,0.8261223459243774
baseline,200,0,0.9891403317451477,0.05369707569479942,0.08104897290468216,0.672581024582228,nan,0.8525507301092148
baseline,200,2,1.0143709182739258,0.09487950801849365,0.08104897290468216,0.8405529298875766,nan,1.1820352375507355
baseline,200,5,0.9838132262229919,0.032979127019643784,0.08104897290468216,0.5653250272054648,nan,1.0695942491292953
baseline,200,3,1.0955727100372314,0.3320010006427765,0.08104897290468216,0.6452222427279124,nan,0.9314847141504288
baseline,200,1,1.1684436798095703,0.4071348309516907,0.08104897290468216,0.7494932629291288,nan,1.049211010336876
baseline,200,8,0.9991860389709473,0.11667326092720032,0.08104897290468216,0.6164621028711185,nan,1.0081858485937119
baseline,200,9,0.9724429845809937,0.08458098024129868,0.08104897290468216,0.6777912986960827,nan,1.3152536898851395
baseline,200,6,1.0026971101760864,0.16352000832557678,0.08104897290468216,0.7991766682523106,nan,0.8897417932748795
baseline,200,4,1.006721019744873,0.09091794490814209,0.08104897290468216,0.826899193179531,nan,1.0797576755285263
baseline,200,7,1.004098892211914,0.20160040259361267,0.08104897290468216,0.7478915147096206,nan,0.8727991580963135
baseline,400,2,0.9970452189445496,0.07040530443191528,0.08104897290468216,0.7788528556472955,nan,0.8568380028009415
baseline,400,0,1.0128576755523682,0.04837223142385483,0.08104897290468216,0.4731704146145551,nan,1.100074678659439
baseline,400,4,0.9932651519775391,0.057890936732292175,0.08104897290468216,0.6856363866847268,nan,0.8727928847074509
baseline,400,3,0.9824016094207764,0.06966599076986313,0.08104897290468216,0.6272289330352425,nan,1.1085664182901382
baseline,400,5,0.9734060764312744,0.06193828582763672,0.08104897290468216,0.5444828036603558,nan,1.0166122764348984
baseline,400,9,0.9745184183120728,0.09008796513080597,0.08104897290468216,0.5964900043728917,nan,1.063579797744751
baseline,400,1,0.9708524942398071,0.06831354647874832,0.08104897290468216,0.6062707924232302,nan,0.9769473522901535
baseline,400,7,0.9919142127037048,0.13512510061264038,0.08104897290468216,0.7145357485824788,nan,0.8961123377084732
baseline,400,6,0.9787575006484985,0.05478939786553383,0.08104897290468216,0.6420137552929766,nan,1.0098524391651154
baseline,400,8,0.9760245680809021,0.09431259334087372,0.08104897290468216,0.718031368830745,nan,0.8951308876276016
baseline,800,0,0.980054497718811,0.09506338089704514,0.08104897290468216,0.7397827952087516,nan,0.94423508644104
baseline,800,3,0.9810348749160767,0.09610221534967422,0.08104897290468216,0.6946211113455062,nan,1.0146876907348632
baseline,800,2,0.9773862957954407,0.052236441522836685,0.08104897290468216,0.6635881377231961,nan,1.0225830364227295
baseline,800,8,0.9829587936401367,0.053225357085466385,0.08104897290468216,0.6141116520876179,nan,1.1757863807678222
baseline,800,1,0.9775301218032837,0.09829110652208328,0.08104897290468216,0.7385110338967674,nan,1.0088318729400634
baseline,800,7,0.9874647259712219,0.05766185745596886,0.08104897290468216,0.7021800526398044,nan,1.037782917022705
baseline,800,5,0.9964228868484497,0.06441318243741989,0.08104897290468216,0.7240100354434361,nan,0.9651786136627197
baseline,800,4,0.9740586876869202,0.08201216161251068,0.08104897290468216,0.6634229323184088,nan,1.138250825405121
baseline,800,6,0.9748216867446899,0.043294213712215424,0.08104897290468216,0.626526853177331,nan,0.9641182899475098
baseline,800,9,0.975426435470581,0.08310053497552872,0.08104897290468216,0.637294549324204,nan,0.9722058916091919
baseline,1600,1,0.9797185063362122,0.07794015109539032,0.08104897290468216,0.7488591782301265,nan,1.0813371014595032
baseline,1600,0,0.9947057962417603,0.07781081646680832,0.08104897290468216,0.7670535033522482,nan,1.0639662861824035
baseline,1600,2,0.9841306209564209,0.07739245891571045,0.08104897290468216,0.7553862541499545,nan,1.0101253056526185
baseline,1600,3,0.9763970375061035,0.09241360425949097,0.08104897290468216,0.6796205157152121,nan,1.005725998878479
baseline,1600,6,0.981634259223938,0.0737711638212204,0.08104897290468216,0.6715355030636804,nan,0.918962664604187
baseline,1600,8,0.9807344079017639,0.05036064237356186,0.08104897290468216,0.685019552518319,nan,0.9538015604019165
baseline,1600,5,0.9786139726638794,0.09893327206373215,0.08104897290468216,0.7245180326167361,nan,1.0109681868553162
baseline,1600,9,0.9717270731925964,0.07475263625383377,0.08104897290468216,0.6698708696290334,nan,1.0551694083213805
baseline,1600,7,0.9805623888969421,0.08623103052377701,0.08104897290468216,0.7337339169719013,nan,0.8895577621459961
baseline,1600,4,0.9692744612693787,0.06522078812122345,0.08104897290468216,0.661321559922819,nan,0.9532749652862549
baseline,3200,0,0.9785370826721191,0.09305739402770996,0.08104897290468216,0.6998266694288269,nan,0.9876815581321716
baseline,3200,2,0.9792048931121826,0.0847427099943161,0.08104897290468216,0.7126773785908722,nan,1.0422638940811157
baseline,3200,1,0.9753502011299133,0.07410813122987747,0.08104897290468216,0.7150733310491775,nan,1.0309732270240783
baseline,3200,6,0.980365514755249,0.052478376775979996,0.08104897290468216,0.6886166264644151,nan,1.0310035943984985
baseline,3200,4,0.9734367728233337,0.07643114775419235,0.08104897290468216,0.6692736610098421,nan,1.05725816488266
baseline,3200,8,0.9697747826576233,0.07285110652446747,0.08104897290468216,0.676048174675187,nan,0.9741715288162232
baseline,3200,5,0.974711000919342,0.08061926811933517,0.08104897290468216,0.7106519198105422,nan,1.0002118158340454
baseline,3200,3,0.9823628664016724,0.09097450971603394,0.08104897290468216,0.74897320553832,nan,0.9643807077407837
baseline,3200,7,0.9736396670341492,0.056510064750909805,0.08104897290468216,0.6795626615676497,nan,1.0072972655296326
baseline,3200,9,0.9820680618286133,0.08836532384157181,0.08104897290468216,0.7274635624931907,nan,1.0448551321029662
baseline,6400,0,0.9802895188331604,0.08374372869729996,0.08104897290468216,0.6963350830250312,nan,1.0455647706985474
baseline,6400,1,0.974372923374176,0.08809386193752289,0.08104897290468216,0.7112140406538601,nan,0.9921087908744812
baseline,6400,3,0.9777126908302307,0.060675282031297684,0.08104897290468216,0.7021521151393806,nan,1.0055744683742522
baseline,6400,4,0.9721585512161255,0.07597025483846664,0.08104897290468216,0.7008708917337937,nan,0.9915616095066071
baseline,6400,7,0.9732183814048767,0.0660790428519249,0.08104897290468216,0.6821291818058547,nan,1.0244527900218963
baseline,6400,6,0.9757002592086792,0.07683136314153671,0.08104897290468216,0.7207576442215409,nan,0.9775449752807617
baseline,6400,2,0.9785778522491455,0.07834184169769287,0.08104897290468216,0.7308296957019902,nan,1.0087750339508057
baseline,6400,5,0.9778872132301331,0.0901254415512085,0.08104897290468216,0.7305831402183889,nan,0.9920361375808716
baseline,6400,8,0.9727803468704224,0.06853693723678589,0.08104897290468216,0.693339903251776,nan,1.0352088963985444
baseline,6400,9,0.9737352132797241,0.07934129983186722,0.08104897290468216,0.7098459905292935,nan,1.0292843067646027
baseline,12800,0,0.9753590226173401,0.0668322741985321,0.08104897290468216,0.7059609623793239,nan,1.0020241278409958
baseline,12800,6,0.97732013463974,0.07495269179344177,0.08104897290468216,0.7171682463454362,nan,1.005237529873848
baseline,12800,2,0.9696505069732666,0.0765955001115799,0.08104897290468216,0.6945186252812476,nan,0.9927668732404709
baseline,12800,3,0.9740349650382996,0.07001961767673492,0.08104897290468216,0.7032885451801861,nan,1.025136222243309
baseline,12800,9,0.9716008901596069,0.06434889137744904,0.08104897290468216,0.6842203396474609,nan,1.0270074450969695
baseline,12800,5,0.979106605052948,0.06945999711751938,0.08104897290468216,0.731965960438083,nan,1.013388779759407
baseline,12800,4,0.9737193584442139,0.09061328321695328,0.08104897290468216,0.7225774755453306,nan,1.0038130277395247
baseline,12800,7,0.9766536951065063,0.07173216342926025,0.08104897290468216,0.7226120640568724,nan,1.0033023208379745
baseline,12800,8,0.9804234504699707,0.09185396879911423,0.08104897290468216,0.7360334912311115,nan,0.9885628694295883
baseline,12800,1,0.9705207943916321,0.0821198895573616,0.08104897290468216,0.6937172364892791,nan,0.9982201319932937
baseline,25600,2,0.9736817479133606,0.07569044828414917,0.08104897290468216,0.7118546114685985,nan,1.0151146212220192
baseline,25600,0,0.976143479347229,0.07478620857000351,0.08104897290468216,0.7259270694889826,nan,1.031789301931858
baseline,25600,7,0.9719962477684021,0.06945961713790894,0.08104897290468216,0.7065796989181978,nan,1.0127063888311385
baseline,25600,1,0.9741942286491394,0.08842476457357407,0.08104897290468216,0.7240669709572133,nan,1.0033912965655327
baseline,25600,3,0.9722219705581665,0.0769255980849266,0.08104897290468216,0.7248119328327675,nan,1.01148944824934
baseline,25600,4,0.97012859582901,0.08542385697364807,0.08104897290468216,0.7142175015563675,nan,1.0050046652555467
baseline,25600,9,0.9722995758056641,0.06947219371795654,0.08104897290468216,0.687163644236908,nan,0.9923707175254822
baseline,25600,5,0.9730795621871948,0.08180713653564453,0.08104897290468216,0.7187436407238554,nan,1.0093380385637283
baseline,25600,8,0.9742895364761353,0.08651609718799591,0.08104897290468216,0.7289958926707019,nan,0.9988400721549988
baseline,25600,6,0.9749134182929993,0.07705368846654892,0.08104897290468216,0.7258532890609409,nan,0.9993948984146118
baseline,51200,1,0.9761366248130798,0.08187994360923767,0.08104897290468216,0.7276493106759097,nan,1.0018161894381046
baseline,51200,2,0.9725342392921448,0.085855633020401,0.08104897290468216,0.7190294392501675,nan,0.9990709695219994
baseline,51200,5,0.9708921909332275,0.06553130596876144,0.08104897290468216,0.6920444284365784,nan,1.006984435170889
baseline,51200,3,0.9733834862709045,0.07546858489513397,0.08104897290468216,0.7094859703802991,nan,1.0024628846347332
baseline,51200,9,0.9730952382087708,0.07120922207832336,0.08104897290468216,0.7199788997002793,nan,0.9977287486195564
baseline,51200,7,0.973457932472229,0.0800374373793602,0.08104897290468216,0.7192120882868474,nan,1.0018920530378819
baseline,51200,4,0.9742094278335571,0.07617229223251343,0.08104897290468216,0.7232403574667189,nan,0.9997081252932548
baseline,51200,8,0.9752014875411987,0.07799603044986725,0.08104897290468216,0.7142875969028525,nan,1.006144210845232
baseline,51200,6,0.969520628452301,0.07458064705133438,0.08104897290468216,0.6980899191164722,nan,1.0118548737466335
baseline,51200,0,0.9718811511993408,0.07492726296186447,0.08104897290468216,0.7037387841252007,nan,0.9999979430437088
nam,100,4,1.0179563760757446,0.0492665134370327,0.046617068350315094,0.6832649936692395,0.24204522371292114,1.0169829654693603
nam,100,9,1.0096482038497925,0.3014955222606659,0.2162962108850479,0.9007436679156937,-0.6238606572151184,1.2164501476287841
nam,100,6,0.9979987740516663,0.017240062355995178,0.0008394850883632898,0.412234618713854,0.9011503458023071,1.1554548835754395
nam,100,1,1.0713642835617065,0.020275903865695,0.17924539744853973,0.48775483203634123,-0.48553866147994995,0.8485937166213989
nam,100,7,1.0688787698745728,0.06345962733030319,0.07847024500370026,0.6459838418388821,0.016047917306423187,0.9025598096847535
nam,100,8,1.0370383262634277,0.038531962782144547,0.0059852865524590015,0.5465773710709958,0.7743352055549622,0.7754147911071777
nam,100,2,1.1094800233840942,0.12054698169231415,0.005433001555502415,0.09209096198681395,0.7410358786582947,1.1096894085407256
nam,100,3,0.9785323143005371,0.007697039283812046,0.00015374759095720947,0.3347974120169003,0.9820732474327087,0.929808316230774
nam,100,0,1.042414903640747,0.07274121791124344,0.0811552107334137,0.6675312848235773,-0.0006529635866172612,1.2129250597953796
nam,100,5,1.027471661567688,0.10046502947807312,0.029135635122656822,0.7864239030801854,0.401481032371521,0.80850191116333
nam,200,0,1.0018789768218994,0.10227691382169724,0.12083543092012405,0.7354393905363948,-0.21911226212978363,0.8386127054691315
nam,200,2,1.026647686958313,0.03178170695900917,0.00043280853424221277,0.6542315773025613,1.0108989477157593,1.176231488585472
nam,200,5,1.0189299583435059,0.14288181066513062,0.2571346163749695,0.7936620270575078,-0.7784194946289062,1.0795358270406723
nam,200,3,1.0858439207077026,0.2998884618282318,0.0727493092417717,0.6445563002186583,0.05252821370959282,0.9340427964925766
nam,200,1,1.1606593132019043,0.23267604410648346,0.009643848985433578,0.6620475435107933,0.6552780270576477,1.0296331346035004
nam,200,8,1.0249018669128418,0.03685379400849342,0.00342909200116992,0.3101816982949621,0.859795093536377,1.0220171064138412
nam,200,9,0.9729662537574768,0.04645101726055145,0.033097218722105026,0.613498650743411,0.36089950799942017,1.3155893087387085
nam,200,6,1.0056962966918945,0.06190294772386551,0.006722279358655214,0.6150367066321948,0.7253338098526001,0.8575007766485214
nam,200,4,1.010933518409729,0.026136532425880432,0.0018877277616411448,0.5432850068228259,0.9013175368309021,1.097033053636551
nam,200,7,0.9831753969192505,0.027525512501597404,0.0019751086365431547,0.49867519155544443,0.8532943725585938,0.8290031999349594
nam,400,2,0.993330717086792,0.00953094381839037,1.3098332601657603e-05,0.3832474452704162,0.9900833368301392,0.8523240238428116
nam,400,0,0.9883942008018494,0.005763000342994928,0.020854080095887184,0.19085577697801914,0.49495288729667664,1.101685717701912
nam,400,4,1.0025392770767212,0.21944642066955566,0.2158965766429901,0.80047438445601,-0.6253880858421326,0.8705800324678421
nam,400,3,0.9899160265922546,0.05047183111310005,0.09784027934074402,0.7026514532924829,-0.0986214205622673,1.1072962433099747
nam,400,5,0.9776602387428284,0.10417824983596802,0.1224704310297966,0.6299491896527047,-0.22942589223384857,1.0130339711904526
nam,400,9,0.9970202445983887,0.024680685251951218,0.0009618235053494573,-0.015004379581329885,0.9205556511878967,1.0720473229885101
nam,400,1,0.9650087952613831,0.014528402127325535,0.011348615400493145,0.38826412087435086,0.6255847215652466,0.9904083460569382
nam,400,7,1.0060924291610718,0.27069875597953796,0.18826311826705933,0.8416506294568082,-0.5238779187202454,0.9162410795688629
nam,400,6,0.973167896270752,0.01651156321167946,0.02502383477985859,0.4659435375279029,0.4442073404788971,1.0217193365097046
nam,400,8,0.9909341335296631,0.16748444736003876,0.14836974442005157,0.7657849430334788,-0.3536059558391571,0.8951581865549088
nam,800,0,0.9950129389762878,0.3260299563407898,0.3011486530303955,0.8615307629040057,-0.9214490652084351,0.949256534576416
nam,800,3,0.9885329008102417,0.24178875982761383,0.27387702465057373,0.8401162882675829,-0.8374273180961609,1.0213558101654052
nam,800,2,0.998149037361145,0.18925651907920837,0.2530200779438019,0.7976548088219475,-0.7672508358955383,1.0454282808303832
nam,800,8,0.9918529987335205,0.11502595990896225,0.15269117057323456,0.7569289931566013,-0.3727434277534485,1.1777792119979857
nam,800,1,0.9889430403709412,0.07063780725002289,0.05189221724867821,0.6496070487657118,0.2002355009317398,1.014948320388794
nam,800,7,0.9828888773918152,0.02048829197883606,0.0018344010459259152,0.32469158449417923,0.8496223092079163,1.0473814868927003
nam,800,5,0.9903721213340759,0.14602021872997284,0.17553134262561798,0.8081652630321909,-0.47222700715065,0.9759863471984863
nam,800,4,0.9729105830192566,0.01014514546841383,0.0039034271612763405,0.29869325875529346,0.8073498606681824,1.1336924505233765
nam,800,6,0.9754241108894348,0.08829531073570251,0.09367764741182327,0.6598699094616781,-0.07499134540557861,0.9618267631530761
nam,800,9,0.9809284210205078,0.2393239289522171,0.21169106662273407,0.764670041298485,-0.6150274872779846,0.9733509397506714
nam,1600,1,0.9783288836479187,0.11841043829917908,0.12708254158496857,0.7701890755447198,-0.25209689140319824,1.0854082894325257
nam,1600,0,0.9855079054832458,0.045155398547649384,0.031697265803813934,0.6982907494963231,0.3742203116416931,1.0603879117965698
nam,1600,2,0.9806675910949707,0.01010575145483017,0.006462700664997101,0.4918000780957094,0.7178232669830322,1.005965313911438
nam,1600,3,0.96918123960495,0.006895801052451134,0.002248967532068491,0.4357564849887816,0.8371779322624207,0.9957971143722534
nam,1600,6,0.9891026616096497,0.17968541383743286,0.20025958120822906,0.8057905591961096,-0.5715495347976685,0.9307653260231018
nam,1600,8,0.9698134064674377,0.0019068021792918444,0.002650459297001362,0.28297387234696986,0.8206275701522827,0.945417857170105
nam,1600,5,0.977325975894928,0.08081352710723877,0.06822469085454941,0.7139463402253116,0.08271539956331253,1.0097532558441162
nam,1600,9,0.9877859354019165,0.2569340467453003,0.25101009011268616,0.836708610821625,-0.7601548433303833,1.0595047092437744
nam,1600,7,0.9889364838600159,0.1844588816165924,0.17564257979393005,0.8097623436700377,-0.47223401069641113,0.9029652380943298
nam,1600,4,0.9693272113800049,0.03558610752224922,0.022206012159585953,0.5268972117286311,0.4764244556427002,0.9499495315551758
nam,3200,0,0.9745194911956787,0.05528547987341881,0.0600287988781929,0.6488328490067559,0.13926269114017487,0.9868045711517334
nam,3200,2,0.9940025806427002,0.25004374980926514,0.25595298409461975,0.8357820486510652,-0.7767321467399597,1.0510510563850404
nam,3200,1,0.9750216007232666,0.03494808077812195,0.03556863218545914,0.6214250059259397,0.3374377489089966,1.030059494972229
nam,3200,6,0.9962317943572998,0.28690606355667114,0.2850823700428009,0.8667110976994483,-0.8732951283454895,1.0436599707603456
nam,3200,4,0.98309725522995,0.1744382530450821,0.19524899125099182,0.7850037198780832,-0.5517358779907227,1.0659058666229249
nam,3200,8,0.9800280928611755,0.15552715957164764,0.14245769381523132,0.7515912586428244,-0.32603809237480164,0.9756564450263977
nam,3200,5,0.9703261256217957,0.04220404103398323,0.03660617768764496,0.6347570616918566,0.3281380832195282,0.9967113113403321
nam,3200,3,0.9872393608093262,0.26134586334228516,0.24701473116874695,0.8439307746265083,-0.7459145784378052,0.9779973340034485
nam,3200,7,0.9816020131111145,0.13345572352409363,0.16718405485153198,0.7605396245918098,-0.43631744384765625,1.0185283732414245
nam,3200,9,0.9877622127532959,0.2670201063156128,0.24709387123584747,0.8416932677401339,-0.7459397912025452,1.0561749339103699
nam,6400,0,0.9770548939704895,0.036176346242427826,0.029819278046488762,0.5892041807351353,0.3936009407043457,1.0416683530807496
nam,6400,1,0.9677697420120239,0.0028610853478312492,0.0034063127823174,0.38367212861406996,0.795747697353363,0.9895021343231201
nam,6400,3,0.9763084053993225,0.01836676523089409,0.031038157641887665,0.5696036827333908,0.38146156072616577,1.0019817686080932
nam,6400,4,0.973948061466217,0.056833792477846146,0.05737379938364029,0.6891087215505435,0.1585472673177719,0.9910843908786774
nam,6400,7,0.9727026224136353,0.06136978417634964,0.06107821315526962,0.6512336051768967,0.13186058402061462,1.0218210637569427
nam,6400,6,0.9718778729438782,0.01510860025882721,0.011804355308413506,0.5088596785593974,0.6182602643966675,0.9714133143424988
nam,6400,2,0.9763418436050415,0.030091572552919388,0.030219288542866707,0.6097933602170199,0.389313668012619,1.0055089795589447
nam,6400,5,0.9743324518203735,0.052058640867471695,0.04974972456693649,0.6651990694662359,0.21675637364387512,0.9911350727081298
nam,6400,8,0.9795545935630798,0.1796140819787979,0.19255094230175018,0.7979804666418854,-0.5411089062690735,1.0401775538921356
nam,6400,9,0.9760533571243286,0.09028241038322449,0.10909079760313034,0.74235846934043,-0.16009093821048737,1.0316450035572051
nam,12800,0,0.9731022715568542,0.05767213553190231,0.06350696831941605,0.6720737874023237,0.11484596878290176,1.0010657793283462
nam,12800,6,0.9735503792762756,0.025865528732538223,0.02454317919909954,0.5810633520881034,0.44972655177116394,1.001507601737976
nam,12800,2,0.9691502451896667,0.019785378128290176,0.020909756422042847,0.5349435301887149,0.492016464471817,0.9900237149000168
nam,12800,3,0.9698020815849304,0.019485576078295708,0.02165978215634823,0.5332258104973139,0.4832138121128082,1.021507488489151
nam,12800,9,0.9706835746765137,0.011839264072477818,0.014282000251114368,0.49158909659476396,0.5803678631782532,1.0232784473896026
nam,12800,5,0.9741904735565186,0.0018650436541065574,2.2807606001151726e-05,0.31040975304704344,0.9963444471359253,1.0061884611845016
nam,12800,4,0.9718151092529297,0.008883321657776833,0.006208804436028004,0.4657696728718628,0.7231748104095459,0.9979963773488998
nam,12800,7,0.9744315147399902,0.021212739869952202,0.021195851266384125,0.5752696479563181,0.48877373337745667,0.9992894303798675
nam,12800,8,0.9809327125549316,0.09232103079557419,0.07633113861083984,0.7308476088597176,0.02952505648136139,0.9889199692010879
nam,12800,1,0.9705047011375427,0.08834658563137054,0.091439388692379,0.7111621198999835,-0.062156617641448975,0.9984702593088151
nam,25600,2,0.9692089557647705,0.0008879039669409394,0.00017485221906099468,0.29969696351737746,0.953554093837738,1.0119898757338524
nam,25600,0,0.9743038415908813,0.03632968291640282,0.03242560476064682,0.6367099050057448,0.367429256439209,1.0292962002754211
nam,25600,7,0.9687500596046448,0.0019086963729932904,0.0011595041723921895,0.34681415396057935,0.8803196549415588,1.0087680226564408
nam,25600,1,0.96952885389328,0.010684450156986713,0.008094252087175846,0.4787311298138264,0.6838974356651306,0.9975352400541305
nam,25600,3,0.9680904150009155,0.010439280420541763,0.01095642987638712,0.49113493820993703,0.6325199604034424,1.006261412203312
nam,25600,4,0.9671464562416077,0.003704899689182639,0.0014227053616195917,0.38343555702774773,0.8674513697624207,0.9983024367690086
nam,25600,9,0.9715200066566467,0.0015297706704586744,7.512630691053346e-05,0.23487104445960263,1.0292472839355469,0.9887880581617355
nam,25600,5,0.9686872363090515,0.01110649574548006,0.007935729809105396,0.48156452273540357,0.6871646642684937,1.0065986749529838
nam,25600,8,0.9705551862716675,0.009444617666304111,0.007705504074692726,0.4804744391688665,0.6914845108985901,0.9950657406449318
nam,25600,6,0.9707232713699341,0.0022725146263837814,0.0014614342944696546,0.35687152815122075,0.866702675819397,0.9938006493449211
nam,51200,1,0.9728084802627563,0.009987687692046165,0.008154214359819889,0.48306972358118433,0.682925820350647,0.9981847858428955
nam,51200,2,0.9697398543357849,0.0029766131192445755,0.002858997555449605,0.38915562849797436,0.8122198581695557,0.9955813172459602
nam,51200,5,0.9706974029541016,0.009274355135858059,0.00867733545601368,0.4785822774364637,0.6729002594947815,1.0036835554242134
nam,51200,3,0.970990002155304,0.001984168542549014,0.0012235416797921062,0.3568752528019027,0.8771194219589233,0.9978106842935085
nam,51200,9,0.9696928858757019,0.0012390592601150274,0.0005482630804181099,0.34337452623190184,0.9185010194778442,0.9932673810422421
nam,51200,7,0.968851625919342,0.0028048024978488684,0.0018964395858347416,0.3836651930362876,0.8469404578208923,0.9961611333489419
nam,51200,4,0.9714602828025818,0.011184277944266796,0.009580494835972786,0.5017927735839495,0.6563345789909363,0.9961873616278172
nam,51200,8,0.9689909815788269,0.01244594156742096,0.012716355733573437,0.4834004025468269,0.6037722229957581,1.0014795933663845
nam,51200,6,0.9671995043754578,0.0007529685972258449,0.00026719417655840516,0.30235670966392886,0.9427897334098816,1.006377676576376
nam,51200,0,0.9676380157470703,0.0018737034406512976,0.0021895680110901594,0.34998192438721426,0.835541307926178,0.9957402504980564
nam_precond,100,4,1.1593272686004639,0.12542548775672913,0.09014573693275452,-0.5057513274451785,1.9032530784606934,1.236647264957428
nam_precond,100,9,1.0804044008255005,0.08066821098327637,0.0073488191701471806,0.3212496406587152,1.170627474784851,1.3310966205596924
nam_precond,100,6,1.1134473085403442,0.07637038081884384,0.009017260745167732,-0.12457315798578404,1.3294800519943237,1.170447211265564
nam_precond,100,1,1.1369343996047974,0.10627425462007523,0.01127628330141306,-0.17533269277311492,1.3575749397277832,0.6441149628162384
nam_precond,100,7,1.0608837604522705,0.06224708631634712,4.5434589992510155e-05,0.05214295494423326,1.014838457107544,0.9022943639755249
nam_precond,100,8,1.07757568359375,0.025552421808242798,0.01029046718031168,0.08189548439699414,1.2753905057907104,0.8076226592063904
nam_precond,100,2,1.1429997682571411,0.09220916777849197,0.048027582466602325,0.07003680455662419,0.23019231855869293,1.1092433691024781
nam_precond,100,3,1.011226773262024,0.03459206596016884,0.006466873921453953,0.12633225120034897,1.2756767272949219,0.9312742495536804
nam_precond,100,0,1.0231735706329346,0.020336100831627846,0.008786724880337715,0.33190693142538763,0.6746302843093872,1.1850429344177247
nam_precond,100,5,0.9901154041290283,0.03211485221982002,0.07205948978662491,-0.1799308952771081,1.941480278968811,0.8466325879096985
nam_precond,200,0,1.0884757041931152,0.05781077966094017,0.007084482815116644,-0.12793206733635024,1.2061537504196167,0.8385765254497528
nam_precond,200,2,1.0138506889343262,0.021197307854890823,0.06894572079181671,-0.05192130110344294,1.916965365409851,1.1685099750757217
nam_precond,200,5,1.206069827079773,0.13887977600097656,0.03758205845952034,-0.8763047363831755,1.6669968366622925,1.048317477107048
nam_precond,200,3,1.0839375257492065,0.16247263550758362,0.14380159974098206,-0.19566194902469208,2.3276329040527344,0.9586606323719025
nam_precond,200,1,1.1178929805755615,0.055960237979888916,0.08949879556894302,0.11920970782012312,2.0432538986206055,0.9770524650812149
nam_precond,200,8,1.0186450481414795,0.04201024770736694,0.016559002920985222,-0.0128236997959719,1.3941584825515747,1.0185864716768265
nam_precond,200,9,0.9957338571548462,0.028314001858234406,0.017319627106189728,0.050866181663091196,1.421909213066101,1.3243846595287323
nam_precond,200,6,0.9999651312828064,0.02657737396657467,0.014529754407703876,0.06268895646931512,1.3747165203094482,0.8572961539030075
nam_precond,200,4,1.0068341493606567,0.026401473209261894,0.011513176374137402,0.10798689402992827,1.3265905380249023,1.086040437221527
nam_precond,200,7,1.0175429582595825,0.02324383519589901,0.06288982927799225,-0.005499224088047031,1.8782917261123657,0.8235540091991425
nam_precond,400,2,1.000832438468933,0.014036016538739204,0.05590962618589401,-0.02750422669595246,1.829858660697937,0.8627367317676544
nam_precond,400,0,0.9961052536964417,0.011605361476540565,0.0030069935601204634,0.06591145063768651,0.8429477214813232,1.0760640799999237
nam_precond,400,4,0.9976834058761597,0.007587977685034275,0.0021522059105336666,0.18208554378614886,0.9286820292472839,0.8521555960178375
nam_precond,400,3,0.9956362247467041,0.0181488785892725,0.002361363498494029,0.21966810111423615,0.8298559188842773,1.0979355424642563
nam_precond,400,5,0.9680004119873047,0.00827521551400423,0.007420327514410019,0.24434541269080798,0.6983585357666016,1.0027268528938293
nam_precond,400,9,0.9905573129653931,0.041256438940763474,0.017103618010878563,-0.13613211796213287,1.4387774467468262,1.0666892230510712
nam_precond,400,1,0.9980828762054443,0.023589350283145905,0.048721395432949066,-0.05019965677976524,1.7718596458435059,0.9532585293054581
nam_precond,400,7,1.00691556930542,0.03364628180861473,0.003473579650744796,0.2590930467724314,1.206191897392273,0.8825227320194244
nam_precond,400,6,0.9785339832305908,0.02963862009346485,0.004048462025821209,-0.11925180382871964,1.198019027709961,1.0226660072803497
nam_precond,400,8,0.979609489440918,0.0035597807727754116,0.001319287926889956,0.16576731279871412,1.1111184358596802,0.8963368982076645
nam_precond,800,0,0.988712728023529,0.01923154853284359,0.028119497001171112,-0.03577441694452099,1.5585113763809204,0.930273551940918
nam_precond,800,3,0.9737375974655151,0.011770419776439667,0.003224799409508705,0.05876081402894107,1.1964458227157593,1.0095276927947998
nam_precond,800,2,0.9796743988990784,0.010839028283953667,0.0020802048966288567,0.26217604363294056,0.8407700061798096,1.0191438293457031
nam_precond,800,8,1.0039349794387817,0.02571205422282219,0.03665953502058983,-0.11767427537142294,1.6729819774627686,1.1256222534179687
nam_precond,800,1,1.0369194746017456,0.0468563549220562,0.008865675888955593,-0.0742452305776003,1.3270494937896729,0.9954995775222778
nam_precond,800,7,0.9708059430122375,0.011861439794301987,0.00820151623338461,0.027412193535583128,1.316821575164795,1.029926905632019
nam_precond,800,5,0.9940885305404663,0.015548390336334705,0.005416492000222206,0.03914468649344799,1.2550716400146484,0.9573285794258117
nam_precond,800,4,0.9702132344245911,0.00908320676535368,0.009630543179810047,0.0898030997386339,1.2880724668502808,1.1240708827972412
nam_precond,800,6,0.9747191667556763,0.006788813509047031,0.000504805357195437,0.08259238656849723,1.0683609247207642,0.9603596687316894
nam_precond,800,9,0.9849490523338318,0.008027248084545135,0.026182284578680992,0.11681894798837765,1.562445878982544,0.9789364290237427
nam_precond,1600,1,0.9869343638420105,0.016422830522060394,0.007190493401139975,0.07989164416613768,1.2971429824829102,1.0755548858642578
nam_precond,1600,0,0.9903815984725952,0.014504577964544296,0.006422284059226513,0.04722871567843808,1.268043041229248,1.0626768922805787
nam_precond,1600,2,0.97996586561203,0.0047124228440225124,0.0027704050298780203,0.339954081847333,0.8153780102729797,1.0094820022583009
nam_precond,1600,3,0.970519483089447,0.004755447618663311,0.0006361890118569136,0.3498624855687915,0.9188231825828552,0.9987413644790649
nam_precond,1600,6,0.9777780771255493,0.016898883506655693,0.0009997924789786339,-0.058053397860793825,1.1091268062591553,0.9273800659179687
nam_precond,1600,8,0.9814349412918091,0.008481435477733612,0.0005987889599055052,0.18090957535299265,0.916968047618866,0.9561827540397644
nam_precond,1600,5,0.9767261743545532,0.002874720375984907,0.003911466803401709,0.19377775579413412,1.2096127271652222,1.0095628809928894
nam_precond,1600,9,0.9794894456863403,0.007112677674740553,0.0006233775638975203,0.24876070965023403,0.9134724736213684,1.0587262225151062
nam_precond,1600,7,0.9836874604225159,0.005581100936979055,0.0013165936106815934,0.18341135369390565,1.1274850368499756,0.8853058385848999
nam_precond,1600,4,0.9739880561828613,0.0013578921789303422,0.0007241088896989822,0.2443207269058427,1.0560572147369385,0.9458985209465027
nam_precond,3200,0,0.9813650846481323,0.008137322962284088,0.007929328829050064,0.09939879548863137,1.3094964027404785,0.9887218165397644
nam_precond,3200,2,0.9813220500946045,0.0060611749067902565,0.0054390705190598965,0.1325492075494051,1.258126974105835,1.0430225014686585
nam_precond,3200,1,0.9813491106033325,0.009332285262644291,0.010123289190232754,0.036188220261693965,1.3527748584747314,1.0394167399406433
nam_precond,3200,6,0.9791576862335205,0.004408865235745907,0.0009829483460634947,0.20550520509682993,1.0924595594406128,1.0199630546569824
nam_precond,3200,4,0.9756429195404053,0.027014752849936485,0.0364772267639637,-0.16979541479228522,1.6692421436309814,1.0457881116867065
nam_precond,3200,8,0.9690448641777039,0.0029407378751784563,0.0004848464159294963,0.31340780216375974,0.9268858432769775,0.9677375340461731
nam_precond,3200,5,0.9711456298828125,0.01166629046201706,0.007518666796386242,0.012357195058719721,1.3046687841415405,0.9934786343574524
nam_precond,3200,3,0.9887442588806152,0.007699784357100725,0.0005104990559630096,0.4296569402999119,1.0793592929840088,0.9600427150726318
nam_precond,3200,7,0.9697698354721069,0.007557815872132778,0.0024737464264035225,0.091649304276127,1.1748182773590088,1.0016402888298035
nam_precond,3200,9,0.9772432446479797,0.0032316786237061024,1.3772012152912794e-06,0.32274002095033166,1.0005121231079102,1.0403193950653076
nam_precond,6400,0,0.973965585231781,0.008246676996350288,0.009242148138582706,0.06236848748805575,1.3379024267196655,1.0418931317329407
nam_precond,6400,1,0.9696524143218994,0.0009112269035540521,0.002073579002171755,0.2442793156869627,0.8409714698791504,0.9930691599845887
nam_precond,6400,3,0.9926683306694031,0.005617392715066671,0.026486406102776527,0.08323697361522836,1.5719724893569946,1.01112499833107
nam_precond,6400,4,0.9789962768554688,0.0038550416938960552,0.001869184779934585,0.14128969395005714,0.848274827003479,1.0014367806911468
nam_precond,6400,7,0.9722557663917542,0.001562286401167512,0.0003777880046982318,0.27659875649302185,1.0673282146453857,1.0193524515628816
nam_precond,6400,6,0.972362220287323,0.009434333071112633,0.010376215912401676,0.04015521580133778,1.3574676513671875,0.9732267522811889
nam_precond,6400,2,0.9790085554122925,0.004829764366149902,0.0017901455285027623,0.1287913055123644,1.1482805013656616,1.0046735274791718
nam_precond,6400,5,0.985453188419342,0.0052704173140227795,0.0037514655850827694,0.18963669946370657,1.2139471769332886,0.9976618039608002
nam_precond,6400,8,0.9805201888084412,0.02629382349550724,0.0515243299305439,-0.15116012954183367,1.7963274717330933,1.0385687303543092
nam_precond,6400,9,0.9694975018501282,0.0010368608636781573,0.0011297411983832717,0.27039202341160046,0.8820650577545166,1.0258427381515502
nam_precond,12800,0,0.9722458720207214,0.0046935901045799255,8.683263149578124e-05,0.16740395151721543,1.0317966938018799,1.0036566466093064
nam_precond,12800,6,0.9730197191238403,0.002928374568000436,0.004719937685877085,0.32806686543953073,0.7587082982063293,1.0024506944417952
nam_precond,12800,2,0.9746875166893005,0.0030296635814011097,0.0032371662091463804,0.14435315904585794,1.1996653079986572,0.9914595794677734
nam_precond,12800,3,0.9709851145744324,0.006986634340137243,0.012038812972605228,0.06331056547046543,1.3856534957885742,1.0183994990587235
nam_precond,12800,9,0.9720934629440308,0.004956647288054228,5.9968242567265406e-05,0.10380366705690917,1.0266661643981934,1.0265384083986282
nam_precond,12800,5,0.9904038906097412,0.012158670462667942,0.0011423323303461075,0.18873235457703738,0.8826746940612793,1.0181196546554565
nam_precond,12800,4,0.9674941301345825,0.002330378396436572,0.0002967294421978295,0.1833339903387969,1.0603950023651123,0.9979054081439972
nam_precond,12800,7,0.9790434837341309,0.0011957287788391113,0.006772584747523069,0.25434821129147034,0.7112038731575012,1.008312292098999
nam_precond,12800,8,0.9753479957580566,0.004124816507101059,0.001764771994203329,0.21307220768910382,1.1459088325500488,0.9829173266887665
nam_precond,12800,1,0.9729511141777039,0.002233020728453994,0.002001642482355237,0.36950020915694487,0.8427544832229614,0.9968391293287278
nam_precond,25600,2,0.9779423475265503,0.007445124443620443,0.006912874989211559,0.09656601750482376,1.2920509576797485,1.0159838876128198
nam_precond,25600,0,0.9811742901802063,0.003444335889071226,0.010499409399926662,0.19131842594042012,1.359655499458313,1.0328465259075166
nam_precond,25600,7,0.9672290086746216,0.002283241366967559,0.00044446683023124933,0.18624701355342327,0.9259669184684753,1.0118665233254434
nam_precond,25600,1,0.9710415005683899,0.0012857419205829501,0.0033727367408573627,0.32983738332070317,0.79591965675354,1.0001410695910453
nam_precond,25600,3,0.9725215435028076,0.0020863162353634834,0.0018348584417253733,0.1936508201208047,1.1505345106124878,1.0081784808635712
nam_precond,25600,4,0.9690696597099304,0.0014232051325961947,0.0005832973984070122,0.19559305301070112,1.0847023725509644,0.9977356976270676
nam_precond,25600,9,0.9761454463005066,0.004148878622800112,0.008359169587492943,0.12871907447303124,1.3213595151901245,0.9938129511475563
nam_precond,25600,5,0.979718029499054,0.0005729056429117918,0.002306669717654586,0.29185714202335167,1.1687877178192139,1.0133495315909387
nam_precond,25600,8,0.9750983119010925,0.0005692294798791409,0.001223609666340053,0.28039381168970123,0.8771433234214783,1.0024263963103295
nam_precond,25600,6,0.9782245755195618,0.0008600022993050516,0.007259125355631113,0.25134982125044353,1.2993799448013306,1.0012597075104714
nam_precond,51200,1,0.9757511019706726,0.0014506407314911485,0.0001678203116171062,0.2851005463601297,1.0454556941986084,0.9987430331110955
nam_precond,51200,2,0.9713659286499023,0.00222560646943748,0.0007597514777444303,0.16694524757574256,0.9032238125801086,1.0010065402090549
nam_precond,51200,5,0.968315839767456,0.0004757861897815019,0.0018275511683896184,0.28521450895789174,0.8499932289123535,1.0042326693981887
nam_precond,51200,3,0.9842119216918945,0.0016318486304953694,0.00198846822604537,0.267033712066834,1.1566144227981567,1.0124885840713977
nam_precond,51200,9,0.9707731008529663,0.008672649972140789,0.00863734632730484,0.03777088562017045,1.3266632556915283,0.9945977337658405
nam_precond,51200,7,0.9726691842079163,0.0008308168035000563,0.0028757774271070957,0.20952572967544406,1.187756896018982,0.9973541006445885
nam_precond,51200,4,0.9785436987876892,0.00129121751524508,0.017697324976325035,0.3364126390354841,0.5328294634819031,1.0091309727728366
nam_precond,51200,8,0.9719645380973816,0.001832077861763537,4.213050488033332e-06,0.3213454471570982,0.9969708919525146,1.0035590648651123
nam_precond,51200,6,0.9729634523391724,0.0021016187965869904,5.779028015240328e-06,0.2059905788347222,0.9923871755599976,1.0090602761507035
nam_precond,51200,0,0.9664376974105835,0.001264352584257722,0.00014697527512907982,0.2702424129092177,0.9574909210205078,0.9966713112592697
nam_precond_refit,100,4,1.0403293371200562,0.17155642807483673,0.285613477230072,-0.5448755203043818,2.7039895057678223,1.236647264957428
nam_precond_refit,100,9,1.1357516050338745,1.083714485168457,0.9214987754821777,0.907833259290926,-2.3202900886535645,1.3310966205596924
nam_precond_refit,100,6,1.0242575407028198,0.05100233480334282,0.004027411807328463,0.1130982598261275,1.2182966470718384,1.170447211265564
nam_precond_refit,100,1,1.0895495414733887,0.06303688883781433,0.031993139535188675,0.5409450137955588,0.37131351232528687,0.6441149628162384
nam_precond_refit,100,7,1.0261069536209106,0.04940727353096008,0.0026771770790219307,-0.11214070302623366,1.1811977624893188,0.9022943639755249
nam_precond_refit,100,8,1.0488885641098022,0.03129594027996063,0.11332239955663681,-0.14589261650544347,2.129080295562744,0.8076226592063904
nam_precond_refit,100,2,1.0973514318466187,0.10442785173654556,0.0012485451297834516,0.003150748519817941,0.8758275508880615,1.1092433691024781
nam_precond_refit,100,3,1.0250511169433594,0.017096059396862984,0.005784578155726194,0.2047540101040803,1.2602230310440063,0.9312742495536804
nam_precond_refit,100,0,1.0132235288619995,0.018506433814764023,0.003939866088330746,0.25418418484845484,0.78975909948349,1.1850429344177247
nam_precond_refit,100,5,1.108241319656372,0.03481520712375641,0.2217308133840561,-0.22098731603695648,2.653543710708618,0.8466325879096985
nam_precond_refit,200,0,1.005182147026062,0.06150495260953903,0.022190244868397713,-0.21675555451235462,1.4527592658996582,0.8385765254497528
nam_precond_refit,200,2,1.032591700553894,0.0176595039665699,0.09948617219924927,-0.039904809341492105,2.1030404567718506,1.1685099750757217
nam_precond_refit,200,5,1.013400912284851,0.018542472273111343,0.017774948850274086,0.32537316518483334,0.5318053364753723,1.048317477107048
nam_precond_refit,200,3,1.0645416975021362,0.10873738676309586,0.1129341870546341,-0.16371362413387358,2.1762373447418213,0.9586606323719025
nam_precond_refit,200,1,1.1249682903289795,0.046678248792886734,0.1236821711063385,0.10442225442194723,2.227388858795166,0.9770524650812149
nam_precond_refit,200,8,1.0530821084976196,0.03740283101797104,0.009228670969605446,0.04817965675146752,1.2682485580444336,1.0185864716768265
nam_precond_refit,200,9,0.9817250967025757,0.02445075660943985,0.016270171850919724,0.042682903209009485,1.4073268175125122,1.3243846595287323
nam_precond_refit,200,6,1.0233094692230225,0.028402743861079216,0.033889323472976685,0.10101233675827091,1.6023075580596924,0.8572961539030075
nam_precond_refit,200,4,1.015679121017456,0.02830197475850582,0.0034761112183332443,0.1985989366277381,1.136041522026062,1.086040437221527
nam_precond_refit,200,7,0.9900717735290527,0.010853070765733719,0.02152414061129093,0.05331702345600612,1.511285662651062,0.8235540091991425
nam_precond_refit,400,2,1.0153791904449463,0.04768950492143631,0.10705206543207169,-0.240590156905522,2.148479700088501,0.8627367317676544
nam_precond_refit,400,0,0.9983351230621338,0.01300776470452547,0.0038986478466540575,0.08500343091284991,0.8075678944587708,1.0760640799999237
nam_precond_refit,400,4,0.9938591718673706,0.014309871941804886,0.002448529237881303,0.24038476220610028,1.0416172742843628,0.8521555960178375
nam_precond_refit,400,3,0.9894148111343384,0.014071724377572536,0.0013031448470428586,0.25773366773051015,0.8743590116500854,1.0979355424642563
nam_precond_refit,400,5,0.9733272194862366,0.005477996077388525,0.00902083795517683,0.24157193151123948,0.6672278046607971,1.0027268528938293
nam_precond_refit,400,9,0.9884811639785767,0.03423865884542465,0.017067398875951767,-0.10781553794695263,1.4382858276367188,1.0666892230510712
nam_precond_refit,400,1,0.9758232235908508,0.025332042947411537,0.014258308336138725,-0.06523917468093944,1.4160287380218506,0.9532585293054581
nam_precond_refit,400,7,1.0217498540878296,0.051843591034412384,0.018228961154818535,-0.04367666852191783,1.4734519720077515,0.8825227320194244
nam_precond_refit,400,6,0.9779895544052124,0.032274387776851654,0.018166935071349144,-0.16890679949218046,1.4544243812561035,1.0226660072803497
nam_precond_refit,400,8,0.9824486374855042,0.006500934716314077,0.005970362573862076,0.1531319283501278,1.2633171081542969,0.8963368982076645
nam_precond_refit,800,0,0.9728936553001404,0.00388492364436388,0.007508907932788134,0.4041664350717704,0.7024373412132263,0.930273551940918
nam_precond_refit,800,3,0.9821963310241699,0.011996941640973091,0.026311390101909637,0.035486585102808665,1.567232370376587,1.0095276927947998
nam_precond_refit,800,2,0.9997162818908691,0.01057003065943718,0.012403896078467369,0.28163088813341425,0.6092401146888733,1.0191438293457031
nam_precond_refit,800,8,0.9813634157180786,0.022212304174900055,0.003951080143451691,-0.09211979919950689,1.220754623413086,1.1256222534179687
nam_precond_refit,800,1,0.99583899974823,0.02971193566918373,0.01567087322473526,-0.041808569778521536,1.4369351863861084,0.9954995775222778
nam_precond_refit,800,7,0.9753958582878113,0.009452908299863338,0.011331068351864815,0.05806781110928677,1.3726346492767334,1.029926905632019
nam_precond_refit,800,5,0.9809483289718628,0.023296063765883446,0.004098016303032637,-0.08824919145523584,1.220881700515747,0.9573285794258117
nam_precond_refit,800,4,0.9702192544937134,0.007013307884335518,0.0023687174543738365,0.134349805315091,1.0770857334136963,1.1240708827972412
nam_precond_refit,800,6,0.9737938642501831,0.004398555029183626,0.0007583629339933395,0.15172459772402114,0.9073827862739563,0.9603596687316894
nam_precond_refit,800,9,0.9769753813743591,0.01493151020258665,0.0029456838965415955,0.3288489606954243,0.8110679984092712,0.9789364290237427
nam_precond_refit,1600,1,0.9814176559448242,0.009189849719405174,0.005870101507753134,0.11428014977079184,1.2684041261672974,1.0755548858642578
nam_precond_refit,1600,0,0.9854657053947449,0.007509457878768444,0.0003420797293074429,0.3099538647523354,0.9701192378997803,1.0626768922805787
nam_precond_refit,1600,2,0.9880831241607666,0.009681344963610172,0.0011294758878648281,0.2602509033133746,1.1180921792984009,1.0094820022583009
nam_precond_refit,1600,3,0.9763953685760498,0.0022813451942056417,0.00037211671588011086,0.3258429241513011,0.9423090815544128,0.9987413644790649
nam_precond_refit,1600,6,0.9751453399658203,0.020689742639660835,0.00852465070784092,-0.0896843821511335,1.3229353427886963,0.9273800659179687
nam_precond_refit,1600,8,0.9756098389625549,0.006322900764644146,0.012471134774386883,0.42597831069242936,0.6084126830101013,0.9561827540397644
nam_precond_refit,1600,5,0.977916419506073,0.0051866755820810795,0.005544259212911129,0.15799449315169642,1.2529151439666748,1.0095628809928894
nam_precond_refit,1600,9,0.9744304418563843,0.003073480213060975,0.002617959398776293,0.29698083759834876,0.8209465146064758,1.0587262225151062
nam_precond_refit,1600,7,0.9791492223739624,0.004255459178239107,0.004439082928001881,0.17678718296339205,1.2341833114624023,0.8853058385848999
nam_precond_refit,1600,4,0.9719128012657166,0.0009670677245594561,0.0004996882635168731,0.2694638329934869,1.0284416675567627,0.9458985209465027
nam_precond_refit,3200,0,0.9766976237297058,0.007188169285655022,0.005200729239732027,0.13666707146280804,1.249830961227417,0.9887218165397644
nam_precond_refit,3200,2,0.9822136163711548,0.005480197258293629,0.002818560227751732,0.16427074132420058,1.1854931116104126,1.0430225014686585
nam_precond_refit,3200,1,0.9805525541305542,0.00979632418602705,0.009403509087860584,0.0488223517690077,1.3399794101715088,1.0394167399406433
nam_precond_refit,3200,6,0.9830888509750366,0.008538796566426754,0.0005261996993795037,0.1400156506697934,1.0571726560592651,1.0199630546569824
nam_precond_refit,3200,4,0.9734553694725037,0.01848328858613968,0.010283124633133411,-0.08459047842672134,1.354618787765503,1.0457881116867065
nam_precond_refit,3200,8,0.9723048806190491,0.0014219483127817512,0.0009542881743982434,0.28822844102707407,0.8945199847221375,0.9677375340461731
nam_precond_refit,3200,5,0.9709061980247498,0.00899471528828144,0.009267155081033707,0.06159166747498465,1.3382835388183594,0.9934786343574524
nam_precond_refit,3200,3,0.9833497405052185,0.006453240290284157,0.00073536008130759,0.372511006009311,0.9050526022911072,0.9600427150726318
nam_precond_refit,3200,7,0.9682298898696899,0.010897320695221424,0.00369085930287838,0.013300128235251257,1.213536262512207,1.0016402888298035
nam_precond_refit,3200,9,0.979134738445282,0.0031115864403545856,0.00047709367936477065,0.2943879674620205,1.0764399766921997,1.0403193950653076
nam_precond_refit,6400,0,0.9726272225379944,0.011989758349955082,0.010226194746792316,0.012887372260019948,1.3554387092590332,1.0418931317329407
nam_precond_refit,6400,1,0.9700415134429932,0.0016044192016124725,0.0006230825092643499,0.19390676766162013,1.0867962837219238,0.9930691599845887
nam_precond_refit,6400,3,0.9780246615409851,0.012757538817822933,0.005269403103739023,0.020364705987263695,1.2547621726989746,1.01112499833107
nam_precond_refit,6400,4,0.9714148044586182,0.002213903469964862,0.0006459426949732006,0.202457028169148,1.0868148803710938,1.0014367806911468
nam_precond_refit,6400,7,0.9695976972579956,0.0006595174199901521,8.439517114311457e-05,0.29237135714661655,0.9685144424438477,1.0193524515628816
nam_precond_refit,6400,6,0.9730527400970459,0.01431301049888134,0.011927708983421326,-0.024913293332319498,1.3832836151123047,0.9732267522811889
nam_precond_refit,6400,2,0.9741030931472778,0.0016351978993043303,2.783124955385574e-06,0.2846777225837391,1.002464771270752,1.0046735274791718
nam_precond_refit,6400,5,0.9740606546401978,0.006029124371707439,0.0015402397839352489,0.18297497489713785,1.1357078552246094,0.9976618039608002
nam_precond_refit,6400,8,0.9672958850860596,0.0157337486743927,0.010915473103523254,-0.05086710487361343,1.3661017417907715,1.0385687303543092
nam_precond_refit,6400,9,0.9718529582023621,0.0013200988760218024,0.0011590035865083337,0.21146103291896012,1.1182178258895874,1.0258427381515502
nam_precond_refit,12800,0,0.9685174226760864,0.0020129773765802383,0.0006757180672138929,0.20372508238630826,1.0911554098129272,1.0036566466093064
nam_precond_refit,12800,6,0.9740529656410217,0.003437463892623782,0.00080183579120785,0.3352993949653649,0.9005722999572754,1.0024506944417952
nam_precond_refit,12800,2,0.9694586396217346,0.0022842504549771547,0.000646916392724961,0.17021397970597155,1.0891331434249878,0.9914595794677734
nam_precond_refit,12800,3,0.968673586845398,0.00634860061109066,0.005269551184028387,0.06750666614904434,1.2551453113555908,1.0183994990587235
nam_precond_refit,12800,9,0.9719367623329163,0.004953030031174421,0.0027722716331481934,0.10638772934294043,1.1850653886795044,1.0265384083986282
nam_precond_refit,12800,5,0.9712173938751221,0.004070168826729059,0.00438868161290884,0.13977398658613446,1.2325572967529297,1.0181196546554565
nam_precond_refit,12800,4,0.97031569480896,0.0017272435361519456,0.00014675396960228682,0.21553632390519406,1.042427659034729,0.9979054081439972
nam_precond_refit,12800,7,0.973330557346344,0.0014058917295187712,6.727933941874653e-05,0.2895008134954376,0.9726366400718689,1.008312292098999
nam_precond_refit,12800,8,0.9749528765678406,0.004819787107408047,0.0034113845322281122,0.18835317420489506,1.2036885023117065,0.9829173266887665
nam_precond_refit,12800,1,0.968565821647644,0.002241072477772832,0.002328241476789117,0.3663430546668277,0.830414891242981,0.9968391293287278
nam_precond_refit,25600,2,0.9714493155479431,0.005604878067970276,0.004620878957211971,0.08681957201177705,1.2387768030166626,1.0159838876128198
nam_precond_refit,25600,0,0.971158504486084,0.0009136456064879894,0.00011813526361947879,0.2804337231013006,1.0377378463745117,1.0328465259075166
nam_precond_refit,25600,7,0.9698001742362976,0.0014035457279533148,0.0002261139452457428,0.22626674328974622,1.0521550178527832,1.0118665233254434
nam_precond_refit,25600,1,0.9702761769294739,0.0018922998569905758,0.0008092883508652449,0.3508314270551387,0.9000089764595032,1.0001410695910453
nam_precond_refit,25600,3,0.9689968228340149,0.0008417849894613028,4.4745306695404e-06,0.2545431073385287,0.998267412185669,1.0081784808635712
nam_precond_refit,25600,4,0.9687751531600952,0.0010292737279087305,0.0014494789065793157,0.2034361567487496,1.1336069107055664,0.9977356976270676
nam_precond_refit,25600,9,0.9712556004524231,0.003273853799328208,0.0018579554744064808,0.15304264883252824,1.1514146327972412,0.9938129511475563
nam_precond_refit,25600,5,0.9694303274154663,0.0006603257497772574,6.246553425626189e-07,0.3052119122128062,1.0001815557479858,1.0133495315909387
nam_precond_refit,25600,8,0.9711000919342041,0.0005839773220941424,6.931565440027043e-05,0.29253758568630883,1.026774287223816,1.0024263963103295
nam_precond_refit,25600,6,0.9682430028915405,0.0011719169560819864,6.366229354171082e-05,0.24962693509850511,1.024619698524475,1.0012597075104714
nam_precond_refit,51200,1,0.9722608327865601,0.0007104655378498137,8.783159864833578e-05,0.26699493174328015,1.0327975749969482,0.9987430331110955
nam_precond_refit,51200,2,0.9706169962882996,0.0007198351086117327,0.0001591653417563066,0.26139917988088573,1.0443421602249146,1.0010065402090549
nam_precond_refit,51200,5,0.9702919721603394,0.0010248126927763224,0.00034065789077430964,0.32200557763175064,0.9354015588760376,1.0042326693981887
nam_precond_refit,51200,3,0.9697472453117371,0.0015033688396215439,9.163942013401538e-05,0.3070765254878826,0.9663618206977844,1.0124885840713977
nam_precond_refit,51200,9,0.9679580330848694,0.002201224211603403,0.002333256183192134,0.15594613289286763,1.1697170734405518,0.9945977337658405
nam_precond_refit,51200,7,0.9699235558509827,0.0003998928004875779,0.00019385888299439102,0.23989150815858717,1.0478239059448242,0.9973541006445885
nam_precond_refit,51200,4,0.9710242748260498,0.0015332016628235579,0.0006738947704434395,0.3529835702166455,0.9091235399246216,1.0091309727728366
nam_precond_refit,51200,8,0.9709488153457642,0.004298506770282984,0.002723833080381155,0.4027113907815229,0.8165609836578369,1.0035590648651123
nam_precond_refit,51200,6,0.9694193601608276,0.0010231762425974011,0.0005641729803755879,0.20972554354915285,1.0834838151931763,1.0090602761507035
nam_precond_refit,51200,0,0.9685056805610657,0.0003493350523058325,5.453619814943522e-05,0.2709645484829964,0.974300742149353,0.9966713112592697
posthoc,100,4,1.0294584035873413,0.012406759895384312,0.0297049880027771,0.31777973437642565,1.448879599571228,0.9524052095413208
posthoc,100,9,1.1213538646697998,1.0809000730514526,1.0532705783843994,0.9168202684294174,-2.547255277633667,1.245128047466278
posthoc,100,6,0.9905352592468262,0.04662243649363518,0.027354737743735313,0.6079431392388704,0.41871950030326843,1.1566577911376954
posthoc,100,1,1.071844458580017,0.05431761592626572,0.018976598978042603,0.23411622976202168,0.5161497592926025,0.7816287159919739
posthoc,100,7,1.045293927192688,0.047253288328647614,0.03547472506761551,0.7235050222367383,0.3386744558811188,0.8863308191299438
posthoc,100,8,1.034613847732544,0.14164625108242035,0.0384942851960659,0.8133426028800591,0.31542596220970154,0.8258792519569397
posthoc,100,2,1.0924334526062012,0.09633650630712509,0.03663564845919609,0.27647235949643006,0.3276499807834625,1.0802023375034333
posthoc,100,3,1.0478898286819458,0.03481026738882065,0.0005091412458568811,0.6589212503126425,0.929145336151123,0.9947050213813782
posthoc,100,0,1.0431069135665894,0.04197537899017334,0.03658710792660713,0.6573657561699883,0.32771438360214233,1.202751212120056
posthoc,100,5,1.115370750427246,0.0445881262421608,0.01682516373693943,0.6938110187220459,1.452514886856079,0.8261223459243774
posthoc,200,0,0.9932121634483337,0.020572485402226448,0.002612592652440071,0.16337253154870418,1.03317391872406,0.8525507301092148
posthoc,200,2,1.0124200582504272,0.007109493482857943,0.015315545722842216,0.40026689887196654,1.4261696338653564,1.1820352375507355
posthoc,200,5,1.0134392976760864,0.019957950338721275,0.034590285271406174,0.49198525402796606,0.3462862968444824,1.0695942491292953
posthoc,200,3,1.0511071681976318,0.13898254930973053,0.015255973674356937,0.6049012986149048,0.5658613443374634,0.9314847141504288
posthoc,200,1,1.140089988708496,0.129607692360878,0.0002910150506068021,0.7184406029937042,1.034843921661377,1.049211010336876
posthoc,200,8,1.0279712677001953,0.03636014834046364,0.02155771479010582,0.5764230965426597,0.49410480260849,1.0081858485937119
posthoc,200,9,0.9790157079696655,0.03145669028162956,0.01724012941122055,0.5814457134359431,0.5411807298660278,1.3152536898851395
posthoc,200,6,1.0076497793197632,0.08779408782720566,0.024550415575504303,0.7327742975315977,0.4507598578929901,0.8897417932748795
posthoc,200,4,1.0293549299240112,0.0647648274898529,0.022860094904899597,0.5343132925963341,0.47035014629364014,1.0797576755285263
posthoc,200,7,0.9989469647407532,0.0563950352370739,0.0253883209079504,0.7311295207934527,0.4417787790298462,0.8727991580963135
posthoc,400,2,1.0177592039108276,0.027242325246334076,8.808968232187908e-06,0.6372976770237436,0.9934476017951965,0.8568380028009415
posthoc,400,0,1.0065937042236328,0.014621163718402386,0.032935284078121185,0.4577703106657146,0.36270779371261597,1.100074678659439
posthoc,400,4,0.9988292455673218,0.03283999487757683,0.01097049005329609,0.479377974527002,0.6431277394294739,0.8727928847074509
posthoc,400,3,0.9857771396636963,0.02931619994342327,0.03522660210728645,0.5994530651748605,0.34047606587409973,1.1085664182901382
posthoc,400,5,0.9755279421806335,0.024338986724615097,0.0476304329931736,0.4819323123857244,0.23360219597816467,1.0166122764348984
posthoc,400,9,0.9739049673080444,0.015886126086115837,0.010837825015187263,0.5281325274337457,0.6363229751586914,1.063579797744751
posthoc,400,1,0.9715937376022339,0.00743193319067359,0.0002454198547638953,0.24212745839998276,0.9511179327964783,0.9769473522901535
posthoc,400,7,1.0088012218475342,0.033163733780384064,0.012375017628073692,0.04634269815516627,1.3899638652801514,0.8961123377084732
posthoc,400,6,0.9792968034744263,0.009663237258791924,0.0007765938062220812,0.18856876762401156,1.046481966972351,1.0098524391651154
posthoc,400,8,0.9894222617149353,0.05227012559771538,0.028258617967367172,0.669651130643785,0.4109359383583069,0.8951308876276016
posthoc,800,0,0.9885661005973816,0.05974789336323738,0.0693202093243599,0.7433585253633305,0.0749252662062645,0.94423508644104
posthoc,800,3,0.9914994239807129,0.02547054924070835,0.003922429867088795,0.5824645729811289,0.7801137566566467,1.0146876907348632
posthoc,800,2,0.9937732815742493,0.03770933672785759,0.07739979773759842,0.6221656576580394,0.022784097120165825,1.0225830364227295
posthoc,800,8,0.9843487739562988,0.020041344687342644,0.015070280060172081,0.35584626835168665,0.5691502094268799,1.1757863807678222
posthoc,800,1,0.9988942742347717,0.04058607667684555,0.017359502613544464,0.7066312597631094,0.5388107895851135,1.0088318729400634
posthoc,800,7,0.9773548245429993,0.02642093226313591,0.012616385705769062,0.5943807011440183,0.6052361726760864,1.037782917022705
posthoc,800,5,0.9919525384902954,0.01963786967098713,0.0003716885403264314,0.17631332086856505,0.9463423490524292,0.9651786136627197
posthoc,800,4,0.9790851473808289,0.0554971806704998,0.04943409934639931,0.5919632893067,0.21851210296154022,1.138250825405121
posthoc,800,6,0.9710966944694519,0.0022195465862751007,0.003142495173960924,0.22674345685183556,0.8040642738342285,0.9641182899475098
posthoc,800,9,0.9765653014183044,0.034513890743255615,0.02754928171634674,0.5543908764001446,0.41661500930786133,0.9722058916091919
posthoc,1600,1,0.9760604500770569,0.028811665251851082,0.022633418440818787,0.6148099485403058,0.47140854597091675,1.0813371014595032
posthoc,1600,0,0.9937677979469299,0.06764071434736252,0.059521108865737915,0.748150249927356,0.14276830852031708,1.0639662861824035
posthoc,1600,2,0.994781494140625,0.030545266345143318,0.014204615727066994,0.675726849771088,0.5815104246139526,1.0101253056526185
posthoc,1600,3,0.9782751798629761,0.027453646063804626,0.025825873017311096,0.6126167852554425,0.4362875521183014,1.005725998878479
posthoc,1600,6,0.9841095805168152,0.0317060723900795,0.03296201303601265,0.5438297444520083,0.3620980381965637,0.918962664604187
posthoc,1600,8,0.9733037948608398,0.008206736296415329,0.01632799208164215,0.46431139301974156,0.5517333745956421,0.9538015604019165
posthoc,1600,5,0.9801705479621887,0.021235991269350052,0.008512528613209724,0.5245962588666513,0.6800790429115295,1.0109681868553162
posthoc,1600,9,0.9742911458015442,0.03476836904883385,0.051609840244054794,0.6305247391719,0.20211519300937653,1.0551694083213805
posthoc,1600,7,0.9800723195075989,0.009857307188212872,0.0011487153824418783,0.4160890689885706,0.8813571333885193,0.8895577621459961
posthoc,1600,4,0.9709010124206543,0.03644583746790886,0.02963985688984394,0.6062598652513514,0.3948981463909149,0.9532749652862549
posthoc,3200,0,0.9763556718826294,0.02137262001633644,0.010310282930731773,0.523330322067779,0.6431286931037903,0.9876815581321716
posthoc,3200,2,0.984674334526062,0.04470064863562584,0.032494865357875824,0.6761348931920808,0.36667221784591675,1.0422638940811157
posthoc,3200,1,0.9730382561683655,0.014513152651488781,0.008867018856108189,0.4921545611958687,0.6690763831138611,1.0309732270240783
posthoc,3200,6,0.979404628276825,0.008790147490799427,0.0008564634481444955,0.12565197905128075,1.0841054916381836,1.0310035943984985
posthoc,3200,4,0.9732158780097961,0.015153375454246998,0.016729820519685745,0.496501712144714,0.5454286336898804,1.05725816488266
posthoc,3200,8,0.9703238606452942,0.03321745619177818,0.03832238167524338,0.6117103284108554,0.31269365549087524,0.9741715288162232
posthoc,3200,5,0.9693431258201599,0.008318979293107986,0.0018718091305345297,0.40923356740980704,0.8489886522293091,1.0002118158340454
posthoc,3200,3,0.985984742641449,0.0518256351351738,0.04462597519159317,0.7144904774171935,0.2580243945121765,0.9643807077407837
posthoc,3200,7,0.9699721336364746,0.0029594339430332184,0.0028290092013776302,0.31861161817664396,0.8133989572525024,1.0072972655296326
posthoc,3200,9,0.9787843823432922,0.04484697803854942,0.029270172119140625,0.6556857884276741,0.39899271726608276,1.0448551321029662
posthoc,6400,0,0.9761778116226196,0.005529693327844143,0.00017227140779141337,0.296313776874379,0.9553456902503967,1.0455647706985474
posthoc,6400,1,0.9695249795913696,0.025654060766100883,0.024974429979920387,0.5748184792225467,0.4451710283756256,0.9921087908744812
posthoc,6400,3,0.9715842008590698,0.014898858033120632,0.015087641775608063,0.4956492625620617,0.5690529346466064,1.0055744683742522
posthoc,6400,4,0.9692068099975586,0.004631288815289736,0.001720595289953053,0.3733008363563197,0.8544694185256958,0.9915616095066071
posthoc,6400,7,0.9694597125053406,0.012575874105095863,0.00993330217897892,0.4573528710839476,0.6497582197189331,1.0244527900218963
posthoc,6400,6,0.9735855460166931,0.019481495022773743,0.015907425433397293,-0.07191454911921764,1.442676067352295,0.9775449752807617
posthoc,6400,2,0.9736663103103638,0.011739476583898067,0.009240048937499523,0.5026769337765736,0.6622453331947327,1.0087750339508057
posthoc,6400,5,0.9745679497718811,0.019434921443462372,0.013997322879731655,0.5368193196127141,0.5852583050727844,0.9920361375808716
posthoc,6400,8,0.9704750776290894,0.01322389580309391,0.011904661543667316,0.4718932494375887,0.6165589690208435,1.0352088963985444
posthoc,6400,9,0.97101891040802,0.00298571540042758,0.0006576056475751102,0.358113777117286,0.9102527499198914,1.0292843067646027
posthoc,12800,0,0.9687274098396301,0.008819160982966423,0.007588308770209551,0.45164900755377246,0.6942949891090393,1.0020241278409958
posthoc,12800,6,0.9737050533294678,0.018309125676751137,0.01604527048766613,0.530153580241929,0.5550823211669922,1.005237529873848
posthoc,12800,2,0.9680183529853821,0.009291404858231544,0.010179396718740463,0.468314507726742,0.6455333232879639,0.9927668732404709
posthoc,12800,3,0.9683317542076111,0.003680061548948288,0.0018326269928365946,0.3581917268591065,0.8500796556472778,1.025136222243309
posthoc,12800,9,0.9703323245048523,0.0048536998219788074,0.004800646565854549,0.4161868275461795,0.7568420171737671,1.0270074450969695
posthoc,12800,5,0.9735469222068787,0.0035937284119427204,0.0023462120443582535,0.18387651745631522,1.1697607040405273,1.013388779759407
posthoc,12800,4,0.9690662026405334,0.0035383549984544516,0.002245947951450944,0.3541241265542554,0.8334823250770569,1.0038130277395247
posthoc,12800,7,0.9744675159454346,0.010922394692897797,0.010636239312589169,0.5034566559993362,0.6379706263542175,1.0033023208379745
posthoc,12800,8,0.978203296661377,0.0152869438752532,0.005513134878128767,0.49204983200726937,0.7390243411064148,0.9885628694295883
posthoc,12800,1,0.967305600643158,0.020379655063152313,0.019699260592460632,0.5284881327565557,0.5069142580032349,0.9982201319932937
posthoc,25600,2,0.9718325138092041,0.0010847768280655146,7.553911473223707e-06,0.2846425635184305,0.9903475642204285,1.0151146212220192
posthoc,25600,0,0.9753594398498535,0.007475330960005522,0.003536730771884322,0.4491817606118032,0.7910082936286926,1.031789301931858
posthoc,25600,7,0.9690958857536316,0.0011975099332630634,0.00014061055844649673,0.295995604529442,0.958573579788208,1.0127063888311385
posthoc,25600,1,0.9715456962585449,0.00927064660936594,0.006877763196825981,0.46449644283615676,0.7086095213890076,1.0033912965655327
posthoc,25600,3,0.9681450128555298,0.006136585958302021,0.0048443335108459,0.4216067564063234,0.7557762861251831,1.01148944824934
posthoc,25600,4,0.9668360948562622,0.0029683071188628674,0.000607698573730886,0.3575143370759969,0.913358211517334,1.0050046652555467
posthoc,25600,9,0.9705208539962769,0.001530206180177629,0.0005701308837160468,0.3251502956529107,0.9168722033500671,0.9923707175254822
posthoc,25600,5,0.9719606041908264,0.011127229779958725,0.007136231753975153,0.48966218238656667,0.7033475637435913,1.0093380385637283
posthoc,25600,8,0.97194904088974,0.010084565728902817,0.005736746825277805,0.4770834337102038,0.7337850332260132,0.9988400721549988
posthoc,25600,6,0.9692859053611755,0.0032954660709947348,0.0017494019120931625,0.3655521243230452,0.8539993166923523,0.9993948984146118
posthoc,51200,1,0.972772479057312,0.00832909531891346,0.005619036499410868,0.4748700560489326,0.7368234395980835,1.0018161894381046
posthoc,51200,2,0.9699239134788513,0.0025180522352457047,0.0010928111150860786,0.3771573997295263,0.8839234113693237,0.9990709695219994
posthoc,51200,5,0.9703757166862488,0.003211911767721176,0.002598140388727188,0.39903518821236333,0.8211005330085754,1.006984435170889
posthoc,51200,3,0.9703216552734375,0.0032447732519358397,0.0011816952610388398,0.36438166372987085,0.8792387843132019,1.0024628846347332
posthoc,51200,9,0.9679418802261353,0.001349538448266685,0.0008388641872443259,0.20862871211794304,1.1015923023223877,0.9977287486195564
posthoc,51200,7,0.9696024060249329,0.0013504968956112862,0.0003328507300466299,0.3190037091961684,0.9361032843589783,1.0018920530378819
posthoc,51200,4,0.9716951847076416,0.005659973714500666,0.004166686907410622,0.4407568286489694,0.7734521627426147,0.9997081252932548
posthoc,51200,8,0.9714404940605164,0.006919628009200096,0.004374334588646889,0.4308483420788241,0.767553448677063,1.006144210845232
posthoc,51200,6,0.9669091701507568,0.0010383069748058915,0.00018553381960373372,0.30467593188734654,0.9523829817771912,1.0118548737466335
posthoc,51200,0,0.9684814810752869,0.00490792840719223,0.004767803940922022,0.414175298197162,0.7573562264442444,0.9999979430437088
posthoc_cf,100,4,1.0836670398712158,0.03126997873187065,0.030100924894213676,0.4319685884828116,1.3095969930291176,nan
posthoc_cf,100,9,1.0328106880187988,0.0391630083322525,0.0017894284101203084,0.645160398682447,1.0792557895183563,nan
posthoc_cf,100,6,1.1238791942596436,0.10595105588436127,0.015647415071725845,0.7851043515303398,1.4193686246871948,nan
posthoc_cf,100,1,1.0169564485549927,0.033944614231586456,0.04624071717262268,0.6539409616667053,0.24737021327018738,nan
posthoc_cf,100,7,1.1274737119674683,0.09220714122056961,0.0005429494776763022,0.27723611027068207,1.0337131917476654,nan
posthoc_cf,100,8,0.998091995716095,0.012118317186832428,0.005816109012812376,0.44493127574386976,1.130645290017128,nan
posthoc_cf,100,2,1.1324577331542969,0.18888813257217407,0.23351973295211792,0.866308448850622,-0.6934371069073677,nan
posthoc_cf,100,3,1.0556598901748657,0.025427114218473434,0.05491017922759056,-0.045054330461093424,1.816564679145813,nan
posthoc_cf,100,0,1.053381323814392,0.19022025167942047,0.16420772671699524,-0.5855577666763847,2.388073891401291,nan
posthoc_cf,100,5,1.1897227764129639,0.1326620727777481,0.08364109694957733,-0.9235113209704645,2.0080071091651917,nan
posthoc_cf,200,0,1.0207182168960571,0.02299393340945244,0.003766717854887247,0.0693026942638068,1.186978667974472,nan
posthoc_cf,200,2,1.0070369243621826,0.02303396724164486,0.016880247741937637,0.17043482434965632,1.4529623091220856,nan
posthoc_cf,200,5,1.0276328325271606,0.038040537387132645,0.0025028858799487352,0.6689601761682729,0.8320555090904236,nan
posthoc_cf,200,3,1.1991132497787476,0.18587131798267365,0.011604974046349525,0.5723745593480439,1.3566959202289581,nan
posthoc_cf,200,1,1.0675678253173828,0.10869981348514557,0.009810591116547585,0.6700152902061443,0.6518950760364532,nan
posthoc_cf,200,8,0.9835620522499084,0.056489862501621246,0.01762416772544384,0.5895155203264975,0.5337617248296738,nan
posthoc_cf,200,9,1.0553010702133179,0.08509944379329681,0.10369161516427994,-0.37052991468565105,2.1016591787338257,nan
posthoc_cf,200,6,1.0062823295593262,0.011735079810023308,0.03407778963446617,0.15248805053039538,1.6229532361030579,nan
posthoc_cf,200,4,1.1109871864318848,0.2296658158302307,0.10189186781644821,-0.5152518062959563,2.0281138122081757,nan
posthoc_cf,200,7,1.0393083095550537,0.04141620546579361,0.007994938641786575,0.48808555951246657,1.230021595954895,nan
posthoc_cf,400,2,1.0100905895233154,0.027254395186901093,0.0021045412868261337,0.6299166061663111,0.8674749583005905,nan
posthoc_cf,400,0,1.0068179368972778,0.04184965044260025,0.004200593568384647,-0.1827938095220099,1.1326720714569092,nan
posthoc_cf,400,4,0.9818465709686279,0.003779876511543989,0.02029954455792904,0.33983690378901066,0.5078973323106766,nan
posthoc_cf,400,3,0.9870831370353699,0.031347133219242096,0.02011447586119175,0.6431312929037428,0.5033622328191996,nan
posthoc_cf,400,5,0.9869786500930786,0.009153347462415695,2.0707653675344773e-05,0.40268868958884413,1.0081994831562042,nan
posthoc_cf,400,9,0.9751068949699402,0.008056878112256527,0.0015078327851369977,0.3512633459305544,0.8664184808731079,nan
posthoc_cf,400,1,0.9772207140922546,0.0027723098173737526,0.004250261001288891,0.24325390820738613,1.217789649963379,nan
posthoc_cf,400,7,1.0201311111450195,0.07602640986442566,0.02066650055348873,0.62848092001055,0.49538905918598175,nan
posthoc_cf,400,6,0.9846960306167603,0.012804080732166767,0.0007939842762425542,0.08155392546012151,0.9131036400794983,nan
posthoc_cf,400,8,0.9848055243492126,0.0199502594769001,0.012974568642675877,0.5949227483694236,0.6084414571523666,nan
posthoc_cf,800,0,0.9925805926322937,0.08350704610347748,0.05902862176299095,0.7903632959929121,0.1468607783317566,nan
posthoc_cf,800,3,0.9904893636703491,0.012581351213157177,8.367915143026039e-05,0.3248946587916778,1.0049451179802418,nan
posthoc_cf,800,2,0.9960829019546509,0.014429855160415173,0.009416320361196995,0.5430550898596174,0.6589813828468323,nan
posthoc_cf,800,8,0.989401638507843,0.1481589823961258,0.13841930031776428,-0.5739618602206586,2.2994468808174133,nan
posthoc_cf,800,1,0.9776604771614075,0.0031195846386253834,0.00038038278580643237,0.3192490862458063,0.9398260116577148,nan
posthoc_cf,800,7,0.9852533340454102,0.016361616551876068,0.006439277436584234,0.5144705618956806,0.7181126177310944,nan
posthoc_cf,800,5,0.9791686534881592,0.01289726234972477,0.01134480256587267,0.5151533468881137,0.6308827847242355,nan
posthoc_cf,800,4,0.9868143796920776,0.01329885609447956,0.0052440292201936245,0.5007029921345311,0.7523902058601379,nan
posthoc_cf,800,6,0.9783491492271423,0.016956688836216927,0.03658733889460564,0.5469925228093581,0.32768296636641026,nan
posthoc_cf,800,9,0.9905604124069214,0.0918884202837944,0.0715319812297821,0.6746469597829597,0.06015501171350479,nan
posthoc_cf,1600,1,0.979948103427887,0.014646805822849274,0.009798836894333363,0.5390486402336794,0.6521204113960266,nan
posthoc_cf,1600,0,0.9928961396217346,0.06856504082679749,0.03863703832030296,0.7475792429143857,0.30922824516892433,nan
posthoc_cf,1600,2,1.0038657188415527,0.03456949442625046,0.017746049910783768,0.6962586654397946,0.5318752527236938,nan
posthoc_cf,1600,3,0.9846580028533936,0.035458073019981384,0.01714981533586979,0.6610206426451517,0.5399752110242844,nan
posthoc_cf,1600,6,0.9836909174919128,0.013905574567615986,0.0025943825021386147,0.5139574657984292,0.8266059309244156,nan
posthoc_cf,1600,8,0.9780862927436829,0.013418929651379585,0.015853790566325188,0.5060161177560742,0.5628165751695633,nan
posthoc_cf,1600,5,0.9852197170257568,0.012914196588099003,0.0041640629060566425,0.5241388603173104,0.7753690630197525,nan
posthoc_cf,1600,9,0.9735775589942932,0.022316614165902138,0.01544148288667202,0.5752834856817345,0.5632395148277283,nan
posthoc_cf,1600,7,0.9895711541175842,0.008968018926680088,0.0024203029461205006,0.4511141396523357,0.8271129876375198,nan
posthoc_cf,1600,4,0.9733440279960632,0.01956857368350029,0.01667887158691883,0.5407106721046939,0.5465258061885834,nan
posthoc_cf,3200,0,0.9673228859901428,0.004688766784965992,0.004600894637405872,0.3810691056967438,0.7629823982715607,nan
posthoc_cf,3200,2,0.9851565957069397,0.064774289727211,0.04583291709423065,0.7113434392352561,0.24819985032081604,nan
posthoc_cf,3200,1,0.9787123799324036,0.028398094698786736,0.020963124930858612,0.625288423531409,0.49197281897068024,nan
posthoc_cf,3200,6,0.9813567399978638,0.009980246424674988,0.00042027796735055745,0.11818448247199015,1.0600373446941376,nan
posthoc_cf,3200,4,0.9730596542358398,0.013318872079253197,0.00481564411893487,0.4513935507703195,0.7563249319791794,nan
posthoc_cf,3200,8,0.972902774810791,0.02431580051779747,0.023400690406560898,0.5854943064593182,0.46270355582237244,nan
posthoc_cf,3200,5,0.9753860831260681,0.0055528730154037476,0.0012947425711899996,0.42930852895174537,0.8833843171596527,nan
posthoc_cf,3200,3,0.9776296615600586,0.02889275550842285,0.024535201489925385,0.6097607294741503,0.45110923051834106,nan
posthoc_cf,3200,7,0.9684978723526001,0.00911631342023611,0.005725816823542118,0.03764848579309363,1.2654295861721039,nan
posthoc_cf,3200,9,0.9723769426345825,0.008291617035865784,0.00319118844345212,0.4287329332014883,0.8016808927059174,nan
posthoc_cf,6400,0,0.9743247628211975,0.0053555890917778015,0.0020775177981704473,0.3921669623796638,0.8402499258518219,nan
posthoc_cf,6400,1,0.9682016968727112,0.014905030839145184,0.020243514329195023,0.5088638818508312,0.5000963062047958,nan
posthoc_cf,6400,3,0.9767165780067444,0.005406302399933338,0.0018984179478138685,0.4362075855864036,0.8468760848045349,nan
posthoc_cf,6400,4,0.9706625938415527,0.0030406294390559196,0.00039763556560501456,0.20248212082970515,1.0698436796665192,nan
posthoc_cf,6400,7,0.9680237174034119,0.011173087172210217,0.010758026503026485,0.48715242626270955,0.6371346712112427,nan
posthoc_cf,6400,6,0.9717036485671997,0.002094295807182789,0.0008288306416943669,0.18503468359600966,1.095273733139038,nan
posthoc_cf,6400,2,0.9760438203811646,0.018169758841395378,0.01573462225496769,0.5706380450657006,0.5591461658477783,nan
posthoc_cf,6400,5,0.9739576578140259,0.013343035243451595,0.00845011044293642,0.5302686930483649,0.6778924763202667,nan
posthoc_cf,6400,8,0.96574866771698,0.007692589890211821,0.009096250869333744,0.42776229124334203,0.664976954460144,nan
posthoc_cf,6400,9,0.972091555595398,0.004466039128601551,0.0035699603613466024,0.40968821645031234,0.7902076542377472,nan
posthoc_cf,12800,0,0.9692785739898682,0.004980163648724556,0.004492428619414568,0.4174362860473044,0.7646204233169556,nan
posthoc_cf,12800,6,0.9696911573410034,0.006579248234629631,0.006564048118889332,0.45277519123141635,0.7155834436416626,nan
posthoc_cf,12800,2,0.971163272857666,0.016788126900792122,0.014323888346552849,0.5363491317286928,0.5798353105783463,nan
posthoc_cf,12800,3,0.9684339761734009,0.0011106260353699327,0.0006284337723627687,0.2835576269778093,0.9134690761566162,nan
posthoc_cf,12800,9,0.9713502526283264,0.0015790878096595407,0.0017347154207527637,0.3188545387748711,0.8537106513977051,nan
posthoc_cf,12800,5,0.9717041254043579,0.003511789720505476,0.002368602203205228,0.15837514736584934,1.1710583567619324,nan
posthoc_cf,12800,4,0.9687785506248474,0.0015623398358002305,0.0011162488954141736,0.3406176495532624,0.8827390372753143,nan
posthoc_cf,12800,7,0.9739093780517578,0.003786841407418251,0.0018169113900512457,0.39759044448099046,0.85064297914505,nan
posthoc_cf,12800,8,0.974458634853363,0.014537297189235687,0.006976913660764694,0.5136856999078544,0.7064093947410583,nan
posthoc_cf,12800,1,0.969681978225708,0.038345251232385635,0.033576663583517075,0.6144532438460225,0.35618774965405464,nan
posthoc_cf,25600,2,0.9706900715827942,0.004352568183094263,0.0035645863972604275,0.4106182726924578,0.7902913093566895,nan
posthoc_cf,25600,0,0.9704985022544861,0.0019161870004609227,0.0007893483270891011,0.3435439089465978,0.9012550115585327,nan
posthoc_cf,25600,7,0.9676255583763123,0.006123953033238649,0.0051490734331309795,0.4357373690696302,0.7479552924633026,nan
posthoc_cf,25600,1,0.9676844477653503,0.00420865835621953,0.0027401980478316545,0.4044645663989185,0.8167409002780914,nan
posthoc_cf,25600,3,0.9691562652587891,0.000713573768734932,4.8103374865604565e-06,0.2712472197570322,1.0037318766117096,nan
posthoc_cf,25600,4,0.9680548310279846,0.0015385232400149107,0.0003824823070317507,0.3141352053959864,0.9315510392189026,nan
posthoc_cf,25600,9,0.9712558388710022,0.001448994968086481,0.0010571304010227323,0.31983981787490723,0.8860863447189331,nan
posthoc_cf,25600,5,0.9708846807479858,0.005091285333037376,0.0030443791765719652,0.438002592888973,0.8066193759441376,nan
posthoc_cf,25600,8,0.9718478918075562,0.006387691013514996,0.003503192448988557,0.4489513116139994,0.7919670045375824,nan
posthoc_cf,25600,6,0.9695274233818054,0.0019206302240490913,0.0014766340609639883,0.34781695982784894,0.8649506866931915,nan
posthoc_cf,51200,1,0.9700747728347778,0.005423707887530327,0.0044652801007032394,0.4315150337739753,0.7652808725833893,nan
posthoc_cf,51200,2,0.9699796438217163,0.005753136705607176,0.0039160228334367275,0.43811149932812643,0.7800958454608917,nan
posthoc_cf,51200,5,0.9713907241821289,0.005095474421977997,0.004395477473735809,0.4240892090906202,0.767419844865799,nan
posthoc_cf,51200,3,0.9721537232398987,0.0018673369195312262,0.0008274003048427403,0.35372578172002467,0.8990786671638489,nan
posthoc_cf,51200,9,0.9706669449806213,0.0034510050900280476,0.0026913124602288008,0.395733394445533,0.8177429139614105,nan
posthoc_cf,51200,7,0.9694336652755737,0.00040044591878540814,1.2745771527988836e-05,0.28769037028614985,0.9899153113365173,nan
posthoc_cf,51200,4,0.96933913230896,0.004158755764365196,0.002738186391070485,0.41299783324643397,0.8160774111747742,nan
posthoc_cf,51200,8,0.9698449969291687,0.009727583266794682,0.008401114493608475,0.4790532020083822,0.6779428124427795,nan
posthoc_cf,51200,6,0.9682111740112305,0.000770163896959275,0.00012265480472706258,0.2490754684715952,1.0360233783721924,nan
posthoc_cf,51200,0,0.9694369435310364,0.0051558311097323895,0.00470838462933898,0.4183390336038018,0.7588983178138733,nan
posthoc_orth,100,4,1.0294584035873413,0.030903257429599762,0.09898288547992706,-0.13765801623725618,1.4488798379898071,0.9524052095413208
posthoc_orth,100,9,1.1213538646697998,0.1944466382265091,0.04410668835043907,-0.27238076529085903,-2.5472559928894043,1.245128047466278
posthoc_orth,100,6,0.9905351996421814,0.02753165364265442,0.006564122159034014,0.0395468497180145,0.41872021555900574,1.1566577911376954
posthoc_orth,100,1,1.071844458580017,0.05831470340490341,0.012871535494923592,0.05770612602515117,0.5161497592926025,0.7816287159919739
posthoc_orth,100,7,1.045293927192688,0.04913177713751793,5.259321187622845e-05,-0.02035243805978994,0.3386745750904083,0.8863308191299438
posthoc_orth,100,8,1.034613847732544,0.020877156406641006,0.040400195866823196,0.18481364560115704,0.3154260218143463,0.8258792519569397
posthoc_orth,100,2,1.0924333333969116,0.1330358386039734,0.001571627683006227,-0.19679677542302268,0.32764995098114014,1.0802023375034333
posthoc_orth,100,3,1.0478898286819458,0.04303576052188873,0.025679580867290497,-0.0675881242689016,0.9291451573371887,0.9947050213813782
posthoc_orth,100,0,1.0431069135665894,0.04462976008653641,0.001135244034230709,-0.0648145743431108,0.32771438360214233,1.202751212120056
posthoc_orth,100,5,1.115370750427246,0.049870964139699936,0.23049567639827728,-0.2972548847013382,1.452514886856079,0.8261223459243774
posthoc_orth,200,0,0.9932121634483337,0.023325972259044647,0.0038859001360833645,0.0919214955314009,1.0331745147705078,0.8525507301092148
posthoc_orth,200,2,1.0124200582504272,0.026059379801154137,0.11099676787853241,-0.14108336010468206,1.426169991493225,1.1820352375507355
posthoc_orth,200,5,1.0134392976760864,0.02292916178703308,0.009641720913350582,0.17348505593077748,0.3462863266468048,1.0695942491292953
posthoc_orth,200,3,1.0511071681976318,0.05928582698106766,0.05006825923919678,0.08568342616233164,0.5658613443374634,0.9314847141504288
posthoc_orth,200,1,1.140089988708496,0.05280577763915062,0.12805455923080444,0.0938542588786639,1.0348436832427979,1.049211010336876
posthoc_orth,200,8,1.0279713869094849,0.030938770622015,0.01765662245452404,-0.07477873053304006,0.4941047728061676,1.0081858485937119
posthoc_orth,200,9,0.9790156483650208,0.02429594099521637,0.012347019277513027,0.032308538070649685,0.5411807298660278,1.3152536898851395
posthoc_orth,200,6,1.0076497793197632,0.013305592350661755,0.026812978088855743,0.15929458992000575,0.45075976848602295,0.8897417932748795
posthoc_orth,200,4,1.0293550491333008,0.06759973615407944,0.011709275655448437,-0.08781153436738587,0.4703480303287506,1.0797576755285263
posthoc_orth,200,7,0.9989469647407532,0.013797464780509472,0.017466017976403236,0.08927064866179155,0.4417787790298462,0.8727991580963135
posthoc_orth,400,2,1.0177592039108276,0.016456270590424538,0.048982925713062286,0.03534664324302698,0.9934476017951965,0.8568380028009415
posthoc_orth,400,0,1.0065937042236328,0.022893304005265236,0.001773216761648655,-0.029577372252883986,0.36270779371261597,1.100074678659439
posthoc_orth,400,4,0.998829185962677,0.026881318539381027,0.011661971919238567,0.043934886347676914,0.6431266069412231,0.8727928847074509
posthoc_orth,400,3,0.9857771396636963,0.013473358936607838,0.0009734603227116168,0.0759753823743962,0.34047597646713257,1.1085664182901382
posthoc_orth,400,5,0.9755279421806335,0.021289119496941566,0.00010456858581164852,-0.0222463125749622,0.23360219597816467,1.0166122764348984
posthoc_orth,400,9,0.9739049673080444,0.01055470947176218,0.008917287923395634,0.04089253339797959,0.6363230347633362,1.063579797744751
posthoc_orth,400,1,0.9715937376022339,0.015403798781335354,0.006314416881650686,0.024522858012862712,0.9511172771453857,0.9769473522901535
posthoc_orth,400,7,1.0088011026382446,0.03273433446884155,0.011786960996687412,0.054186265467961264,1.38996422290802,0.8961123377084732
posthoc_orth,400,6,0.9792968034744263,0.01616731844842434,0.005167955067008734,0.026725511129023726,1.0464820861816406,1.0098524391651154
posthoc_orth,400,8,0.9894222617149353,0.018640926107764244,0.01590748317539692,0.025692550562072702,0.41093599796295166,0.8951308876276016
posthoc_orth,800,0,0.9885661005973816,0.018214965239167213,0.003263562684878707,0.05020526532725285,0.07492531090974808,0.94423508644104
posthoc_orth,800,3,0.9914994239807129,0.012677853927016258,0.018071796745061874,0.10474356087260976,0.7801137566566467,1.0146876907348632
posthoc_orth,800,2,0.9937732815742493,0.01634806953370571,0.00023874951875768602,0.01912481017007322,0.022784128785133362,1.0225830364227295
posthoc_orth,800,8,0.9843487739562988,0.028266992419958115,0.0009479896980337799,-0.016204324049428096,0.5691503882408142,1.1757863807678222
posthoc_orth,800,1,0.9988942742347717,0.03068070113658905,0.014092940837144852,-0.028050999902215136,0.5388107895851135,1.0088318729400634
posthoc_orth,800,7,0.9773548245429993,0.01414140872657299,0.014088527299463749,0.025743960812163437,0.6052361726760864,1.037782917022705
posthoc_orth,800,5,0.9919524788856506,0.022247007116675377,0.00021968668443150818,0.10121878212990684,0.9463422298431396,0.9651786136627197
posthoc_orth,800,4,0.9790852069854736,0.014340856112539768,0.001729288836941123,0.15765625245597525,0.21851161122322083,1.138250825405121
posthoc_orth,800,6,0.9710967540740967,0.014232977293431759,0.0016719744307920337,-0.03375761066095467,0.8040635585784912,0.9641182899475098
posthoc_orth,800,9,0.9765653014183044,0.018665654584765434,0.013919583521783352,-0.03976189082197252,0.4166150987148285,0.9722058916091919
posthoc_orth,1600,1,0.9760604500770569,0.013973423279821873,0.01330065168440342,-0.020653689974139442,0.4714083671569824,1.0813371014595032
posthoc_orth,1600,0,0.9937677979469299,0.022450869902968407,0.008516964502632618,-0.0025550878264230877,0.14276815950870514,1.0639662861824035
posthoc_orth,1600,2,0.9947815537452698,0.02295319363474846,0.009463517926633358,0.03138826316703983,0.5815105438232422,1.0101253056526185
posthoc_orth,1600,3,0.9782751798629761,0.012996411882340908,0.00848692748695612,0.002094983105354421,0.4362874925136566,1.005725998878479
posthoc_orth,1600,6,0.9841095805168152,0.019994543865323067,0.0025181265082210302,0.02391442128620075,0.36209818720817566,0.918962664604187
posthoc_orth,1600,8,0.9733037352561951,0.01014756876975298,0.0016369716031476855,0.025283850474946357,0.5517335534095764,0.9538015604019165
posthoc_orth,1600,5,0.9801705479621887,0.020412256941199303,0.022350814193487167,-0.05691172343802997,0.6800787448883057,1.0109681868553162
posthoc_orth,1600,9,0.9742911458015442,0.011524628847837448,0.0011645923368632793,0.03656461408899267,0.2021152526140213,1.0551694083213805
posthoc_orth,1600,7,0.9800723195075989,0.018570877611637115,0.018843641504645348,-0.03727951851713966,0.8813566565513611,0.8895577621459961
posthoc_orth,1600,4,0.9709010124206543,0.009527645073831081,0.009657580405473709,0.04106915467377268,0.3948981761932373,0.9532749652862549
posthoc_orth,3200,0,0.9763556122779846,0.01454880554229021,0.015200995840132236,0.0032256599144547165,0.6431284546852112,0.9876815581321716
posthoc_orth,3200,2,0.984674334526062,0.0153547627851367,0.011062989942729473,0.021752310899406862,0.366672158241272,1.0422638940811157
posthoc_orth,3200,1,0.9730382561683655,0.011112901382148266,0.012051944620907307,0.011572862722470944,0.6690767407417297,1.0309732270240783
posthoc_orth,3200,6,0.979404628276825,0.013736178167164326,0.003468656213954091,0.017613999082367722,1.0841052532196045,1.0310035943984985
posthoc_orth,3200,4,0.9732158184051514,0.010553477331995964,0.004690458066761494,0.02969601542040472,0.5454278588294983,1.05725816488266
posthoc_orth,3200,8,0.9703238606452942,0.011119244620203972,0.0044603412970900536,0.025874081087839486,0.3126935362815857,0.9741715288162232
posthoc_orth,3200,5,0.9693431854248047,0.013658447191119194,0.013293357565999031,0.004831995212593661,0.84898841381073,1.0002118158340454
posthoc_orth,3200,3,0.985984742641449,0.015575206838548183,0.007057286333292723,0.039592235277493115,0.2580244243144989,0.9643807077407837
posthoc_orth,3200,7,0.9699720740318298,0.009406233206391335,0.0024288897402584553,0.04294863173500239,0.813398003578186,1.0072972655296326
posthoc_orth,3200,9,0.9787843823432922,0.011262724176049232,0.012661737389862537,0.04651951068356238,0.3989928960800171,1.0448551321029662
posthoc_orth,6400,0,0.9761777520179749,0.013925963081419468,0.009817350655794144,0.011982759724320478,0.9553458094596863,1.0455647706985474
posthoc_orth,6400,1,0.9695249199867249,0.011606358923017979,0.008704543113708496,0.0012212081450009053,0.445170521736145,0.9921087908744812
posthoc_orth,6400,3,0.9715844392776489,0.011318203061819077,0.005309904459863901,0.026006643546336465,0.5690507292747498,1.0055744683742522
posthoc_orth,6400,4,0.9692152142524719,0.009624085389077663,0.005826133769005537,0.054781939914702815,0.8543397784233093,0.9915616095066071
posthoc_orth,6400,7,0.9694597125053406,0.011939376592636108,0.009196734987199306,0.003876795354991521,0.6497595906257629,1.0244527900218963
posthoc_orth,6400,6,0.9735854268074036,0.010951969772577286,0.007074329536408186,0.0516326242998086,1.4426785707473755,0.9775449752807617
posthoc_orth,6400,2,0.973666250705719,0.009114326909184456,0.0073186070658266544,0.04210968567917131,0.6622442603111267,1.0087750339508057
posthoc_orth,6400,5,0.9745678901672363,0.013072596862912178,0.00827813521027565,0.02605075022639639,0.5852589011192322,0.9920361375808716
posthoc_orth,6400,8,0.9704750776290894,0.01051870733499527,0.004771637264639139,0.044404434906511435,0.6165576577186584,1.0352088963985444
posthoc_orth,6400,9,0.97101891040802,0.008729495108127594,0.009019654244184494,0.04108494564305345,0.9102532863616943,1.0292843067646027
posthoc_orth,12800,0,0.9687273502349854,0.008136400021612644,0.006583342328667641,0.04401151143282742,0.6942945718765259,1.0020241278409958
posthoc_orth,12800,6,0.9737050533294678,0.01133857760578394,0.006421116180717945,0.03304112223891192,0.5550826787948608,1.005237529873848
posthoc_orth,12800,2,0.9680183529853821,0.010335374623537064,0.006605846341699362,0.011749089096778347,0.6455318927764893,0.9927668732404709
posthoc_orth,12800,3,0.9683318138122559,0.008860002271831036,0.0072697740979492664,0.03723465938622515,0.8500790596008301,1.025136222243309
posthoc_orth,12800,9,0.9703323245048523,0.008217074908316135,0.0057842968963086605,0.039603115236693964,0.7568426132202148,1.0270074450969695
posthoc_orth,12800,5,0.9735469222068787,0.009149297140538692,0.009311189875006676,0.0471937031223167,1.1697603464126587,1.013388779759407
posthoc_orth,12800,4,0.9690662026405334,0.007713881321251392,0.004627482034265995,0.060515978808513456,0.8334869146347046,1.0038130277395247
posthoc_orth,12800,7,0.9744675755500793,0.011157880537211895,0.006535056978464127,0.016784500290715446,0.6379649639129639,1.0033023208379745
posthoc_orth,12800,8,0.978203296661377,0.011055410839617252,0.010492521338164806,0.061803007414706145,0.7390319108963013,0.9885628694295883
posthoc_orth,12800,1,0.9673055410385132,0.009560777805745602,0.005758227314800024,0.039146060714145184,0.5069154500961304,0.9982201319932937
posthoc_orth,25600,2,0.9718325138092041,0.008745204657316208,0.007906990125775337,0.03023198196021521,0.9903461933135986,1.0151146212220192
posthoc_orth,25600,0,0.9753593802452087,0.010268952697515488,0.009592559188604355,0.03173445284583099,0.7910067439079285,1.031789301931858
posthoc_orth,25600,7,0.9690955877304077,0.008237656205892563,0.006612482480704784,0.04000319803635044,0.9585219025611877,1.0127063888311385
posthoc_orth,25600,1,0.9715458154678345,0.010012348182499409,0.008317266590893269,0.02549474142115127,0.7086087465286255,1.0033912965655327
posthoc_orth,25600,3,0.9681450128555298,0.010580022819340229,0.005925618577748537,0.02841100041577599,0.7557759284973145,1.01148944824934
posthoc_orth,25600,4,0.9668360948562622,0.00824494194239378,0.009528345428407192,0.0420903935779218,0.9133590459823608,1.0050046652555467
posthoc_orth,25600,9,0.9705209136009216,0.009052669629454613,0.00826040469110012,0.022469342691296256,0.9168678522109985,0.9923707175254822
posthoc_orth,25600,5,0.9719606041908264,0.008665096946060658,0.010712017305195332,0.029510270073104618,0.703347384929657,1.0093380385637283
posthoc_orth,25600,8,0.97194904088974,0.007901372388005257,0.00913909636437893,0.05409584422173829,0.7337847352027893,0.9988400721549988
posthoc_orth,25600,6,0.9692859053611755,0.009115909226238728,0.007791566662490368,0.029612237376154794,0.8539992570877075,0.9993948984146118
posthoc_orth,51200,1,0.972772479057312,0.008991559036076069,0.00853324681520462,0.03724634894015989,0.7368236184120178,1.0018161894381046
posthoc_orth,51200,2,0.9699239134788513,0.008030988276004791,0.008876915089786053,0.03715045135285302,0.8839235305786133,0.9990709695219994
posthoc_orth,51200,5,0.970375657081604,0.007496105507016182,0.007108024787157774,0.04217006930649966,0.8211007118225098,1.006984435170889
posthoc_orth,51200,3,0.9703216552734375,0.00867783185094595,0.00860508717596531,0.036258143197315386,0.879239022731781,1.0024628846347332
posthoc_orth,51200,9,0.967944860458374,0.008796799927949905,0.008928587660193443,0.02454834567353574,1.1015329360961914,0.9977287486195564
posthoc_orth,51200,7,0.9695753455162048,0.008652634918689728,0.008015710860490799,0.02964380891489474,0.9365271329879761,1.0018920530378819
posthoc_orth,51200,4,0.9716951847076416,0.008212192915380001,0.008001086302101612,0.03751344357424157,0.7734520435333252,0.9997081252932548
posthoc_orth,51200,8,0.9714670777320862,0.009518965147435665,0.008804508484899998,0.02786216650658903,0.7677834033966064,1.006144210845232
posthoc_orth,51200,6,0.9669092297554016,0.008065604604780674,0.007469954434782267,0.03650564995784051,0.9523831605911255,1.0118548737466335
posthoc_orth,51200,0,0.9684815406799316,0.008559800684452057,0.0066407714039087296,0.030173979477838578,0.7573546171188354,0.9999979430437088
posthoc_orth_cf,100,4,1.0908093452453613,0.04196232557296753,0.059173334389925,0.020776312277551907,1.3362937420606613,nan
posthoc_orth_cf,100,9,1.0396029949188232,0.05600116029381752,0.0440993569791317,-0.1931940161076274,1.1727868914604187,nan
posthoc_orth_cf,100,6,1.1199113130569458,0.11091630160808563,0.03473484888672829,-0.008002447838803002,1.204269826412201,nan
posthoc_orth_cf,100,1,1.034118890762329,0.044355351477861404,0.0018478288548067212,0.13457735234349527,0.5917656570672989,nan
posthoc_orth_cf,100,7,1.0997234582901,0.09400299191474915,0.009214618243277073,-0.0604301945070755,1.0537671595811844,nan
posthoc_orth_cf,100,8,1.0110688209533691,0.017110707238316536,0.03703152760863304,0.10037562457125614,0.8381315618753433,nan
posthoc_orth_cf,100,2,1.0931308269500732,0.031721360981464386,0.004154696594923735,-0.07379844988705342,0.635766863822937,nan
posthoc_orth_cf,100,3,1.0378063917160034,0.033909425139427185,0.04595078155398369,-0.05842027098891999,0.6699068546295166,nan
posthoc_orth_cf,100,0,1.088561773300171,0.0894945040345192,0.023011814802885056,0.04186336056750972,1.4577208459377289,nan
posthoc_orth_cf,100,5,1.1080468893051147,0.06899667531251907,0.08364106714725494,-0.153740538892962,2.03103768825531,nan
posthoc_orth_cf,200,0,1.0205928087234497,0.027671072632074356,0.006664174143224955,-0.03294162638955668,0.5881668170914054,nan
posthoc_orth_cf,200,2,1.0032508373260498,0.027374301105737686,0.02707691863179207,-0.0401417420730597,1.1569193601608276,nan
posthoc_orth_cf,200,5,1.0368735790252686,0.036420952528715134,0.018935702741146088,0.0984619765685599,0.49355095624923706,nan
posthoc_orth_cf,200,3,1.1410624980926514,0.097547747194767,0.12262048572301865,0.0843458494757967,2.4721293449401855,nan
posthoc_orth_cf,200,1,1.1162797212600708,0.07713942229747772,0.04720859229564667,0.12116698931783858,0.7367480099201202,nan
posthoc_orth_cf,200,8,0.980298638343811,0.023052802309393883,0.042540255934000015,-0.053852055663600795,0.5931898206472397,nan
posthoc_orth_cf,200,9,1.0731801986694336,0.05894327536225319,0.044778529554605484,0.0652051148655831,1.4844752550125122,nan
posthoc_orth_cf,200,6,1.0082777738571167,0.009890827350318432,0.029911328107118607,0.22190113089247895,1.7527143955230713,nan
posthoc_orth_cf,200,4,1.102522611618042,0.10920272022485733,0.0059012132696807384,0.045026931882698344,2.1353883147239685,nan
posthoc_orth_cf,200,7,1.0420268774032593,0.05086894333362579,0.048461828380823135,0.02693716530447714,1.5126417875289917,nan
posthoc_orth_cf,400,2,1.0098941326141357,0.025490758940577507,0.03043248876929283,-0.021515665601714327,0.8070768266916275,nan
posthoc_orth_cf,400,0,1.0099856853485107,0.03402510657906532,0.002000997308641672,-0.02787435000511196,1.2328981161117554,nan
posthoc_orth_cf,400,4,0.985106885433197,0.011895799078047276,0.00391166377812624,0.032491086243386716,0.4731821268796921,nan
posthoc_orth_cf,400,3,0.9923067688941956,0.018833152949810028,0.004457077942788601,0.12367520874600671,0.6544487588107586,nan
posthoc_orth_cf,400,5,0.9985033273696899,0.01999414898455143,0.01264213863760233,0.035071819488984246,0.9515370056033134,nan
posthoc_orth_cf,400,9,0.9774463772773743,0.022965317592024803,0.004337789490818977,0.07327040135955204,0.8427294194698334,nan
posthoc_orth_cf,400,1,0.9957482814788818,0.024246862158179283,0.016928529366850853,0.038913088426225255,1.4804357886314392,nan
posthoc_orth_cf,400,7,1.0277780294418335,0.05146704986691475,0.015316826291382313,0.058259051407462244,1.112127959728241,nan
posthoc_orth_cf,400,6,0.9880539774894714,0.01753677800297737,0.0008584323804825544,0.070368778829908,0.5099037885665894,nan
posthoc_orth_cf,400,8,0.978385329246521,0.007275691255927086,0.005048200022429228,0.12028337704793036,0.47121500968933105,nan
posthoc_orth_cf,800,0,0.99167400598526,0.022487111389636993,0.015424446202814579,-0.004305584996343752,0.14305397868156433,nan
posthoc_orth_cf,800,3,0.987056314945221,0.016271930187940598,0.007359605748206377,0.060109325731277384,1.0244069322943687,nan
posthoc_orth_cf,800,2,0.9962035417556763,0.014381750486791134,0.005121026188135147,0.057037714423653185,0.5434680581092834,nan
posthoc_orth_cf,800,8,0.9741052389144897,0.010561972856521606,0.006072200369089842,0.10332107028061605,1.6327558755874634,nan
posthoc_orth_cf,800,1,0.9780175685882568,0.01258185412734747,0.006513099651783705,0.0200802792290622,0.5384460389614105,nan
posthoc_orth_cf,800,7,0.9810245037078857,0.015303623862564564,0.0059898169711232185,0.05092019963505375,0.7535747289657593,nan
posthoc_orth_cf,800,5,0.9790708422660828,0.013566171750426292,0.0034817499108612537,0.04382825742233819,0.5749593153595924,nan
posthoc_orth_cf,800,4,0.9856641888618469,0.0095223942771554,0.003460199572145939,0.167517250449215,0.6907365620136261,nan
posthoc_orth_cf,800,6,0.9776116013526917,0.011619897559285164,0.0007599883829243481,0.02771021201346456,0.243289977312088,nan
posthoc_orth_cf,800,9,0.9857180118560791,0.02877870388329029,0.013365226797759533,-0.04635131371398507,-0.2230028212070465,nan
posthoc_orth_cf,1600,1,0.9783074259757996,0.018044935539364815,0.006595175247639418,0.01268797404701045,0.7001633644104004,nan
posthoc_orth_cf,1600,0,0.9938875436782837,0.023477451875805855,0.01546647772192955,0.03484028259335653,0.25894695334136486,nan
posthoc_orth_cf,1600,2,1.0045526027679443,0.027601391077041626,0.005640610121190548,0.06678391769875772,0.5643497854471207,nan
posthoc_orth_cf,1600,3,0.987749457359314,0.014077969826757908,0.017238743603229523,0.04117452197279552,0.5635681450366974,nan
posthoc_orth_cf,1600,6,0.982369065284729,0.011889348737895489,0.017985902726650238,0.03134034292881682,1.0141270458698273,nan
posthoc_orth_cf,1600,8,0.9757509231567383,0.009899537079036236,0.0012564966455101967,0.09158634024719266,0.3877289826050401,nan
posthoc_orth_cf,1600,5,0.9800540804862976,0.015577169135212898,0.014635934494435787,-0.027552149429793026,0.9907699227333069,nan
posthoc_orth_cf,1600,9,0.9749813079833984,0.01280252356082201,0.007313614245504141,0.05487370006870618,0.5068848133087158,nan
posthoc_orth_cf,1600,7,0.9868366122245789,0.014007139019668102,0.015637824311852455,-0.004524943164063627,0.9760420918464661,nan
posthoc_orth_cf,1600,4,0.9721235036849976,0.00778480339795351,0.0068497066386044025,0.0625128441330938,0.5889564901590347,nan
posthoc_orth_cf,3200,0,0.9690032005310059,0.011841030791401863,0.006168861873447895,0.016459494236573006,0.4934737831354141,nan
posthoc_orth_cf,3200,2,0.9850176572799683,0.014692828059196472,0.012552310712635517,0.04542400489474501,0.2604854702949524,nan
posthoc_orth_cf,3200,1,0.977554202079773,0.014103786088526249,0.012168544344604015,-0.002858962533402919,0.44076181948184967,nan
posthoc_orth_cf,3200,6,0.9825575947761536,0.01354590430855751,0.0020741214975714684,0.02449247906706538,1.0046772956848145,nan
posthoc_orth_cf,3200,4,0.9709777235984802,0.008534549735486507,0.01112358272075653,0.046418865583893514,0.6808915734291077,nan
posthoc_orth_cf,3200,8,0.9722081422805786,0.00863276980817318,0.0056349774822592735,0.06093369899199979,0.5186796188354492,nan
posthoc_orth_cf,3200,5,0.9744710326194763,0.011105526238679886,0.014240747317671776,0.008817951438792878,0.8398375660181046,nan
posthoc_orth_cf,3200,3,0.9777818918228149,0.012577210552990437,0.008706651628017426,0.012766787770085023,0.48989032208919525,nan
posthoc_orth_cf,3200,7,0.9687442183494568,0.011298950761556625,0.0077818287536501884,0.0017139163884647966,1.1547223925590515,nan
posthoc_orth_cf,3200,9,0.9732146263122559,0.011732127517461777,0.009991811588406563,0.03594268151034743,0.7242706418037415,nan
posthoc_orth_cf,6400,0,0.9719910621643066,0.007958679459989071,0.008517073467373848,0.049848452749047534,0.9482780992984772,nan
posthoc_orth_cf,6400,1,0.9680567979812622,0.008690034970641136,0.0030909900087863207,0.03997365396230355,0.5189560949802399,nan
posthoc_orth_cf,6400,3,0.9766921997070312,0.010109289549291134,0.007866792380809784,0.04871554766195248,0.835224986076355,nan
posthoc_orth_cf,6400,4,0.9685513973236084,0.009515042416751385,0.005485741421580315,0.04576872724383037,1.0006055235862732,nan
posthoc_orth_cf,6400,7,0.9692965745925903,0.009488647803664207,0.007197524420917034,0.02629609815654687,0.5554417967796326,nan
posthoc_orth_cf,6400,6,0.9713611006736755,0.007889965549111366,0.005631837993860245,0.04962245644752685,0.8218260109424591,nan
posthoc_orth_cf,6400,2,0.9754648804664612,0.010307367891073227,0.0074794236570596695,0.035416517013355985,0.5933375954627991,nan
posthoc_orth_cf,6400,5,0.9740105271339417,0.008517654612660408,0.009099120274186134,0.05336078167550839,0.7999012172222137,nan
posthoc_orth_cf,6400,8,0.9663568139076233,0.007692599203437567,0.0038404439110308886,0.04305770537777887,0.820766270160675,nan
posthoc_orth_cf,6400,9,0.9731279611587524,0.010041770525276661,0.007237651851028204,0.024987720861304675,0.6877905428409576,nan
posthoc_orth_cf,12800,0,0.9710586071014404,0.008327493444085121,0.00620298134163022,0.04049586272489458,0.7378463447093964,nan
posthoc_orth_cf,12800,6,0.9703646898269653,0.009164209477603436,0.006541095208376646,0.030821600947337283,0.5487252026796341,nan
posthoc_orth_cf,12800,2,0.9690657258033752,0.00715236272662878,0.007016814313828945,0.04872221203651435,0.8979251086711884,nan
posthoc_orth_cf,12800,3,0.9671459794044495,0.008975738659501076,0.004694866016507149,0.03682516791992326,1.1776916980743408,nan
posthoc_orth_cf,12800,9,0.9699957370758057,0.008252134546637535,0.003924221266061068,0.03409977296586384,0.8691743016242981,nan
posthoc_orth_cf,12800,5,0.971330463886261,0.00856228917837143,0.007477045990526676,0.04901380173564218,1.3027116060256958,nan
posthoc_orth_cf,12800,4,0.9678893685340881,0.008450346067547798,0.006442494224756956,0.03763548993098578,0.9469785094261169,nan
posthoc_orth_cf,12800,7,0.9730247855186462,0.01024814322590828,0.007606527302414179,0.02461652300642739,0.9298687279224396,nan
posthoc_orth_cf,12800,8,0.9716466069221497,0.008665349334478378,0.011475218459963799,0.045279380341441834,0.7778511941432953,nan
posthoc_orth_cf,12800,1,0.9694076776504517,0.01078298781067133,0.007864158600568771,0.03325464963792328,0.3315042592585087,nan
posthoc_orth_cf,25600,2,0.9700420498847961,0.007774435915052891,0.007214232347905636,0.037060031083642704,0.9510022401809692,nan
posthoc_orth_cf,25600,0,0.9714721441268921,0.009442362003028393,0.007984024472534657,0.01765976972883526,0.8509863913059235,nan
posthoc_orth_cf,25600,7,0.9679861068725586,0.007361503783613443,0.006632134784013033,0.04774344465729689,0.7447953820228577,nan
posthoc_orth_cf,25600,1,0.9677494764328003,0.007766833994537592,0.00766834057867527,0.04313104908439214,0.7861753106117249,nan
posthoc_orth_cf,25600,3,0.969253659248352,0.008678292855620384,0.006941323168575764,0.035993728591986636,0.914085179567337,nan
posthoc_orth_cf,25600,4,0.967528223991394,0.007191941607743502,0.006852589547634125,0.05075596143342671,0.8677451908588409,nan
posthoc_orth_cf,25600,9,0.9719268679618835,0.008754948154091835,0.005792803596705198,0.03072975811640024,0.8279153406620026,nan
posthoc_orth_cf,25600,5,0.9722097516059875,0.008468535728752613,0.009855956770479679,0.029510741897844476,0.8269507586956024,nan
posthoc_orth_cf,25600,8,0.9715591073036194,0.008212155662477016,0.009450915269553661,0.04431704018056098,0.7855258882045746,nan
posthoc_orth_cf,25600,6,0.9689800143241882,0.00883301068097353,0.00684961024671793,0.02334556382157932,0.8917044997215271,nan
posthoc_orth_cf,51200,1,0.9695453643798828,0.008277333341538906,0.007462254259735346,0.037254914132462215,0.6405094265937805,nan
posthoc_orth_cf,51200,2,0.9701132774353027,0.007867107167840004,0.00847690925002098,0.04186540039279396,0.805860310792923,nan
posthoc_orth_cf,51200,5,0.9699272513389587,0.008049807511270046,0.006700337398797274,0.03568426404423151,0.8270632922649384,nan
posthoc_orth_cf,51200,3,0.9717094898223877,0.007791795767843723,0.006873558275401592,0.049738448692371796,0.9245312213897705,nan
posthoc_orth_cf,51200,9,0.9691358804702759,0.007995354011654854,0.006829188205301762,0.041835181077185285,0.9218607842922211,nan
posthoc_orth_cf,51200,7,0.9708296060562134,0.007878744043409824,0.008283252827823162,0.03520165746754325,0.8829364478588104,nan
posthoc_orth_cf,51200,4,0.9695937037467957,0.008318213745951653,0.00845940038561821,0.032592401720312164,0.7414108216762543,nan
posthoc_orth_cf,51200,8,0.9688128232955933,0.007997102104127407,0.007586394902318716,0.034997672385605444,0.7410333454608917,nan
posthoc_orth_cf,51200,6,0.9693954586982727,0.007645053789019585,0.0075572882778942585,0.03717750457223097,1.0097318887710571,nan
posthoc_orth_cf,51200,0,0.9683272242546082,0.007957324385643005,0.006648659706115723,0.03322378232266041,0.8702666759490967,nan
dml,100,4,1.0076873302459717,0.056901223957538605,0.07680541276931763,0.7158443542932642,0.0264100544154644,0.974578754901886
dml,100,9,1.052445650100708,1.1583704948425293,1.0730259418487549,0.929162669250577,-2.6128921508789062,1.2136524891853333
dml,100,6,0.9910035133361816,0.05283112823963165,0.053580693900585175,-0.2745202847699967,1.7692887783050537,1.1496423816680907
dml,100,1,1.0310171842575073,0.21872498095035553,0.34000110626220703,0.7343459691434321,-1.0458731651306152,0.8287932419776917
dml,100,7,1.0754380226135254,0.2304232120513916,0.19911432266235352,-0.8273864118503468,2.565908193588257,0.7688314032554626
dml,100,8,1.061860203742981,0.19333568215370178,0.3119591474533081,-0.7313450423683504,2.9167120456695557,0.7570861792564392
dml,100,2,1.2071489095687866,0.33100631833076477,0.34867599606513977,0.6025892759959139,-1.075493335723877,1.0050831508636475
dml,100,3,0.9936797618865967,0.1466146558523178,0.15989981591701508,-0.5622924428370732,2.400118827819824,0.8927238392829895
dml,100,0,1.014327049255371,0.08030696958303452,0.030391091480851173,-0.39952028269703027,1.5441128015518188,1.1519490456581116
dml,100,5,1.0930007696151733,0.24901971220970154,0.08231281489133835,0.8042465820248138,-0.007747070398181677,0.83173828125
dml,200,0,1.0094356536865234,0.034375954419374466,0.0031304946169257164,-0.052591585792725215,1.115063190460205,0.8431478589773178
dml,200,2,1.0314691066741943,0.019275620579719543,0.008160010911524296,0.5514517019283435,1.3167080879211426,1.1666694283485413
dml,200,5,1.0276448726654053,0.056306056678295135,0.0002669940295163542,-0.21227238324840642,1.0534144639968872,1.0121919214725494
dml,200,3,1.0684293508529663,0.10379668325185776,0.00047650569467805326,0.38564292185525906,1.0706932544708252,0.9217483103275299
dml,200,1,1.142958402633667,0.12870363891124725,0.24418960511684418,-0.27391206457817724,2.7312026023864746,1.0187719911336899
dml,200,8,1.0143275260925293,0.4263112246990204,0.3971948027610779,0.7980556655863117,-1.2151856422424316,1.0199609845876694
dml,200,9,0.9723107814788818,0.05157982185482979,0.04022172465920448,0.6226643281036811,0.2950785756111145,1.3209288716316223
dml,200,6,1.006218671798706,0.03967281058430672,0.09340918064117432,-0.2080634149376688,2.0546722412109375,0.8533141985535622
dml,200,4,0.9984403252601624,0.017539724707603455,0.0020773920696228743,0.4225027911440211,0.9416170120239258,1.0710133165121078
dml,200,7,0.9914025068283081,0.021037332713603973,0.04732091724872589,-0.009954203528119248,1.7632254362106323,0.8136132508516312
dml,400,2,1.0098280906677246,0.07624813169240952,0.1551157534122467,-0.40824428753067943,2.384258270263672,0.8664513230323792
dml,400,0,1.0136302709579468,0.00917851459234953,0.0045054396614432335,0.1662198972613531,0.7765363454818726,1.0624178797006607
dml,400,4,0.9817953109741211,0.009772899560630322,0.001960563473403454,0.32536511368308163,0.9037705659866333,0.8621583580970764
dml,400,3,0.9942587018013,0.09024226665496826,0.07935781031847,0.6677044892305968,0.010479041375219822,1.1144026219844818
dml,400,5,0.9687711000442505,0.021310055628418922,0.0002799211360979825,0.03273038714650157,1.0412558317184448,1.0036308467388153
dml,400,9,0.9713161587715149,0.024953918531537056,0.01623336412012577,0.3733665029652209,0.5522143244743347,1.0684121251106262
dml,400,1,0.9727447628974915,0.06057211011648178,0.04432646185159683,-0.29514868390961596,1.737958550453186,0.9751233458518982
dml,400,7,1.0091416835784912,0.1397969126701355,0.13936670124530792,-0.5463342874769489,2.309647798538208,0.8862960636615753
dml,400,6,0.976188063621521,0.0578354112803936,0.026727896183729172,-0.3448020040734576,1.5697102546691895,1.0258006900548935
dml,400,8,0.972482442855835,0.005166723392903805,0.0015255276812240481,0.37321120853888257,0.8637644052505493,0.8960841298103333
dml,800,0,0.9774379134178162,0.05740074813365936,0.057932380586862564,0.6783331528658787,0.15426543354988098,0.9417170238494873
dml,800,3,0.9852601289749146,0.04474622383713722,0.0614507682621479,-0.23310589475008286,1.8706073760986328,1.020110867023468
dml,800,2,0.9813510775566101,0.00556452851742506,0.010089254006743431,0.33610570702409953,0.6473515033721924,1.018655023574829
dml,800,8,0.982316792011261,0.06020007282495499,0.028488855808973312,-0.38200624617739837,1.5931367874145508,1.128708267211914
dml,800,1,0.9852546453475952,0.023794399574398994,0.003914777189493179,0.4156042839834403,0.7800807952880859,1.0130734491348266
dml,800,7,0.9780429005622864,0.015853779390454292,0.00923196505755186,0.07809250308605993,1.3377119302749634,1.0464146661758422
dml,800,5,0.9878011345863342,0.07628972828388214,0.04032282903790474,-0.4095624303665135,1.701434850692749,0.9539380121231079
dml,800,4,0.9740609526634216,0.054369475692510605,0.035061560571193695,-0.3168509572731751,1.6433757543563843,1.119502465724945
dml,800,6,0.9759136438369751,0.0015173145802691579,0.0025141513906419277,0.26641745404804806,0.8238729238510132,0.9568964385986328
dml,800,9,0.9710381031036377,0.04388987645506859,0.029476819559931755,0.5542665479056719,0.3971332311630249,0.9637792181968688
dml,1600,1,0.9846961498260498,0.009142827242612839,0.005770140793174505,0.08980200104039382,1.2661737203598022,1.0716016936302184
dml,1600,0,0.9848423600196838,0.02182026579976082,0.012961904518306255,0.5973167479153376,0.5998333692550659,1.0568750786781311
dml,1600,2,0.9787055253982544,0.00282784691080451,2.238369415863417e-05,0.34753657261947574,0.9874395728111267,1.0073087072372438
dml,1600,3,0.9705968499183655,0.0034944983199238777,0.0014693905832245946,0.2985732367922022,0.8656060099601746,1.0035157632827758
dml,1600,6,0.9697983264923096,0.02236197702586651,0.009918523952364922,-0.0701456119460968,1.3403669595718384,0.9097601056098938
dml,1600,8,0.9736866354942322,0.0024569935631006956,0.0004246565222274512,0.20237214418146068,0.9321385025978088,0.9491166615486145
dml,1600,5,0.9819826483726501,0.004167614039033651,0.002035644371062517,0.2314091997027888,1.158185601234436,1.007803249359131
dml,1600,9,0.9697402119636536,0.04719731956720352,0.05786796286702156,0.6329329188304762,0.15499955415725708,1.059119498729706
dml,1600,7,0.9800048470497131,0.01513309683650732,0.015483166091144085,-0.011131454711959067,1.4372960329055786,0.8839574384689332
dml,1600,4,0.982599675655365,0.010557927191257477,0.0021206934470683336,0.3467768696560854,0.8383548855781555,0.9520960330963135
dml,3200,0,0.9751379489898682,0.00346903083845973,7.35268768039532e-05,0.31796904142215937,0.9720028638839722,0.984261622428894
dml,3200,2,0.9829839468002319,0.024237927049398422,0.011662722565233707,0.5878064280599993,0.6205588579177856,1.0345048236846923
dml,3200,1,0.9729713201522827,0.0020815199241042137,0.0009905765764415264,0.3354998921545544,0.8906938433647156,1.0292973232269287
dml,3200,6,0.9798376560211182,0.04175207391381264,0.026588967069983482,-0.281448077851618,1.5723991394042969,1.0214179587364196
dml,3200,4,0.9780712723731995,0.005523436237126589,0.0001689009804977104,0.19384206476731952,1.0416860580444336,1.0505433344841004
dml,3200,8,0.9698654413223267,0.009539428167045116,0.007000879384577274,0.40140269069820944,0.7059175968170166,0.9713974452018738
dml,3200,5,0.9696488976478577,0.004958847537636757,0.0026263052131980658,0.19085226689117635,1.1784809827804565,0.9937370705604553
dml,3200,3,0.9744682908058167,0.006156582850962877,0.0005273195565678179,0.43517224414593675,0.9217785596847534,0.9549893260002136
dml,3200,7,0.9717321395874023,0.005707361735403538,0.0009188054827973247,0.15997125914563978,1.105708360671997,0.9991606664657593
dml,3200,9,0.9815088510513306,0.004392306320369244,1.8917058696388267e-05,0.3789540413057943,0.9909203052520752,1.0392643976211549
dml,6400,0,0.9701175689697266,0.0017954539507627487,0.0003786967718042433,0.2481143274401941,1.0680550336837769,1.0404234910011292
dml,6400,1,0.9706148505210876,0.005507534369826317,0.0061989533714950085,0.4215078133358723,0.7233399152755737,0.9904965782165527
dml,6400,3,0.9814813733100891,0.004290945827960968,0.0013167655561119318,0.3278507836863967,0.8730403184890747,0.9974482715129852
dml,6400,4,0.9709004759788513,0.0013539097271859646,4.2320232296333415e-07,0.29312369851637665,1.0010720491409302,0.9865534114837646
dml,6400,7,0.9700263738632202,0.001956289866939187,0.00010950591968139634,0.19844408210193829,1.0360474586486816,1.0177263295650483
dml,6400,6,0.972457766532898,0.008818797767162323,0.007757116109132767,0.041841329464084545,1.3094136714935303,0.9717391920089722
dml,6400,2,0.9741043448448181,0.0016276208916679025,2.2894560970598832e-05,0.29748646831488207,0.983401894569397,1.003467289209366
dml,6400,5,0.9704006910324097,0.004297793377190828,0.0005751559510827065,0.33253898252972286,0.9176376461982727,0.9891163432598113
dml,6400,8,0.9676549434661865,0.0008178928401321173,0.0003425278118811548,0.2680342135425881,0.9360418319702148,1.0278234195709228
dml,6400,9,0.9715680480003357,0.002636922989040613,0.0008588279015384614,0.20996432046353639,1.1029573678970337,1.0278763830661775
dml,12800,0,0.9724178910255432,0.0008297029999084771,4.3367922444303986e-06,0.27320385972456523,1.0056592226028442,0.9977995657920837
dml,12800,6,0.9765053391456604,0.0025906157679855824,0.0003228860441595316,0.32732191918808795,0.9387319087982178,0.9995009106397629
dml,12800,2,0.9715389609336853,0.0015525339404121041,0.00023147845058701932,0.32320606704738103,0.9465596675872803,0.9881752985715866
dml,12800,3,0.9654859304428101,0.0036947077605873346,0.0020747275557368994,0.12407754141751828,1.160079836845398,1.0162035912275313
dml,12800,9,0.9701218008995056,0.0016500053461641073,0.0003372789069544524,0.19342299235719976,1.064103364944458,1.022662165760994
dml,12800,5,0.9712365865707397,0.010788707062602043,0.006420972291380167,0.010193075281061914,1.281572699546814,1.0055670994520187
dml,12800,4,0.9696947336196899,0.002620939165353775,0.0007590737077407539,0.17390763460575717,1.0966472625732422,0.9969769883155822
dml,12800,7,0.9730113744735718,0.0014167451299726963,0.00013190619938541204,0.2890653233452172,0.9598990082740784,0.9976586204767227
dml,12800,8,0.9735292196273804,0.003133496968075633,3.5391181882005185e-05,0.3003732721441682,1.0175429582595825,0.9825166010856629
dml,12800,1,0.9659478664398193,0.00577189726755023,0.005168153904378414,0.4049499963405503,0.7473950386047363,0.9943910169601441
dml,25600,2,0.9703654646873474,0.0005909541505388916,1.7821837445808342e-06,0.2650650354074672,0.9954938888549805,1.0133763748407363
dml,25600,0,0.9717389941215515,0.0010787697974592447,0.00015967566287145019,0.3199564992888599,0.9556788802146912,1.0268955147266388
dml,25600,7,0.9696574807167053,0.00110652856528759,0.00021516271226573735,0.2988988227244528,0.9487906694412231,1.0089723080396653
dml,25600,1,0.968942403793335,0.0010363609762862325,1.4228536429072847e-06,0.30177736109261666,1.000910758972168,0.9965109598636627
dml,25600,3,0.9663481712341309,0.00074720848351717,2.664240241756488e-07,0.25947709107656136,0.9982258081436157,1.0051957759261132
dml,25600,4,0.9670099020004272,0.0015083466423675418,0.0012231225846335292,0.18983189289993585,1.1229161024093628,0.9973206940293312
dml,25600,9,0.968377947807312,0.0015367171727120876,6.999220204306766e-06,0.22201214996400664,1.0010595321655273,0.9883100107312203
dml,25600,5,0.9691051244735718,0.004003384616225958,0.0018809769535437226,0.40382052730951357,0.8478131294250488,1.0071356895565986
dml,25600,8,0.9691794514656067,0.0009493789402768016,9.12777686608024e-05,0.3037941692972826,0.9668328762054443,0.994334143102169
dml,25600,6,0.9694896340370178,0.0017666354542598128,0.00044077151687815785,0.20740205221458152,1.0737866163253784,0.9935402354598045
dml,51200,1,0.9732398390769958,0.002051555784419179,0.00040417705895379186,0.3653665728204592,0.929358959197998,0.997745893150568
dml,51200,2,0.9694295525550842,0.0012089083902537823,0.0001444758818252012,0.3209708221669611,0.9577568769454956,0.9957860620319843
dml,51200,5,0.9688671827316284,0.0016643550479784608,0.00141720415558666,0.3415364241724856,0.8679119944572449,1.003706413656473
dml,51200,3,0.9702318906784058,0.00104994373396039,2.0453919205465354e-05,0.2981146009257739,0.9846579432487488,0.9977896802127362
dml,51200,9,0.970591127872467,0.00038826357922516763,0.00047208453179337084,0.2592237024236864,1.0763691663742065,0.9933066141605377
dml,51200,7,0.9700716733932495,0.0002577656996436417,0.0001337992725893855,0.2616664286668256,1.039952039718628,0.9959575782716275
dml,51200,4,0.9706899523735046,0.002549125347286463,0.0015999400056898594,0.3791066274278569,0.8594709038734436,0.9959983809292317
dml,51200,8,0.9695863127708435,0.0014501495752483606,0.00045367373968474567,0.3339414408884264,0.9251344203948975,1.0008815625309944
dml,51200,6,0.9687301516532898,0.0007748142816126347,0.00017724264762364328,0.23065501019923562,1.0466634035110474,1.0064614325761796
dml,51200,0,0.9683042168617249,0.0007225334993563592,0.0005268792156130075,0.30778060703560217,0.9193228483200073,0.9955836470425129
oracle_ovb,100,4,0.9922756552696228,0.05845281854271889,0.08104897290468216,0.6386766457536613,nan,nan
oracle_ovb,100,9,0.9946171045303345,0.0983126312494278,0.08104897290468216,0.7596303924836418,nan,nan
oracle_ovb,100,6,1.0017951726913452,0.0989849716424942,0.08104897290468216,0.834649769699002,nan,nan
oracle_ovb,100,1,1.0032538175582886,0.03231123089790344,0.08104897290468216,0.6376515845002645,nan,nan
oracle_ovb,100,7,1.0499351024627686,0.054950322955846786,0.08104897290468216,0.6984916266651979,nan,nan
oracle_ovb,100,8,0.9988389611244202,0.12685532867908478,0.08104897290468216,0.6347497495776563,nan,nan
oracle_ovb,100,2,1.0558388233184814,0.1245209276676178,0.08104897290468216,0.44764058805564033,nan,nan
oracle_ovb,100,3,0.9934797883033752,0.09748581796884537,0.08104897290468216,0.7113044624556027,nan,nan
oracle_ovb,100,0,0.9979211091995239,0.046343766152858734,0.08104897290468216,0.6164819853604446,nan,nan
oracle_ovb,100,5,1.0454050302505493,0.21682687103748322,0.08104897290468216,0.8148424146577843,nan,nan
oracle_ovb,200,0,1.0028331279754639,0.0792638510465622,0.08104897290468216,0.6999600405802945,nan,nan
oracle_ovb,200,2,0.9881386160850525,0.12436605989933014,0.08104897290468216,0.7614341291864796,nan,nan
oracle_ovb,200,5,0.9819021821022034,0.07342520356178284,0.08104897290468216,0.7351348507935294,nan,nan
oracle_ovb,200,3,1.0790306329727173,0.32261863350868225,0.08104897290468216,0.7177501960012569,nan,nan
oracle_ovb,200,1,1.0694231986999512,0.2742975652217865,0.08104897290468216,0.746539311252096,nan,nan
oracle_ovb,200,8,0.9949895739555359,0.09500680863857269,0.08104897290468216,0.670801598763017,nan,nan
oracle_ovb,200,9,0.9754503965377808,0.1151592954993248,0.08104897290468216,0.7237066348485772,nan,nan
oracle_ovb,200,6,0.9855625629425049,0.1199255958199501,0.08104897290468216,0.7561121100806947,nan,nan
oracle_ovb,200,4,0.983627438545227,0.09415701031684875,0.08104897290468216,0.7627356720589662,nan,nan
oracle_ovb,200,7,1.0081571340560913,0.19477757811546326,0.08104897290468216,0.7898821871111517,nan,nan
oracle_ovb,400,2,0.9932117462158203,0.10609713941812515,0.08104897290468216,0.7422665304878875,nan,nan
oracle_ovb,400,0,0.9903598427772522,0.05890867859125137,0.08104897290468216,0.6482841898967925,nan,nan
oracle_ovb,400,4,0.9753335118293762,0.07064317166805267,0.08104897290468216,0.6506445619028842,nan,nan
oracle_ovb,400,3,0.974258542060852,0.08068344742059708,0.08104897290468216,0.7081737526730594,nan,nan
oracle_ovb,400,5,0.9688888192176819,0.07504735887050629,0.08104897290468216,0.6538822840771029,nan,nan
oracle_ovb,400,9,0.9690654873847961,0.0833771750330925,0.08104897290468216,0.670898560640335,nan,nan
oracle_ovb,400,1,0.9702426195144653,0.08846946805715561,0.08104897290468216,0.6627415165485897,nan,nan
oracle_ovb,400,7,0.9920248985290527,0.12312767654657364,0.08104897290468216,0.76789004512231,nan,nan
oracle_ovb,400,6,0.971415102481842,0.05746913328766823,0.08104897290468216,0.6161441451376332,nan,nan
oracle_ovb,400,8,0.9811669588088989,0.07874426245689392,0.08104897290468216,0.6994314123359653,nan,nan
oracle_ovb,800,0,0.9789764881134033,0.08755432814359665,0.08104897290468216,0.7488707536133233,nan,nan
oracle_ovb,800,3,0.97683185338974,0.08271705359220505,0.08104897290468216,0.7062341675100627,nan,nan
oracle_ovb,800,2,0.9747806191444397,0.04731423035264015,0.08104897290468216,0.6435167875656118,nan,nan
oracle_ovb,800,8,0.9726773500442505,0.08506837487220764,0.08104897290468216,0.6996612815953217,nan,nan
oracle_ovb,800,1,0.9772358536720276,0.07507874071598053,0.08104897290468216,0.7373399892684224,nan,nan
oracle_ovb,800,7,0.968853235244751,0.06920074671506882,0.08104897290468216,0.6698763364026686,nan,nan
oracle_ovb,800,5,0.9744920134544373,0.06259995698928833,0.08104897290468216,0.6952066488198396,nan,nan
oracle_ovb,800,4,0.9693956971168518,0.07386142760515213,0.08104897290468216,0.675336293282069,nan,nan
oracle_ovb,800,6,0.971547544002533,0.05108010768890381,0.08104897290468216,0.628050343895577,nan,nan
oracle_ovb,800,9,0.9712070822715759,0.08816619217395782,0.08104897290468216,0.6592241461594424,nan,nan
oracle_ovb,1600,1,0.9763103127479553,0.0761646181344986,0.08104897290468216,0.7371482056738348,nan,nan
oracle_ovb,1600,0,0.9767751693725586,0.07706243544816971,0.08104897290468216,0.7325766789881519,nan,nan
oracle_ovb,1600,2,0.9847341179847717,0.07792588323354721,0.08104897290468216,0.7625073823257464,nan,nan
oracle_ovb,1600,3,0.9754322171211243,0.09217654168605804,0.08104897290468216,0.7294081726680848,nan,nan
oracle_ovb,1600,6,0.9727693200111389,0.07335695624351501,0.08104897290468216,0.6925696121231143,nan,nan
oracle_ovb,1600,8,0.9728611707687378,0.05606433376669884,0.08104897290468216,0.6806952498770173,nan,nan
oracle_ovb,1600,5,0.9761353135108948,0.08498311787843704,0.08104897290468216,0.7343182167697774,nan,nan
oracle_ovb,1600,9,0.9733471870422363,0.08063723146915436,0.08104897290468216,0.7297652265754593,nan,nan
oracle_ovb,1600,7,0.9767357707023621,0.07897788286209106,0.08104897290468216,0.727162223237406,nan,nan
oracle_ovb,1600,4,0.9696025252342224,0.0870198905467987,0.08104897290468216,0.6899119664538952,nan,nan
oracle_ovb,3200,0,0.9723739624023438,0.08225797861814499,0.08104897290468216,0.7042186236778568,nan,nan
oracle_ovb,3200,2,0.975163996219635,0.09330088645219803,0.08104897290468216,0.7405099947172987,nan,nan
oracle_ovb,3200,1,0.9749464392662048,0.07356739044189453,0.08104897290468216,0.7116687731070692,nan,nan
oracle_ovb,3200,6,0.9788032174110413,0.0693831592798233,0.08104897290468216,0.7358739459598367,nan,nan
oracle_ovb,3200,4,0.9720945954322815,0.07715152204036713,0.08104897290468216,0.7040954311282409,nan,nan
oracle_ovb,3200,8,0.9743595719337463,0.09115824848413467,0.08104897290468216,0.7204785115095765,nan,nan
oracle_ovb,3200,5,0.9734621047973633,0.08991382271051407,0.08104897290468216,0.7293093969985746,nan,nan
oracle_ovb,3200,3,0.9776347279548645,0.09250800311565399,0.08104897290468216,0.7557157505681323,nan,nan
oracle_ovb,3200,7,0.9690355062484741,0.0650157630443573,0.08104897290468216,0.6729420932954667,nan,nan
oracle_ovb,3200,9,0.9733283519744873,0.08991362899541855,0.08104897290468216,0.7278363383480152,nan,nan
oracle_ovb,6400,0,0.9720399975776672,0.08511185646057129,0.08104897290468216,0.7085025040575933,nan,nan
oracle_ovb,6400,1,0.9707664251327515,0.07519533485174179,0.08104897290468216,0.7035360229130049,nan,nan
oracle_ovb,6400,3,0.9751539826393127,0.07325295358896255,0.08104897290468216,0.7289235027454917,nan,nan
oracle_ovb,6400,4,0.9737886190414429,0.08125308156013489,0.08104897290468216,0.7278278481842755,nan,nan
oracle_ovb,6400,7,0.9706918597221375,0.07821657508611679,0.08104897290468216,0.6991397614468973,nan,nan
oracle_ovb,6400,6,0.9753219485282898,0.07601676881313324,0.08104897290468216,0.7209151973577396,nan,nan
oracle_ovb,6400,2,0.9745398163795471,0.07838547229766846,0.08104897290468216,0.7301308372165596,nan,nan
oracle_ovb,6400,5,0.9742836952209473,0.08497307449579239,0.08104897290468216,0.7332100792346735,nan,nan
oracle_ovb,6400,8,0.9704662561416626,0.07149519771337509,0.08104897290468216,0.6952553374689795,nan,nan
oracle_ovb,6400,9,0.9722976088523865,0.07471182942390442,0.08104897290468216,0.7071001593983165,nan,nan
oracle_ovb,12800,0,0.9717808961868286,0.07485092431306839,0.08104897290468216,0.7077355751459287,nan,nan
oracle_ovb,12800,6,0.9737579226493835,0.07631862163543701,0.08104897290468216,0.7206791489179459,nan,nan
oracle_ovb,12800,2,0.9721601009368896,0.07479580491781235,0.08104897290468216,0.7097534957855242,nan,nan
oracle_ovb,12800,3,0.9704257249832153,0.07272879034280777,0.08104897290468216,0.6948479286477026,nan,nan
oracle_ovb,12800,9,0.971673846244812,0.0701151043176651,0.08104897290468216,0.7019065051806134,nan,nan
oracle_ovb,12800,5,0.97332364320755,0.07535213977098465,0.08104897290468216,0.7241592070692285,nan,nan
oracle_ovb,12800,4,0.9718795418739319,0.07869371771812439,0.08104897290468216,0.711260329194014,nan,nan
oracle_ovb,12800,7,0.9752218127250671,0.07327539473772049,0.08104897290468216,0.7281978956734573,nan,nan
oracle_ovb,12800,8,0.9749012589454651,0.08587466925382614,0.08104897290468216,0.7344734796872288,nan,nan
oracle_ovb,12800,1,0.9713234901428223,0.08040117472410202,0.08104897290468216,0.7117761174267457,nan,nan
oracle_ovb,25600,2,0.9723236560821533,0.07484069466590881,0.08104897290468216,0.7131663016511981,nan,nan
oracle_ovb,25600,0,0.9724710583686829,0.07883089780807495,0.08104897290468216,0.7193183146431649,nan,nan
oracle_ovb,25600,7,0.972852349281311,0.07506422698497772,0.08104897290468216,0.7140747607358867,nan,nan
oracle_ovb,25600,1,0.971426784992218,0.08112076669931412,0.08104897290468216,0.7141572926090242,nan,nan
oracle_ovb,25600,3,0.9725483655929565,0.07323701679706573,0.08104897290468216,0.7141789451627586,nan,nan
oracle_ovb,25600,4,0.9713498950004578,0.08310242742300034,0.08104897290468216,0.7131813814965471,nan,nan
oracle_ovb,25600,9,0.9714028239250183,0.07157203555107117,0.08104897290468216,0.6967865128404545,nan,nan
oracle_ovb,25600,5,0.9724019169807434,0.08527347445487976,0.08104897290468216,0.7189168467704977,nan,nan
oracle_ovb,25600,8,0.9721195101737976,0.08172965794801712,0.08104897290468216,0.7175434051799758,nan,nan
oracle_ovb,25600,6,0.971288800239563,0.07324696332216263,0.08104897290468216,0.7060161675306261,nan,nan
oracle_ovb,51200,1,0.972957968711853,0.0796138271689415,0.08104897290468216,0.7227962264556778,nan,nan
oracle_ovb,51200,2,0.9727053046226501,0.08008396625518799,0.08104897290468216,0.7177819069517104,nan,nan
oracle_ovb,51200,5,0.9720790982246399,0.07509390264749527,0.08104897290468216,0.7122605751305833,nan,nan
oracle_ovb,51200,3,0.9726874828338623,0.07815205305814743,0.08104897290468216,0.7161686027847218,nan,nan
oracle_ovb,51200,9,0.9724478125572205,0.07609523087739944,0.08104897290468216,0.7160332300969858,nan,nan
oracle_ovb,51200,7,0.9723743796348572,0.07962241768836975,0.08104897290468216,0.7162101446588461,nan,nan
oracle_ovb,51200,4,0.9732947945594788,0.07891400158405304,0.08104897290468216,0.7227594230832973,nan,nan
oracle_ovb,51200,8,0.9711463451385498,0.07742785662412643,0.08104897290468216,0.7071662959964684,nan,nan
oracle_ovb,51200,6,0.9716921448707581,0.07579895853996277,0.08104897290468216,0.7072175195279261,nan,nan
oracle_ovb,51200,0,0.9711863994598389,0.07409051805734634,0.08104897290468216,0.7059847815336988,nan,nan
oracle,100,4,0.9891436100006104,0.026352815330028534,0.03873181715607643,0.5208637376623739,0.3084442615509033,nan
oracle,100,9,1.050722360610962,1.055958867073059,1.0743286609649658,0.9274573132149978,-2.6150753498077393,nan
oracle,100,6,0.9967898726463318,0.018974289298057556,0.004151632077991962,0.5673244504566006,0.7964695692062378,nan
oracle,100,1,1.0034233331680298,0.0337773822247982,0.08353274315595627,0.6434685015103139,-0.015181603841483593,nan
oracle,100,7,1.067591905593872,0.5222653746604919,0.4386938810348511,-0.8898787477687918,3.3257100582122803,nan
oracle,100,8,1.014223575592041,0.20007574558258057,0.258628249168396,-0.5453682919579617,2.7418789863586426,nan
oracle,100,2,1.0762947797775269,0.27272671461105347,0.269079327583313,0.6561870141465318,-0.8232561945915222,nan
oracle,100,3,0.9892559051513672,0.01672113500535488,0.006958482321351767,0.07290932668563364,1.2890268564224243,nan
oracle,100,0,1.0017262697219849,0.131902277469635,0.08199460804462433,-0.5787471463893963,1.938715934753418,nan
oracle,100,5,1.045549750328064,0.013811524026095867,0.012144424021244049,0.4661406760505961,1.3719050884246826,nan
oracle,200,0,1.0003615617752075,0.04445550590753555,0.022487061098217964,-0.1919256488067269,1.4775371551513672,nan
oracle,200,2,0.9933703541755676,0.07299148291349411,0.12303827702999115,-0.39253075079334404,2.2312803268432617,nan
oracle,200,5,0.9771341681480408,0.00844517257064581,0.0005111173377372324,0.20237733917880277,1.0767011642456055,nan
oracle,200,3,1.0720099210739136,0.15137258172035217,0.004169846884906292,0.5580541958677648,0.7733197212219238,nan
oracle,200,1,1.074653148651123,0.10312681645154953,0.2087445706129074,-0.28697279418287786,2.6004583835601807,nan
oracle,200,8,1.0053755044937134,0.27490633726119995,0.25580450892448425,0.8017749932326542,-0.7776387929916382,nan
oracle,200,9,0.9727023839950562,0.028883036226034164,0.010868835262954235,0.5493306641660444,0.6357895135879517,nan
oracle,200,6,0.9908446073532104,0.07716874778270721,0.1261846125125885,-0.4184626538293668,2.228231191635132,nan
oracle,200,4,0.9795379042625427,0.006827785167843103,0.014876062981784344,0.07861459477324505,1.3606982231140137,nan
oracle,200,7,1.0038810968399048,0.01922416500747204,0.005579192191362381,0.4078249049866123,1.2615702152252197,nan
oracle,400,2,0.9930999875068665,0.05863238871097565,0.08148737251758575,-0.353067738451338,2.00334095954895,nan
oracle,400,0,0.9864756464958191,0.005836225114762783,0.0019816234707832336,0.2211565188807073,0.8715603351593018,nan
oracle,400,4,0.9719623327255249,0.01007393654435873,0.009244900196790695,0.3861414053805175,0.6720612049102783,nan
oracle,400,3,0.9721172451972961,0.04357876256108284,0.04145628213882446,0.6242915281365524,0.2845986783504486,nan
oracle,400,5,0.9645201563835144,0.005002887919545174,0.0004726149491034448,0.24555197890363187,0.9357284307479858,nan
oracle,400,9,0.9650201797485352,0.0047427150420844555,0.0024367289151996374,0.1370701894255512,1.1649832725524902,nan
oracle,400,1,0.9720602035522461,0.07405910640954971,0.07837525010108948,-0.3552270784881441,1.982310175895691,nan
oracle,400,7,0.9948439598083496,0.05876924470067024,0.06656115502119064,-0.287577718572036,1.9047847986221313,nan
oracle,400,6,0.9706748127937317,0.05928199738264084,0.029509907588362694,-0.31477550977347074,1.598853349685669,nan
oracle,400,8,0.9766469597816467,0.0059335301630198956,0.0007498565828427672,0.310148950249353,0.9050918221473694,nan
oracle,800,0,0.9777151346206665,0.06470377743244171,0.05842127278447151,0.7138657368413988,0.150710791349411,nan
oracle,800,3,0.9782760143280029,0.07088600099086761,0.07676618546247482,-0.3899736134647506,1.9732286930084229,nan
oracle,800,2,0.9703938961029053,0.00019662683189380914,0.003616610076278448,0.26289980079230457,0.7890016436576843,nan
oracle,800,8,0.9726765155792236,0.07030443102121353,0.07735060900449753,-0.38400076031556457,1.9775359630584717,nan
oracle,800,1,0.9736529588699341,0.0014403930399566889,0.00030518817948177457,0.3255690271365391,0.9389773607254028,nan
oracle,800,7,0.9648758172988892,0.001402361085638404,1.7378175471094437e-05,0.20389044119459604,1.0128989219665527,nan
oracle,800,5,0.9737638235092163,0.04684782400727272,0.039607979357242584,-0.30452965530586235,1.6951286792755127,nan
oracle,800,4,0.966690182685852,0.015934893861413002,0.010472175665199757,-0.032700789496117516,1.3434797525405884,nan
oracle,800,6,0.9684609770774841,0.0025039035826921463,0.0009715437772683799,0.1843832159954847,0.8908805847167969,nan
oracle,800,9,0.967307984828949,0.021579839289188385,0.014950189739465714,0.466518581045307,0.5708335638046265,nan
oracle,1600,1,0.972550630569458,0.003490099450573325,0.00219715922139585,0.15117675996155094,1.1639459133148193,nan
oracle,1600,0,0.973660945892334,0.021304452791810036,0.02219722792506218,0.5799955434354607,0.4763624668121338,nan
oracle,1600,2,0.980135440826416,0.003483421402052045,7.38920716685243e-05,0.2806274186146714,1.0273675918579102,nan
oracle,1600,3,0.9712220430374146,0.00852256454527378,0.004380356054753065,0.45738842616678194,0.7677109241485596,nan
oracle,1600,6,0.9692262411117554,0.005653359927237034,0.004422296769917011,0.07958561618670784,1.2225656509399414,nan
oracle,1600,8,0.9684582948684692,0.00023943489941302687,0.000788108620326966,0.24320700482338342,0.9047156572341919,nan
oracle,1600,5,0.9716318845748901,0.0008206571219488978,0.0008858497021719813,0.2338014630547975,1.103874921798706,nan
oracle,1600,9,0.972726047039032,0.06966116279363632,0.06962684541940689,0.712280328817225,0.07312824577093124,nan
oracle,1600,7,0.9738460183143616,0.016673389822244644,0.018429186195135117,-0.07662297383064921,1.477078914642334,nan
oracle,1600,4,0.9653415679931641,0.005436997395008802,0.00198458437807858,0.3600754009895128,0.8436581492424011,nan
oracle,3200,0,0.9682077765464783,0.0007380530005320907,3.0273566153482534e-05,0.2684886611961557,1.0165457725524902,nan
oracle,3200,2,0.9711949825286865,0.012318441644310951,0.0070971050299704075,0.5064430127877592,0.7039750218391418,nan
oracle,3200,1,0.9707787036895752,0.001396174542605877,0.0016455688746646047,0.35330753341578364,0.8585227727890015,nan
oracle,3200,6,0.9768422842025757,0.03156948462128639,0.025432175025343895,-0.21234415712582522,1.5598031282424927,nan
oracle,3200,4,0.9681742787361145,0.0017457004869356751,0.0015099977608770132,0.16569099811692048,1.1345343589782715,nan
oracle,3200,8,0.9703028798103333,0.00974773894995451,0.005378500558435917,0.46017053610298336,0.7422264814376831,nan
oracle,3200,5,0.9697120785713196,0.0005681455950252712,0.002388937398791313,0.20910382438915523,1.1700552701950073,nan
oracle,3200,3,0.9734387397766113,0.0022797598503530025,0.00025389561778865755,0.38656333383636987,0.947478711605072,nan
oracle,3200,7,0.9653497934341431,0.0056193615309894085,0.002342706313356757,0.08495520964189936,1.1693568229675293,nan
oracle,3200,9,0.9691557884216309,0.0019077560864388943,0.0003467905626166612,0.35969475082798824,0.935248851776123,nan
oracle,6400,0,0.9681024551391602,0.00038349349051713943,9.16201897780411e-05,0.27140582661744395,1.032719612121582,nan
oracle,6400,1,0.9669618010520935,0.006043066270649433,0.006759329233318567,0.4343416588588794,0.7111106514930725,nan
oracle,6400,3,0.9710299968719482,0.0008936827653087676,0.0006816249224357307,0.3302765185337226,0.9089226126670837,nan
oracle,6400,4,0.969547688961029,0.00045437755761668086,0.00011947424354730174,0.32070145590922244,0.9615842700004578,nan
oracle,6400,7,0.9666123986244202,0.00042835110798478127,0.00018871559586841613,0.22806304887442058,1.0477774143218994,nan
oracle,6400,6,0.9716752767562866,0.009070091880857944,0.008466002531349659,0.02335203027893067,1.323241114616394,nan
oracle,6400,2,0.9704911708831787,0.000928472843952477,0.0005579992430284619,0.3436799067054276,0.9169715046882629,nan
oracle,6400,5,0.9701743125915527,0.002581576118245721,0.0013281898573040962,0.3930116086649793,0.8732940554618835,nan
oracle,6400,8,0.9663690328598022,0.00011058013478759676,0.00014013462350703776,0.2671728241254807,0.9605188369750977,nan
oracle,6400,9,0.9681571125984192,0.0010876847663894296,0.0008263663621619344,0.18988300948686274,1.1009891033172607,nan
oracle,12800,0,0.9674972891807556,2.7530655643204227e-05,2.8805486635974376e-06,0.25826311076524894,0.9958058595657349,nan
oracle,12800,6,0.9694522619247437,0.0012018950656056404,0.0011910316534340382,0.35265109130856354,0.8798445463180542,nan
oracle,12800,2,0.9681182503700256,8.124468877213076e-05,6.431996007449925e-05,0.2773630631462953,0.9718307852745056,nan
oracle,12800,3,0.9664629101753235,0.0026050873566418886,0.0017542392015457153,0.13763157612099253,1.1471872329711914,nan
oracle,12800,9,0.9675725698471069,0.0004173032066319138,7.151696627261117e-05,0.218623519242054,1.0284684896469116,nan
oracle,12800,5,0.9699181914329529,0.007882827892899513,0.007387986872345209,0.0406887739000671,1.3020273447036743,nan
oracle,12800,4,0.9677961468696594,0.0002791365550365299,0.00037844377220608294,0.22798581963926154,1.068194031715393,nan
oracle,12800,7,0.9708912372589111,0.0006004769820719957,0.0001435830199625343,0.29522661680530415,0.9581306576728821,nan
oracle,12800,8,0.9707024097442627,0.00026841950602829456,4.5859134843340144e-05,0.30092128449319466,1.020822286605835,nan
oracle,12800,1,0.9674175977706909,0.00608355225995183,0.005336437374353409,0.4334839392985029,0.7433168888092041,nan
oracle,25600,2,0.9682338833808899,3.0936073017073795e-05,1.6434428289358038e-06,0.26580934740997453,0.9956862330436707,nan
oracle,25600,0,0.9683489799499512,0.00030719555797986686,0.00016199199308175594,0.3120811219190523,0.9553563594818115,nan
oracle,25600,7,0.9686247110366821,0.00015721615636721253,0.00014217081479728222,0.29207893438915533,0.958584725856781,nan
oracle,25600,1,0.9672757387161255,0.0002179107686970383,2.341983190490282e-06,0.2845373413825243,0.9966751933097839,nan
oracle,25600,3,0.9683535099029541,6.140487676020712e-05,6.840018158982275e-06,0.2643531962583243,0.9908080101013184,nan
oracle,25600,4,0.9674144387245178,0.0006710406742058694,0.0011492231860756874,0.20803504146363702,1.119142770767212,nan
oracle,25600,9,0.9671409726142883,0.00044821607298217714,5.420820161816664e-05,0.22178460084095972,1.024404525756836,nan
oracle,25600,5,0.9681916236877441,0.003925979603081942,0.0024310178123414516,0.4036689152175767,0.8269568085670471,nan
oracle,25600,8,0.9678917527198792,0.00027537031564861536,6.104523345129564e-05,0.30432413024156973,0.9730991125106812,nan
oracle,25600,6,0.9673404693603516,0.0009451291989535093,0.0006030441727489233,0.19227910633126644,1.0863127708435059,nan
oracle,51200,1,0.9687901735305786,0.0010273890802636743,0.0007356128189712763,0.3486375769961634,0.9047070741653442,nan
oracle,51200,2,0.9685205221176147,0.000498508510645479,0.0002756405156105757,0.3212316102679623,0.9416579008102417,nan
oracle,51200,5,0.9679722785949707,0.0011020147940143943,0.001373184728436172,0.34954953905454206,0.8699828386306763,nan
oracle,51200,3,0.9684945940971375,0.00015035185788292438,5.9636178775690496e-05,0.2950236351324545,0.9732376933097839,nan
oracle,51200,9,0.9684321880340576,0.0007569927256554365,0.0007511890144087374,0.2027665197053516,1.0963307619094849,nan
oracle,51200,7,0.9682955741882324,6.035229307599366e-05,0.00014764152001589537,0.25142761463618585,1.0420221090316772,nan
oracle,51200,4,0.9691224098205566,0.0020135140512138605,0.0017541623674333096,0.3784980651196254,0.8528551459312439,nan
oracle,51200,8,0.967032253742218,0.0004195962683297694,0.00032899834332056344,0.30892943227571,0.9362470507621765,nan
oracle,51200,6,0.9676001071929932,0.00023896442144177854,0.0001587120641488582,0.2312088824634484,1.0441359281539917,nan
oracle,51200,0,0.9670977592468262,0.0006491079111583531,0.0009231820004060864,0.3263798808025695,0.8932175636291504,nan
