n,bz,cv1,p,q,model,effect,metric,value,experiment_folder
12800,0.5,0.8,1,32,base,y,mspe,0.63458514,n=12800_bz=0.5_cv1=0.8_p=1_q=32_20260121-195129
12800,0.5,0.8,1,32,base,y,bias2,0.63073236,n=12800_bz=0.5_cv1=0.8_p=1_q=32_20260121-195129
12800,0.5,0.8,1,32,base,y,var,0.0038528007,n=12800_bz=0.5_cv1=0.8_p=1_q=32_20260121-195129
12800,0.5,0.8,1,32,base,fx,mspe,0.02062998,n=12800_bz=0.5_cv1=0.8_p=1_q=32_20260121-195129
12800,0.5,0.8,1,32,base,fx,bias2,0.017583657,n=12800_bz=0.5_cv1=0.8_p=1_q=32_20260121-195129
12800,0.5,0.8,1,32,base,fx,var,0.0030463233,n=12800_bz=0.5_cv1=0.8_p=1_q=32_20260121-195129
12800,0.5,0.8,1,32,base,fz,mspe,0.019488648,n=12800_bz=0.5_cv1=0.8_p=1_q=32_20260121-195129
12800,0.5,0.8,1,32,base,fz,bias2,0.019488648,n=12800_bz=0.5_cv1=0.8_p=1_q=32_20260121-195129
12800,0.5,0.8,1,32,base,fz,var,0.0,n=12800_bz=0.5_cv1=0.8_p=1_q=32_20260121-195129
12800,0.5,0.8,1,32,base,fr,mspe,0.07550793,n=12800_bz=0.5_cv1=0.8_p=1_q=32_20260121-195129
12800,0.5,0.8,1,32,base,fr,bias2,0.072461605,n=12800_bz=0.5_cv1=0.8_p=1_q=32_20260121-195129
12800,0.5,0.8,1,32,base,fr,var,0.0030463233,n=12800_bz=0.5_cv1=0.8_p=1_q=32_20260121-195129
12800,0.5,0.8,1,32,posthoc,y,mspe,0.64155424,n=12800_bz=0.5_cv1=0.8_p=1_q=32_20260121-195129
12800,0.5,0.8,1,32,posthoc,y,bias2,0.6368182,n=12800_bz=0.5_cv1=0.8_p=1_q=32_20260121-195129
12800,0.5,0.8,1,32,posthoc,y,var,0.004736086,n=12800_bz=0.5_cv1=0.8_p=1_q=32_20260121-195129
12800,0.5,0.8,1,32,posthoc,fx,mspe,0.017433112,n=12800_bz=0.5_cv1=0.8_p=1_q=32_20260121-195129
12800,0.5,0.8,1,32,posthoc,fx,bias2,0.006487222,n=12800_bz=0.5_cv1=0.8_p=1_q=32_20260121-195129
12800,0.5,0.8,1,32,posthoc,fx,var,0.010945889,n=12800_bz=0.5_cv1=0.8_p=1_q=32_20260121-195129
12800,0.5,0.8,1,32,posthoc,fz,mspe,0.013775905,n=12800_bz=0.5_cv1=0.8_p=1_q=32_20260121-195129
12800,0.5,0.8,1,32,posthoc,fz,bias2,0.0061118966,n=12800_bz=0.5_cv1=0.8_p=1_q=32_20260121-195129
12800,0.5,0.8,1,32,posthoc,fz,var,0.0076640076,n=12800_bz=0.5_cv1=0.8_p=1_q=32_20260121-195129
12800,0.5,0.8,1,32,posthoc,fr,mspe,0.058151722,n=12800_bz=0.5_cv1=0.8_p=1_q=32_20260121-195129
12800,0.5,0.8,1,32,posthoc,fr,bias2,0.047205828,n=12800_bz=0.5_cv1=0.8_p=1_q=32_20260121-195129
12800,0.5,0.8,1,32,posthoc,fr,var,0.010945889,n=12800_bz=0.5_cv1=0.8_p=1_q=32_20260121-195129
12800,0.5,0.8,1,32,posthoc_orth,y,mspe,0.64132494,n=12800_bz=0.5_cv1=0.8_p=1_q=32_20260121-195129
12800,0.5,0.8,1,32,posthoc_orth,y,bias2,0.63682824,n=12800_bz=0.5_cv1=0.8_p=1_q=32_20260121-195129
12800,0.5,0.8,1,32,posthoc_orth,y,var,0.004496696,n=12800_bz=0.5_cv1=0.8_p=1_q=32_20260121-195129
12800,0.5,0.8,1,32,posthoc_orth,fx,mspe,0.023304585,n=12800_bz=0.5_cv1=0.8_p=1_q=32_20260121-195129
12800,0.5,0.8,1,32,posthoc_orth,fx,bias2,0.01996732,n=12800_bz=0.5_cv1=0.8_p=1_q=32_20260121-195129
12800,0.5,0.8,1,32,posthoc_orth,fx,var,0.0033372662,n=12800_bz=0.5_cv1=0.8_p=1_q=32_20260121-195129
12800,0.5,0.8,1,32,posthoc_orth,fz,mspe,0.019189307,n=12800_bz=0.5_cv1=0.8_p=1_q=32_20260121-195129
12800,0.5,0.8,1,32,posthoc_orth,fz,bias2,0.018614363,n=12800_bz=0.5_cv1=0.8_p=1_q=32_20260121-195129
12800,0.5,0.8,1,32,posthoc_orth,fz,var,0.0005749425,n=12800_bz=0.5_cv1=0.8_p=1_q=32_20260121-195129
12800,0.5,0.8,1,32,posthoc_orth,fr,mspe,0.0041129324,n=12800_bz=0.5_cv1=0.8_p=1_q=32_20260121-195129
12800,0.5,0.8,1,32,posthoc_orth,fr,bias2,0.0007756662,n=12800_bz=0.5_cv1=0.8_p=1_q=32_20260121-195129
12800,0.5,0.8,1,32,posthoc_orth,fr,var,0.0033372662,n=12800_bz=0.5_cv1=0.8_p=1_q=32_20260121-195129
12800,0.5,0.8,1,32,posthoc_web,y,mspe,1.2909851,n=12800_bz=0.5_cv1=0.8_p=1_q=32_20260121-195129
12800,0.5,0.8,1,32,posthoc_web,y,bias2,1.2846371,n=12800_bz=0.5_cv1=0.8_p=1_q=32_20260121-195129
12800,0.5,0.8,1,32,posthoc_web,y,var,0.0063480134,n=12800_bz=0.5_cv1=0.8_p=1_q=32_20260121-195129
12800,0.5,0.8,1,32,posthoc_web,fx,mspe,0.02306557,n=12800_bz=0.5_cv1=0.8_p=1_q=32_20260121-195129
12800,0.5,0.8,1,32,posthoc_web,fx,bias2,0.02058884,n=12800_bz=0.5_cv1=0.8_p=1_q=32_20260121-195129
12800,0.5,0.8,1,32,posthoc_web,fx,var,0.0024767315,n=12800_bz=0.5_cv1=0.8_p=1_q=32_20260121-195129
12800,0.5,0.8,1,32,posthoc_web,fz,mspe,0.019488648,n=12800_bz=0.5_cv1=0.8_p=1_q=32_20260121-195129
12800,0.5,0.8,1,32,posthoc_web,fz,bias2,0.019488648,n=12800_bz=0.5_cv1=0.8_p=1_q=32_20260121-195129
12800,0.5,0.8,1,32,posthoc_web,fz,var,0.0,n=12800_bz=0.5_cv1=0.8_p=1_q=32_20260121-195129
12800,0.5,0.8,1,32,posthoc_web,fr,mspe,0.003996053,n=12800_bz=0.5_cv1=0.8_p=1_q=32_20260121-195129
12800,0.5,0.8,1,32,posthoc_web,fr,bias2,0.0015193212,n=12800_bz=0.5_cv1=0.8_p=1_q=32_20260121-195129
12800,0.5,0.8,1,32,posthoc_web,fr,var,0.0024767315,n=12800_bz=0.5_cv1=0.8_p=1_q=32_20260121-195129
12800,0.0,0.8,1,32,base,y,mspe,0.60017043,n=12800_bz=0_cv1=0.8_p=1_q=32_20260121-170007
12800,0.0,0.8,1,32,base,y,bias2,0.5967641,n=12800_bz=0_cv1=0.8_p=1_q=32_20260121-170007
12800,0.0,0.8,1,32,base,y,var,0.00340631,n=12800_bz=0_cv1=0.8_p=1_q=32_20260121-170007
12800,0.0,0.8,1,32,base,fx,mspe,0.0034376504,n=12800_bz=0_cv1=0.8_p=1_q=32_20260121-170007
12800,0.0,0.8,1,32,base,fx,bias2,0.0006675113,n=12800_bz=0_cv1=0.8_p=1_q=32_20260121-170007
12800,0.0,0.8,1,32,base,fx,var,0.002770139,n=12800_bz=0_cv1=0.8_p=1_q=32_20260121-170007
12800,0.0,0.8,1,32,base,fz,mspe,0.0,n=12800_bz=0_cv1=0.8_p=1_q=32_20260121-170007
12800,0.0,0.8,1,32,base,fz,bias2,0.0,n=12800_bz=0_cv1=0.8_p=1_q=32_20260121-170007
12800,0.0,0.8,1,32,base,fz,var,0.0,n=12800_bz=0_cv1=0.8_p=1_q=32_20260121-170007
12800,0.0,0.8,1,32,base,fr,mspe,0.021798471,n=12800_bz=0_cv1=0.8_p=1_q=32_20260121-170007
12800,0.0,0.8,1,32,base,fr,bias2,0.019028332,n=12800_bz=0_cv1=0.8_p=1_q=32_20260121-170007
12800,0.0,0.8,1,32,base,fr,var,0.002770139,n=12800_bz=0_cv1=0.8_p=1_q=32_20260121-170007
12800,0.0,0.8,1,32,posthoc,y,mspe,0.60757166,n=12800_bz=0_cv1=0.8_p=1_q=32_20260121-170007
12800,0.0,0.8,1,32,posthoc,y,bias2,0.6031913,n=12800_bz=0_cv1=0.8_p=1_q=32_20260121-170007
12800,0.0,0.8,1,32,posthoc,y,var,0.004380374,n=12800_bz=0_cv1=0.8_p=1_q=32_20260121-170007
12800,0.0,0.8,1,32,posthoc,fx,mspe,0.0068092835,n=12800_bz=0_cv1=0.8_p=1_q=32_20260121-170007
12800,0.0,0.8,1,32,posthoc,fx,bias2,0.0005660989,n=12800_bz=0_cv1=0.8_p=1_q=32_20260121-170007
12800,0.0,0.8,1,32,posthoc,fx,var,0.006243185,n=12800_bz=0_cv1=0.8_p=1_q=32_20260121-170007
12800,0.0,0.8,1,32,posthoc,fz,mspe,0.003096632,n=12800_bz=0_cv1=0.8_p=1_q=32_20260121-170007
12800,0.0,0.8,1,32,posthoc,fz,bias2,0.00025545637,n=12800_bz=0_cv1=0.8_p=1_q=32_20260121-170007
12800,0.0,0.8,1,32,posthoc,fz,var,0.0028411755,n=12800_bz=0_cv1=0.8_p=1_q=32_20260121-170007
12800,0.0,0.8,1,32,posthoc,fr,mspe,0.030332087,n=12800_bz=0_cv1=0.8_p=1_q=32_20260121-170007
12800,0.0,0.8,1,32,posthoc,fr,bias2,0.0240889,n=12800_bz=0_cv1=0.8_p=1_q=32_20260121-170007
12800,0.0,0.8,1,32,posthoc,fr,var,0.006243185,n=12800_bz=0_cv1=0.8_p=1_q=32_20260121-170007
12800,0.0,0.8,1,32,posthoc_orth,y,mspe,0.6075689,n=12800_bz=0_cv1=0.8_p=1_q=32_20260121-170007
12800,0.0,0.8,1,32,posthoc_orth,y,bias2,0.6031758,n=12800_bz=0_cv1=0.8_p=1_q=32_20260121-170007
12800,0.0,0.8,1,32,posthoc_orth,y,var,0.004393194,n=12800_bz=0_cv1=0.8_p=1_q=32_20260121-170007
12800,0.0,0.8,1,32,posthoc_orth,fx,mspe,0.022858622,n=12800_bz=0_cv1=0.8_p=1_q=32_20260121-170007
12800,0.0,0.8,1,32,posthoc_orth,fx,bias2,0.019555332,n=12800_bz=0_cv1=0.8_p=1_q=32_20260121-170007
12800,0.0,0.8,1,32,posthoc_orth,fx,var,0.0033032887,n=12800_bz=0_cv1=0.8_p=1_q=32_20260121-170007
12800,0.0,0.8,1,32,posthoc_orth,fz,mspe,0.019264739,n=12800_bz=0_cv1=0.8_p=1_q=32_20260121-170007
12800,0.0,0.8,1,32,posthoc_orth,fz,bias2,0.018776268,n=12800_bz=0_cv1=0.8_p=1_q=32_20260121-170007
12800,0.0,0.8,1,32,posthoc_orth,fz,var,0.00048847,n=12800_bz=0_cv1=0.8_p=1_q=32_20260121-170007
12800,0.0,0.8,1,32,posthoc_orth,fr,mspe,0.003661229,n=12800_bz=0_cv1=0.8_p=1_q=32_20260121-170007
12800,0.0,0.8,1,32,posthoc_orth,fr,bias2,0.00035794015,n=12800_bz=0_cv1=0.8_p=1_q=32_20260121-170007
12800,0.0,0.8,1,32,posthoc_orth,fr,var,0.0033032887,n=12800_bz=0_cv1=0.8_p=1_q=32_20260121-170007
12800,0.0,0.8,1,32,posthoc_web,y,mspe,0.88051134,n=12800_bz=0_cv1=0.8_p=1_q=32_20260121-170007
12800,0.0,0.8,1,32,posthoc_web,y,bias2,0.874684,n=12800_bz=0_cv1=0.8_p=1_q=32_20260121-170007
12800,0.0,0.8,1,32,posthoc_web,y,var,0.00582734,n=12800_bz=0_cv1=0.8_p=1_q=32_20260121-170007
12800,0.0,0.8,1,32,posthoc_web,fx,mspe,0.02202005,n=12800_bz=0_cv1=0.8_p=1_q=32_20260121-170007
12800,0.0,0.8,1,32,posthoc_web,fx,bias2,0.019609755,n=12800_bz=0_cv1=0.8_p=1_q=32_20260121-170007
12800,0.0,0.8,1,32,posthoc_web,fx,var,0.0024102952,n=12800_bz=0_cv1=0.8_p=1_q=32_20260121-170007
12800,0.0,0.8,1,32,posthoc_web,fz,mspe,0.0,n=12800_bz=0_cv1=0.8_p=1_q=32_20260121-170007
12800,0.0,0.8,1,32,posthoc_web,fz,bias2,0.0,n=12800_bz=0_cv1=0.8_p=1_q=32_20260121-170007
12800,0.0,0.8,1,32,posthoc_web,fz,var,0.0,n=12800_bz=0_cv1=0.8_p=1_q=32_20260121-170007
12800,0.0,0.8,1,32,posthoc_web,fr,mspe,0.0030655742,n=12800_bz=0_cv1=0.8_p=1_q=32_20260121-170007
12800,0.0,0.8,1,32,posthoc_web,fr,bias2,0.00065527903,n=12800_bz=0_cv1=0.8_p=1_q=32_20260121-170007
12800,0.0,0.8,1,32,posthoc_web,fr,var,0.0024102952,n=12800_bz=0_cv1=0.8_p=1_q=32_20260121-170007
12800,1.5,0.8,1,32,base,y,mspe,0.7477971,n=12800_bz=1.5_cv1=0.8_p=1_q=32_20260122-013025
12800,1.5,0.8,1,32,base,y,bias2,0.7437979,n=12800_bz=1.5_cv1=0.8_p=1_q=32_20260122-013025
12800,1.5,0.8,1,32,base,y,var,0.003999255,n=12800_bz=1.5_cv1=0.8_p=1_q=32_20260122-013025
12800,1.5,0.8,1,32,base,fx,mspe,0.16178998,n=12800_bz=1.5_cv1=0.8_p=1_q=32_20260122-013025
12800,1.5,0.8,1,32,base,fx,bias2,0.15878277,n=12800_bz=1.5_cv1=0.8_p=1_q=32_20260122-013025
12800,1.5,0.8,1,32,base,fx,var,0.0030072178,n=12800_bz=1.5_cv1=0.8_p=1_q=32_20260122-013025
12800,1.5,0.8,1,32,base,fz,mspe,0.17539783,n=12800_bz=1.5_cv1=0.8_p=1_q=32_20260122-013025
12800,1.5,0.8,1,32,base,fz,bias2,0.17539783,n=12800_bz=1.5_cv1=0.8_p=1_q=32_20260122-013025
12800,1.5,0.8,1,32,base,fz,var,0.0,n=12800_bz=1.5_cv1=0.8_p=1_q=32_20260122-013025
12800,1.5,0.8,1,32,base,fr,mspe,0.28919476,n=12800_bz=1.5_cv1=0.8_p=1_q=32_20260122-013025
12800,1.5,0.8,1,32,base,fr,bias2,0.28618753,n=12800_bz=1.5_cv1=0.8_p=1_q=32_20260122-013025
12800,1.5,0.8,1,32,base,fr,var,0.0030072178,n=12800_bz=1.5_cv1=0.8_p=1_q=32_20260122-013025
12800,1.5,0.8,1,32,posthoc,y,mspe,0.7625361,n=12800_bz=1.5_cv1=0.8_p=1_q=32_20260122-013025
12800,1.5,0.8,1,32,posthoc,y,bias2,0.7568257,n=12800_bz=1.5_cv1=0.8_p=1_q=32_20260122-013025
12800,1.5,0.8,1,32,posthoc,y,var,0.00571041,n=12800_bz=1.5_cv1=0.8_p=1_q=32_20260122-013025
12800,1.5,0.8,1,32,posthoc,fx,mspe,0.022742733,n=12800_bz=1.5_cv1=0.8_p=1_q=32_20260122-013025
12800,1.5,0.8,1,32,posthoc,fx,bias2,0.0021144506,n=12800_bz=1.5_cv1=0.8_p=1_q=32_20260122-013025
12800,1.5,0.8,1,32,posthoc,fx,var,0.020628283,n=12800_bz=1.5_cv1=0.8_p=1_q=32_20260122-013025
12800,1.5,0.8,1,32,posthoc,fz,mspe,0.019185409,n=12800_bz=1.5_cv1=0.8_p=1_q=32_20260122-013025
12800,1.5,0.8,1,32,posthoc,fz,bias2,0.0016933507,n=12800_bz=1.5_cv1=0.8_p=1_q=32_20260122-013025
12800,1.5,0.8,1,32,posthoc,fz,var,0.017492058,n=12800_bz=1.5_cv1=0.8_p=1_q=32_20260122-013025
12800,1.5,0.8,1,32,posthoc,fr,mspe,0.05361269,n=12800_bz=1.5_cv1=0.8_p=1_q=32_20260122-013025
12800,1.5,0.8,1,32,posthoc,fr,bias2,0.032984406,n=12800_bz=1.5_cv1=0.8_p=1_q=32_20260122-013025
12800,1.5,0.8,1,32,posthoc,fr,var,0.020628283,n=12800_bz=1.5_cv1=0.8_p=1_q=32_20260122-013025
12800,1.5,0.8,1,32,posthoc_orth,y,mspe,0.7627005,n=12800_bz=1.5_cv1=0.8_p=1_q=32_20260122-013025
12800,1.5,0.8,1,32,posthoc_orth,y,bias2,0.75699234,n=12800_bz=1.5_cv1=0.8_p=1_q=32_20260122-013025
12800,1.5,0.8,1,32,posthoc_orth,y,var,0.0057080765,n=12800_bz=1.5_cv1=0.8_p=1_q=32_20260122-013025
12800,1.5,0.8,1,32,posthoc_orth,fx,mspe,0.024218936,n=12800_bz=1.5_cv1=0.8_p=1_q=32_20260122-013025
12800,1.5,0.8,1,32,posthoc_orth,fx,bias2,0.019726073,n=12800_bz=1.5_cv1=0.8_p=1_q=32_20260122-013025
12800,1.5,0.8,1,32,posthoc_orth,fx,var,0.0044928635,n=12800_bz=1.5_cv1=0.8_p=1_q=32_20260122-013025
12800,1.5,0.8,1,32,posthoc_orth,fz,mspe,0.019901028,n=12800_bz=1.5_cv1=0.8_p=1_q=32_20260122-013025
12800,1.5,0.8,1,32,posthoc_orth,fz,bias2,0.0191929,n=12800_bz=1.5_cv1=0.8_p=1_q=32_20260122-013025
12800,1.5,0.8,1,32,posthoc_orth,fz,var,0.000708129,n=12800_bz=1.5_cv1=0.8_p=1_q=32_20260122-013025
12800,1.5,0.8,1,32,posthoc_orth,fr,mspe,0.0049202936,n=12800_bz=1.5_cv1=0.8_p=1_q=32_20260122-013025
12800,1.5,0.8,1,32,posthoc_orth,fr,bias2,0.0004274305,n=12800_bz=1.5_cv1=0.8_p=1_q=32_20260122-013025
12800,1.5,0.8,1,32,posthoc_orth,fr,var,0.0044928635,n=12800_bz=1.5_cv1=0.8_p=1_q=32_20260122-013025
12800,1.5,0.8,1,32,posthoc_web,y,mspe,2.4342566,n=12800_bz=1.5_cv1=0.8_p=1_q=32_20260122-013025
12800,1.5,0.8,1,32,posthoc_web,y,bias2,2.4263175,n=12800_bz=1.5_cv1=0.8_p=1_q=32_20260122-013025
12800,1.5,0.8,1,32,posthoc_web,y,var,0.00793899,n=12800_bz=1.5_cv1=0.8_p=1_q=32_20260122-013025
12800,1.5,0.8,1,32,posthoc_web,fx,mspe,0.031241724,n=12800_bz=1.5_cv1=0.8_p=1_q=32_20260122-013025
12800,1.5,0.8,1,32,posthoc_web,fx,bias2,0.028819015,n=12800_bz=1.5_cv1=0.8_p=1_q=32_20260122-013025
12800,1.5,0.8,1,32,posthoc_web,fx,var,0.0024227086,n=12800_bz=1.5_cv1=0.8_p=1_q=32_20260122-013025
12800,1.5,0.8,1,32,posthoc_web,fz,mspe,0.17539783,n=12800_bz=1.5_cv1=0.8_p=1_q=32_20260122-013025
12800,1.5,0.8,1,32,posthoc_web,fz,bias2,0.17539783,n=12800_bz=1.5_cv1=0.8_p=1_q=32_20260122-013025
12800,1.5,0.8,1,32,posthoc_web,fz,var,0.0,n=12800_bz=1.5_cv1=0.8_p=1_q=32_20260122-013025
12800,1.5,0.8,1,32,posthoc_web,fr,mspe,0.01180435,n=12800_bz=1.5_cv1=0.8_p=1_q=32_20260122-013025
12800,1.5,0.8,1,32,posthoc_web,fr,bias2,0.009381641,n=12800_bz=1.5_cv1=0.8_p=1_q=32_20260122-013025
12800,1.5,0.8,1,32,posthoc_web,fr,var,0.0024227086,n=12800_bz=1.5_cv1=0.8_p=1_q=32_20260122-013025
12800,1.0,0.8,1,32,base,y,mspe,0.67586946,n=12800_bz=1_cv1=0.8_p=1_q=32_20260121-224102
12800,1.0,0.8,1,32,base,y,bias2,0.6722263,n=12800_bz=1_cv1=0.8_p=1_q=32_20260121-224102
12800,1.0,0.8,1,32,base,y,var,0.003643148,n=12800_bz=1_cv1=0.8_p=1_q=32_20260121-224102
12800,1.0,0.8,1,32,base,fx,mspe,0.07216363,n=12800_bz=1_cv1=0.8_p=1_q=32_20260121-224102
12800,1.0,0.8,1,32,base,fx,bias2,0.06940294,n=12800_bz=1_cv1=0.8_p=1_q=32_20260121-224102
12800,1.0,0.8,1,32,base,fx,var,0.0027606757,n=12800_bz=1_cv1=0.8_p=1_q=32_20260121-224102
12800,1.0,0.8,1,32,base,fz,mspe,0.07795459,n=12800_bz=1_cv1=0.8_p=1_q=32_20260121-224102
12800,1.0,0.8,1,32,base,fz,bias2,0.07795459,n=12800_bz=1_cv1=0.8_p=1_q=32_20260121-224102
12800,1.0,0.8,1,32,base,fz,var,0.0,n=12800_bz=1_cv1=0.8_p=1_q=32_20260121-224102
12800,1.0,0.8,1,32,base,fr,mspe,0.16282874,n=12800_bz=1_cv1=0.8_p=1_q=32_20260121-224102
12800,1.0,0.8,1,32,base,fr,bias2,0.16006808,n=12800_bz=1_cv1=0.8_p=1_q=32_20260121-224102
12800,1.0,0.8,1,32,base,fr,var,0.0027606757,n=12800_bz=1_cv1=0.8_p=1_q=32_20260121-224102
12800,1.0,0.8,1,32,posthoc,y,mspe,0.6885031,n=12800_bz=1_cv1=0.8_p=1_q=32_20260121-224102
12800,1.0,0.8,1,32,posthoc,y,bias2,0.6831081,n=12800_bz=1_cv1=0.8_p=1_q=32_20260121-224102
12800,1.0,0.8,1,32,posthoc,y,var,0.0053949454,n=12800_bz=1_cv1=0.8_p=1_q=32_20260121-224102
12800,1.0,0.8,1,32,posthoc,fx,mspe,0.025450006,n=12800_bz=1_cv1=0.8_p=1_q=32_20260121-224102
12800,1.0,0.8,1,32,posthoc,fx,bias2,0.0050220517,n=12800_bz=1_cv1=0.8_p=1_q=32_20260121-224102
12800,1.0,0.8,1,32,posthoc,fx,var,0.020427953,n=12800_bz=1_cv1=0.8_p=1_q=32_20260121-224102
12800,1.0,0.8,1,32,posthoc,fz,mspe,0.022479791,n=12800_bz=1_cv1=0.8_p=1_q=32_20260121-224102
12800,1.0,0.8,1,32,posthoc,fz,bias2,0.0045296974,n=12800_bz=1_cv1=0.8_p=1_q=32_20260121-224102
12800,1.0,0.8,1,32,posthoc,fz,var,0.017950095,n=12800_bz=1_cv1=0.8_p=1_q=32_20260121-224102
12800,1.0,0.8,1,32,posthoc,fr,mspe,0.063348375,n=12800_bz=1_cv1=0.8_p=1_q=32_20260121-224102
12800,1.0,0.8,1,32,posthoc,fr,bias2,0.042920426,n=12800_bz=1_cv1=0.8_p=1_q=32_20260121-224102
12800,1.0,0.8,1,32,posthoc,fr,var,0.020427953,n=12800_bz=1_cv1=0.8_p=1_q=32_20260121-224102
12800,1.0,0.8,1,32,posthoc_orth,y,mspe,0.68865955,n=12800_bz=1_cv1=0.8_p=1_q=32_20260121-224102
12800,1.0,0.8,1,32,posthoc_orth,y,bias2,0.6832562,n=12800_bz=1_cv1=0.8_p=1_q=32_20260121-224102
12800,1.0,0.8,1,32,posthoc_orth,y,var,0.005403391,n=12800_bz=1_cv1=0.8_p=1_q=32_20260121-224102
12800,1.0,0.8,1,32,posthoc_orth,fx,mspe,0.02396071,n=12800_bz=1_cv1=0.8_p=1_q=32_20260121-224102
12800,1.0,0.8,1,32,posthoc_orth,fx,bias2,0.019797754,n=12800_bz=1_cv1=0.8_p=1_q=32_20260121-224102
12800,1.0,0.8,1,32,posthoc_orth,fx,var,0.004162958,n=12800_bz=1_cv1=0.8_p=1_q=32_20260121-224102
12800,1.0,0.8,1,32,posthoc_orth,fz,mspe,0.019458594,n=12800_bz=1_cv1=0.8_p=1_q=32_20260121-224102
12800,1.0,0.8,1,32,posthoc_orth,fz,bias2,0.018817637,n=12800_bz=1_cv1=0.8_p=1_q=32_20260121-224102
12800,1.0,0.8,1,32,posthoc_orth,fz,var,0.0006409583,n=12800_bz=1_cv1=0.8_p=1_q=32_20260121-224102
12800,1.0,0.8,1,32,posthoc_orth,fr,mspe,0.0047874334,n=12800_bz=1_cv1=0.8_p=1_q=32_20260121-224102
12800,1.0,0.8,1,32,posthoc_orth,fr,bias2,0.0006244754,n=12800_bz=1_cv1=0.8_p=1_q=32_20260121-224102
12800,1.0,0.8,1,32,posthoc_orth,fr,var,0.004162958,n=12800_bz=1_cv1=0.8_p=1_q=32_20260121-224102
12800,1.0,0.8,1,32,posthoc_web,y,mspe,1.8064901,n=12800_bz=1_cv1=0.8_p=1_q=32_20260121-224102
12800,1.0,0.8,1,32,posthoc_web,y,bias2,1.8000629,n=12800_bz=1_cv1=0.8_p=1_q=32_20260121-224102
12800,1.0,0.8,1,32,posthoc_web,y,var,0.006427061,n=12800_bz=1_cv1=0.8_p=1_q=32_20260121-224102
12800,1.0,0.8,1,32,posthoc_web,fx,mspe,0.025953474,n=12800_bz=1_cv1=0.8_p=1_q=32_20260121-224102
12800,1.0,0.8,1,32,posthoc_web,fx,bias2,0.023642479,n=12800_bz=1_cv1=0.8_p=1_q=32_20260121-224102
12800,1.0,0.8,1,32,posthoc_web,fx,var,0.0023109938,n=12800_bz=1_cv1=0.8_p=1_q=32_20260121-224102
12800,1.0,0.8,1,32,posthoc_web,fz,mspe,0.07795459,n=12800_bz=1_cv1=0.8_p=1_q=32_20260121-224102
12800,1.0,0.8,1,32,posthoc_web,fz,bias2,0.07795459,n=12800_bz=1_cv1=0.8_p=1_q=32_20260121-224102
12800,1.0,0.8,1,32,posthoc_web,fz,var,0.0,n=12800_bz=1_cv1=0.8_p=1_q=32_20260121-224102
12800,1.0,0.8,1,32,posthoc_web,fr,mspe,0.006723753,n=12800_bz=1_cv1=0.8_p=1_q=32_20260121-224102
12800,1.0,0.8,1,32,posthoc_web,fr,bias2,0.00441276,n=12800_bz=1_cv1=0.8_p=1_q=32_20260121-224102
12800,1.0,0.8,1,32,posthoc_web,fr,var,0.0023109938,n=12800_bz=1_cv1=0.8_p=1_q=32_20260121-224102
12800,2.5,0.8,1,32,base,y,mspe,0.9595854,n=12800_bz=2.5_cv1=0.8_p=1_q=32_20260122-071452
12800,2.5,0.8,1,32,base,y,bias2,0.95487577,n=12800_bz=2.5_cv1=0.8_p=1_q=32_20260122-071452
12800,2.5,0.8,1,32,base,y,var,0.004709572,n=12800_bz=2.5_cv1=0.8_p=1_q=32_20260122-071452
12800,2.5,0.8,1,32,base,fx,mspe,0.44936398,n=12800_bz=2.5_cv1=0.8_p=1_q=32_20260122-071452
12800,2.5,0.8,1,32,base,fx,bias2,0.44555762,n=12800_bz=2.5_cv1=0.8_p=1_q=32_20260122-071452
12800,2.5,0.8,1,32,base,fx,var,0.0038063615,n=12800_bz=2.5_cv1=0.8_p=1_q=32_20260122-071452
12800,2.5,0.8,1,32,base,fz,mspe,0.4872162,n=12800_bz=2.5_cv1=0.8_p=1_q=32_20260122-071452
12800,2.5,0.8,1,32,base,fz,bias2,0.48721617,n=12800_bz=2.5_cv1=0.8_p=1_q=32_20260122-071452
12800,2.5,0.8,1,32,base,fz,var,0.0,n=12800_bz=2.5_cv1=0.8_p=1_q=32_20260122-071452
12800,2.5,0.8,1,32,base,fr,mspe,0.64980686,n=12800_bz=2.5_cv1=0.8_p=1_q=32_20260122-071452
12800,2.5,0.8,1,32,base,fr,bias2,0.6460005,n=12800_bz=2.5_cv1=0.8_p=1_q=32_20260122-071452
12800,2.5,0.8,1,32,base,fr,var,0.0038063615,n=12800_bz=2.5_cv1=0.8_p=1_q=32_20260122-071452
12800,2.5,0.8,1,32,posthoc,y,mspe,0.9990115,n=12800_bz=2.5_cv1=0.8_p=1_q=32_20260122-071452
12800,2.5,0.8,1,32,posthoc,y,bias2,0.9928851,n=12800_bz=2.5_cv1=0.8_p=1_q=32_20260122-071452
12800,2.5,0.8,1,32,posthoc,y,var,0.0061264616,n=12800_bz=2.5_cv1=0.8_p=1_q=32_20260122-071452
12800,2.5,0.8,1,32,posthoc,fx,mspe,0.016346503,n=12800_bz=2.5_cv1=0.8_p=1_q=32_20260122-071452
12800,2.5,0.8,1,32,posthoc,fx,bias2,0.00045755715,n=12800_bz=2.5_cv1=0.8_p=1_q=32_20260122-071452
12800,2.5,0.8,1,32,posthoc,fx,var,0.015888946,n=12800_bz=2.5_cv1=0.8_p=1_q=32_20260122-071452
12800,2.5,0.8,1,32,posthoc,fz,mspe,0.012314295,n=12800_bz=2.5_cv1=0.8_p=1_q=32_20260122-071452
12800,2.5,0.8,1,32,posthoc,fz,bias2,0.00018306039,n=12800_bz=2.5_cv1=0.8_p=1_q=32_20260122-071452
12800,2.5,0.8,1,32,posthoc,fz,var,0.012131236,n=12800_bz=2.5_cv1=0.8_p=1_q=32_20260122-071452
12800,2.5,0.8,1,32,posthoc,fr,mspe,0.03940195,n=12800_bz=2.5_cv1=0.8_p=1_q=32_20260122-071452
12800,2.5,0.8,1,32,posthoc,fr,bias2,0.023512997,n=12800_bz=2.5_cv1=0.8_p=1_q=32_20260122-071452
12800,2.5,0.8,1,32,posthoc,fr,var,0.015888946,n=12800_bz=2.5_cv1=0.8_p=1_q=32_20260122-071452
12800,2.5,0.8,1,32,posthoc_orth,y,mspe,0.998967,n=12800_bz=2.5_cv1=0.8_p=1_q=32_20260122-071452
12800,2.5,0.8,1,32,posthoc_orth,y,bias2,0.9929302,n=12800_bz=2.5_cv1=0.8_p=1_q=32_20260122-071452
12800,2.5,0.8,1,32,posthoc_orth,y,var,0.0060369545,n=12800_bz=2.5_cv1=0.8_p=1_q=32_20260122-071452
12800,2.5,0.8,1,32,posthoc_orth,fx,mspe,0.024150645,n=12800_bz=2.5_cv1=0.8_p=1_q=32_20260122-071452
12800,2.5,0.8,1,32,posthoc_orth,fx,bias2,0.019574538,n=12800_bz=2.5_cv1=0.8_p=1_q=32_20260122-071452
12800,2.5,0.8,1,32,posthoc_orth,fx,var,0.0045761075,n=12800_bz=2.5_cv1=0.8_p=1_q=32_20260122-071452
12800,2.5,0.8,1,32,posthoc_orth,fz,mspe,0.019997207,n=12800_bz=2.5_cv1=0.8_p=1_q=32_20260122-071452
12800,2.5,0.8,1,32,posthoc_orth,fz,bias2,0.019077988,n=12800_bz=2.5_cv1=0.8_p=1_q=32_20260122-071452
12800,2.5,0.8,1,32,posthoc_orth,fz,var,0.00091921864,n=12800_bz=2.5_cv1=0.8_p=1_q=32_20260122-071452
12800,2.5,0.8,1,32,posthoc_orth,fr,mspe,0.004899363,n=12800_bz=2.5_cv1=0.8_p=1_q=32_20260122-071452
12800,2.5,0.8,1,32,posthoc_orth,fr,bias2,0.00032325563,n=12800_bz=2.5_cv1=0.8_p=1_q=32_20260122-071452
12800,2.5,0.8,1,32,posthoc_orth,fr,var,0.0045761075,n=12800_bz=2.5_cv1=0.8_p=1_q=32_20260122-071452
12800,2.5,0.8,1,32,posthoc_web,y,mspe,3.9850085,n=12800_bz=2.5_cv1=0.8_p=1_q=32_20260122-071452
12800,2.5,0.8,1,32,posthoc_web,y,bias2,3.9751055,n=12800_bz=2.5_cv1=0.8_p=1_q=32_20260122-071452
12800,2.5,0.8,1,32,posthoc_web,y,var,0.009903258,n=12800_bz=2.5_cv1=0.8_p=1_q=32_20260122-071452
12800,2.5,0.8,1,32,posthoc_web,fx,mspe,0.04815505,n=12800_bz=2.5_cv1=0.8_p=1_q=32_20260122-071452
12800,2.5,0.8,1,32,posthoc_web,fx,bias2,0.045093965,n=12800_bz=2.5_cv1=0.8_p=1_q=32_20260122-071452
12800,2.5,0.8,1,32,posthoc_web,fx,var,0.0030610848,n=12800_bz=2.5_cv1=0.8_p=1_q=32_20260122-071452
12800,2.5,0.8,1,32,posthoc_web,fz,mspe,0.4872162,n=12800_bz=2.5_cv1=0.8_p=1_q=32_20260122-071452
12800,2.5,0.8,1,32,posthoc_web,fz,bias2,0.48721617,n=12800_bz=2.5_cv1=0.8_p=1_q=32_20260122-071452
12800,2.5,0.8,1,32,posthoc_web,fz,var,0.0,n=12800_bz=2.5_cv1=0.8_p=1_q=32_20260122-071452
12800,2.5,0.8,1,32,posthoc_web,fr,mspe,0.028551493,n=12800_bz=2.5_cv1=0.8_p=1_q=32_20260122-071452
12800,2.5,0.8,1,32,posthoc_web,fr,bias2,0.025490409,n=12800_bz=2.5_cv1=0.8_p=1_q=32_20260122-071452
12800,2.5,0.8,1,32,posthoc_web,fr,var,0.0030610848,n=12800_bz=2.5_cv1=0.8_p=1_q=32_20260122-071452
12800,2.0,0.8,1,32,base,y,mspe,0.83114415,n=12800_bz=2_cv1=0.8_p=1_q=32_20260122-042101
12800,2.0,0.8,1,32,base,y,bias2,0.8267357,n=12800_bz=2_cv1=0.8_p=1_q=32_20260122-042101
12800,2.0,0.8,1,32,base,y,var,0.0044084424,n=12800_bz=2_cv1=0.8_p=1_q=32_20260122-042101
12800,2.0,0.8,1,32,base,fx,mspe,0.2865584,n=12800_bz=2_cv1=0.8_p=1_q=32_20260122-042101
12800,2.0,0.8,1,32,base,fx,bias2,0.28308257,n=12800_bz=2_cv1=0.8_p=1_q=32_20260122-042101
12800,2.0,0.8,1,32,base,fx,var,0.0034758376,n=12800_bz=2_cv1=0.8_p=1_q=32_20260122-042101
12800,2.0,0.8,1,32,base,fz,mspe,0.31181836,n=12800_bz=2_cv1=0.8_p=1_q=32_20260122-042101
12800,2.0,0.8,1,32,base,fz,bias2,0.31181836,n=12800_bz=2_cv1=0.8_p=1_q=32_20260122-042101
12800,2.0,0.8,1,32,base,fz,var,0.0,n=12800_bz=2_cv1=0.8_p=1_q=32_20260122-042101
12800,2.0,0.8,1,32,base,fr,mspe,0.45023838,n=12800_bz=2_cv1=0.8_p=1_q=32_20260122-042101
12800,2.0,0.8,1,32,base,fr,bias2,0.44676253,n=12800_bz=2_cv1=0.8_p=1_q=32_20260122-042101
12800,2.0,0.8,1,32,base,fr,var,0.0034758376,n=12800_bz=2_cv1=0.8_p=1_q=32_20260122-042101
12800,2.0,0.8,1,32,posthoc,y,mspe,0.86352444,n=12800_bz=2_cv1=0.8_p=1_q=32_20260122-042101
12800,2.0,0.8,1,32,posthoc,y,bias2,0.85767853,n=12800_bz=2_cv1=0.8_p=1_q=32_20260122-042101
12800,2.0,0.8,1,32,posthoc,y,var,0.005845821,n=12800_bz=2_cv1=0.8_p=1_q=32_20260122-042101
12800,2.0,0.8,1,32,posthoc,fx,mspe,0.01782086,n=12800_bz=2_cv1=0.8_p=1_q=32_20260122-042101
12800,2.0,0.8,1,32,posthoc,fx,bias2,0.00073324295,n=12800_bz=2_cv1=0.8_p=1_q=32_20260122-042101
12800,2.0,0.8,1,32,posthoc,fx,var,0.017087616,n=12800_bz=2_cv1=0.8_p=1_q=32_20260122-042101
12800,2.0,0.8,1,32,posthoc,fz,mspe,0.013663046,n=12800_bz=2_cv1=0.8_p=1_q=32_20260122-042101
12800,2.0,0.8,1,32,posthoc,fz,bias2,0.0004381693,n=12800_bz=2_cv1=0.8_p=1_q=32_20260122-042101
12800,2.0,0.8,1,32,posthoc,fz,var,0.013224878,n=12800_bz=2_cv1=0.8_p=1_q=32_20260122-042101
12800,2.0,0.8,1,32,posthoc,fr,mspe,0.043000046,n=12800_bz=2_cv1=0.8_p=1_q=32_20260122-042101
12800,2.0,0.8,1,32,posthoc,fr,bias2,0.02591243,n=12800_bz=2_cv1=0.8_p=1_q=32_20260122-042101
12800,2.0,0.8,1,32,posthoc,fr,var,0.017087616,n=12800_bz=2_cv1=0.8_p=1_q=32_20260122-042101
12800,2.0,0.8,1,32,posthoc_orth,y,mspe,0.8634923,n=12800_bz=2_cv1=0.8_p=1_q=32_20260122-042101
12800,2.0,0.8,1,32,posthoc_orth,y,bias2,0.857632,n=12800_bz=2_cv1=0.8_p=1_q=32_20260122-042101
12800,2.0,0.8,1,32,posthoc_orth,y,var,0.0058601922,n=12800_bz=2_cv1=0.8_p=1_q=32_20260122-042101
12800,2.0,0.8,1,32,posthoc_orth,fx,mspe,0.024279598,n=12800_bz=2_cv1=0.8_p=1_q=32_20260122-042101
12800,2.0,0.8,1,32,posthoc_orth,fx,bias2,0.019658474,n=12800_bz=2_cv1=0.8_p=1_q=32_20260122-042101
12800,2.0,0.8,1,32,posthoc_orth,fx,var,0.004621125,n=12800_bz=2_cv1=0.8_p=1_q=32_20260122-042101
12800,2.0,0.8,1,32,posthoc_orth,fz,mspe,0.01993749,n=12800_bz=2_cv1=0.8_p=1_q=32_20260122-042101
12800,2.0,0.8,1,32,posthoc_orth,fz,bias2,0.019198272,n=12800_bz=2_cv1=0.8_p=1_q=32_20260122-042101
12800,2.0,0.8,1,32,posthoc_orth,fz,var,0.00073921605,n=12800_bz=2_cv1=0.8_p=1_q=32_20260122-042101
12800,2.0,0.8,1,32,posthoc_orth,fr,mspe,0.0049339994,n=12800_bz=2_cv1=0.8_p=1_q=32_20260122-042101
12800,2.0,0.8,1,32,posthoc_orth,fr,bias2,0.0003128745,n=12800_bz=2_cv1=0.8_p=1_q=32_20260122-042101
12800,2.0,0.8,1,32,posthoc_orth,fr,var,0.004621125,n=12800_bz=2_cv1=0.8_p=1_q=32_20260122-042101
12800,2.0,0.8,1,32,posthoc_web,y,mspe,3.1119857,n=12800_bz=2_cv1=0.8_p=1_q=32_20260122-042101
12800,2.0,0.8,1,32,posthoc_web,y,bias2,3.1030078,n=12800_bz=2_cv1=0.8_p=1_q=32_20260122-042101
12800,2.0,0.8,1,32,posthoc_web,y,var,0.008978095,n=12800_bz=2_cv1=0.8_p=1_q=32_20260122-042101
12800,2.0,0.8,1,32,posthoc_web,fx,mspe,0.03869054,n=12800_bz=2_cv1=0.8_p=1_q=32_20260122-042101
12800,2.0,0.8,1,32,posthoc_web,fx,bias2,0.035927877,n=12800_bz=2_cv1=0.8_p=1_q=32_20260122-042101
12800,2.0,0.8,1,32,posthoc_web,fx,var,0.002762663,n=12800_bz=2_cv1=0.8_p=1_q=32_20260122-042101
12800,2.0,0.8,1,32,posthoc_web,fz,mspe,0.31181836,n=12800_bz=2_cv1=0.8_p=1_q=32_20260122-042101
12800,2.0,0.8,1,32,posthoc_web,fz,bias2,0.31181836,n=12800_bz=2_cv1=0.8_p=1_q=32_20260122-042101
12800,2.0,0.8,1,32,posthoc_web,fz,var,0.0,n=12800_bz=2_cv1=0.8_p=1_q=32_20260122-042101
12800,2.0,0.8,1,32,posthoc_web,fr,mspe,0.019123184,n=12800_bz=2_cv1=0.8_p=1_q=32_20260122-042101
12800,2.0,0.8,1,32,posthoc_web,fr,bias2,0.016360521,n=12800_bz=2_cv1=0.8_p=1_q=32_20260122-042101
12800,2.0,0.8,1,32,posthoc_web,fr,var,0.002762663,n=12800_bz=2_cv1=0.8_p=1_q=32_20260122-042101
12800,3.5,0.8,1,32,base,y,mspe,1.2701348,n=12800_bz=3.5_cv1=0.8_p=1_q=32_20260122-134057
12800,3.5,0.8,1,32,base,y,bias2,1.2640333,n=12800_bz=3.5_cv1=0.8_p=1_q=32_20260122-134057
12800,3.5,0.8,1,32,base,y,var,0.006101587,n=12800_bz=3.5_cv1=0.8_p=1_q=32_20260122-134057
12800,3.5,0.8,1,32,base,fx,mspe,0.8835332,n=12800_bz=3.5_cv1=0.8_p=1_q=32_20260122-134057
12800,3.5,0.8,1,32,base,fx,bias2,0.87873185,n=12800_bz=3.5_cv1=0.8_p=1_q=32_20260122-134057
12800,3.5,0.8,1,32,base,fx,var,0.0048014177,n=12800_bz=3.5_cv1=0.8_p=1_q=32_20260122-134057
12800,3.5,0.8,1,32,base,fz,mspe,0.9549438,n=12800_bz=3.5_cv1=0.8_p=1_q=32_20260122-134057
12800,3.5,0.8,1,32,base,fz,bias2,0.95494384,n=12800_bz=3.5_cv1=0.8_p=1_q=32_20260122-134057
12800,3.5,0.8,1,32,base,fz,var,0.0,n=12800_bz=3.5_cv1=0.8_p=1_q=32_20260122-134057
12800,3.5,0.8,1,32,base,fr,mspe,1.1572388,n=12800_bz=3.5_cv1=0.8_p=1_q=32_20260122-134057
12800,3.5,0.8,1,32,base,fr,bias2,1.1524374,n=12800_bz=3.5_cv1=0.8_p=1_q=32_20260122-134057
12800,3.5,0.8,1,32,base,fr,var,0.0048014177,n=12800_bz=3.5_cv1=0.8_p=1_q=32_20260122-134057
12800,3.5,0.8,1,32,posthoc,y,mspe,1.3401561,n=12800_bz=3.5_cv1=0.8_p=1_q=32_20260122-134057
12800,3.5,0.8,1,32,posthoc,y,bias2,1.3333962,n=12800_bz=3.5_cv1=0.8_p=1_q=32_20260122-134057
12800,3.5,0.8,1,32,posthoc,y,var,0.0067598326,n=12800_bz=3.5_cv1=0.8_p=1_q=32_20260122-134057
12800,3.5,0.8,1,32,posthoc,fx,mspe,0.018879447,n=12800_bz=3.5_cv1=0.8_p=1_q=32_20260122-134057
12800,3.5,0.8,1,32,posthoc,fx,bias2,0.0004233984,n=12800_bz=3.5_cv1=0.8_p=1_q=32_20260122-134057
12800,3.5,0.8,1,32,posthoc,fx,var,0.01845605,n=12800_bz=3.5_cv1=0.8_p=1_q=32_20260122-134057
12800,3.5,0.8,1,32,posthoc,fz,mspe,0.014501211,n=12800_bz=3.5_cv1=0.8_p=1_q=32_20260122-134057
12800,3.5,0.8,1,32,posthoc,fz,bias2,8.2867366e-05,n=12800_bz=3.5_cv1=0.8_p=1_q=32_20260122-134057
12800,3.5,0.8,1,32,posthoc,fz,var,0.014418346,n=12800_bz=3.5_cv1=0.8_p=1_q=32_20260122-134057
12800,3.5,0.8,1,32,posthoc,fr,mspe,0.041152928,n=12800_bz=3.5_cv1=0.8_p=1_q=32_20260122-134057
12800,3.5,0.8,1,32,posthoc,fr,bias2,0.02269688,n=12800_bz=3.5_cv1=0.8_p=1_q=32_20260122-134057
12800,3.5,0.8,1,32,posthoc,fr,var,0.01845605,n=12800_bz=3.5_cv1=0.8_p=1_q=32_20260122-134057
12800,3.5,0.8,1,32,posthoc_orth,y,mspe,1.3400426,n=12800_bz=3.5_cv1=0.8_p=1_q=32_20260122-134057
12800,3.5,0.8,1,32,posthoc_orth,y,bias2,1.3333173,n=12800_bz=3.5_cv1=0.8_p=1_q=32_20260122-134057
12800,3.5,0.8,1,32,posthoc_orth,y,var,0.0067251753,n=12800_bz=3.5_cv1=0.8_p=1_q=32_20260122-134057
12800,3.5,0.8,1,32,posthoc_orth,fx,mspe,0.024699215,n=12800_bz=3.5_cv1=0.8_p=1_q=32_20260122-134057
12800,3.5,0.8,1,32,posthoc_orth,fx,bias2,0.019596463,n=12800_bz=3.5_cv1=0.8_p=1_q=32_20260122-134057
12800,3.5,0.8,1,32,posthoc_orth,fx,var,0.0051027536,n=12800_bz=3.5_cv1=0.8_p=1_q=32_20260122-134057
12800,3.5,0.8,1,32,posthoc_orth,fz,mspe,0.020709462,n=12800_bz=3.5_cv1=0.8_p=1_q=32_20260122-134057
12800,3.5,0.8,1,32,posthoc_orth,fz,bias2,0.019591426,n=12800_bz=3.5_cv1=0.8_p=1_q=32_20260122-134057
12800,3.5,0.8,1,32,posthoc_orth,fz,var,0.001118036,n=12800_bz=3.5_cv1=0.8_p=1_q=32_20260122-134057
12800,3.5,0.8,1,32,posthoc_orth,fr,mspe,0.0054178596,n=12800_bz=3.5_cv1=0.8_p=1_q=32_20260122-134057
12800,3.5,0.8,1,32,posthoc_orth,fr,bias2,0.00031510618,n=12800_bz=3.5_cv1=0.8_p=1_q=32_20260122-134057
12800,3.5,0.8,1,32,posthoc_orth,fr,var,0.0051027536,n=12800_bz=3.5_cv1=0.8_p=1_q=32_20260122-134057
12800,3.5,0.8,1,32,posthoc_web,y,mspe,5.951846,n=12800_bz=3.5_cv1=0.8_p=1_q=32_20260122-134057
12800,3.5,0.8,1,32,posthoc_web,y,bias2,5.938904,n=12800_bz=3.5_cv1=0.8_p=1_q=32_20260122-134057
12800,3.5,0.8,1,32,posthoc_web,y,var,0.012942154,n=12800_bz=3.5_cv1=0.8_p=1_q=32_20260122-134057
12800,3.5,0.8,1,32,posthoc_web,fx,mspe,0.07296371,n=12800_bz=3.5_cv1=0.8_p=1_q=32_20260122-134057
12800,3.5,0.8,1,32,posthoc_web,fx,bias2,0.06944568,n=12800_bz=3.5_cv1=0.8_p=1_q=32_20260122-134057
12800,3.5,0.8,1,32,posthoc_web,fx,var,0.0035180275,n=12800_bz=3.5_cv1=0.8_p=1_q=32_20260122-134057
12800,3.5,0.8,1,32,posthoc_web,fz,mspe,0.9549438,n=12800_bz=3.5_cv1=0.8_p=1_q=32_20260122-134057
12800,3.5,0.8,1,32,posthoc_web,fz,bias2,0.95494384,n=12800_bz=3.5_cv1=0.8_p=1_q=32_20260122-134057
12800,3.5,0.8,1,32,posthoc_web,fz,var,0.0,n=12800_bz=3.5_cv1=0.8_p=1_q=32_20260122-134057
12800,3.5,0.8,1,32,posthoc_web,fr,mspe,0.053185534,n=12800_bz=3.5_cv1=0.8_p=1_q=32_20260122-134057
12800,3.5,0.8,1,32,posthoc_web,fr,bias2,0.049667507,n=12800_bz=3.5_cv1=0.8_p=1_q=32_20260122-134057
12800,3.5,0.8,1,32,posthoc_web,fr,var,0.0035180275,n=12800_bz=3.5_cv1=0.8_p=1_q=32_20260122-134057
12800,3.0,0.8,1,32,base,y,mspe,1.1018091,n=12800_bz=3_cv1=0.8_p=1_q=32_20260122-100926
12800,3.0,0.8,1,32,base,y,bias2,1.0964088,n=12800_bz=3_cv1=0.8_p=1_q=32_20260122-100926
12800,3.0,0.8,1,32,base,y,var,0.0054003866,n=12800_bz=3_cv1=0.8_p=1_q=32_20260122-100926
12800,3.0,0.8,1,32,base,fx,mspe,0.64467263,n=12800_bz=3_cv1=0.8_p=1_q=32_20260122-100926
12800,3.0,0.8,1,32,base,fx,bias2,0.6403707,n=12800_bz=3_cv1=0.8_p=1_q=32_20260122-100926
12800,3.0,0.8,1,32,base,fx,var,0.004301873,n=12800_bz=3_cv1=0.8_p=1_q=32_20260122-100926
12800,3.0,0.8,1,32,base,fz,mspe,0.7015913,n=12800_bz=3_cv1=0.8_p=1_q=32_20260122-100926
12800,3.0,0.8,1,32,base,fz,bias2,0.7015913,n=12800_bz=3_cv1=0.8_p=1_q=32_20260122-100926
12800,3.0,0.8,1,32,base,fz,var,0.0,n=12800_bz=3_cv1=0.8_p=1_q=32_20260122-100926
12800,3.0,0.8,1,32,base,fr,mspe,0.8811463,n=12800_bz=3_cv1=0.8_p=1_q=32_20260122-100926
12800,3.0,0.8,1,32,base,fr,bias2,0.87684447,n=12800_bz=3_cv1=0.8_p=1_q=32_20260122-100926
12800,3.0,0.8,1,32,base,fr,var,0.004301873,n=12800_bz=3_cv1=0.8_p=1_q=32_20260122-100926
12800,3.0,0.8,1,32,posthoc,y,mspe,1.1549182,n=12800_bz=3_cv1=0.8_p=1_q=32_20260122-100926
12800,3.0,0.8,1,32,posthoc,y,bias2,1.148508,n=12800_bz=3_cv1=0.8_p=1_q=32_20260122-100926
12800,3.0,0.8,1,32,posthoc,y,var,0.0064101364,n=12800_bz=3_cv1=0.8_p=1_q=32_20260122-100926
12800,3.0,0.8,1,32,posthoc,fx,mspe,0.017852087,n=12800_bz=3_cv1=0.8_p=1_q=32_20260122-100926
12800,3.0,0.8,1,32,posthoc,fx,bias2,0.00045613333,n=12800_bz=3_cv1=0.8_p=1_q=32_20260122-100926
12800,3.0,0.8,1,32,posthoc,fx,var,0.017395953,n=12800_bz=3_cv1=0.8_p=1_q=32_20260122-100926
12800,3.0,0.8,1,32,posthoc,fz,mspe,0.014154604,n=12800_bz=3_cv1=0.8_p=1_q=32_20260122-100926
12800,3.0,0.8,1,32,posthoc,fz,bias2,0.00015067271,n=12800_bz=3_cv1=0.8_p=1_q=32_20260122-100926
12800,3.0,0.8,1,32,posthoc,fz,var,0.0140039325,n=12800_bz=3_cv1=0.8_p=1_q=32_20260122-100926
12800,3.0,0.8,1,32,posthoc,fr,mspe,0.040933248,n=12800_bz=3_cv1=0.8_p=1_q=32_20260122-100926
12800,3.0,0.8,1,32,posthoc,fr,bias2,0.02353729,n=12800_bz=3_cv1=0.8_p=1_q=32_20260122-100926
12800,3.0,0.8,1,32,posthoc,fr,var,0.017395953,n=12800_bz=3_cv1=0.8_p=1_q=32_20260122-100926
12800,3.0,0.8,1,32,posthoc_orth,y,mspe,1.1549621,n=12800_bz=3_cv1=0.8_p=1_q=32_20260122-100926
12800,3.0,0.8,1,32,posthoc_orth,y,bias2,1.1485426,n=12800_bz=3_cv1=0.8_p=1_q=32_20260122-100926
12800,3.0,0.8,1,32,posthoc_orth,y,var,0.006419349,n=12800_bz=3_cv1=0.8_p=1_q=32_20260122-100926
12800,3.0,0.8,1,32,posthoc_orth,fx,mspe,0.02448076,n=12800_bz=3_cv1=0.8_p=1_q=32_20260122-100926
12800,3.0,0.8,1,32,posthoc_orth,fx,bias2,0.019554837,n=12800_bz=3_cv1=0.8_p=1_q=32_20260122-100926
12800,3.0,0.8,1,32,posthoc_orth,fx,var,0.0049259225,n=12800_bz=3_cv1=0.8_p=1_q=32_20260122-100926
12800,3.0,0.8,1,32,posthoc_orth,fz,mspe,0.020454587,n=12800_bz=3_cv1=0.8_p=1_q=32_20260122-100926
12800,3.0,0.8,1,32,posthoc_orth,fz,bias2,0.019462682,n=12800_bz=3_cv1=0.8_p=1_q=32_20260122-100926
12800,3.0,0.8,1,32,posthoc_orth,fz,var,0.0009919018,n=12800_bz=3_cv1=0.8_p=1_q=32_20260122-100926
12800,3.0,0.8,1,32,posthoc_orth,fr,mspe,0.0052233785,n=12800_bz=3_cv1=0.8_p=1_q=32_20260122-100926
12800,3.0,0.8,1,32,posthoc_orth,fr,bias2,0.00029745663,n=12800_bz=3_cv1=0.8_p=1_q=32_20260122-100926
12800,3.0,0.8,1,32,posthoc_orth,fr,var,0.0049259225,n=12800_bz=3_cv1=0.8_p=1_q=32_20260122-100926
12800,3.0,0.8,1,32,posthoc_web,y,mspe,4.924569,n=12800_bz=3_cv1=0.8_p=1_q=32_20260122-100926
12800,3.0,0.8,1,32,posthoc_web,y,bias2,4.9138765,n=12800_bz=3_cv1=0.8_p=1_q=32_20260122-100926
12800,3.0,0.8,1,32,posthoc_web,y,var,0.010692907,n=12800_bz=3_cv1=0.8_p=1_q=32_20260122-100926
12800,3.0,0.8,1,32,posthoc_web,fx,mspe,0.05949464,n=12800_bz=3_cv1=0.8_p=1_q=32_20260122-100926
12800,3.0,0.8,1,32,posthoc_web,fx,bias2,0.056089696,n=12800_bz=3_cv1=0.8_p=1_q=32_20260122-100926
12800,3.0,0.8,1,32,posthoc_web,fx,var,0.0034049484,n=12800_bz=3_cv1=0.8_p=1_q=32_20260122-100926
12800,3.0,0.8,1,32,posthoc_web,fz,mspe,0.7015913,n=12800_bz=3_cv1=0.8_p=1_q=32_20260122-100926
12800,3.0,0.8,1,32,posthoc_web,fz,bias2,0.7015913,n=12800_bz=3_cv1=0.8_p=1_q=32_20260122-100926
12800,3.0,0.8,1,32,posthoc_web,fz,var,0.0,n=12800_bz=3_cv1=0.8_p=1_q=32_20260122-100926
12800,3.0,0.8,1,32,posthoc_web,fr,mspe,0.039772227,n=12800_bz=3_cv1=0.8_p=1_q=32_20260122-100926
12800,3.0,0.8,1,32,posthoc_web,fr,bias2,0.036367282,n=12800_bz=3_cv1=0.8_p=1_q=32_20260122-100926
12800,3.0,0.8,1,32,posthoc_web,fr,var,0.0034049484,n=12800_bz=3_cv1=0.8_p=1_q=32_20260122-100926
12800,4.0,0.8,1,32,base,y,mspe,1.4680531,n=12800_bz=4_cv1=0.8_p=1_q=32_20260122-164940
12800,4.0,0.8,1,32,base,y,bias2,1.4614072,n=12800_bz=4_cv1=0.8_p=1_q=32_20260122-164940
12800,4.0,0.8,1,32,base,y,var,0.0066460813,n=12800_bz=4_cv1=0.8_p=1_q=32_20260122-164940
12800,4.0,0.8,1,32,base,fx,mspe,1.1327881,n=12800_bz=4_cv1=0.8_p=1_q=32_20260122-164940
12800,4.0,0.8,1,32,base,fx,bias2,1.1274639,n=12800_bz=4_cv1=0.8_p=1_q=32_20260122-164940
12800,4.0,0.8,1,32,base,fx,var,0.0053241043,n=12800_bz=4_cv1=0.8_p=1_q=32_20260122-164940
12800,4.0,0.8,1,32,base,fz,mspe,1.2472734,n=12800_bz=4_cv1=0.8_p=1_q=32_20260122-164940
12800,4.0,0.8,1,32,base,fz,bias2,1.2472734,n=12800_bz=4_cv1=0.8_p=1_q=32_20260122-164940
12800,4.0,0.8,1,32,base,fz,var,0.0,n=12800_bz=4_cv1=0.8_p=1_q=32_20260122-164940
12800,4.0,0.8,1,32,base,fr,mspe,1.4402026,n=12800_bz=4_cv1=0.8_p=1_q=32_20260122-164940
12800,4.0,0.8,1,32,base,fr,bias2,1.4348783,n=12800_bz=4_cv1=0.8_p=1_q=32_20260122-164940
12800,4.0,0.8,1,32,base,fr,var,0.0053241043,n=12800_bz=4_cv1=0.8_p=1_q=32_20260122-164940
12800,4.0,0.8,1,32,posthoc,y,mspe,1.5725008,n=12800_bz=4_cv1=0.8_p=1_q=32_20260122-164940
12800,4.0,0.8,1,32,posthoc,y,bias2,1.565326,n=12800_bz=4_cv1=0.8_p=1_q=32_20260122-164940
12800,4.0,0.8,1,32,posthoc,y,var,0.0071748625,n=12800_bz=4_cv1=0.8_p=1_q=32_20260122-164940
12800,4.0,0.8,1,32,posthoc,fx,mspe,0.018814765,n=12800_bz=4_cv1=0.8_p=1_q=32_20260122-164940
12800,4.0,0.8,1,32,posthoc,fx,bias2,0.00039955802,n=12800_bz=4_cv1=0.8_p=1_q=32_20260122-164940
12800,4.0,0.8,1,32,posthoc,fx,var,0.018415207,n=12800_bz=4_cv1=0.8_p=1_q=32_20260122-164940
12800,4.0,0.8,1,32,posthoc,fz,mspe,0.014955384,n=12800_bz=4_cv1=0.8_p=1_q=32_20260122-164940
12800,4.0,0.8,1,32,posthoc,fz,bias2,0.00010095295,n=12800_bz=4_cv1=0.8_p=1_q=32_20260122-164940
12800,4.0,0.8,1,32,posthoc,fz,var,0.014854429,n=12800_bz=4_cv1=0.8_p=1_q=32_20260122-164940
12800,4.0,0.8,1,32,posthoc,fr,mspe,0.040763866,n=12800_bz=4_cv1=0.8_p=1_q=32_20260122-164940
12800,4.0,0.8,1,32,posthoc,fr,bias2,0.02234866,n=12800_bz=4_cv1=0.8_p=1_q=32_20260122-164940
12800,4.0,0.8,1,32,posthoc,fr,var,0.018415207,n=12800_bz=4_cv1=0.8_p=1_q=32_20260122-164940
12800,4.0,0.8,1,32,posthoc_orth,y,mspe,1.5725696,n=12800_bz=4_cv1=0.8_p=1_q=32_20260122-164940
12800,4.0,0.8,1,32,posthoc_orth,y,bias2,1.5654901,n=12800_bz=4_cv1=0.8_p=1_q=32_20260122-164940
12800,4.0,0.8,1,32,posthoc_orth,y,var,0.007079641,n=12800_bz=4_cv1=0.8_p=1_q=32_20260122-164940
12800,4.0,0.8,1,32,posthoc_orth,fx,mspe,0.024882363,n=12800_bz=4_cv1=0.8_p=1_q=32_20260122-164940
12800,4.0,0.8,1,32,posthoc_orth,fx,bias2,0.01957885,n=12800_bz=4_cv1=0.8_p=1_q=32_20260122-164940
12800,4.0,0.8,1,32,posthoc_orth,fx,var,0.005303513,n=12800_bz=4_cv1=0.8_p=1_q=32_20260122-164940
12800,4.0,0.8,1,32,posthoc_orth,fz,mspe,0.020372285,n=12800_bz=4_cv1=0.8_p=1_q=32_20260122-164940
12800,4.0,0.8,1,32,posthoc_orth,fz,bias2,0.01899215,n=12800_bz=4_cv1=0.8_p=1_q=32_20260122-164940
12800,4.0,0.8,1,32,posthoc_orth,fz,var,0.001380134,n=12800_bz=4_cv1=0.8_p=1_q=32_20260122-164940
12800,4.0,0.8,1,32,posthoc_orth,fr,mspe,0.005649131,n=12800_bz=4_cv1=0.8_p=1_q=32_20260122-164940
12800,4.0,0.8,1,32,posthoc_orth,fr,bias2,0.0003456182,n=12800_bz=4_cv1=0.8_p=1_q=32_20260122-164940
12800,4.0,0.8,1,32,posthoc_orth,fr,var,0.005303513,n=12800_bz=4_cv1=0.8_p=1_q=32_20260122-164940
12800,4.0,0.8,1,32,posthoc_web,y,mspe,7.0027685,n=12800_bz=4_cv1=0.8_p=1_q=32_20260122-164940
12800,4.0,0.8,1,32,posthoc_web,y,bias2,6.9891386,n=12800_bz=4_cv1=0.8_p=1_q=32_20260122-164940
12800,4.0,0.8,1,32,posthoc_web,y,var,0.013630667,n=12800_bz=4_cv1=0.8_p=1_q=32_20260122-164940
12800,4.0,0.8,1,32,posthoc_web,fx,mspe,0.08759122,n=12800_bz=4_cv1=0.8_p=1_q=32_20260122-164940
12800,4.0,0.8,1,32,posthoc_web,fx,bias2,0.0837511,n=12800_bz=4_cv1=0.8_p=1_q=32_20260122-164940
12800,4.0,0.8,1,32,posthoc_web,fx,var,0.0038401233,n=12800_bz=4_cv1=0.8_p=1_q=32_20260122-164940
12800,4.0,0.8,1,32,posthoc_web,fz,mspe,1.2472734,n=12800_bz=4_cv1=0.8_p=1_q=32_20260122-164940
12800,4.0,0.8,1,32,posthoc_web,fz,bias2,1.2472734,n=12800_bz=4_cv1=0.8_p=1_q=32_20260122-164940
12800,4.0,0.8,1,32,posthoc_web,fz,var,0.0,n=12800_bz=4_cv1=0.8_p=1_q=32_20260122-164940
12800,4.0,0.8,1,32,posthoc_web,fr,mspe,0.06779802,n=12800_bz=4_cv1=0.8_p=1_q=32_20260122-164940
12800,4.0,0.8,1,32,posthoc_web,fr,bias2,0.06395789,n=12800_bz=4_cv1=0.8_p=1_q=32_20260122-164940
12800,4.0,0.8,1,32,posthoc_web,fr,var,0.0038401233,n=12800_bz=4_cv1=0.8_p=1_q=32_20260122-164940
1600,0.5,0.8,1,32,base,y,mspe,0.6289212,n=1600_bz=0.5_cv1=0.8_p=1_q=32_20260121-190912
1600,0.5,0.8,1,32,base,y,bias2,0.6111034,n=1600_bz=0.5_cv1=0.8_p=1_q=32_20260121-190912
1600,0.5,0.8,1,32,base,y,var,0.017817793,n=1600_bz=0.5_cv1=0.8_p=1_q=32_20260121-190912
1600,0.5,0.8,1,32,base,fx,mspe,0.031097272,n=1600_bz=0.5_cv1=0.8_p=1_q=32_20260121-190912
1600,0.5,0.8,1,32,base,fx,bias2,0.017376391,n=1600_bz=0.5_cv1=0.8_p=1_q=32_20260121-190912
1600,0.5,0.8,1,32,base,fx,var,0.013720883,n=1600_bz=0.5_cv1=0.8_p=1_q=32_20260121-190912
1600,0.5,0.8,1,32,base,fz,mspe,0.019488648,n=1600_bz=0.5_cv1=0.8_p=1_q=32_20260121-190912
1600,0.5,0.8,1,32,base,fz,bias2,0.019488648,n=1600_bz=0.5_cv1=0.8_p=1_q=32_20260121-190912
1600,0.5,0.8,1,32,base,fz,var,0.0,n=1600_bz=0.5_cv1=0.8_p=1_q=32_20260121-190912
1600,0.5,0.8,1,32,base,fr,mspe,0.084171005,n=1600_bz=0.5_cv1=0.8_p=1_q=32_20260121-190912
1600,0.5,0.8,1,32,base,fr,bias2,0.07045013,n=1600_bz=0.5_cv1=0.8_p=1_q=32_20260121-190912
1600,0.5,0.8,1,32,base,fr,var,0.013720883,n=1600_bz=0.5_cv1=0.8_p=1_q=32_20260121-190912
1600,0.5,0.8,1,32,posthoc,y,mspe,0.6467766,n=1600_bz=0.5_cv1=0.8_p=1_q=32_20260121-190912
1600,0.5,0.8,1,32,posthoc,y,bias2,0.62217325,n=1600_bz=0.5_cv1=0.8_p=1_q=32_20260121-190912
1600,0.5,0.8,1,32,posthoc,y,var,0.024603324,n=1600_bz=0.5_cv1=0.8_p=1_q=32_20260121-190912
1600,0.5,0.8,1,32,posthoc,fx,mspe,0.042569567,n=1600_bz=0.5_cv1=0.8_p=1_q=32_20260121-190912
1600,0.5,0.8,1,32,posthoc,fx,bias2,0.01345244,n=1600_bz=0.5_cv1=0.8_p=1_q=32_20260121-190912
1600,0.5,0.8,1,32,posthoc,fx,var,0.029117133,n=1600_bz=0.5_cv1=0.8_p=1_q=32_20260121-190912
1600,0.5,0.8,1,32,posthoc,fz,mspe,0.027903168,n=1600_bz=0.5_cv1=0.8_p=1_q=32_20260121-190912
1600,0.5,0.8,1,32,posthoc,fz,bias2,0.013656451,n=1600_bz=0.5_cv1=0.8_p=1_q=32_20260121-190912
1600,0.5,0.8,1,32,posthoc,fz,var,0.014246716,n=1600_bz=0.5_cv1=0.8_p=1_q=32_20260121-190912
1600,0.5,0.8,1,32,posthoc,fr,mspe,0.092166334,n=1600_bz=0.5_cv1=0.8_p=1_q=32_20260121-190912
1600,0.5,0.8,1,32,posthoc,fr,bias2,0.063049205,n=1600_bz=0.5_cv1=0.8_p=1_q=32_20260121-190912
1600,0.5,0.8,1,32,posthoc,fr,var,0.029117133,n=1600_bz=0.5_cv1=0.8_p=1_q=32_20260121-190912
1600,0.5,0.8,1,32,posthoc_orth,y,mspe,0.6466588,n=1600_bz=0.5_cv1=0.8_p=1_q=32_20260121-190912
1600,0.5,0.8,1,32,posthoc_orth,y,bias2,0.62191564,n=1600_bz=0.5_cv1=0.8_p=1_q=32_20260121-190912
1600,0.5,0.8,1,32,posthoc_orth,y,var,0.02474314,n=1600_bz=0.5_cv1=0.8_p=1_q=32_20260121-190912
1600,0.5,0.8,1,32,posthoc_orth,fx,mspe,0.036830205,n=1600_bz=0.5_cv1=0.8_p=1_q=32_20260121-190912
1600,0.5,0.8,1,32,posthoc_orth,fx,bias2,0.021537732,n=1600_bz=0.5_cv1=0.8_p=1_q=32_20260121-190912
1600,0.5,0.8,1,32,posthoc_orth,fx,var,0.015292469,n=1600_bz=0.5_cv1=0.8_p=1_q=32_20260121-190912
1600,0.5,0.8,1,32,posthoc_orth,fz,mspe,0.02201993,n=1600_bz=0.5_cv1=0.8_p=1_q=32_20260121-190912
1600,0.5,0.8,1,32,posthoc_orth,fz,bias2,0.017111573,n=1600_bz=0.5_cv1=0.8_p=1_q=32_20260121-190912
1600,0.5,0.8,1,32,posthoc_orth,fz,var,0.004908356,n=1600_bz=0.5_cv1=0.8_p=1_q=32_20260121-190912
1600,0.5,0.8,1,32,posthoc_orth,fr,mspe,0.017219089,n=1600_bz=0.5_cv1=0.8_p=1_q=32_20260121-190912
1600,0.5,0.8,1,32,posthoc_orth,fr,bias2,0.0019266173,n=1600_bz=0.5_cv1=0.8_p=1_q=32_20260121-190912
1600,0.5,0.8,1,32,posthoc_orth,fr,var,0.015292469,n=1600_bz=0.5_cv1=0.8_p=1_q=32_20260121-190912
1600,0.5,0.8,1,32,posthoc_web,y,mspe,1.2907803,n=1600_bz=0.5_cv1=0.8_p=1_q=32_20260121-190912
1600,0.5,0.8,1,32,posthoc_web,y,bias2,1.2462754,n=1600_bz=0.5_cv1=0.8_p=1_q=32_20260121-190912
1600,0.5,0.8,1,32,posthoc_web,y,var,0.04450482,n=1600_bz=0.5_cv1=0.8_p=1_q=32_20260121-190912
1600,0.5,0.8,1,32,posthoc_web,fx,mspe,0.032478504,n=1600_bz=0.5_cv1=0.8_p=1_q=32_20260121-190912
1600,0.5,0.8,1,32,posthoc_web,fx,bias2,0.022391105,n=1600_bz=0.5_cv1=0.8_p=1_q=32_20260121-190912
1600,0.5,0.8,1,32,posthoc_web,fx,var,0.0100874,n=1600_bz=0.5_cv1=0.8_p=1_q=32_20260121-190912
1600,0.5,0.8,1,32,posthoc_web,fz,mspe,0.019488648,n=1600_bz=0.5_cv1=0.8_p=1_q=32_20260121-190912
1600,0.5,0.8,1,32,posthoc_web,fz,bias2,0.019488648,n=1600_bz=0.5_cv1=0.8_p=1_q=32_20260121-190912
1600,0.5,0.8,1,32,posthoc_web,fz,var,0.0,n=1600_bz=0.5_cv1=0.8_p=1_q=32_20260121-190912
1600,0.5,0.8,1,32,posthoc_web,fr,mspe,0.012993002,n=1600_bz=0.5_cv1=0.8_p=1_q=32_20260121-190912
1600,0.5,0.8,1,32,posthoc_web,fr,bias2,0.0029056037,n=1600_bz=0.5_cv1=0.8_p=1_q=32_20260121-190912
1600,0.5,0.8,1,32,posthoc_web,fr,var,0.0100874,n=1600_bz=0.5_cv1=0.8_p=1_q=32_20260121-190912
1600,0.0,0.8,1,32,base,y,mspe,0.5904727,n=1600_bz=0_cv1=0.8_p=1_q=32_20260121-161431
1600,0.0,0.8,1,32,base,y,bias2,0.5730239,n=1600_bz=0_cv1=0.8_p=1_q=32_20260121-161431
1600,0.0,0.8,1,32,base,y,var,0.017448828,n=1600_bz=0_cv1=0.8_p=1_q=32_20260121-161431
1600,0.0,0.8,1,32,base,fx,mspe,0.016645378,n=1600_bz=0_cv1=0.8_p=1_q=32_20260121-161431
1600,0.0,0.8,1,32,base,fx,bias2,0.0030185012,n=1600_bz=0_cv1=0.8_p=1_q=32_20260121-161431
1600,0.0,0.8,1,32,base,fx,var,0.013626877,n=1600_bz=0_cv1=0.8_p=1_q=32_20260121-161431
1600,0.0,0.8,1,32,base,fz,mspe,0.0,n=1600_bz=0_cv1=0.8_p=1_q=32_20260121-161431
1600,0.0,0.8,1,32,base,fz,bias2,0.0,n=1600_bz=0_cv1=0.8_p=1_q=32_20260121-161431
1600,0.0,0.8,1,32,base,fz,var,0.0,n=1600_bz=0_cv1=0.8_p=1_q=32_20260121-161431
1600,0.0,0.8,1,32,base,fr,mspe,0.03392084,n=1600_bz=0_cv1=0.8_p=1_q=32_20260121-161431
1600,0.0,0.8,1,32,base,fr,bias2,0.020293966,n=1600_bz=0_cv1=0.8_p=1_q=32_20260121-161431
1600,0.0,0.8,1,32,base,fr,var,0.013626877,n=1600_bz=0_cv1=0.8_p=1_q=32_20260121-161431
1600,0.0,0.8,1,32,posthoc,y,mspe,0.61650014,n=1600_bz=0_cv1=0.8_p=1_q=32_20260121-161431
1600,0.0,0.8,1,32,posthoc,y,bias2,0.5918392,n=1600_bz=0_cv1=0.8_p=1_q=32_20260121-161431
1600,0.0,0.8,1,32,posthoc,y,var,0.024660958,n=1600_bz=0_cv1=0.8_p=1_q=32_20260121-161431
1600,0.0,0.8,1,32,posthoc,fx,mspe,0.026482154,n=1600_bz=0_cv1=0.8_p=1_q=32_20260121-161431
1600,0.0,0.8,1,32,posthoc,fx,bias2,0.0013274434,n=1600_bz=0_cv1=0.8_p=1_q=32_20260121-161431
1600,0.0,0.8,1,32,posthoc,fx,var,0.025154708,n=1600_bz=0_cv1=0.8_p=1_q=32_20260121-161431
1600,0.0,0.8,1,32,posthoc,fz,mspe,0.012603163,n=1600_bz=0_cv1=0.8_p=1_q=32_20260121-161431
1600,0.0,0.8,1,32,posthoc,fz,bias2,0.00076954335,n=1600_bz=0_cv1=0.8_p=1_q=32_20260121-161431
1600,0.0,0.8,1,32,posthoc,fz,var,0.011833619,n=1600_bz=0_cv1=0.8_p=1_q=32_20260121-161431
1600,0.0,0.8,1,32,posthoc,fr,mspe,0.051303856,n=1600_bz=0_cv1=0.8_p=1_q=32_20260121-161431
1600,0.0,0.8,1,32,posthoc,fr,bias2,0.026149154,n=1600_bz=0_cv1=0.8_p=1_q=32_20260121-161431
1600,0.0,0.8,1,32,posthoc,fr,var,0.025154708,n=1600_bz=0_cv1=0.8_p=1_q=32_20260121-161431
1600,0.0,0.8,1,32,posthoc_orth,y,mspe,0.6165125,n=1600_bz=0_cv1=0.8_p=1_q=32_20260121-161431
1600,0.0,0.8,1,32,posthoc_orth,y,bias2,0.59147805,n=1600_bz=0_cv1=0.8_p=1_q=32_20260121-161431
1600,0.0,0.8,1,32,posthoc_orth,y,var,0.025034409,n=1600_bz=0_cv1=0.8_p=1_q=32_20260121-161431
1600,0.0,0.8,1,32,posthoc_orth,fx,mspe,0.03557186,n=1600_bz=0_cv1=0.8_p=1_q=32_20260121-161431
1600,0.0,0.8,1,32,posthoc_orth,fx,bias2,0.0204584,n=1600_bz=0_cv1=0.8_p=1_q=32_20260121-161431
1600,0.0,0.8,1,32,posthoc_orth,fx,var,0.015113455,n=1600_bz=0_cv1=0.8_p=1_q=32_20260121-161431
1600,0.0,0.8,1,32,posthoc_orth,fz,mspe,0.022686133,n=1600_bz=0_cv1=0.8_p=1_q=32_20260121-161431
1600,0.0,0.8,1,32,posthoc_orth,fz,bias2,0.01712437,n=1600_bz=0_cv1=0.8_p=1_q=32_20260121-161431
1600,0.0,0.8,1,32,posthoc_orth,fz,var,0.005561762,n=1600_bz=0_cv1=0.8_p=1_q=32_20260121-161431
1600,0.0,0.8,1,32,posthoc_orth,fr,mspe,0.016146153,n=1600_bz=0_cv1=0.8_p=1_q=32_20260121-161431
1600,0.0,0.8,1,32,posthoc_orth,fr,bias2,0.0010326977,n=1600_bz=0_cv1=0.8_p=1_q=32_20260121-161431
1600,0.0,0.8,1,32,posthoc_orth,fr,var,0.015113455,n=1600_bz=0_cv1=0.8_p=1_q=32_20260121-161431
1600,0.0,0.8,1,32,posthoc_web,y,mspe,0.8728582,n=1600_bz=0_cv1=0.8_p=1_q=32_20260121-161431
1600,0.0,0.8,1,32,posthoc_web,y,bias2,0.82903665,n=1600_bz=0_cv1=0.8_p=1_q=32_20260121-161431
1600,0.0,0.8,1,32,posthoc_web,y,var,0.043821584,n=1600_bz=0_cv1=0.8_p=1_q=32_20260121-161431
1600,0.0,0.8,1,32,posthoc_web,fx,mspe,0.032231133,n=1600_bz=0_cv1=0.8_p=1_q=32_20260121-161431
1600,0.0,0.8,1,32,posthoc_web,fx,bias2,0.022084327,n=1600_bz=0_cv1=0.8_p=1_q=32_20260121-161431
1600,0.0,0.8,1,32,posthoc_web,fx,var,0.010146805,n=1600_bz=0_cv1=0.8_p=1_q=32_20260121-161431
1600,0.0,0.8,1,32,posthoc_web,fz,mspe,0.0,n=1600_bz=0_cv1=0.8_p=1_q=32_20260121-161431
1600,0.0,0.8,1,32,posthoc_web,fz,bias2,0.0,n=1600_bz=0_cv1=0.8_p=1_q=32_20260121-161431
1600,0.0,0.8,1,32,posthoc_web,fz,var,0.0,n=1600_bz=0_cv1=0.8_p=1_q=32_20260121-161431
1600,0.0,0.8,1,32,posthoc_web,fr,mspe,0.013104087,n=1600_bz=0_cv1=0.8_p=1_q=32_20260121-161431
1600,0.0,0.8,1,32,posthoc_web,fr,bias2,0.0029572817,n=1600_bz=0_cv1=0.8_p=1_q=32_20260121-161431
1600,0.0,0.8,1,32,posthoc_web,fr,var,0.010146805,n=1600_bz=0_cv1=0.8_p=1_q=32_20260121-161431
1600,1.5,0.8,1,32,base,y,mspe,0.737829,n=1600_bz=1.5_cv1=0.8_p=1_q=32_20260122-004837
1600,1.5,0.8,1,32,base,y,bias2,0.71653825,n=1600_bz=1.5_cv1=0.8_p=1_q=32_20260122-004837
1600,1.5,0.8,1,32,base,y,var,0.021290792,n=1600_bz=1.5_cv1=0.8_p=1_q=32_20260122-004837
1600,1.5,0.8,1,32,base,fx,mspe,0.16896723,n=1600_bz=1.5_cv1=0.8_p=1_q=32_20260122-004837
1600,1.5,0.8,1,32,base,fx,bias2,0.15221828,n=1600_bz=1.5_cv1=0.8_p=1_q=32_20260122-004837
1600,1.5,0.8,1,32,base,fx,var,0.01674895,n=1600_bz=1.5_cv1=0.8_p=1_q=32_20260122-004837
1600,1.5,0.8,1,32,base,fz,mspe,0.17539783,n=1600_bz=1.5_cv1=0.8_p=1_q=32_20260122-004837
1600,1.5,0.8,1,32,base,fz,bias2,0.17539783,n=1600_bz=1.5_cv1=0.8_p=1_q=32_20260122-004837
1600,1.5,0.8,1,32,base,fz,var,0.0,n=1600_bz=1.5_cv1=0.8_p=1_q=32_20260122-004837
1600,1.5,0.8,1,32,base,fr,mspe,0.29392207,n=1600_bz=1.5_cv1=0.8_p=1_q=32_20260122-004837
1600,1.5,0.8,1,32,base,fr,bias2,0.27717313,n=1600_bz=1.5_cv1=0.8_p=1_q=32_20260122-004837
1600,1.5,0.8,1,32,base,fr,var,0.01674895,n=1600_bz=1.5_cv1=0.8_p=1_q=32_20260122-004837
1600,1.5,0.8,1,32,posthoc,y,mspe,0.7766373,n=1600_bz=1.5_cv1=0.8_p=1_q=32_20260122-004837
1600,1.5,0.8,1,32,posthoc,y,bias2,0.7509573,n=1600_bz=1.5_cv1=0.8_p=1_q=32_20260122-004837
1600,1.5,0.8,1,32,posthoc,y,var,0.025679948,n=1600_bz=1.5_cv1=0.8_p=1_q=32_20260122-004837
1600,1.5,0.8,1,32,posthoc,fx,mspe,0.1052174,n=1600_bz=1.5_cv1=0.8_p=1_q=32_20260122-004837
1600,1.5,0.8,1,32,posthoc,fx,bias2,0.042942848,n=1600_bz=1.5_cv1=0.8_p=1_q=32_20260122-004837
1600,1.5,0.8,1,32,posthoc,fx,var,0.062274553,n=1600_bz=1.5_cv1=0.8_p=1_q=32_20260122-004837
1600,1.5,0.8,1,32,posthoc,fz,mspe,0.0883947,n=1600_bz=1.5_cv1=0.8_p=1_q=32_20260122-004837
1600,1.5,0.8,1,32,posthoc,fz,bias2,0.04044115,n=1600_bz=1.5_cv1=0.8_p=1_q=32_20260122-004837
1600,1.5,0.8,1,32,posthoc,fz,var,0.047953546,n=1600_bz=1.5_cv1=0.8_p=1_q=32_20260122-004837
1600,1.5,0.8,1,32,posthoc,fr,mspe,0.18022178,n=1600_bz=1.5_cv1=0.8_p=1_q=32_20260122-004837
1600,1.5,0.8,1,32,posthoc,fr,bias2,0.11794721,n=1600_bz=1.5_cv1=0.8_p=1_q=32_20260122-004837
1600,1.5,0.8,1,32,posthoc,fr,var,0.062274553,n=1600_bz=1.5_cv1=0.8_p=1_q=32_20260122-004837
1600,1.5,0.8,1,32,posthoc_orth,y,mspe,0.77587235,n=1600_bz=1.5_cv1=0.8_p=1_q=32_20260122-004837
1600,1.5,0.8,1,32,posthoc_orth,y,bias2,0.7500728,n=1600_bz=1.5_cv1=0.8_p=1_q=32_20260122-004837
1600,1.5,0.8,1,32,posthoc_orth,y,var,0.025799649,n=1600_bz=1.5_cv1=0.8_p=1_q=32_20260122-004837
1600,1.5,0.8,1,32,posthoc_orth,fx,mspe,0.03962535,n=1600_bz=1.5_cv1=0.8_p=1_q=32_20260122-004837
1600,1.5,0.8,1,32,posthoc_orth,fx,bias2,0.023249883,n=1600_bz=1.5_cv1=0.8_p=1_q=32_20260122-004837
1600,1.5,0.8,1,32,posthoc_orth,fx,var,0.016375465,n=1600_bz=1.5_cv1=0.8_p=1_q=32_20260122-004837
1600,1.5,0.8,1,32,posthoc_orth,fz,mspe,0.024533017,n=1600_bz=1.5_cv1=0.8_p=1_q=32_20260122-004837
1600,1.5,0.8,1,32,posthoc_orth,fz,bias2,0.019239271,n=1600_bz=1.5_cv1=0.8_p=1_q=32_20260122-004837
1600,1.5,0.8,1,32,posthoc_orth,fz,var,0.0052937428,n=1600_bz=1.5_cv1=0.8_p=1_q=32_20260122-004837
1600,1.5,0.8,1,32,posthoc_orth,fr,mspe,0.019695902,n=1600_bz=1.5_cv1=0.8_p=1_q=32_20260122-004837
1600,1.5,0.8,1,32,posthoc_orth,fr,bias2,0.0033204355,n=1600_bz=1.5_cv1=0.8_p=1_q=32_20260122-004837
1600,1.5,0.8,1,32,posthoc_orth,fr,var,0.016375465,n=1600_bz=1.5_cv1=0.8_p=1_q=32_20260122-004837
1600,1.5,0.8,1,32,posthoc_web,y,mspe,2.364746,n=1600_bz=1.5_cv1=0.8_p=1_q=32_20260122-004837
1600,1.5,0.8,1,32,posthoc_web,y,bias2,2.319849,n=1600_bz=1.5_cv1=0.8_p=1_q=32_20260122-004837
1600,1.5,0.8,1,32,posthoc_web,y,var,0.044897188,n=1600_bz=1.5_cv1=0.8_p=1_q=32_20260122-004837
1600,1.5,0.8,1,32,posthoc_web,fx,mspe,0.04093329,n=1600_bz=1.5_cv1=0.8_p=1_q=32_20260122-004837
1600,1.5,0.8,1,32,posthoc_web,fx,bias2,0.029882334,n=1600_bz=1.5_cv1=0.8_p=1_q=32_20260122-004837
1600,1.5,0.8,1,32,posthoc_web,fx,var,0.011050956,n=1600_bz=1.5_cv1=0.8_p=1_q=32_20260122-004837
1600,1.5,0.8,1,32,posthoc_web,fz,mspe,0.17539783,n=1600_bz=1.5_cv1=0.8_p=1_q=32_20260122-004837
1600,1.5,0.8,1,32,posthoc_web,fz,bias2,0.17539783,n=1600_bz=1.5_cv1=0.8_p=1_q=32_20260122-004837
1600,1.5,0.8,1,32,posthoc_web,fz,var,0.0,n=1600_bz=1.5_cv1=0.8_p=1_q=32_20260122-004837
1600,1.5,0.8,1,32,posthoc_web,fr,mspe,0.020586353,n=1600_bz=1.5_cv1=0.8_p=1_q=32_20260122-004837
1600,1.5,0.8,1,32,posthoc_web,fr,bias2,0.0095353965,n=1600_bz=1.5_cv1=0.8_p=1_q=32_20260122-004837
1600,1.5,0.8,1,32,posthoc_web,fr,var,0.011050956,n=1600_bz=1.5_cv1=0.8_p=1_q=32_20260122-004837
1600,1.0,0.8,1,32,base,y,mspe,0.68643975,n=1600_bz=1_cv1=0.8_p=1_q=32_20260121-215746
1600,1.0,0.8,1,32,base,y,bias2,0.66756856,n=1600_bz=1_cv1=0.8_p=1_q=32_20260121-215746
1600,1.0,0.8,1,32,base,y,var,0.018871166,n=1600_bz=1_cv1=0.8_p=1_q=32_20260121-215746
1600,1.0,0.8,1,32,base,fx,mspe,0.08458717,n=1600_bz=1_cv1=0.8_p=1_q=32_20260121-215746
1600,1.0,0.8,1,32,base,fx,bias2,0.06967768,n=1600_bz=1_cv1=0.8_p=1_q=32_20260121-215746
1600,1.0,0.8,1,32,base,fx,var,0.014909494,n=1600_bz=1_cv1=0.8_p=1_q=32_20260121-215746
1600,1.0,0.8,1,32,base,fz,mspe,0.07795459,n=1600_bz=1_cv1=0.8_p=1_q=32_20260121-215746
1600,1.0,0.8,1,32,base,fz,bias2,0.07795459,n=1600_bz=1_cv1=0.8_p=1_q=32_20260121-215746
1600,1.0,0.8,1,32,base,fz,var,0.0,n=1600_bz=1_cv1=0.8_p=1_q=32_20260121-215746
1600,1.0,0.8,1,32,base,fr,mspe,0.17514683,n=1600_bz=1_cv1=0.8_p=1_q=32_20260121-215746
1600,1.0,0.8,1,32,base,fr,bias2,0.16023733,n=1600_bz=1_cv1=0.8_p=1_q=32_20260121-215746
1600,1.0,0.8,1,32,base,fr,var,0.014909494,n=1600_bz=1_cv1=0.8_p=1_q=32_20260121-215746
1600,1.0,0.8,1,32,posthoc,y,mspe,0.6985741,n=1600_bz=1_cv1=0.8_p=1_q=32_20260121-215746
1600,1.0,0.8,1,32,posthoc,y,bias2,0.67312026,n=1600_bz=1_cv1=0.8_p=1_q=32_20260121-215746
1600,1.0,0.8,1,32,posthoc,y,var,0.02545387,n=1600_bz=1_cv1=0.8_p=1_q=32_20260121-215746
1600,1.0,0.8,1,32,posthoc,fx,mspe,0.081265725,n=1600_bz=1_cv1=0.8_p=1_q=32_20260121-215746
1600,1.0,0.8,1,32,posthoc,fx,bias2,0.027994089,n=1600_bz=1_cv1=0.8_p=1_q=32_20260121-215746
1600,1.0,0.8,1,32,posthoc,fx,var,0.053271633,n=1600_bz=1_cv1=0.8_p=1_q=32_20260121-215746
1600,1.0,0.8,1,32,posthoc,fz,mspe,0.06324261,n=1600_bz=1_cv1=0.8_p=1_q=32_20260121-215746
1600,1.0,0.8,1,32,posthoc,fz,bias2,0.02667388,n=1600_bz=1_cv1=0.8_p=1_q=32_20260121-215746
1600,1.0,0.8,1,32,posthoc,fz,var,0.036568727,n=1600_bz=1_cv1=0.8_p=1_q=32_20260121-215746
1600,1.0,0.8,1,32,posthoc,fr,mspe,0.14526689,n=1600_bz=1_cv1=0.8_p=1_q=32_20260121-215746
1600,1.0,0.8,1,32,posthoc,fr,bias2,0.09199526,n=1600_bz=1_cv1=0.8_p=1_q=32_20260121-215746
1600,1.0,0.8,1,32,posthoc,fr,var,0.053271633,n=1600_bz=1_cv1=0.8_p=1_q=32_20260121-215746
1600,1.0,0.8,1,32,posthoc_orth,y,mspe,0.69769317,n=1600_bz=1_cv1=0.8_p=1_q=32_20260121-215746
1600,1.0,0.8,1,32,posthoc_orth,y,bias2,0.67338353,n=1600_bz=1_cv1=0.8_p=1_q=32_20260121-215746
1600,1.0,0.8,1,32,posthoc_orth,y,var,0.024309596,n=1600_bz=1_cv1=0.8_p=1_q=32_20260121-215746
1600,1.0,0.8,1,32,posthoc_orth,fx,mspe,0.0379233,n=1600_bz=1_cv1=0.8_p=1_q=32_20260121-215746
1600,1.0,0.8,1,32,posthoc_orth,fx,bias2,0.022792242,n=1600_bz=1_cv1=0.8_p=1_q=32_20260121-215746
1600,1.0,0.8,1,32,posthoc_orth,fx,var,0.015131059,n=1600_bz=1_cv1=0.8_p=1_q=32_20260121-215746
1600,1.0,0.8,1,32,posthoc_orth,fz,mspe,0.023153929,n=1600_bz=1_cv1=0.8_p=1_q=32_20260121-215746
1600,1.0,0.8,1,32,posthoc_orth,fz,bias2,0.018595332,n=1600_bz=1_cv1=0.8_p=1_q=32_20260121-215746
1600,1.0,0.8,1,32,posthoc_orth,fz,var,0.0045585954,n=1600_bz=1_cv1=0.8_p=1_q=32_20260121-215746
1600,1.0,0.8,1,32,posthoc_orth,fr,mspe,0.018187596,n=1600_bz=1_cv1=0.8_p=1_q=32_20260121-215746
1600,1.0,0.8,1,32,posthoc_orth,fr,bias2,0.003056536,n=1600_bz=1_cv1=0.8_p=1_q=32_20260121-215746
1600,1.0,0.8,1,32,posthoc_orth,fr,var,0.015131059,n=1600_bz=1_cv1=0.8_p=1_q=32_20260121-215746
1600,1.0,0.8,1,32,posthoc_web,y,mspe,1.8660692,n=1600_bz=1_cv1=0.8_p=1_q=32_20260121-215746
1600,1.0,0.8,1,32,posthoc_web,y,bias2,1.8224417,n=1600_bz=1_cv1=0.8_p=1_q=32_20260121-215746
1600,1.0,0.8,1,32,posthoc_web,y,var,0.043627474,n=1600_bz=1_cv1=0.8_p=1_q=32_20260121-215746
1600,1.0,0.8,1,32,posthoc_web,fx,mspe,0.03536291,n=1600_bz=1_cv1=0.8_p=1_q=32_20260121-215746
1600,1.0,0.8,1,32,posthoc_web,fx,bias2,0.024755692,n=1600_bz=1_cv1=0.8_p=1_q=32_20260121-215746
1600,1.0,0.8,1,32,posthoc_web,fx,var,0.010607217,n=1600_bz=1_cv1=0.8_p=1_q=32_20260121-215746
1600,1.0,0.8,1,32,posthoc_web,fz,mspe,0.07795459,n=1600_bz=1_cv1=0.8_p=1_q=32_20260121-215746
1600,1.0,0.8,1,32,posthoc_web,fz,bias2,0.07795459,n=1600_bz=1_cv1=0.8_p=1_q=32_20260121-215746
1600,1.0,0.8,1,32,posthoc_web,fz,var,0.0,n=1600_bz=1_cv1=0.8_p=1_q=32_20260121-215746
1600,1.0,0.8,1,32,posthoc_web,fr,mspe,0.015489313,n=1600_bz=1_cv1=0.8_p=1_q=32_20260121-215746
1600,1.0,0.8,1,32,posthoc_web,fr,bias2,0.0048820954,n=1600_bz=1_cv1=0.8_p=1_q=32_20260121-215746
1600,1.0,0.8,1,32,posthoc_web,fr,var,0.010607217,n=1600_bz=1_cv1=0.8_p=1_q=32_20260121-215746
1600,2.5,0.8,1,32,base,y,mspe,0.9628088,n=1600_bz=2.5_cv1=0.8_p=1_q=32_20260122-063113
1600,2.5,0.8,1,32,base,y,bias2,0.9362978,n=1600_bz=2.5_cv1=0.8_p=1_q=32_20260122-063113
1600,2.5,0.8,1,32,base,y,var,0.026511012,n=1600_bz=2.5_cv1=0.8_p=1_q=32_20260122-063113
1600,2.5,0.8,1,32,base,fx,mspe,0.45112467,n=1600_bz=2.5_cv1=0.8_p=1_q=32_20260122-063113
1600,2.5,0.8,1,32,base,fx,bias2,0.4293786,n=1600_bz=2.5_cv1=0.8_p=1_q=32_20260122-063113
1600,2.5,0.8,1,32,base,fx,var,0.021746093,n=1600_bz=2.5_cv1=0.8_p=1_q=32_20260122-063113
1600,2.5,0.8,1,32,base,fz,mspe,0.4872162,n=1600_bz=2.5_cv1=0.8_p=1_q=32_20260122-063113
1600,2.5,0.8,1,32,base,fz,bias2,0.48721617,n=1600_bz=2.5_cv1=0.8_p=1_q=32_20260122-063113
1600,2.5,0.8,1,32,base,fz,var,0.0,n=1600_bz=2.5_cv1=0.8_p=1_q=32_20260122-063113
1600,2.5,0.8,1,32,base,fr,mspe,0.6478097,n=1600_bz=2.5_cv1=0.8_p=1_q=32_20260122-063113
1600,2.5,0.8,1,32,base,fr,bias2,0.6260635,n=1600_bz=2.5_cv1=0.8_p=1_q=32_20260122-063113
1600,2.5,0.8,1,32,base,fr,var,0.021746093,n=1600_bz=2.5_cv1=0.8_p=1_q=32_20260122-063113
1600,2.5,0.8,1,32,posthoc,y,mspe,1.0244333,n=1600_bz=2.5_cv1=0.8_p=1_q=32_20260122-063113
1600,2.5,0.8,1,32,posthoc,y,bias2,0.98960215,n=1600_bz=2.5_cv1=0.8_p=1_q=32_20260122-063113
1600,2.5,0.8,1,32,posthoc,y,var,0.03483113,n=1600_bz=2.5_cv1=0.8_p=1_q=32_20260122-063113
1600,2.5,0.8,1,32,posthoc,fx,mspe,0.16559751,n=1600_bz=2.5_cv1=0.8_p=1_q=32_20260122-063113
1600,2.5,0.8,1,32,posthoc,fx,bias2,0.053727254,n=1600_bz=2.5_cv1=0.8_p=1_q=32_20260122-063113
1600,2.5,0.8,1,32,posthoc,fx,var,0.11187025,n=1600_bz=2.5_cv1=0.8_p=1_q=32_20260122-063113
1600,2.5,0.8,1,32,posthoc,fz,mspe,0.14779823,n=1600_bz=2.5_cv1=0.8_p=1_q=32_20260122-063113
1600,2.5,0.8,1,32,posthoc,fz,bias2,0.049540117,n=1600_bz=2.5_cv1=0.8_p=1_q=32_20260122-063113
1600,2.5,0.8,1,32,posthoc,fz,var,0.09825811,n=1600_bz=2.5_cv1=0.8_p=1_q=32_20260122-063113
1600,2.5,0.8,1,32,posthoc,fr,mspe,0.24746661,n=1600_bz=2.5_cv1=0.8_p=1_q=32_20260122-063113
1600,2.5,0.8,1,32,posthoc,fr,bias2,0.13559633,n=1600_bz=2.5_cv1=0.8_p=1_q=32_20260122-063113
1600,2.5,0.8,1,32,posthoc,fr,var,0.11187025,n=1600_bz=2.5_cv1=0.8_p=1_q=32_20260122-063113
1600,2.5,0.8,1,32,posthoc_orth,y,mspe,1.0264128,n=1600_bz=2.5_cv1=0.8_p=1_q=32_20260122-063113
1600,2.5,0.8,1,32,posthoc_orth,y,bias2,0.9900705,n=1600_bz=2.5_cv1=0.8_p=1_q=32_20260122-063113
1600,2.5,0.8,1,32,posthoc_orth,y,var,0.036342446,n=1600_bz=2.5_cv1=0.8_p=1_q=32_20260122-063113
1600,2.5,0.8,1,32,posthoc_orth,fx,mspe,0.0458829,n=1600_bz=2.5_cv1=0.8_p=1_q=32_20260122-063113
1600,2.5,0.8,1,32,posthoc_orth,fx,bias2,0.023285903,n=1600_bz=2.5_cv1=0.8_p=1_q=32_20260122-063113
1600,2.5,0.8,1,32,posthoc_orth,fx,var,0.022596994,n=1600_bz=2.5_cv1=0.8_p=1_q=32_20260122-063113
1600,2.5,0.8,1,32,posthoc_orth,fz,mspe,0.0288141,n=1600_bz=2.5_cv1=0.8_p=1_q=32_20260122-063113
1600,2.5,0.8,1,32,posthoc_orth,fz,bias2,0.020232338,n=1600_bz=2.5_cv1=0.8_p=1_q=32_20260122-063113
1600,2.5,0.8,1,32,posthoc_orth,fz,var,0.008581763,n=1600_bz=2.5_cv1=0.8_p=1_q=32_20260122-063113
1600,2.5,0.8,1,32,posthoc_orth,fr,mspe,0.02609785,n=1600_bz=2.5_cv1=0.8_p=1_q=32_20260122-063113
1600,2.5,0.8,1,32,posthoc_orth,fr,bias2,0.0035008576,n=1600_bz=2.5_cv1=0.8_p=1_q=32_20260122-063113
1600,2.5,0.8,1,32,posthoc_orth,fr,var,0.022596994,n=1600_bz=2.5_cv1=0.8_p=1_q=32_20260122-063113
1600,2.5,0.8,1,32,posthoc_web,y,mspe,3.917834,n=1600_bz=2.5_cv1=0.8_p=1_q=32_20260122-063113
1600,2.5,0.8,1,32,posthoc_web,y,bias2,3.8549001,n=1600_bz=2.5_cv1=0.8_p=1_q=32_20260122-063113
1600,2.5,0.8,1,32,posthoc_web,y,var,0.0629339,n=1600_bz=2.5_cv1=0.8_p=1_q=32_20260122-063113
1600,2.5,0.8,1,32,posthoc_web,fx,mspe,0.062174864,n=1600_bz=2.5_cv1=0.8_p=1_q=32_20260122-063113
1600,2.5,0.8,1,32,posthoc_web,fx,bias2,0.047778234,n=1600_bz=2.5_cv1=0.8_p=1_q=32_20260122-063113
1600,2.5,0.8,1,32,posthoc_web,fx,var,0.014396627,n=1600_bz=2.5_cv1=0.8_p=1_q=32_20260122-063113
1600,2.5,0.8,1,32,posthoc_web,fz,mspe,0.4872162,n=1600_bz=2.5_cv1=0.8_p=1_q=32_20260122-063113
1600,2.5,0.8,1,32,posthoc_web,fz,bias2,0.48721617,n=1600_bz=2.5_cv1=0.8_p=1_q=32_20260122-063113
1600,2.5,0.8,1,32,posthoc_web,fz,var,0.0,n=1600_bz=2.5_cv1=0.8_p=1_q=32_20260122-063113
1600,2.5,0.8,1,32,posthoc_web,fr,mspe,0.041016027,n=1600_bz=2.5_cv1=0.8_p=1_q=32_20260122-063113
1600,2.5,0.8,1,32,posthoc_web,fr,bias2,0.0266194,n=1600_bz=2.5_cv1=0.8_p=1_q=32_20260122-063113
1600,2.5,0.8,1,32,posthoc_web,fr,var,0.014396627,n=1600_bz=2.5_cv1=0.8_p=1_q=32_20260122-063113
1600,2.0,0.8,1,32,base,y,mspe,0.83309424,n=1600_bz=2_cv1=0.8_p=1_q=32_20260122-033820
1600,2.0,0.8,1,32,base,y,bias2,0.808992,n=1600_bz=2_cv1=0.8_p=1_q=32_20260122-033820
1600,2.0,0.8,1,32,base,y,var,0.024102207,n=1600_bz=2_cv1=0.8_p=1_q=32_20260122-033820
1600,2.0,0.8,1,32,base,fx,mspe,0.29099992,n=1600_bz=2_cv1=0.8_p=1_q=32_20260122-033820
1600,2.0,0.8,1,32,base,fx,bias2,0.2719098,n=1600_bz=2_cv1=0.8_p=1_q=32_20260122-033820
1600,2.0,0.8,1,32,base,fx,var,0.019090125,n=1600_bz=2_cv1=0.8_p=1_q=32_20260122-033820
1600,2.0,0.8,1,32,base,fz,mspe,0.31181836,n=1600_bz=2_cv1=0.8_p=1_q=32_20260122-033820
1600,2.0,0.8,1,32,base,fz,bias2,0.31181836,n=1600_bz=2_cv1=0.8_p=1_q=32_20260122-033820
1600,2.0,0.8,1,32,base,fz,var,0.0,n=1600_bz=2_cv1=0.8_p=1_q=32_20260122-033820
1600,2.0,0.8,1,32,base,fr,mspe,0.45154652,n=1600_bz=2_cv1=0.8_p=1_q=32_20260122-033820
1600,2.0,0.8,1,32,base,fr,bias2,0.4324564,n=1600_bz=2_cv1=0.8_p=1_q=32_20260122-033820
1600,2.0,0.8,1,32,base,fr,var,0.019090125,n=1600_bz=2_cv1=0.8_p=1_q=32_20260122-033820
1600,2.0,0.8,1,32,posthoc,y,mspe,0.8819871,n=1600_bz=2_cv1=0.8_p=1_q=32_20260122-033820
1600,2.0,0.8,1,32,posthoc,y,bias2,0.85147446,n=1600_bz=2_cv1=0.8_p=1_q=32_20260122-033820
1600,2.0,0.8,1,32,posthoc,y,var,0.030512717,n=1600_bz=2_cv1=0.8_p=1_q=32_20260122-033820
1600,2.0,0.8,1,32,posthoc,fx,mspe,0.13632743,n=1600_bz=2_cv1=0.8_p=1_q=32_20260122-033820
1600,2.0,0.8,1,32,posthoc,fx,bias2,0.04777231,n=1600_bz=2_cv1=0.8_p=1_q=32_20260122-033820
1600,2.0,0.8,1,32,posthoc,fx,var,0.08855511,n=1600_bz=2_cv1=0.8_p=1_q=32_20260122-033820
1600,2.0,0.8,1,32,posthoc,fz,mspe,0.11977323,n=1600_bz=2_cv1=0.8_p=1_q=32_20260122-033820
1600,2.0,0.8,1,32,posthoc,fz,bias2,0.04524081,n=1600_bz=2_cv1=0.8_p=1_q=32_20260122-033820
1600,2.0,0.8,1,32,posthoc,fz,var,0.07453242,n=1600_bz=2_cv1=0.8_p=1_q=32_20260122-033820
1600,2.0,0.8,1,32,posthoc,fr,mspe,0.21455616,n=1600_bz=2_cv1=0.8_p=1_q=32_20260122-033820
1600,2.0,0.8,1,32,posthoc,fr,bias2,0.12600106,n=1600_bz=2_cv1=0.8_p=1_q=32_20260122-033820
1600,2.0,0.8,1,32,posthoc,fr,var,0.08855511,n=1600_bz=2_cv1=0.8_p=1_q=32_20260122-033820
1600,2.0,0.8,1,32,posthoc_orth,y,mspe,0.8829609,n=1600_bz=2_cv1=0.8_p=1_q=32_20260122-033820
1600,2.0,0.8,1,32,posthoc_orth,y,bias2,0.8520633,n=1600_bz=2_cv1=0.8_p=1_q=32_20260122-033820
1600,2.0,0.8,1,32,posthoc_orth,y,var,0.030897638,n=1600_bz=2_cv1=0.8_p=1_q=32_20260122-033820
1600,2.0,0.8,1,32,posthoc_orth,fx,mspe,0.043145232,n=1600_bz=2_cv1=0.8_p=1_q=32_20260122-033820
1600,2.0,0.8,1,32,posthoc_orth,fx,bias2,0.023427706,n=1600_bz=2_cv1=0.8_p=1_q=32_20260122-033820
1600,2.0,0.8,1,32,posthoc_orth,fx,var,0.019717524,n=1600_bz=2_cv1=0.8_p=1_q=32_20260122-033820
1600,2.0,0.8,1,32,posthoc_orth,fz,mspe,0.025917267,n=1600_bz=2_cv1=0.8_p=1_q=32_20260122-033820
1600,2.0,0.8,1,32,posthoc_orth,fz,bias2,0.019346116,n=1600_bz=2_cv1=0.8_p=1_q=32_20260122-033820
1600,2.0,0.8,1,32,posthoc_orth,fz,var,0.0065711504,n=1600_bz=2_cv1=0.8_p=1_q=32_20260122-033820
1600,2.0,0.8,1,32,posthoc_orth,fr,mspe,0.02323635,n=1600_bz=2_cv1=0.8_p=1_q=32_20260122-033820
1600,2.0,0.8,1,32,posthoc_orth,fr,bias2,0.003518824,n=1600_bz=2_cv1=0.8_p=1_q=32_20260122-033820
1600,2.0,0.8,1,32,posthoc_orth,fr,var,0.019717524,n=1600_bz=2_cv1=0.8_p=1_q=32_20260122-033820
1600,2.0,0.8,1,32,posthoc_web,y,mspe,3.0696542,n=1600_bz=2_cv1=0.8_p=1_q=32_20260122-033820
1600,2.0,0.8,1,32,posthoc_web,y,bias2,3.0105133,n=1600_bz=2_cv1=0.8_p=1_q=32_20260122-033820
1600,2.0,0.8,1,32,posthoc_web,y,var,0.059140954,n=1600_bz=2_cv1=0.8_p=1_q=32_20260122-033820
1600,2.0,0.8,1,32,posthoc_web,fx,mspe,0.050196007,n=1600_bz=2_cv1=0.8_p=1_q=32_20260122-033820
1600,2.0,0.8,1,32,posthoc_web,fx,bias2,0.03742249,n=1600_bz=2_cv1=0.8_p=1_q=32_20260122-033820
1600,2.0,0.8,1,32,posthoc_web,fx,var,0.012773518,n=1600_bz=2_cv1=0.8_p=1_q=32_20260122-033820
1600,2.0,0.8,1,32,posthoc_web,fz,mspe,0.31181836,n=1600_bz=2_cv1=0.8_p=1_q=32_20260122-033820
1600,2.0,0.8,1,32,posthoc_web,fz,bias2,0.31181836,n=1600_bz=2_cv1=0.8_p=1_q=32_20260122-033820
1600,2.0,0.8,1,32,posthoc_web,fz,var,0.0,n=1600_bz=2_cv1=0.8_p=1_q=32_20260122-033820
1600,2.0,0.8,1,32,posthoc_web,fr,mspe,0.029453125,n=1600_bz=2_cv1=0.8_p=1_q=32_20260122-033820
1600,2.0,0.8,1,32,posthoc_web,fr,bias2,0.01667961,n=1600_bz=2_cv1=0.8_p=1_q=32_20260122-033820
1600,2.0,0.8,1,32,posthoc_web,fr,var,0.012773518,n=1600_bz=2_cv1=0.8_p=1_q=32_20260122-033820
1600,3.5,0.8,1,32,base,y,mspe,1.2755628,n=1600_bz=3.5_cv1=0.8_p=1_q=32_20260122-123813
1600,3.5,0.8,1,32,base,y,bias2,1.2453847,n=1600_bz=3.5_cv1=0.8_p=1_q=32_20260122-123813
1600,3.5,0.8,1,32,base,y,var,0.030178113,n=1600_bz=3.5_cv1=0.8_p=1_q=32_20260122-123813
1600,3.5,0.8,1,32,base,fx,mspe,0.8717164,n=1600_bz=3.5_cv1=0.8_p=1_q=32_20260122-123813
1600,3.5,0.8,1,32,base,fx,bias2,0.84733045,n=1600_bz=3.5_cv1=0.8_p=1_q=32_20260122-123813
1600,3.5,0.8,1,32,base,fx,var,0.02438592,n=1600_bz=3.5_cv1=0.8_p=1_q=32_20260122-123813
1600,3.5,0.8,1,32,base,fz,mspe,0.9549438,n=1600_bz=3.5_cv1=0.8_p=1_q=32_20260122-123813
1600,3.5,0.8,1,32,base,fz,bias2,0.95494384,n=1600_bz=3.5_cv1=0.8_p=1_q=32_20260122-123813
1600,3.5,0.8,1,32,base,fz,var,0.0,n=1600_bz=3.5_cv1=0.8_p=1_q=32_20260122-123813
1600,3.5,0.8,1,32,base,fr,mspe,1.1402884,n=1600_bz=3.5_cv1=0.8_p=1_q=32_20260122-123813
1600,3.5,0.8,1,32,base,fr,bias2,1.1159024,n=1600_bz=3.5_cv1=0.8_p=1_q=32_20260122-123813
1600,3.5,0.8,1,32,base,fr,var,0.02438592,n=1600_bz=3.5_cv1=0.8_p=1_q=32_20260122-123813
1600,3.5,0.8,1,32,posthoc,y,mspe,1.3558022,n=1600_bz=3.5_cv1=0.8_p=1_q=32_20260122-123813
1600,3.5,0.8,1,32,posthoc,y,bias2,1.3161212,n=1600_bz=3.5_cv1=0.8_p=1_q=32_20260122-123813
1600,3.5,0.8,1,32,posthoc,y,var,0.03968092,n=1600_bz=3.5_cv1=0.8_p=1_q=32_20260122-123813
1600,3.5,0.8,1,32,posthoc,fx,mspe,0.17825654,n=1600_bz=3.5_cv1=0.8_p=1_q=32_20260122-123813
1600,3.5,0.8,1,32,posthoc,fx,bias2,0.038290918,n=1600_bz=3.5_cv1=0.8_p=1_q=32_20260122-123813
1600,3.5,0.8,1,32,posthoc,fx,var,0.13996561,n=1600_bz=3.5_cv1=0.8_p=1_q=32_20260122-123813
1600,3.5,0.8,1,32,posthoc,fz,mspe,0.15585802,n=1600_bz=3.5_cv1=0.8_p=1_q=32_20260122-123813
1600,3.5,0.8,1,32,posthoc,fz,bias2,0.037734903,n=1600_bz=3.5_cv1=0.8_p=1_q=32_20260122-123813
1600,3.5,0.8,1,32,posthoc,fz,var,0.11812312,n=1600_bz=3.5_cv1=0.8_p=1_q=32_20260122-123813
1600,3.5,0.8,1,32,posthoc,fr,mspe,0.25021204,n=1600_bz=3.5_cv1=0.8_p=1_q=32_20260122-123813
1600,3.5,0.8,1,32,posthoc,fr,bias2,0.11024643,n=1600_bz=3.5_cv1=0.8_p=1_q=32_20260122-123813
1600,3.5,0.8,1,32,posthoc,fr,var,0.13996561,n=1600_bz=3.5_cv1=0.8_p=1_q=32_20260122-123813
1600,3.5,0.8,1,32,posthoc_orth,y,mspe,1.3571949,n=1600_bz=3.5_cv1=0.8_p=1_q=32_20260122-123813
1600,3.5,0.8,1,32,posthoc_orth,y,bias2,1.3178248,n=1600_bz=3.5_cv1=0.8_p=1_q=32_20260122-123813
1600,3.5,0.8,1,32,posthoc_orth,y,var,0.039370075,n=1600_bz=3.5_cv1=0.8_p=1_q=32_20260122-123813
1600,3.5,0.8,1,32,posthoc_orth,fx,mspe,0.04800031,n=1600_bz=3.5_cv1=0.8_p=1_q=32_20260122-123813
1600,3.5,0.8,1,32,posthoc_orth,fx,bias2,0.022591466,n=1600_bz=3.5_cv1=0.8_p=1_q=32_20260122-123813
1600,3.5,0.8,1,32,posthoc_orth,fx,var,0.025408844,n=1600_bz=3.5_cv1=0.8_p=1_q=32_20260122-123813
1600,3.5,0.8,1,32,posthoc_orth,fz,mspe,0.027279504,n=1600_bz=3.5_cv1=0.8_p=1_q=32_20260122-123813
1600,3.5,0.8,1,32,posthoc_orth,fz,bias2,0.017917052,n=1600_bz=3.5_cv1=0.8_p=1_q=32_20260122-123813
1600,3.5,0.8,1,32,posthoc_orth,fz,var,0.009362453,n=1600_bz=3.5_cv1=0.8_p=1_q=32_20260122-123813
1600,3.5,0.8,1,32,posthoc_orth,fr,mspe,0.028478684,n=1600_bz=3.5_cv1=0.8_p=1_q=32_20260122-123813
1600,3.5,0.8,1,32,posthoc_orth,fr,bias2,0.0030698406,n=1600_bz=3.5_cv1=0.8_p=1_q=32_20260122-123813
1600,3.5,0.8,1,32,posthoc_orth,fr,var,0.025408844,n=1600_bz=3.5_cv1=0.8_p=1_q=32_20260122-123813
1600,3.5,0.8,1,32,posthoc_web,y,mspe,5.882655,n=1600_bz=3.5_cv1=0.8_p=1_q=32_20260122-123813
1600,3.5,0.8,1,32,posthoc_web,y,bias2,5.8167567,n=1600_bz=3.5_cv1=0.8_p=1_q=32_20260122-123813
1600,3.5,0.8,1,32,posthoc_web,y,var,0.06589817,n=1600_bz=3.5_cv1=0.8_p=1_q=32_20260122-123813
1600,3.5,0.8,1,32,posthoc_web,fx,mspe,0.09052284,n=1600_bz=3.5_cv1=0.8_p=1_q=32_20260122-123813
1600,3.5,0.8,1,32,posthoc_web,fx,bias2,0.07312893,n=1600_bz=3.5_cv1=0.8_p=1_q=32_20260122-123813
1600,3.5,0.8,1,32,posthoc_web,fx,var,0.017393906,n=1600_bz=3.5_cv1=0.8_p=1_q=32_20260122-123813
1600,3.5,0.8,1,32,posthoc_web,fz,mspe,0.9549438,n=1600_bz=3.5_cv1=0.8_p=1_q=32_20260122-123813
1600,3.5,0.8,1,32,posthoc_web,fz,bias2,0.95494384,n=1600_bz=3.5_cv1=0.8_p=1_q=32_20260122-123813
1600,3.5,0.8,1,32,posthoc_web,fz,var,0.0,n=1600_bz=3.5_cv1=0.8_p=1_q=32_20260122-123813
1600,3.5,0.8,1,32,posthoc_web,fr,mspe,0.06888042,n=1600_bz=3.5_cv1=0.8_p=1_q=32_20260122-123813
1600,3.5,0.8,1,32,posthoc_web,fr,bias2,0.05148651,n=1600_bz=3.5_cv1=0.8_p=1_q=32_20260122-123813
1600,3.5,0.8,1,32,posthoc_web,fr,var,0.017393906,n=1600_bz=3.5_cv1=0.8_p=1_q=32_20260122-123813
1600,3.0,0.8,1,32,base,y,mspe,1.1094579,n=1600_bz=3_cv1=0.8_p=1_q=32_20260122-092552
1600,3.0,0.8,1,32,base,y,bias2,1.0796071,n=1600_bz=3_cv1=0.8_p=1_q=32_20260122-092552
1600,3.0,0.8,1,32,base,y,var,0.029850632,n=1600_bz=3_cv1=0.8_p=1_q=32_20260122-092552
1600,3.0,0.8,1,32,base,fx,mspe,0.64751863,n=1600_bz=3_cv1=0.8_p=1_q=32_20260122-092552
1600,3.0,0.8,1,32,base,fx,bias2,0.6230494,n=1600_bz=3_cv1=0.8_p=1_q=32_20260122-092552
1600,3.0,0.8,1,32,base,fx,var,0.024469245,n=1600_bz=3_cv1=0.8_p=1_q=32_20260122-092552
1600,3.0,0.8,1,32,base,fz,mspe,0.7015913,n=1600_bz=3_cv1=0.8_p=1_q=32_20260122-092552
1600,3.0,0.8,1,32,base,fz,bias2,0.7015913,n=1600_bz=3_cv1=0.8_p=1_q=32_20260122-092552
1600,3.0,0.8,1,32,base,fz,var,0.0,n=1600_bz=3_cv1=0.8_p=1_q=32_20260122-092552
1600,3.0,0.8,1,32,base,fr,mspe,0.88058496,n=1600_bz=3_cv1=0.8_p=1_q=32_20260122-092552
1600,3.0,0.8,1,32,base,fr,bias2,0.8561158,n=1600_bz=3_cv1=0.8_p=1_q=32_20260122-092552
1600,3.0,0.8,1,32,base,fr,var,0.024469245,n=1600_bz=3_cv1=0.8_p=1_q=32_20260122-092552
1600,3.0,0.8,1,32,posthoc,y,mspe,1.1723661,n=1600_bz=3_cv1=0.8_p=1_q=32_20260122-092552
1600,3.0,0.8,1,32,posthoc,y,bias2,1.1354554,n=1600_bz=3_cv1=0.8_p=1_q=32_20260122-092552
1600,3.0,0.8,1,32,posthoc,y,var,0.03691086,n=1600_bz=3_cv1=0.8_p=1_q=32_20260122-092552
1600,3.0,0.8,1,32,posthoc,fx,mspe,0.17679228,n=1600_bz=3_cv1=0.8_p=1_q=32_20260122-092552
1600,3.0,0.8,1,32,posthoc,fx,bias2,0.056130067,n=1600_bz=3_cv1=0.8_p=1_q=32_20260122-092552
1600,3.0,0.8,1,32,posthoc,fx,var,0.120662235,n=1600_bz=3_cv1=0.8_p=1_q=32_20260122-092552
1600,3.0,0.8,1,32,posthoc,fz,mspe,0.15766107,n=1600_bz=3_cv1=0.8_p=1_q=32_20260122-092552
1600,3.0,0.8,1,32,posthoc,fz,bias2,0.053407993,n=1600_bz=3_cv1=0.8_p=1_q=32_20260122-092552
1600,3.0,0.8,1,32,posthoc,fz,var,0.104253076,n=1600_bz=3_cv1=0.8_p=1_q=32_20260122-092552
1600,3.0,0.8,1,32,posthoc,fr,mspe,0.2599273,n=1600_bz=3_cv1=0.8_p=1_q=32_20260122-092552
1600,3.0,0.8,1,32,posthoc,fr,bias2,0.13926506,n=1600_bz=3_cv1=0.8_p=1_q=32_20260122-092552
1600,3.0,0.8,1,32,posthoc,fr,var,0.120662235,n=1600_bz=3_cv1=0.8_p=1_q=32_20260122-092552
1600,3.0,0.8,1,32,posthoc_orth,y,mspe,1.1727147,n=1600_bz=3_cv1=0.8_p=1_q=32_20260122-092552
1600,3.0,0.8,1,32,posthoc_orth,y,bias2,1.1353668,n=1600_bz=3_cv1=0.8_p=1_q=32_20260122-092552
1600,3.0,0.8,1,32,posthoc_orth,y,var,0.0373479,n=1600_bz=3_cv1=0.8_p=1_q=32_20260122-092552
1600,3.0,0.8,1,32,posthoc_orth,fx,mspe,0.047257915,n=1600_bz=3_cv1=0.8_p=1_q=32_20260122-092552
1600,3.0,0.8,1,32,posthoc_orth,fx,bias2,0.023872752,n=1600_bz=3_cv1=0.8_p=1_q=32_20260122-092552
1600,3.0,0.8,1,32,posthoc_orth,fx,var,0.023385165,n=1600_bz=3_cv1=0.8_p=1_q=32_20260122-092552
1600,3.0,0.8,1,32,posthoc_orth,fz,mspe,0.027752396,n=1600_bz=3_cv1=0.8_p=1_q=32_20260122-092552
1600,3.0,0.8,1,32,posthoc_orth,fz,bias2,0.018733265,n=1600_bz=3_cv1=0.8_p=1_q=32_20260122-092552
1600,3.0,0.8,1,32,posthoc_orth,fz,var,0.009019127,n=1600_bz=3_cv1=0.8_p=1_q=32_20260122-092552
1600,3.0,0.8,1,32,posthoc_orth,fr,mspe,0.027581088,n=1600_bz=3_cv1=0.8_p=1_q=32_20260122-092552
1600,3.0,0.8,1,32,posthoc_orth,fr,bias2,0.0041959216,n=1600_bz=3_cv1=0.8_p=1_q=32_20260122-092552
1600,3.0,0.8,1,32,posthoc_orth,fr,var,0.023385165,n=1600_bz=3_cv1=0.8_p=1_q=32_20260122-092552
1600,3.0,0.8,1,32,posthoc_web,y,mspe,4.851412,n=1600_bz=3_cv1=0.8_p=1_q=32_20260122-092552
1600,3.0,0.8,1,32,posthoc_web,y,bias2,4.7817965,n=1600_bz=3_cv1=0.8_p=1_q=32_20260122-092552
1600,3.0,0.8,1,32,posthoc_web,y,var,0.06961534,n=1600_bz=3_cv1=0.8_p=1_q=32_20260122-092552
1600,3.0,0.8,1,32,posthoc_web,fx,mspe,0.07618586,n=1600_bz=3_cv1=0.8_p=1_q=32_20260122-092552
1600,3.0,0.8,1,32,posthoc_web,fx,bias2,0.059273776,n=1600_bz=3_cv1=0.8_p=1_q=32_20260122-092552
1600,3.0,0.8,1,32,posthoc_web,fx,var,0.016912077,n=1600_bz=3_cv1=0.8_p=1_q=32_20260122-092552
1600,3.0,0.8,1,32,posthoc_web,fz,mspe,0.7015913,n=1600_bz=3_cv1=0.8_p=1_q=32_20260122-092552
1600,3.0,0.8,1,32,posthoc_web,fz,bias2,0.7015913,n=1600_bz=3_cv1=0.8_p=1_q=32_20260122-092552
1600,3.0,0.8,1,32,posthoc_web,fz,var,0.0,n=1600_bz=3_cv1=0.8_p=1_q=32_20260122-092552
1600,3.0,0.8,1,32,posthoc_web,fr,mspe,0.054831915,n=1600_bz=3_cv1=0.8_p=1_q=32_20260122-092552
1600,3.0,0.8,1,32,posthoc_web,fr,bias2,0.037919834,n=1600_bz=3_cv1=0.8_p=1_q=32_20260122-092552
1600,3.0,0.8,1,32,posthoc_web,fr,var,0.016912077,n=1600_bz=3_cv1=0.8_p=1_q=32_20260122-092552
1600,4.0,0.8,1,32,base,y,mspe,1.4690336,n=1600_bz=4_cv1=0.8_p=1_q=32_20260122-160535
1600,4.0,0.8,1,32,base,y,bias2,1.4389901,n=1600_bz=4_cv1=0.8_p=1_q=32_20260122-160535
1600,4.0,0.8,1,32,base,y,var,0.030043542,n=1600_bz=4_cv1=0.8_p=1_q=32_20260122-160535
1600,4.0,0.8,1,32,base,fx,mspe,1.1112444,n=1600_bz=4_cv1=0.8_p=1_q=32_20260122-160535
1600,4.0,0.8,1,32,base,fx,bias2,1.0850511,n=1600_bz=4_cv1=0.8_p=1_q=32_20260122-160535
1600,4.0,0.8,1,32,base,fx,var,0.026193384,n=1600_bz=4_cv1=0.8_p=1_q=32_20260122-160535
1600,4.0,0.8,1,32,base,fz,mspe,1.2472734,n=1600_bz=4_cv1=0.8_p=1_q=32_20260122-160535
1600,4.0,0.8,1,32,base,fz,bias2,1.2472734,n=1600_bz=4_cv1=0.8_p=1_q=32_20260122-160535
1600,4.0,0.8,1,32,base,fz,var,0.0,n=1600_bz=4_cv1=0.8_p=1_q=32_20260122-160535
1600,4.0,0.8,1,32,base,fr,mspe,1.4127842,n=1600_bz=4_cv1=0.8_p=1_q=32_20260122-160535
1600,4.0,0.8,1,32,base,fr,bias2,1.3865907,n=1600_bz=4_cv1=0.8_p=1_q=32_20260122-160535
1600,4.0,0.8,1,32,base,fr,var,0.026193384,n=1600_bz=4_cv1=0.8_p=1_q=32_20260122-160535
1600,4.0,0.8,1,32,posthoc,y,mspe,1.589177,n=1600_bz=4_cv1=0.8_p=1_q=32_20260122-160535
1600,4.0,0.8,1,32,posthoc,y,bias2,1.5434815,n=1600_bz=4_cv1=0.8_p=1_q=32_20260122-160535
1600,4.0,0.8,1,32,posthoc,y,var,0.045695618,n=1600_bz=4_cv1=0.8_p=1_q=32_20260122-160535
1600,4.0,0.8,1,32,posthoc,fx,mspe,0.17983668,n=1600_bz=4_cv1=0.8_p=1_q=32_20260122-160535
1600,4.0,0.8,1,32,posthoc,fx,bias2,0.036733113,n=1600_bz=4_cv1=0.8_p=1_q=32_20260122-160535
1600,4.0,0.8,1,32,posthoc,fx,var,0.14310357,n=1600_bz=4_cv1=0.8_p=1_q=32_20260122-160535
1600,4.0,0.8,1,32,posthoc,fz,mspe,0.16467842,n=1600_bz=4_cv1=0.8_p=1_q=32_20260122-160535
1600,4.0,0.8,1,32,posthoc,fz,bias2,0.037397712,n=1600_bz=4_cv1=0.8_p=1_q=32_20260122-160535
1600,4.0,0.8,1,32,posthoc,fz,var,0.1272807,n=1600_bz=4_cv1=0.8_p=1_q=32_20260122-160535
1600,4.0,0.8,1,32,posthoc,fr,mspe,0.25054786,n=1600_bz=4_cv1=0.8_p=1_q=32_20260122-160535
1600,4.0,0.8,1,32,posthoc,fr,bias2,0.107444294,n=1600_bz=4_cv1=0.8_p=1_q=32_20260122-160535
1600,4.0,0.8,1,32,posthoc,fr,var,0.14310357,n=1600_bz=4_cv1=0.8_p=1_q=32_20260122-160535
1600,4.0,0.8,1,32,posthoc_orth,y,mspe,1.5872631,n=1600_bz=4_cv1=0.8_p=1_q=32_20260122-160535
1600,4.0,0.8,1,32,posthoc_orth,y,bias2,1.5429251,n=1600_bz=4_cv1=0.8_p=1_q=32_20260122-160535
1600,4.0,0.8,1,32,posthoc_orth,y,var,0.044338014,n=1600_bz=4_cv1=0.8_p=1_q=32_20260122-160535
1600,4.0,0.8,1,32,posthoc_orth,fx,mspe,0.051080637,n=1600_bz=4_cv1=0.8_p=1_q=32_20260122-160535
1600,4.0,0.8,1,32,posthoc_orth,fx,bias2,0.022780664,n=1600_bz=4_cv1=0.8_p=1_q=32_20260122-160535
1600,4.0,0.8,1,32,posthoc_orth,fx,var,0.028299969,n=1600_bz=4_cv1=0.8_p=1_q=32_20260122-160535
1600,4.0,0.8,1,32,posthoc_orth,fz,mspe,0.027425464,n=1600_bz=4_cv1=0.8_p=1_q=32_20260122-160535
1600,4.0,0.8,1,32,posthoc_orth,fz,bias2,0.016733406,n=1600_bz=4_cv1=0.8_p=1_q=32_20260122-160535
1600,4.0,0.8,1,32,posthoc_orth,fz,var,0.010692058,n=1600_bz=4_cv1=0.8_p=1_q=32_20260122-160535
1600,4.0,0.8,1,32,posthoc_orth,fr,mspe,0.031536292,n=1600_bz=4_cv1=0.8_p=1_q=32_20260122-160535
1600,4.0,0.8,1,32,posthoc_orth,fr,bias2,0.0032363224,n=1600_bz=4_cv1=0.8_p=1_q=32_20260122-160535
1600,4.0,0.8,1,32,posthoc_orth,fr,var,0.028299969,n=1600_bz=4_cv1=0.8_p=1_q=32_20260122-160535
1600,4.0,0.8,1,32,posthoc_web,y,mspe,6.949579,n=1600_bz=4_cv1=0.8_p=1_q=32_20260122-160535
1600,4.0,0.8,1,32,posthoc_web,y,bias2,6.891229,n=1600_bz=4_cv1=0.8_p=1_q=32_20260122-160535
1600,4.0,0.8,1,32,posthoc_web,y,var,0.058349304,n=1600_bz=4_cv1=0.8_p=1_q=32_20260122-160535
1600,4.0,0.8,1,32,posthoc_web,fx,mspe,0.105361246,n=1600_bz=4_cv1=0.8_p=1_q=32_20260122-160535
1600,4.0,0.8,1,32,posthoc_web,fx,bias2,0.08626192,n=1600_bz=4_cv1=0.8_p=1_q=32_20260122-160535
1600,4.0,0.8,1,32,posthoc_web,fx,var,0.019099321,n=1600_bz=4_cv1=0.8_p=1_q=32_20260122-160535
1600,4.0,0.8,1,32,posthoc_web,fz,mspe,1.2472734,n=1600_bz=4_cv1=0.8_p=1_q=32_20260122-160535
1600,4.0,0.8,1,32,posthoc_web,fz,bias2,1.2472734,n=1600_bz=4_cv1=0.8_p=1_q=32_20260122-160535
1600,4.0,0.8,1,32,posthoc_web,fz,var,0.0,n=1600_bz=4_cv1=0.8_p=1_q=32_20260122-160535
1600,4.0,0.8,1,32,posthoc_web,fr,mspe,0.08367915,n=1600_bz=4_cv1=0.8_p=1_q=32_20260122-160535
1600,4.0,0.8,1,32,posthoc_web,fr,bias2,0.06457982,n=1600_bz=4_cv1=0.8_p=1_q=32_20260122-160535
1600,4.0,0.8,1,32,posthoc_web,fr,var,0.019099321,n=1600_bz=4_cv1=0.8_p=1_q=32_20260122-160535
200,0.5,0.8,1,32,base,y,mspe,0.6148874,n=200_bz=0.5_cv1=0.8_p=1_q=32_20260121-184929
200,0.5,0.8,1,32,base,y,bias2,0.5338032,n=200_bz=0.5_cv1=0.8_p=1_q=32_20260121-184929
200,0.5,0.8,1,32,base,y,var,0.08108419,n=200_bz=0.5_cv1=0.8_p=1_q=32_20260121-184929
200,0.5,0.8,1,32,base,fx,mspe,0.09123245,n=200_bz=0.5_cv1=0.8_p=1_q=32_20260121-184929
200,0.5,0.8,1,32,base,fx,bias2,0.027376227,n=200_bz=0.5_cv1=0.8_p=1_q=32_20260121-184929
200,0.5,0.8,1,32,base,fx,var,0.06385623,n=200_bz=0.5_cv1=0.8_p=1_q=32_20260121-184929
200,0.5,0.8,1,32,base,fz,mspe,0.019488648,n=200_bz=0.5_cv1=0.8_p=1_q=32_20260121-184929
200,0.5,0.8,1,32,base,fz,bias2,0.019488648,n=200_bz=0.5_cv1=0.8_p=1_q=32_20260121-184929
200,0.5,0.8,1,32,base,fz,var,0.0,n=200_bz=0.5_cv1=0.8_p=1_q=32_20260121-184929
200,0.5,0.8,1,32,base,fr,mspe,0.11209378,n=200_bz=0.5_cv1=0.8_p=1_q=32_20260121-184929
200,0.5,0.8,1,32,base,fr,bias2,0.048237544,n=200_bz=0.5_cv1=0.8_p=1_q=32_20260121-184929
200,0.5,0.8,1,32,base,fr,var,0.06385623,n=200_bz=0.5_cv1=0.8_p=1_q=32_20260121-184929
200,0.5,0.8,1,32,posthoc,y,mspe,0.68760294,n=200_bz=0.5_cv1=0.8_p=1_q=32_20260121-184929
200,0.5,0.8,1,32,posthoc,y,bias2,0.574535,n=200_bz=0.5_cv1=0.8_p=1_q=32_20260121-184929
200,0.5,0.8,1,32,posthoc,y,var,0.11306793,n=200_bz=0.5_cv1=0.8_p=1_q=32_20260121-184929
200,0.5,0.8,1,32,posthoc,fx,mspe,0.10269685,n=200_bz=0.5_cv1=0.8_p=1_q=32_20260121-184929
200,0.5,0.8,1,32,posthoc,fx,bias2,0.048416723,n=200_bz=0.5_cv1=0.8_p=1_q=32_20260121-184929
200,0.5,0.8,1,32,posthoc,fx,var,0.054280132,n=200_bz=0.5_cv1=0.8_p=1_q=32_20260121-184929
200,0.5,0.8,1,32,posthoc,fz,mspe,0.045669805,n=200_bz=0.5_cv1=0.8_p=1_q=32_20260121-184929
200,0.5,0.8,1,32,posthoc,fz,bias2,0.0007359892,n=200_bz=0.5_cv1=0.8_p=1_q=32_20260121-184929
200,0.5,0.8,1,32,posthoc,fz,var,0.04493382,n=200_bz=0.5_cv1=0.8_p=1_q=32_20260121-184929
200,0.5,0.8,1,32,posthoc,fr,mspe,0.103424914,n=200_bz=0.5_cv1=0.8_p=1_q=32_20260121-184929
200,0.5,0.8,1,32,posthoc,fr,bias2,0.04914478,n=200_bz=0.5_cv1=0.8_p=1_q=32_20260121-184929
200,0.5,0.8,1,32,posthoc,fr,var,0.054280132,n=200_bz=0.5_cv1=0.8_p=1_q=32_20260121-184929
200,0.5,0.8,1,32,posthoc_orth,y,mspe,0.6899786,n=200_bz=0.5_cv1=0.8_p=1_q=32_20260121-184929
200,0.5,0.8,1,32,posthoc_orth,y,bias2,0.5744485,n=200_bz=0.5_cv1=0.8_p=1_q=32_20260121-184929
200,0.5,0.8,1,32,posthoc_orth,y,var,0.11553003,n=200_bz=0.5_cv1=0.8_p=1_q=32_20260121-184929
200,0.5,0.8,1,32,posthoc_orth,fx,mspe,0.101535045,n=200_bz=0.5_cv1=0.8_p=1_q=32_20260121-184929
200,0.5,0.8,1,32,posthoc_orth,fx,bias2,0.062052537,n=200_bz=0.5_cv1=0.8_p=1_q=32_20260121-184929
200,0.5,0.8,1,32,posthoc_orth,fx,var,0.0394825,n=200_bz=0.5_cv1=0.8_p=1_q=32_20260121-184929
200,0.5,0.8,1,32,posthoc_orth,fz,mspe,0.043490894,n=200_bz=0.5_cv1=0.8_p=1_q=32_20260121-184929
200,0.5,0.8,1,32,posthoc_orth,fz,bias2,0.009099214,n=200_bz=0.5_cv1=0.8_p=1_q=32_20260121-184929
200,0.5,0.8,1,32,posthoc_orth,fz,var,0.03439168,n=200_bz=0.5_cv1=0.8_p=1_q=32_20260121-184929
200,0.5,0.8,1,32,posthoc_orth,fr,mspe,0.08333329,n=200_bz=0.5_cv1=0.8_p=1_q=32_20260121-184929
200,0.5,0.8,1,32,posthoc_orth,fr,bias2,0.043850794,n=200_bz=0.5_cv1=0.8_p=1_q=32_20260121-184929
200,0.5,0.8,1,32,posthoc_orth,fr,var,0.0394825,n=200_bz=0.5_cv1=0.8_p=1_q=32_20260121-184929
200,0.5,0.8,1,32,posthoc_web,y,mspe,1.0109689,n=200_bz=0.5_cv1=0.8_p=1_q=32_20260121-184929
200,0.5,0.8,1,32,posthoc_web,y,bias2,0.841608,n=200_bz=0.5_cv1=0.8_p=1_q=32_20260121-184929
200,0.5,0.8,1,32,posthoc_web,y,var,0.16936098,n=200_bz=0.5_cv1=0.8_p=1_q=32_20260121-184929
200,0.5,0.8,1,32,posthoc_web,fx,mspe,0.08843165,n=200_bz=0.5_cv1=0.8_p=1_q=32_20260121-184929
200,0.5,0.8,1,32,posthoc_web,fx,bias2,0.045587193,n=200_bz=0.5_cv1=0.8_p=1_q=32_20260121-184929
200,0.5,0.8,1,32,posthoc_web,fx,var,0.042844456,n=200_bz=0.5_cv1=0.8_p=1_q=32_20260121-184929
200,0.5,0.8,1,32,posthoc_web,fz,mspe,0.019488648,n=200_bz=0.5_cv1=0.8_p=1_q=32_20260121-184929
200,0.5,0.8,1,32,posthoc_web,fz,bias2,0.019488648,n=200_bz=0.5_cv1=0.8_p=1_q=32_20260121-184929
200,0.5,0.8,1,32,posthoc_web,fz,var,0.0,n=200_bz=0.5_cv1=0.8_p=1_q=32_20260121-184929
200,0.5,0.8,1,32,posthoc_web,fr,mspe,0.07021436,n=200_bz=0.5_cv1=0.8_p=1_q=32_20260121-184929
200,0.5,0.8,1,32,posthoc_web,fr,bias2,0.027369905,n=200_bz=0.5_cv1=0.8_p=1_q=32_20260121-184929
200,0.5,0.8,1,32,posthoc_web,fr,var,0.042844456,n=200_bz=0.5_cv1=0.8_p=1_q=32_20260121-184929
200,0.0,0.8,1,32,base,y,mspe,0.5989675,n=200_bz=0_cv1=0.8_p=1_q=32_20260121-155406
200,0.0,0.8,1,32,base,y,bias2,0.5228795,n=200_bz=0_cv1=0.8_p=1_q=32_20260121-155406
200,0.0,0.8,1,32,base,y,var,0.07608802,n=200_bz=0_cv1=0.8_p=1_q=32_20260121-155406
200,0.0,0.8,1,32,base,fx,mspe,0.09686741,n=200_bz=0_cv1=0.8_p=1_q=32_20260121-155406
200,0.0,0.8,1,32,base,fx,bias2,0.040238675,n=200_bz=0_cv1=0.8_p=1_q=32_20260121-155406
200,0.0,0.8,1,32,base,fx,var,0.056628734,n=200_bz=0_cv1=0.8_p=1_q=32_20260121-155406
200,0.0,0.8,1,32,base,fz,mspe,0.0,n=200_bz=0_cv1=0.8_p=1_q=32_20260121-155406
200,0.0,0.8,1,32,base,fz,bias2,0.0,n=200_bz=0_cv1=0.8_p=1_q=32_20260121-155406
200,0.0,0.8,1,32,base,fz,var,0.0,n=200_bz=0_cv1=0.8_p=1_q=32_20260121-155406
200,0.0,0.8,1,32,base,fr,mspe,0.0968583,n=200_bz=0_cv1=0.8_p=1_q=32_20260121-155406
200,0.0,0.8,1,32,base,fr,bias2,0.04022957,n=200_bz=0_cv1=0.8_p=1_q=32_20260121-155406
200,0.0,0.8,1,32,base,fr,var,0.056628734,n=200_bz=0_cv1=0.8_p=1_q=32_20260121-155406
200,0.0,0.8,1,32,posthoc,y,mspe,0.6688859,n=200_bz=0_cv1=0.8_p=1_q=32_20260121-155406
200,0.0,0.8,1,32,posthoc,y,bias2,0.55101794,n=200_bz=0_cv1=0.8_p=1_q=32_20260121-155406
200,0.0,0.8,1,32,posthoc,y,var,0.11786793,n=200_bz=0_cv1=0.8_p=1_q=32_20260121-155406
200,0.0,0.8,1,32,posthoc,fx,mspe,0.11003482,n=200_bz=0_cv1=0.8_p=1_q=32_20260121-155406
200,0.0,0.8,1,32,posthoc,fx,bias2,0.058864884,n=200_bz=0_cv1=0.8_p=1_q=32_20260121-155406
200,0.0,0.8,1,32,posthoc,fx,var,0.05116994,n=200_bz=0_cv1=0.8_p=1_q=32_20260121-155406
200,0.0,0.8,1,32,posthoc,fz,mspe,0.040139534,n=200_bz=0_cv1=0.8_p=1_q=32_20260121-155406
200,0.0,0.8,1,32,posthoc,fz,bias2,0.006120154,n=200_bz=0_cv1=0.8_p=1_q=32_20260121-155406
200,0.0,0.8,1,32,posthoc,fz,var,0.034019377,n=200_bz=0_cv1=0.8_p=1_q=32_20260121-155406
200,0.0,0.8,1,32,posthoc,fr,mspe,0.10151946,n=200_bz=0_cv1=0.8_p=1_q=32_20260121-155406
200,0.0,0.8,1,32,posthoc,fr,bias2,0.05034951,n=200_bz=0_cv1=0.8_p=1_q=32_20260121-155406
200,0.0,0.8,1,32,posthoc,fr,var,0.05116994,n=200_bz=0_cv1=0.8_p=1_q=32_20260121-155406
200,0.0,0.8,1,32,posthoc_orth,y,mspe,0.6773953,n=200_bz=0_cv1=0.8_p=1_q=32_20260121-155406
200,0.0,0.8,1,32,posthoc_orth,y,bias2,0.5522585,n=200_bz=0_cv1=0.8_p=1_q=32_20260121-155406
200,0.0,0.8,1,32,posthoc_orth,y,var,0.1251368,n=200_bz=0_cv1=0.8_p=1_q=32_20260121-155406
200,0.0,0.8,1,32,posthoc_orth,fx,mspe,0.11281289,n=200_bz=0_cv1=0.8_p=1_q=32_20260121-155406
200,0.0,0.8,1,32,posthoc_orth,fx,bias2,0.06481327,n=200_bz=0_cv1=0.8_p=1_q=32_20260121-155406
200,0.0,0.8,1,32,posthoc_orth,fx,var,0.047999635,n=200_bz=0_cv1=0.8_p=1_q=32_20260121-155406
200,0.0,0.8,1,32,posthoc_orth,fz,mspe,0.04622202,n=200_bz=0_cv1=0.8_p=1_q=32_20260121-155406
200,0.0,0.8,1,32,posthoc_orth,fz,bias2,0.0125189135,n=200_bz=0_cv1=0.8_p=1_q=32_20260121-155406
200,0.0,0.8,1,32,posthoc_orth,fz,var,0.033703107,n=200_bz=0_cv1=0.8_p=1_q=32_20260121-155406
200,0.0,0.8,1,32,posthoc_orth,fr,mspe,0.09467064,n=200_bz=0_cv1=0.8_p=1_q=32_20260121-155406
200,0.0,0.8,1,32,posthoc_orth,fr,bias2,0.04667101,n=200_bz=0_cv1=0.8_p=1_q=32_20260121-155406
200,0.0,0.8,1,32,posthoc_orth,fr,var,0.047999635,n=200_bz=0_cv1=0.8_p=1_q=32_20260121-155406
200,0.0,0.8,1,32,posthoc_web,y,mspe,0.80362564,n=200_bz=0_cv1=0.8_p=1_q=32_20260121-155406
200,0.0,0.8,1,32,posthoc_web,y,bias2,0.64183176,n=200_bz=0_cv1=0.8_p=1_q=32_20260121-155406
200,0.0,0.8,1,32,posthoc_web,y,var,0.16179395,n=200_bz=0_cv1=0.8_p=1_q=32_20260121-155406
200,0.0,0.8,1,32,posthoc_web,fx,mspe,0.09601764,n=200_bz=0_cv1=0.8_p=1_q=32_20260121-155406
200,0.0,0.8,1,32,posthoc_web,fx,bias2,0.053150635,n=200_bz=0_cv1=0.8_p=1_q=32_20260121-155406
200,0.0,0.8,1,32,posthoc_web,fx,var,0.042866997,n=200_bz=0_cv1=0.8_p=1_q=32_20260121-155406
200,0.0,0.8,1,32,posthoc_web,fz,mspe,0.0,n=200_bz=0_cv1=0.8_p=1_q=32_20260121-155406
200,0.0,0.8,1,32,posthoc_web,fz,bias2,0.0,n=200_bz=0_cv1=0.8_p=1_q=32_20260121-155406
200,0.0,0.8,1,32,posthoc_web,fz,var,0.0,n=200_bz=0_cv1=0.8_p=1_q=32_20260121-155406
200,0.0,0.8,1,32,posthoc_web,fr,mspe,0.07826415,n=200_bz=0_cv1=0.8_p=1_q=32_20260121-155406
200,0.0,0.8,1,32,posthoc_web,fr,bias2,0.035397153,n=200_bz=0_cv1=0.8_p=1_q=32_20260121-155406
200,0.0,0.8,1,32,posthoc_web,fr,var,0.042866997,n=200_bz=0_cv1=0.8_p=1_q=32_20260121-155406
200,1.5,0.8,1,32,base,y,mspe,0.72920185,n=200_bz=1.5_cv1=0.8_p=1_q=32_20260122-002840
200,1.5,0.8,1,32,base,y,bias2,0.591063,n=200_bz=1.5_cv1=0.8_p=1_q=32_20260122-002840
200,1.5,0.8,1,32,base,y,var,0.13813886,n=200_bz=1.5_cv1=0.8_p=1_q=32_20260122-002840
200,1.5,0.8,1,32,base,fx,mspe,0.19108248,n=200_bz=1.5_cv1=0.8_p=1_q=32_20260122-002840
200,1.5,0.8,1,32,base,fx,bias2,0.07562785,n=200_bz=1.5_cv1=0.8_p=1_q=32_20260122-002840
200,1.5,0.8,1,32,base,fx,var,0.11545463,n=200_bz=1.5_cv1=0.8_p=1_q=32_20260122-002840
200,1.5,0.8,1,32,base,fz,mspe,0.17539783,n=200_bz=1.5_cv1=0.8_p=1_q=32_20260122-002840
200,1.5,0.8,1,32,base,fz,bias2,0.17539783,n=200_bz=1.5_cv1=0.8_p=1_q=32_20260122-002840
200,1.5,0.8,1,32,base,fz,var,0.0,n=200_bz=1.5_cv1=0.8_p=1_q=32_20260122-002840
200,1.5,0.8,1,32,base,fr,mspe,0.2803733,n=200_bz=1.5_cv1=0.8_p=1_q=32_20260122-002840
200,1.5,0.8,1,32,base,fr,bias2,0.16491869,n=200_bz=1.5_cv1=0.8_p=1_q=32_20260122-002840
200,1.5,0.8,1,32,base,fr,var,0.11545463,n=200_bz=1.5_cv1=0.8_p=1_q=32_20260122-002840
200,1.5,0.8,1,32,posthoc,y,mspe,0.83186406,n=200_bz=1.5_cv1=0.8_p=1_q=32_20260122-002840
200,1.5,0.8,1,32,posthoc,y,bias2,0.69787335,n=200_bz=1.5_cv1=0.8_p=1_q=32_20260122-002840
200,1.5,0.8,1,32,posthoc,y,var,0.13399076,n=200_bz=1.5_cv1=0.8_p=1_q=32_20260122-002840
200,1.5,0.8,1,32,posthoc,fx,mspe,0.14077431,n=200_bz=1.5_cv1=0.8_p=1_q=32_20260122-002840
200,1.5,0.8,1,32,posthoc,fx,bias2,0.03546201,n=200_bz=1.5_cv1=0.8_p=1_q=32_20260122-002840
200,1.5,0.8,1,32,posthoc,fx,var,0.105312295,n=200_bz=1.5_cv1=0.8_p=1_q=32_20260122-002840
200,1.5,0.8,1,32,posthoc,fz,mspe,0.0896358,n=200_bz=1.5_cv1=0.8_p=1_q=32_20260122-002840
200,1.5,0.8,1,32,posthoc,fz,bias2,8.9214314e-05,n=200_bz=1.5_cv1=0.8_p=1_q=32_20260122-002840
200,1.5,0.8,1,32,posthoc,fz,var,0.08954659,n=200_bz=1.5_cv1=0.8_p=1_q=32_20260122-002840
200,1.5,0.8,1,32,posthoc,fr,mspe,0.1622222,n=200_bz=1.5_cv1=0.8_p=1_q=32_20260122-002840
200,1.5,0.8,1,32,posthoc,fr,bias2,0.056909904,n=200_bz=1.5_cv1=0.8_p=1_q=32_20260122-002840
200,1.5,0.8,1,32,posthoc,fr,var,0.105312295,n=200_bz=1.5_cv1=0.8_p=1_q=32_20260122-002840
200,1.5,0.8,1,32,posthoc_orth,y,mspe,0.8391023,n=200_bz=1.5_cv1=0.8_p=1_q=32_20260122-002840
200,1.5,0.8,1,32,posthoc_orth,y,bias2,0.70020294,n=200_bz=1.5_cv1=0.8_p=1_q=32_20260122-002840
200,1.5,0.8,1,32,posthoc_orth,y,var,0.1388993,n=200_bz=1.5_cv1=0.8_p=1_q=32_20260122-002840
200,1.5,0.8,1,32,posthoc_orth,fx,mspe,0.10606289,n=200_bz=1.5_cv1=0.8_p=1_q=32_20260122-002840
200,1.5,0.8,1,32,posthoc_orth,fx,bias2,0.049963072,n=200_bz=1.5_cv1=0.8_p=1_q=32_20260122-002840
200,1.5,0.8,1,32,posthoc_orth,fx,var,0.056099817,n=200_bz=1.5_cv1=0.8_p=1_q=32_20260122-002840
200,1.5,0.8,1,32,posthoc_orth,fz,mspe,0.061278038,n=200_bz=1.5_cv1=0.8_p=1_q=32_20260122-002840
200,1.5,0.8,1,32,posthoc_orth,fz,bias2,0.018408589,n=200_bz=1.5_cv1=0.8_p=1_q=32_20260122-002840
200,1.5,0.8,1,32,posthoc_orth,fz,var,0.042869452,n=200_bz=1.5_cv1=0.8_p=1_q=32_20260122-002840
200,1.5,0.8,1,32,posthoc_orth,fr,mspe,0.087227516,n=200_bz=1.5_cv1=0.8_p=1_q=32_20260122-002840
200,1.5,0.8,1,32,posthoc_orth,fr,bias2,0.031127697,n=200_bz=1.5_cv1=0.8_p=1_q=32_20260122-002840
200,1.5,0.8,1,32,posthoc_orth,fr,var,0.056099817,n=200_bz=1.5_cv1=0.8_p=1_q=32_20260122-002840
200,1.5,0.8,1,32,posthoc_web,y,mspe,2.0317256,n=200_bz=1.5_cv1=0.8_p=1_q=32_20260122-002840
200,1.5,0.8,1,32,posthoc_web,y,bias2,1.6781235,n=200_bz=1.5_cv1=0.8_p=1_q=32_20260122-002840
200,1.5,0.8,1,32,posthoc_web,y,var,0.3536021,n=200_bz=1.5_cv1=0.8_p=1_q=32_20260122-002840
200,1.5,0.8,1,32,posthoc_web,fx,mspe,0.092436604,n=200_bz=1.5_cv1=0.8_p=1_q=32_20260122-002840
200,1.5,0.8,1,32,posthoc_web,fx,bias2,0.032897945,n=200_bz=1.5_cv1=0.8_p=1_q=32_20260122-002840
200,1.5,0.8,1,32,posthoc_web,fx,var,0.05953866,n=200_bz=1.5_cv1=0.8_p=1_q=32_20260122-002840
200,1.5,0.8,1,32,posthoc_web,fz,mspe,0.17539783,n=200_bz=1.5_cv1=0.8_p=1_q=32_20260122-002840
200,1.5,0.8,1,32,posthoc_web,fz,bias2,0.17539783,n=200_bz=1.5_cv1=0.8_p=1_q=32_20260122-002840
200,1.5,0.8,1,32,posthoc_web,fz,var,0.0,n=200_bz=1.5_cv1=0.8_p=1_q=32_20260122-002840
200,1.5,0.8,1,32,posthoc_web,fr,mspe,0.072671495,n=200_bz=1.5_cv1=0.8_p=1_q=32_20260122-002840
200,1.5,0.8,1,32,posthoc_web,fr,bias2,0.013132835,n=200_bz=1.5_cv1=0.8_p=1_q=32_20260122-002840
200,1.5,0.8,1,32,posthoc_web,fr,var,0.05953866,n=200_bz=1.5_cv1=0.8_p=1_q=32_20260122-002840
200,1.0,0.8,1,32,base,y,mspe,0.65843767,n=200_bz=1_cv1=0.8_p=1_q=32_20260121-213758
200,1.0,0.8,1,32,base,y,bias2,0.5514785,n=200_bz=1_cv1=0.8_p=1_q=32_20260121-213758
200,1.0,0.8,1,32,base,y,var,0.10695916,n=200_bz=1_cv1=0.8_p=1_q=32_20260121-213758
200,1.0,0.8,1,32,base,fx,mspe,0.116895095,n=200_bz=1_cv1=0.8_p=1_q=32_20260121-213758
200,1.0,0.8,1,32,base,fx,bias2,0.03064221,n=200_bz=1_cv1=0.8_p=1_q=32_20260121-213758
200,1.0,0.8,1,32,base,fx,var,0.08625289,n=200_bz=1_cv1=0.8_p=1_q=32_20260121-213758
200,1.0,0.8,1,32,base,fz,mspe,0.07795459,n=200_bz=1_cv1=0.8_p=1_q=32_20260121-213758
200,1.0,0.8,1,32,base,fz,bias2,0.07795459,n=200_bz=1_cv1=0.8_p=1_q=32_20260121-213758
200,1.0,0.8,1,32,base,fz,var,0.0,n=200_bz=1_cv1=0.8_p=1_q=32_20260121-213758
200,1.0,0.8,1,32,base,fr,mspe,0.16829978,n=200_bz=1_cv1=0.8_p=1_q=32_20260121-213758
200,1.0,0.8,1,32,base,fr,bias2,0.08204689,n=200_bz=1_cv1=0.8_p=1_q=32_20260121-213758
200,1.0,0.8,1,32,base,fr,var,0.08625289,n=200_bz=1_cv1=0.8_p=1_q=32_20260121-213758
200,1.0,0.8,1,32,posthoc,y,mspe,0.73790246,n=200_bz=1_cv1=0.8_p=1_q=32_20260121-213758
200,1.0,0.8,1,32,posthoc,y,bias2,0.6218129,n=200_bz=1_cv1=0.8_p=1_q=32_20260121-213758
200,1.0,0.8,1,32,posthoc,y,var,0.11608955,n=200_bz=1_cv1=0.8_p=1_q=32_20260121-213758
200,1.0,0.8,1,32,posthoc,fx,mspe,0.10405249,n=200_bz=1_cv1=0.8_p=1_q=32_20260121-213758
200,1.0,0.8,1,32,posthoc,fx,bias2,0.038523164,n=200_bz=1_cv1=0.8_p=1_q=32_20260121-213758
200,1.0,0.8,1,32,posthoc,fx,var,0.06552933,n=200_bz=1_cv1=0.8_p=1_q=32_20260121-213758
200,1.0,0.8,1,32,posthoc,fz,mspe,0.044072945,n=200_bz=1_cv1=0.8_p=1_q=32_20260121-213758
200,1.0,0.8,1,32,posthoc,fz,bias2,0.00021723716,n=200_bz=1_cv1=0.8_p=1_q=32_20260121-213758
200,1.0,0.8,1,32,posthoc,fz,var,0.043855708,n=200_bz=1_cv1=0.8_p=1_q=32_20260121-213758
200,1.0,0.8,1,32,posthoc,fr,mspe,0.11292663,n=200_bz=1_cv1=0.8_p=1_q=32_20260121-213758
200,1.0,0.8,1,32,posthoc,fr,bias2,0.047397308,n=200_bz=1_cv1=0.8_p=1_q=32_20260121-213758
200,1.0,0.8,1,32,posthoc,fr,var,0.06552933,n=200_bz=1_cv1=0.8_p=1_q=32_20260121-213758
200,1.0,0.8,1,32,posthoc_orth,y,mspe,0.73896515,n=200_bz=1_cv1=0.8_p=1_q=32_20260121-213758
200,1.0,0.8,1,32,posthoc_orth,y,bias2,0.6188478,n=200_bz=1_cv1=0.8_p=1_q=32_20260121-213758
200,1.0,0.8,1,32,posthoc_orth,y,var,0.12011731,n=200_bz=1_cv1=0.8_p=1_q=32_20260121-213758
200,1.0,0.8,1,32,posthoc_orth,fx,mspe,0.10236054,n=200_bz=1_cv1=0.8_p=1_q=32_20260121-213758
200,1.0,0.8,1,32,posthoc_orth,fx,bias2,0.056797724,n=200_bz=1_cv1=0.8_p=1_q=32_20260121-213758
200,1.0,0.8,1,32,posthoc_orth,fx,var,0.04556282,n=200_bz=1_cv1=0.8_p=1_q=32_20260121-213758
200,1.0,0.8,1,32,posthoc_orth,fz,mspe,0.051292773,n=200_bz=1_cv1=0.8_p=1_q=32_20260121-213758
200,1.0,0.8,1,32,posthoc_orth,fz,bias2,0.012241457,n=200_bz=1_cv1=0.8_p=1_q=32_20260121-213758
200,1.0,0.8,1,32,posthoc_orth,fz,var,0.039051317,n=200_bz=1_cv1=0.8_p=1_q=32_20260121-213758
200,1.0,0.8,1,32,posthoc_orth,fr,mspe,0.083893515,n=200_bz=1_cv1=0.8_p=1_q=32_20260121-213758
200,1.0,0.8,1,32,posthoc_orth,fr,bias2,0.038330697,n=200_bz=1_cv1=0.8_p=1_q=32_20260121-213758
200,1.0,0.8,1,32,posthoc_orth,fr,var,0.04556282,n=200_bz=1_cv1=0.8_p=1_q=32_20260121-213758
200,1.0,0.8,1,32,posthoc_web,y,mspe,1.4630868,n=200_bz=1_cv1=0.8_p=1_q=32_20260121-213758
200,1.0,0.8,1,32,posthoc_web,y,bias2,1.186227,n=200_bz=1_cv1=0.8_p=1_q=32_20260121-213758
200,1.0,0.8,1,32,posthoc_web,y,var,0.2768599,n=200_bz=1_cv1=0.8_p=1_q=32_20260121-213758
200,1.0,0.8,1,32,posthoc_web,fx,mspe,0.08543188,n=200_bz=1_cv1=0.8_p=1_q=32_20260121-213758
200,1.0,0.8,1,32,posthoc_web,fx,bias2,0.036065377,n=200_bz=1_cv1=0.8_p=1_q=32_20260121-213758
200,1.0,0.8,1,32,posthoc_web,fx,var,0.049366497,n=200_bz=1_cv1=0.8_p=1_q=32_20260121-213758
200,1.0,0.8,1,32,posthoc_web,fz,mspe,0.07795459,n=200_bz=1_cv1=0.8_p=1_q=32_20260121-213758
200,1.0,0.8,1,32,posthoc_web,fz,bias2,0.07795459,n=200_bz=1_cv1=0.8_p=1_q=32_20260121-213758
200,1.0,0.8,1,32,posthoc_web,fz,var,0.0,n=200_bz=1_cv1=0.8_p=1_q=32_20260121-213758
200,1.0,0.8,1,32,posthoc_web,fr,mspe,0.06695825,n=200_bz=1_cv1=0.8_p=1_q=32_20260121-213758
200,1.0,0.8,1,32,posthoc_web,fr,bias2,0.017591752,n=200_bz=1_cv1=0.8_p=1_q=32_20260121-213758
200,1.0,0.8,1,32,posthoc_web,fr,var,0.049366497,n=200_bz=1_cv1=0.8_p=1_q=32_20260121-213758
200,2.5,0.8,1,32,base,y,mspe,0.9367121,n=200_bz=2.5_cv1=0.8_p=1_q=32_20260122-061121
200,2.5,0.8,1,32,base,y,bias2,0.751978,n=200_bz=2.5_cv1=0.8_p=1_q=32_20260122-061121
200,2.5,0.8,1,32,base,y,var,0.18473399,n=200_bz=2.5_cv1=0.8_p=1_q=32_20260122-061121
200,2.5,0.8,1,32,base,fx,mspe,0.42801806,n=200_bz=2.5_cv1=0.8_p=1_q=32_20260122-061121
200,2.5,0.8,1,32,base,fx,bias2,0.26958767,n=200_bz=2.5_cv1=0.8_p=1_q=32_20260122-061121
200,2.5,0.8,1,32,base,fx,var,0.15843032,n=200_bz=2.5_cv1=0.8_p=1_q=32_20260122-061121
200,2.5,0.8,1,32,base,fz,mspe,0.4872162,n=200_bz=2.5_cv1=0.8_p=1_q=32_20260122-061121
200,2.5,0.8,1,32,base,fz,bias2,0.48721617,n=200_bz=2.5_cv1=0.8_p=1_q=32_20260122-061121
200,2.5,0.8,1,32,base,fz,var,0.0,n=200_bz=2.5_cv1=0.8_p=1_q=32_20260122-061121
200,2.5,0.8,1,32,base,fr,mspe,0.58620137,n=200_bz=2.5_cv1=0.8_p=1_q=32_20260122-061121
200,2.5,0.8,1,32,base,fr,bias2,0.42777106,n=200_bz=2.5_cv1=0.8_p=1_q=32_20260122-061121
200,2.5,0.8,1,32,base,fr,var,0.15843032,n=200_bz=2.5_cv1=0.8_p=1_q=32_20260122-061121
200,2.5,0.8,1,32,posthoc,y,mspe,1.0540277,n=200_bz=2.5_cv1=0.8_p=1_q=32_20260122-061121
200,2.5,0.8,1,32,posthoc,y,bias2,0.911535,n=200_bz=2.5_cv1=0.8_p=1_q=32_20260122-061121
200,2.5,0.8,1,32,posthoc,y,var,0.1424927,n=200_bz=2.5_cv1=0.8_p=1_q=32_20260122-061121
200,2.5,0.8,1,32,posthoc,fx,mspe,0.19414389,n=200_bz=2.5_cv1=0.8_p=1_q=32_20260122-061121
200,2.5,0.8,1,32,posthoc,fx,bias2,0.033848267,n=200_bz=2.5_cv1=0.8_p=1_q=32_20260122-061121
200,2.5,0.8,1,32,posthoc,fx,var,0.16029564,n=200_bz=2.5_cv1=0.8_p=1_q=32_20260122-061121
200,2.5,0.8,1,32,posthoc,fz,mspe,0.16541888,n=200_bz=2.5_cv1=0.8_p=1_q=32_20260122-061121
200,2.5,0.8,1,32,posthoc,fz,bias2,0.0030666727,n=200_bz=2.5_cv1=0.8_p=1_q=32_20260122-061121
200,2.5,0.8,1,32,posthoc,fz,var,0.1623522,n=200_bz=2.5_cv1=0.8_p=1_q=32_20260122-061121
200,2.5,0.8,1,32,posthoc,fr,mspe,0.22553809,n=200_bz=2.5_cv1=0.8_p=1_q=32_20260122-061121
200,2.5,0.8,1,32,posthoc,fr,bias2,0.06524248,n=200_bz=2.5_cv1=0.8_p=1_q=32_20260122-061121
200,2.5,0.8,1,32,posthoc,fr,var,0.16029564,n=200_bz=2.5_cv1=0.8_p=1_q=32_20260122-061121
200,2.5,0.8,1,32,posthoc_orth,y,mspe,1.0451247,n=200_bz=2.5_cv1=0.8_p=1_q=32_20260122-061121
200,2.5,0.8,1,32,posthoc_orth,y,bias2,0.90716064,n=200_bz=2.5_cv1=0.8_p=1_q=32_20260122-061121
200,2.5,0.8,1,32,posthoc_orth,y,var,0.13796401,n=200_bz=2.5_cv1=0.8_p=1_q=32_20260122-061121
200,2.5,0.8,1,32,posthoc_orth,fx,mspe,0.0988974,n=200_bz=2.5_cv1=0.8_p=1_q=32_20260122-061121
200,2.5,0.8,1,32,posthoc_orth,fx,bias2,0.054573763,n=200_bz=2.5_cv1=0.8_p=1_q=32_20260122-061121
200,2.5,0.8,1,32,posthoc_orth,fx,var,0.044323634,n=200_bz=2.5_cv1=0.8_p=1_q=32_20260122-061121
200,2.5,0.8,1,32,posthoc_orth,fz,mspe,0.07050488,n=200_bz=2.5_cv1=0.8_p=1_q=32_20260122-061121
200,2.5,0.8,1,32,posthoc_orth,fz,bias2,0.014869985,n=200_bz=2.5_cv1=0.8_p=1_q=32_20260122-061121
200,2.5,0.8,1,32,posthoc_orth,fz,var,0.055634893,n=200_bz=2.5_cv1=0.8_p=1_q=32_20260122-061121
200,2.5,0.8,1,32,posthoc_orth,fr,mspe,0.080227256,n=200_bz=2.5_cv1=0.8_p=1_q=32_20260122-061121
200,2.5,0.8,1,32,posthoc_orth,fr,bias2,0.03590362,n=200_bz=2.5_cv1=0.8_p=1_q=32_20260122-061121
200,2.5,0.8,1,32,posthoc_orth,fr,var,0.044323634,n=200_bz=2.5_cv1=0.8_p=1_q=32_20260122-061121
200,2.5,0.8,1,32,posthoc_web,y,mspe,3.424208,n=200_bz=2.5_cv1=0.8_p=1_q=32_20260122-061121
200,2.5,0.8,1,32,posthoc_web,y,bias2,2.977819,n=200_bz=2.5_cv1=0.8_p=1_q=32_20260122-061121
200,2.5,0.8,1,32,posthoc_web,y,var,0.44638902,n=200_bz=2.5_cv1=0.8_p=1_q=32_20260122-061121
200,2.5,0.8,1,32,posthoc_web,fx,mspe,0.12323843,n=200_bz=2.5_cv1=0.8_p=1_q=32_20260122-061121
200,2.5,0.8,1,32,posthoc_web,fx,bias2,0.04327445,n=200_bz=2.5_cv1=0.8_p=1_q=32_20260122-061121
200,2.5,0.8,1,32,posthoc_web,fx,var,0.07996399,n=200_bz=2.5_cv1=0.8_p=1_q=32_20260122-061121
200,2.5,0.8,1,32,posthoc_web,fz,mspe,0.4872162,n=200_bz=2.5_cv1=0.8_p=1_q=32_20260122-061121
200,2.5,0.8,1,32,posthoc_web,fz,bias2,0.48721617,n=200_bz=2.5_cv1=0.8_p=1_q=32_20260122-061121
200,2.5,0.8,1,32,posthoc_web,fz,var,0.0,n=200_bz=2.5_cv1=0.8_p=1_q=32_20260122-061121
200,2.5,0.8,1,32,posthoc_web,fr,mspe,0.10282434,n=200_bz=2.5_cv1=0.8_p=1_q=32_20260122-061121
200,2.5,0.8,1,32,posthoc_web,fr,bias2,0.02286036,n=200_bz=2.5_cv1=0.8_p=1_q=32_20260122-061121
200,2.5,0.8,1,32,posthoc_web,fr,var,0.07996399,n=200_bz=2.5_cv1=0.8_p=1_q=32_20260122-061121
200,2.0,0.8,1,32,base,y,mspe,0.8288873,n=200_bz=2_cv1=0.8_p=1_q=32_20260122-031817
200,2.0,0.8,1,32,base,y,bias2,0.68126905,n=200_bz=2_cv1=0.8_p=1_q=32_20260122-031817
200,2.0,0.8,1,32,base,y,var,0.14761825,n=200_bz=2_cv1=0.8_p=1_q=32_20260122-031817
200,2.0,0.8,1,32,base,fx,mspe,0.28457412,n=200_bz=2_cv1=0.8_p=1_q=32_20260122-031817
200,2.0,0.8,1,32,base,fx,bias2,0.16605051,n=200_bz=2_cv1=0.8_p=1_q=32_20260122-031817
200,2.0,0.8,1,32,base,fx,var,0.11852362,n=200_bz=2_cv1=0.8_p=1_q=32_20260122-031817
200,2.0,0.8,1,32,base,fz,mspe,0.31181836,n=200_bz=2_cv1=0.8_p=1_q=32_20260122-031817
200,2.0,0.8,1,32,base,fz,bias2,0.31181836,n=200_bz=2_cv1=0.8_p=1_q=32_20260122-031817
200,2.0,0.8,1,32,base,fz,var,0.0,n=200_bz=2_cv1=0.8_p=1_q=32_20260122-031817
200,2.0,0.8,1,32,base,fr,mspe,0.41298643,n=200_bz=2_cv1=0.8_p=1_q=32_20260122-031817
200,2.0,0.8,1,32,base,fr,bias2,0.2944628,n=200_bz=2_cv1=0.8_p=1_q=32_20260122-031817
200,2.0,0.8,1,32,base,fr,var,0.11852362,n=200_bz=2_cv1=0.8_p=1_q=32_20260122-031817
200,2.0,0.8,1,32,posthoc,y,mspe,0.91926056,n=200_bz=2_cv1=0.8_p=1_q=32_20260122-031817
200,2.0,0.8,1,32,posthoc,y,bias2,0.78943056,n=200_bz=2_cv1=0.8_p=1_q=32_20260122-031817
200,2.0,0.8,1,32,posthoc,y,var,0.12983003,n=200_bz=2_cv1=0.8_p=1_q=32_20260122-031817
200,2.0,0.8,1,32,posthoc,fx,mspe,0.16323432,n=200_bz=2_cv1=0.8_p=1_q=32_20260122-031817
200,2.0,0.8,1,32,posthoc,fx,bias2,0.029824642,n=200_bz=2_cv1=0.8_p=1_q=32_20260122-031817
200,2.0,0.8,1,32,posthoc,fx,var,0.13340968,n=200_bz=2_cv1=0.8_p=1_q=32_20260122-031817
200,2.0,0.8,1,32,posthoc,fz,mspe,0.12884855,n=200_bz=2_cv1=0.8_p=1_q=32_20260122-031817
200,2.0,0.8,1,32,posthoc,fz,bias2,0.0026830144,n=200_bz=2_cv1=0.8_p=1_q=32_20260122-031817
200,2.0,0.8,1,32,posthoc,fz,var,0.12616555,n=200_bz=2_cv1=0.8_p=1_q=32_20260122-031817
200,2.0,0.8,1,32,posthoc,fr,mspe,0.19437252,n=200_bz=2_cv1=0.8_p=1_q=32_20260122-031817
200,2.0,0.8,1,32,posthoc,fr,bias2,0.060962845,n=200_bz=2_cv1=0.8_p=1_q=32_20260122-031817
200,2.0,0.8,1,32,posthoc,fr,var,0.13340968,n=200_bz=2_cv1=0.8_p=1_q=32_20260122-031817
200,2.0,0.8,1,32,posthoc_orth,y,mspe,0.9199806,n=200_bz=2_cv1=0.8_p=1_q=32_20260122-031817
200,2.0,0.8,1,32,posthoc_orth,y,bias2,0.79071015,n=200_bz=2_cv1=0.8_p=1_q=32_20260122-031817
200,2.0,0.8,1,32,posthoc_orth,y,var,0.12927043,n=200_bz=2_cv1=0.8_p=1_q=32_20260122-031817
200,2.0,0.8,1,32,posthoc_orth,fx,mspe,0.097015575,n=200_bz=2_cv1=0.8_p=1_q=32_20260122-031817
200,2.0,0.8,1,32,posthoc_orth,fx,bias2,0.046298485,n=200_bz=2_cv1=0.8_p=1_q=32_20260122-031817
200,2.0,0.8,1,32,posthoc_orth,fx,var,0.05071709,n=200_bz=2_cv1=0.8_p=1_q=32_20260122-031817
200,2.0,0.8,1,32,posthoc_orth,fz,mspe,0.060320728,n=200_bz=2_cv1=0.8_p=1_q=32_20260122-031817
200,2.0,0.8,1,32,posthoc_orth,fz,bias2,0.01599163,n=200_bz=2_cv1=0.8_p=1_q=32_20260122-031817
200,2.0,0.8,1,32,posthoc_orth,fz,var,0.0443291,n=200_bz=2_cv1=0.8_p=1_q=32_20260122-031817
200,2.0,0.8,1,32,posthoc_orth,fr,mspe,0.078704275,n=200_bz=2_cv1=0.8_p=1_q=32_20260122-031817
200,2.0,0.8,1,32,posthoc_orth,fr,bias2,0.027987184,n=200_bz=2_cv1=0.8_p=1_q=32_20260122-031817
200,2.0,0.8,1,32,posthoc_orth,fr,var,0.05071709,n=200_bz=2_cv1=0.8_p=1_q=32_20260122-031817
200,2.0,0.8,1,32,posthoc_web,y,mspe,2.740608,n=200_bz=2_cv1=0.8_p=1_q=32_20260122-031817
200,2.0,0.8,1,32,posthoc_web,y,bias2,2.3590689,n=200_bz=2_cv1=0.8_p=1_q=32_20260122-031817
200,2.0,0.8,1,32,posthoc_web,y,var,0.3815391,n=200_bz=2_cv1=0.8_p=1_q=32_20260122-031817
200,2.0,0.8,1,32,posthoc_web,fx,mspe,0.09599998,n=200_bz=2_cv1=0.8_p=1_q=32_20260122-031817
200,2.0,0.8,1,32,posthoc_web,fx,bias2,0.033745207,n=200_bz=2_cv1=0.8_p=1_q=32_20260122-031817
200,2.0,0.8,1,32,posthoc_web,fx,var,0.06225477,n=200_bz=2_cv1=0.8_p=1_q=32_20260122-031817
200,2.0,0.8,1,32,posthoc_web,fz,mspe,0.31181836,n=200_bz=2_cv1=0.8_p=1_q=32_20260122-031817
200,2.0,0.8,1,32,posthoc_web,fz,bias2,0.31181836,n=200_bz=2_cv1=0.8_p=1_q=32_20260122-031817
200,2.0,0.8,1,32,posthoc_web,fz,var,0.0,n=200_bz=2_cv1=0.8_p=1_q=32_20260122-031817
200,2.0,0.8,1,32,posthoc_web,fr,mspe,0.076139785,n=200_bz=2_cv1=0.8_p=1_q=32_20260122-031817
200,2.0,0.8,1,32,posthoc_web,fr,bias2,0.013885004,n=200_bz=2_cv1=0.8_p=1_q=32_20260122-031817
200,2.0,0.8,1,32,posthoc_web,fr,var,0.06225477,n=200_bz=2_cv1=0.8_p=1_q=32_20260122-031817
200,3.5,0.8,1,32,base,y,mspe,1.206904,n=200_bz=3.5_cv1=0.8_p=1_q=32_20260122-120548
200,3.5,0.8,1,32,base,y,bias2,0.9452496,n=200_bz=3.5_cv1=0.8_p=1_q=32_20260122-120548
200,3.5,0.8,1,32,base,y,var,0.2616544,n=200_bz=3.5_cv1=0.8_p=1_q=32_20260122-120548
200,3.5,0.8,1,32,base,fx,mspe,0.7994887,n=200_bz=3.5_cv1=0.8_p=1_q=32_20260122-120548
200,3.5,0.8,1,32,base,fx,bias2,0.5703102,n=200_bz=3.5_cv1=0.8_p=1_q=32_20260122-120548
200,3.5,0.8,1,32,base,fx,var,0.22917853,n=200_bz=3.5_cv1=0.8_p=1_q=32_20260122-120548
200,3.5,0.8,1,32,base,fz,mspe,0.9549438,n=200_bz=3.5_cv1=0.8_p=1_q=32_20260122-120548
200,3.5,0.8,1,32,base,fz,bias2,0.95494384,n=200_bz=3.5_cv1=0.8_p=1_q=32_20260122-120548
200,3.5,0.8,1,32,base,fz,var,0.0,n=200_bz=3.5_cv1=0.8_p=1_q=32_20260122-120548
200,3.5,0.8,1,32,base,fr,mspe,1.0212053,n=200_bz=3.5_cv1=0.8_p=1_q=32_20260122-120548
200,3.5,0.8,1,32,base,fr,bias2,0.7920267,n=200_bz=3.5_cv1=0.8_p=1_q=32_20260122-120548
200,3.5,0.8,1,32,base,fr,var,0.22917853,n=200_bz=3.5_cv1=0.8_p=1_q=32_20260122-120548
200,3.5,0.8,1,32,posthoc,y,mspe,1.453421,n=200_bz=3.5_cv1=0.8_p=1_q=32_20260122-120548
200,3.5,0.8,1,32,posthoc,y,bias2,1.2645156,n=200_bz=3.5_cv1=0.8_p=1_q=32_20260122-120548
200,3.5,0.8,1,32,posthoc,y,var,0.18890531,n=200_bz=3.5_cv1=0.8_p=1_q=32_20260122-120548
200,3.5,0.8,1,32,posthoc,fx,mspe,0.2667073,n=200_bz=3.5_cv1=0.8_p=1_q=32_20260122-120548
200,3.5,0.8,1,32,posthoc,fx,bias2,0.03184444,n=200_bz=3.5_cv1=0.8_p=1_q=32_20260122-120548
200,3.5,0.8,1,32,posthoc,fx,var,0.23486285,n=200_bz=3.5_cv1=0.8_p=1_q=32_20260122-120548
200,3.5,0.8,1,32,posthoc,fz,mspe,0.26580292,n=200_bz=3.5_cv1=0.8_p=1_q=32_20260122-120548
200,3.5,0.8,1,32,posthoc,fz,bias2,0.00037310048,n=200_bz=3.5_cv1=0.8_p=1_q=32_20260122-120548
200,3.5,0.8,1,32,posthoc,fz,var,0.2654298,n=200_bz=3.5_cv1=0.8_p=1_q=32_20260122-120548
200,3.5,0.8,1,32,posthoc,fr,mspe,0.2927543,n=200_bz=3.5_cv1=0.8_p=1_q=32_20260122-120548
200,3.5,0.8,1,32,posthoc,fr,bias2,0.05789144,n=200_bz=3.5_cv1=0.8_p=1_q=32_20260122-120548
200,3.5,0.8,1,32,posthoc,fr,var,0.23486285,n=200_bz=3.5_cv1=0.8_p=1_q=32_20260122-120548
200,3.5,0.8,1,32,posthoc_orth,y,mspe,1.4516929,n=200_bz=3.5_cv1=0.8_p=1_q=32_20260122-120548
200,3.5,0.8,1,32,posthoc_orth,y,bias2,1.2659639,n=200_bz=3.5_cv1=0.8_p=1_q=32_20260122-120548
200,3.5,0.8,1,32,posthoc_orth,y,var,0.18572906,n=200_bz=3.5_cv1=0.8_p=1_q=32_20260122-120548
200,3.5,0.8,1,32,posthoc_orth,fx,mspe,0.11870293,n=200_bz=3.5_cv1=0.8_p=1_q=32_20260122-120548
200,3.5,0.8,1,32,posthoc_orth,fx,bias2,0.049736176,n=200_bz=3.5_cv1=0.8_p=1_q=32_20260122-120548
200,3.5,0.8,1,32,posthoc_orth,fx,var,0.06896676,n=200_bz=3.5_cv1=0.8_p=1_q=32_20260122-120548
200,3.5,0.8,1,32,posthoc_orth,fz,mspe,0.09317511,n=200_bz=3.5_cv1=0.8_p=1_q=32_20260122-120548
200,3.5,0.8,1,32,posthoc_orth,fz,bias2,0.020143434,n=200_bz=3.5_cv1=0.8_p=1_q=32_20260122-120548
200,3.5,0.8,1,32,posthoc_orth,fz,var,0.07303168,n=200_bz=3.5_cv1=0.8_p=1_q=32_20260122-120548
200,3.5,0.8,1,32,posthoc_orth,fr,mspe,0.09945545,n=200_bz=3.5_cv1=0.8_p=1_q=32_20260122-120548
200,3.5,0.8,1,32,posthoc_orth,fr,bias2,0.030488692,n=200_bz=3.5_cv1=0.8_p=1_q=32_20260122-120548
200,3.5,0.8,1,32,posthoc_orth,fr,var,0.06896676,n=200_bz=3.5_cv1=0.8_p=1_q=32_20260122-120548
200,3.5,0.8,1,32,posthoc_web,y,mspe,5.0273705,n=200_bz=3.5_cv1=0.8_p=1_q=32_20260122-120548
200,3.5,0.8,1,32,posthoc_web,y,bias2,4.3956995,n=200_bz=3.5_cv1=0.8_p=1_q=32_20260122-120548
200,3.5,0.8,1,32,posthoc_web,y,var,0.6316707,n=200_bz=3.5_cv1=0.8_p=1_q=32_20260122-120548
200,3.5,0.8,1,32,posthoc_web,fx,mspe,0.16903634,n=200_bz=3.5_cv1=0.8_p=1_q=32_20260122-120548
200,3.5,0.8,1,32,posthoc_web,fx,bias2,0.06721312,n=200_bz=3.5_cv1=0.8_p=1_q=32_20260122-120548
200,3.5,0.8,1,32,posthoc_web,fx,var,0.10182323,n=200_bz=3.5_cv1=0.8_p=1_q=32_20260122-120548
200,3.5,0.8,1,32,posthoc_web,fz,mspe,0.9549438,n=200_bz=3.5_cv1=0.8_p=1_q=32_20260122-120548
200,3.5,0.8,1,32,posthoc_web,fz,bias2,0.95494384,n=200_bz=3.5_cv1=0.8_p=1_q=32_20260122-120548
200,3.5,0.8,1,32,posthoc_web,fz,var,0.0,n=200_bz=3.5_cv1=0.8_p=1_q=32_20260122-120548
200,3.5,0.8,1,32,posthoc_web,fr,mspe,0.14749736,n=200_bz=3.5_cv1=0.8_p=1_q=32_20260122-120548
200,3.5,0.8,1,32,posthoc_web,fr,bias2,0.04567413,n=200_bz=3.5_cv1=0.8_p=1_q=32_20260122-120548
200,3.5,0.8,1,32,posthoc_web,fr,var,0.10182323,n=200_bz=3.5_cv1=0.8_p=1_q=32_20260122-120548
200,3.0,0.8,1,32,base,y,mspe,1.0631706,n=200_bz=3_cv1=0.8_p=1_q=32_20260122-090601
200,3.0,0.8,1,32,base,y,bias2,0.8669922,n=200_bz=3_cv1=0.8_p=1_q=32_20260122-090601
200,3.0,0.8,1,32,base,y,var,0.19617833,n=200_bz=3_cv1=0.8_p=1_q=32_20260122-090601
200,3.0,0.8,1,32,base,fx,mspe,0.5978025,n=200_bz=3_cv1=0.8_p=1_q=32_20260122-090601
200,3.0,0.8,1,32,base,fx,bias2,0.4311477,n=200_bz=3_cv1=0.8_p=1_q=32_20260122-090601
200,3.0,0.8,1,32,base,fx,var,0.16665487,n=200_bz=3_cv1=0.8_p=1_q=32_20260122-090601
200,3.0,0.8,1,32,base,fz,mspe,0.7015913,n=200_bz=3_cv1=0.8_p=1_q=32_20260122-090601
200,3.0,0.8,1,32,base,fz,bias2,0.7015913,n=200_bz=3_cv1=0.8_p=1_q=32_20260122-090601
200,3.0,0.8,1,32,base,fz,var,0.0,n=200_bz=3_cv1=0.8_p=1_q=32_20260122-090601
200,3.0,0.8,1,32,base,fr,mspe,0.7932998,n=200_bz=3_cv1=0.8_p=1_q=32_20260122-090601
200,3.0,0.8,1,32,base,fr,bias2,0.6266449,n=200_bz=3_cv1=0.8_p=1_q=32_20260122-090601
200,3.0,0.8,1,32,base,fr,var,0.16665487,n=200_bz=3_cv1=0.8_p=1_q=32_20260122-090601
200,3.0,0.8,1,32,posthoc,y,mspe,1.2191294,n=200_bz=3_cv1=0.8_p=1_q=32_20260122-090601
200,3.0,0.8,1,32,posthoc,y,bias2,1.0597146,n=200_bz=3_cv1=0.8_p=1_q=32_20260122-090601
200,3.0,0.8,1,32,posthoc,y,var,0.15941487,n=200_bz=3_cv1=0.8_p=1_q=32_20260122-090601
200,3.0,0.8,1,32,posthoc,fx,mspe,0.20822549,n=200_bz=3_cv1=0.8_p=1_q=32_20260122-090601
200,3.0,0.8,1,32,posthoc,fx,bias2,0.027223706,n=200_bz=3_cv1=0.8_p=1_q=32_20260122-090601
200,3.0,0.8,1,32,posthoc,fx,var,0.18100178,n=200_bz=3_cv1=0.8_p=1_q=32_20260122-090601
200,3.0,0.8,1,32,posthoc,fz,mspe,0.17601143,n=200_bz=3_cv1=0.8_p=1_q=32_20260122-090601
200,3.0,0.8,1,32,posthoc,fz,bias2,0.0034408928,n=200_bz=3_cv1=0.8_p=1_q=32_20260122-090601
200,3.0,0.8,1,32,posthoc,fz,var,0.17257053,n=200_bz=3_cv1=0.8_p=1_q=32_20260122-090601
200,3.0,0.8,1,32,posthoc,fr,mspe,0.24053794,n=200_bz=3_cv1=0.8_p=1_q=32_20260122-090601
200,3.0,0.8,1,32,posthoc,fr,bias2,0.059536137,n=200_bz=3_cv1=0.8_p=1_q=32_20260122-090601
200,3.0,0.8,1,32,posthoc,fr,var,0.18100178,n=200_bz=3_cv1=0.8_p=1_q=32_20260122-090601
200,3.0,0.8,1,32,posthoc_orth,y,mspe,1.2211752,n=200_bz=3_cv1=0.8_p=1_q=32_20260122-090601
200,3.0,0.8,1,32,posthoc_orth,y,bias2,1.0611287,n=200_bz=3_cv1=0.8_p=1_q=32_20260122-090601
200,3.0,0.8,1,32,posthoc_orth,y,var,0.16004649,n=200_bz=3_cv1=0.8_p=1_q=32_20260122-090601
200,3.0,0.8,1,32,posthoc_orth,fx,mspe,0.10965006,n=200_bz=3_cv1=0.8_p=1_q=32_20260122-090601
200,3.0,0.8,1,32,posthoc_orth,fx,bias2,0.04526089,n=200_bz=3_cv1=0.8_p=1_q=32_20260122-090601
200,3.0,0.8,1,32,posthoc_orth,fx,var,0.06438917,n=200_bz=3_cv1=0.8_p=1_q=32_20260122-090601
200,3.0,0.8,1,32,posthoc_orth,fz,mspe,0.07228339,n=200_bz=3_cv1=0.8_p=1_q=32_20260122-090601
200,3.0,0.8,1,32,posthoc_orth,fz,bias2,0.016358485,n=200_bz=3_cv1=0.8_p=1_q=32_20260122-090601
200,3.0,0.8,1,32,posthoc_orth,fz,var,0.055924896,n=200_bz=3_cv1=0.8_p=1_q=32_20260122-090601
200,3.0,0.8,1,32,posthoc_orth,fr,mspe,0.09035964,n=200_bz=3_cv1=0.8_p=1_q=32_20260122-090601
200,3.0,0.8,1,32,posthoc_orth,fr,bias2,0.025970476,n=200_bz=3_cv1=0.8_p=1_q=32_20260122-090601
200,3.0,0.8,1,32,posthoc_orth,fr,var,0.06438917,n=200_bz=3_cv1=0.8_p=1_q=32_20260122-090601
200,3.0,0.8,1,32,posthoc_web,y,mspe,4.273664,n=200_bz=3_cv1=0.8_p=1_q=32_20260122-090601
200,3.0,0.8,1,32,posthoc_web,y,bias2,3.795035,n=200_bz=3_cv1=0.8_p=1_q=32_20260122-090601
200,3.0,0.8,1,32,posthoc_web,y,var,0.4786291,n=200_bz=3_cv1=0.8_p=1_q=32_20260122-090601
200,3.0,0.8,1,32,posthoc_web,fx,mspe,0.14360489,n=200_bz=3_cv1=0.8_p=1_q=32_20260122-090601
200,3.0,0.8,1,32,posthoc_web,fx,bias2,0.05506586,n=200_bz=3_cv1=0.8_p=1_q=32_20260122-090601
200,3.0,0.8,1,32,posthoc_web,fx,var,0.08853904,n=200_bz=3_cv1=0.8_p=1_q=32_20260122-090601
200,3.0,0.8,1,32,posthoc_web,fz,mspe,0.7015913,n=200_bz=3_cv1=0.8_p=1_q=32_20260122-090601
200,3.0,0.8,1,32,posthoc_web,fz,bias2,0.7015913,n=200_bz=3_cv1=0.8_p=1_q=32_20260122-090601
200,3.0,0.8,1,32,posthoc_web,fz,var,0.0,n=200_bz=3_cv1=0.8_p=1_q=32_20260122-090601
200,3.0,0.8,1,32,posthoc_web,fr,mspe,0.122296385,n=200_bz=3_cv1=0.8_p=1_q=32_20260122-090601
200,3.0,0.8,1,32,posthoc_web,fr,bias2,0.033757366,n=200_bz=3_cv1=0.8_p=1_q=32_20260122-090601
200,3.0,0.8,1,32,posthoc_web,fr,var,0.08853904,n=200_bz=3_cv1=0.8_p=1_q=32_20260122-090601
200,4.0,0.8,1,32,base,y,mspe,1.4708331,n=200_bz=4_cv1=0.8_p=1_q=32_20260122-153720
200,4.0,0.8,1,32,base,y,bias2,1.2142967,n=200_bz=4_cv1=0.8_p=1_q=32_20260122-153720
200,4.0,0.8,1,32,base,y,var,0.25653633,n=200_bz=4_cv1=0.8_p=1_q=32_20260122-153720
200,4.0,0.8,1,32,base,fx,mspe,1.1028048,n=200_bz=4_cv1=0.8_p=1_q=32_20260122-153720
200,4.0,0.8,1,32,base,fx,bias2,0.8786138,n=200_bz=4_cv1=0.8_p=1_q=32_20260122-153720
200,4.0,0.8,1,32,base,fx,var,0.22419097,n=200_bz=4_cv1=0.8_p=1_q=32_20260122-153720
200,4.0,0.8,1,32,base,fz,mspe,1.2472734,n=200_bz=4_cv1=0.8_p=1_q=32_20260122-153720
200,4.0,0.8,1,32,base,fz,bias2,1.2472734,n=200_bz=4_cv1=0.8_p=1_q=32_20260122-153720
200,4.0,0.8,1,32,base,fz,var,0.0,n=200_bz=4_cv1=0.8_p=1_q=32_20260122-153720
200,4.0,0.8,1,32,base,fr,mspe,1.3738457,n=200_bz=4_cv1=0.8_p=1_q=32_20260122-153720
200,4.0,0.8,1,32,base,fr,bias2,1.1496547,n=200_bz=4_cv1=0.8_p=1_q=32_20260122-153720
200,4.0,0.8,1,32,base,fr,var,0.22419097,n=200_bz=4_cv1=0.8_p=1_q=32_20260122-153720
200,4.0,0.8,1,32,posthoc,y,mspe,1.7098461,n=200_bz=4_cv1=0.8_p=1_q=32_20260122-153720
200,4.0,0.8,1,32,posthoc,y,bias2,1.5167415,n=200_bz=4_cv1=0.8_p=1_q=32_20260122-153720
200,4.0,0.8,1,32,posthoc,y,var,0.19310467,n=200_bz=4_cv1=0.8_p=1_q=32_20260122-153720
200,4.0,0.8,1,32,posthoc,fx,mspe,0.26172248,n=200_bz=4_cv1=0.8_p=1_q=32_20260122-153720
200,4.0,0.8,1,32,posthoc,fx,bias2,0.039178915,n=200_bz=4_cv1=0.8_p=1_q=32_20260122-153720
200,4.0,0.8,1,32,posthoc,fx,var,0.22254358,n=200_bz=4_cv1=0.8_p=1_q=32_20260122-153720
200,4.0,0.8,1,32,posthoc,fz,mspe,0.2880015,n=200_bz=4_cv1=0.8_p=1_q=32_20260122-153720
200,4.0,0.8,1,32,posthoc,fz,bias2,0.0011281149,n=200_bz=4_cv1=0.8_p=1_q=32_20260122-153720
200,4.0,0.8,1,32,posthoc,fz,var,0.2868734,n=200_bz=4_cv1=0.8_p=1_q=32_20260122-153720
200,4.0,0.8,1,32,posthoc,fr,mspe,0.2940227,n=200_bz=4_cv1=0.8_p=1_q=32_20260122-153720
200,4.0,0.8,1,32,posthoc,fr,bias2,0.071479134,n=200_bz=4_cv1=0.8_p=1_q=32_20260122-153720
200,4.0,0.8,1,32,posthoc,fr,var,0.22254358,n=200_bz=4_cv1=0.8_p=1_q=32_20260122-153720
200,4.0,0.8,1,32,posthoc_orth,y,mspe,1.7183312,n=200_bz=4_cv1=0.8_p=1_q=32_20260122-153720
200,4.0,0.8,1,32,posthoc_orth,y,bias2,1.5195339,n=200_bz=4_cv1=0.8_p=1_q=32_20260122-153720
200,4.0,0.8,1,32,posthoc_orth,y,var,0.19879761,n=200_bz=4_cv1=0.8_p=1_q=32_20260122-153720
200,4.0,0.8,1,32,posthoc_orth,fx,mspe,0.1198729,n=200_bz=4_cv1=0.8_p=1_q=32_20260122-153720
200,4.0,0.8,1,32,posthoc_orth,fx,bias2,0.057590723,n=200_bz=4_cv1=0.8_p=1_q=32_20260122-153720
200,4.0,0.8,1,32,posthoc_orth,fx,var,0.06228218,n=200_bz=4_cv1=0.8_p=1_q=32_20260122-153720
200,4.0,0.8,1,32,posthoc_orth,fz,mspe,0.115074985,n=200_bz=4_cv1=0.8_p=1_q=32_20260122-153720
200,4.0,0.8,1,32,posthoc_orth,fz,bias2,0.023103036,n=200_bz=4_cv1=0.8_p=1_q=32_20260122-153720
200,4.0,0.8,1,32,posthoc_orth,fz,var,0.09197195,n=200_bz=4_cv1=0.8_p=1_q=32_20260122-153720
200,4.0,0.8,1,32,posthoc_orth,fr,mspe,0.100601904,n=200_bz=4_cv1=0.8_p=1_q=32_20260122-153720
200,4.0,0.8,1,32,posthoc_orth,fr,bias2,0.03831973,n=200_bz=4_cv1=0.8_p=1_q=32_20260122-153720
200,4.0,0.8,1,32,posthoc_orth,fr,var,0.06228218,n=200_bz=4_cv1=0.8_p=1_q=32_20260122-153720
200,4.0,0.8,1,32,posthoc_web,y,mspe,6.448848,n=200_bz=4_cv1=0.8_p=1_q=32_20260122-153720
200,4.0,0.8,1,32,posthoc_web,y,bias2,5.83132,n=200_bz=4_cv1=0.8_p=1_q=32_20260122-153720
200,4.0,0.8,1,32,posthoc_web,y,var,0.61752766,n=200_bz=4_cv1=0.8_p=1_q=32_20260122-153720
200,4.0,0.8,1,32,posthoc_web,fx,mspe,0.1948282,n=200_bz=4_cv1=0.8_p=1_q=32_20260122-153720
200,4.0,0.8,1,32,posthoc_web,fx,bias2,0.089087754,n=200_bz=4_cv1=0.8_p=1_q=32_20260122-153720
200,4.0,0.8,1,32,posthoc_web,fx,var,0.10574046,n=200_bz=4_cv1=0.8_p=1_q=32_20260122-153720
200,4.0,0.8,1,32,posthoc_web,fz,mspe,1.2472734,n=200_bz=4_cv1=0.8_p=1_q=32_20260122-153720
200,4.0,0.8,1,32,posthoc_web,fz,bias2,1.2472734,n=200_bz=4_cv1=0.8_p=1_q=32_20260122-153720
200,4.0,0.8,1,32,posthoc_web,fz,var,0.0,n=200_bz=4_cv1=0.8_p=1_q=32_20260122-153720
200,4.0,0.8,1,32,posthoc_web,fr,mspe,0.17266203,n=200_bz=4_cv1=0.8_p=1_q=32_20260122-153720
200,4.0,0.8,1,32,posthoc_web,fr,bias2,0.0669216,n=200_bz=4_cv1=0.8_p=1_q=32_20260122-153720
200,4.0,0.8,1,32,posthoc_web,fr,var,0.10574046,n=200_bz=4_cv1=0.8_p=1_q=32_20260122-153720
25600,0.5,0.8,1,32,base,y,mspe,0.6316546,n=25600_bz=0.5_cv1=0.8_p=1_q=32_20260121-202802
25600,0.5,0.8,1,32,base,y,bias2,0.62929916,n=25600_bz=0.5_cv1=0.8_p=1_q=32_20260121-202802
25600,0.5,0.8,1,32,base,y,var,0.0023555078,n=25600_bz=0.5_cv1=0.8_p=1_q=32_20260121-202802
25600,0.5,0.8,1,32,base,fx,mspe,0.019847784,n=25600_bz=0.5_cv1=0.8_p=1_q=32_20260121-202802
25600,0.5,0.8,1,32,base,fx,bias2,0.0179193,n=25600_bz=0.5_cv1=0.8_p=1_q=32_20260121-202802
25600,0.5,0.8,1,32,base,fx,var,0.0019284851,n=25600_bz=0.5_cv1=0.8_p=1_q=32_20260121-202802
25600,0.5,0.8,1,32,base,fz,mspe,0.019488648,n=25600_bz=0.5_cv1=0.8_p=1_q=32_20260121-202802
25600,0.5,0.8,1,32,base,fz,bias2,0.019488648,n=25600_bz=0.5_cv1=0.8_p=1_q=32_20260121-202802
25600,0.5,0.8,1,32,base,fz,var,0.0,n=25600_bz=0.5_cv1=0.8_p=1_q=32_20260121-202802
25600,0.5,0.8,1,32,base,fr,mspe,0.075276844,n=25600_bz=0.5_cv1=0.8_p=1_q=32_20260121-202802
25600,0.5,0.8,1,32,base,fr,bias2,0.07334836,n=25600_bz=0.5_cv1=0.8_p=1_q=32_20260121-202802
25600,0.5,0.8,1,32,base,fr,var,0.0019284851,n=25600_bz=0.5_cv1=0.8_p=1_q=32_20260121-202802
25600,0.5,0.8,1,32,posthoc,y,mspe,0.6422833,n=25600_bz=0.5_cv1=0.8_p=1_q=32_20260121-202802
25600,0.5,0.8,1,32,posthoc,y,bias2,0.6394692,n=25600_bz=0.5_cv1=0.8_p=1_q=32_20260121-202802
25600,0.5,0.8,1,32,posthoc,y,var,0.002814055,n=25600_bz=0.5_cv1=0.8_p=1_q=32_20260121-202802
25600,0.5,0.8,1,32,posthoc,fx,mspe,0.011539708,n=25600_bz=0.5_cv1=0.8_p=1_q=32_20260121-202802
25600,0.5,0.8,1,32,posthoc,fx,bias2,0.002953257,n=25600_bz=0.5_cv1=0.8_p=1_q=32_20260121-202802
25600,0.5,0.8,1,32,posthoc,fx,var,0.008586451,n=25600_bz=0.5_cv1=0.8_p=1_q=32_20260121-202802
25600,0.5,0.8,1,32,posthoc,fz,mspe,0.009159035,n=25600_bz=0.5_cv1=0.8_p=1_q=32_20260121-202802
25600,0.5,0.8,1,32,posthoc,fz,bias2,0.0026391738,n=25600_bz=0.5_cv1=0.8_p=1_q=32_20260121-202802
25600,0.5,0.8,1,32,posthoc,fz,var,0.006519861,n=25600_bz=0.5_cv1=0.8_p=1_q=32_20260121-202802
25600,0.5,0.8,1,32,posthoc,fr,mspe,0.04521556,n=25600_bz=0.5_cv1=0.8_p=1_q=32_20260121-202802
25600,0.5,0.8,1,32,posthoc,fr,bias2,0.036629103,n=25600_bz=0.5_cv1=0.8_p=1_q=32_20260121-202802
25600,0.5,0.8,1,32,posthoc,fr,var,0.008586451,n=25600_bz=0.5_cv1=0.8_p=1_q=32_20260121-202802
25600,0.5,0.8,1,32,posthoc_orth,y,mspe,0.6421757,n=25600_bz=0.5_cv1=0.8_p=1_q=32_20260121-202802
25600,0.5,0.8,1,32,posthoc_orth,y,bias2,0.63944554,n=25600_bz=0.5_cv1=0.8_p=1_q=32_20260121-202802
25600,0.5,0.8,1,32,posthoc_orth,y,var,0.0027300904,n=25600_bz=0.5_cv1=0.8_p=1_q=32_20260121-202802
25600,0.5,0.8,1,32,posthoc_orth,fx,mspe,0.021744346,n=25600_bz=0.5_cv1=0.8_p=1_q=32_20260121-202802
25600,0.5,0.8,1,32,posthoc_orth,fx,bias2,0.019626867,n=25600_bz=0.5_cv1=0.8_p=1_q=32_20260121-202802
25600,0.5,0.8,1,32,posthoc_orth,fx,var,0.00211748,n=25600_bz=0.5_cv1=0.8_p=1_q=32_20260121-202802
25600,0.5,0.8,1,32,posthoc_orth,fz,mspe,0.01939978,n=25600_bz=0.5_cv1=0.8_p=1_q=32_20260121-202802
25600,0.5,0.8,1,32,posthoc_orth,fz,bias2,0.0190516,n=25600_bz=0.5_cv1=0.8_p=1_q=32_20260121-202802
25600,0.5,0.8,1,32,posthoc_orth,fz,var,0.00034818283,n=25600_bz=0.5_cv1=0.8_p=1_q=32_20260121-202802
25600,0.5,0.8,1,32,posthoc_orth,fr,mspe,0.0025421449,n=25600_bz=0.5_cv1=0.8_p=1_q=32_20260121-202802
25600,0.5,0.8,1,32,posthoc_orth,fr,bias2,0.00042466476,n=25600_bz=0.5_cv1=0.8_p=1_q=32_20260121-202802
25600,0.5,0.8,1,32,posthoc_orth,fr,var,0.00211748,n=25600_bz=0.5_cv1=0.8_p=1_q=32_20260121-202802
25600,0.5,0.8,1,32,posthoc_web,y,mspe,1.28392,n=25600_bz=0.5_cv1=0.8_p=1_q=32_20260121-202802
25600,0.5,0.8,1,32,posthoc_web,y,bias2,1.2791901,n=25600_bz=0.5_cv1=0.8_p=1_q=32_20260121-202802
25600,0.5,0.8,1,32,posthoc_web,y,var,0.0047298963,n=25600_bz=0.5_cv1=0.8_p=1_q=32_20260121-202802
25600,0.5,0.8,1,32,posthoc_web,fx,mspe,0.022118192,n=25600_bz=0.5_cv1=0.8_p=1_q=32_20260121-202802
25600,0.5,0.8,1,32,posthoc_web,fx,bias2,0.020501623,n=25600_bz=0.5_cv1=0.8_p=1_q=32_20260121-202802
25600,0.5,0.8,1,32,posthoc_web,fx,var,0.0016165688,n=25600_bz=0.5_cv1=0.8_p=1_q=32_20260121-202802
25600,0.5,0.8,1,32,posthoc_web,fz,mspe,0.019488648,n=25600_bz=0.5_cv1=0.8_p=1_q=32_20260121-202802
25600,0.5,0.8,1,32,posthoc_web,fz,bias2,0.019488648,n=25600_bz=0.5_cv1=0.8_p=1_q=32_20260121-202802
25600,0.5,0.8,1,32,posthoc_web,fz,var,0.0,n=25600_bz=0.5_cv1=0.8_p=1_q=32_20260121-202802
25600,0.5,0.8,1,32,posthoc_web,fr,mspe,0.0029666852,n=25600_bz=0.5_cv1=0.8_p=1_q=32_20260121-202802
25600,0.5,0.8,1,32,posthoc_web,fr,bias2,0.0013501166,n=25600_bz=0.5_cv1=0.8_p=1_q=32_20260121-202802
25600,0.5,0.8,1,32,posthoc_web,fr,var,0.0016165688,n=25600_bz=0.5_cv1=0.8_p=1_q=32_20260121-202802
25600,0.0,0.8,1,32,base,y,mspe,0.5987176,n=25600_bz=0_cv1=0.8_p=1_q=32_20260121-173918
25600,0.0,0.8,1,32,base,y,bias2,0.5964029,n=25600_bz=0_cv1=0.8_p=1_q=32_20260121-173918
25600,0.0,0.8,1,32,base,y,var,0.0023146777,n=25600_bz=0_cv1=0.8_p=1_q=32_20260121-173918
25600,0.0,0.8,1,32,base,fx,mspe,0.0022393868,n=25600_bz=0_cv1=0.8_p=1_q=32_20260121-173918
25600,0.0,0.8,1,32,base,fx,bias2,0.00042122015,n=25600_bz=0_cv1=0.8_p=1_q=32_20260121-173918
25600,0.0,0.8,1,32,base,fx,var,0.0018181667,n=25600_bz=0_cv1=0.8_p=1_q=32_20260121-173918
25600,0.0,0.8,1,32,base,fz,mspe,0.0,n=25600_bz=0_cv1=0.8_p=1_q=32_20260121-173918
25600,0.0,0.8,1,32,base,fz,bias2,0.0,n=25600_bz=0_cv1=0.8_p=1_q=32_20260121-173918
25600,0.0,0.8,1,32,base,fz,var,0.0,n=25600_bz=0_cv1=0.8_p=1_q=32_20260121-173918
25600,0.0,0.8,1,32,base,fr,mspe,0.02148928,n=25600_bz=0_cv1=0.8_p=1_q=32_20260121-173918
25600,0.0,0.8,1,32,base,fr,bias2,0.019671114,n=25600_bz=0_cv1=0.8_p=1_q=32_20260121-173918
25600,0.0,0.8,1,32,base,fr,var,0.0018181667,n=25600_bz=0_cv1=0.8_p=1_q=32_20260121-173918
25600,0.0,0.8,1,32,posthoc,y,mspe,0.6110436,n=25600_bz=0_cv1=0.8_p=1_q=32_20260121-173918
25600,0.0,0.8,1,32,posthoc,y,bias2,0.6086079,n=25600_bz=0_cv1=0.8_p=1_q=32_20260121-173918
25600,0.0,0.8,1,32,posthoc,y,var,0.0024356868,n=25600_bz=0_cv1=0.8_p=1_q=32_20260121-173918
25600,0.0,0.8,1,32,posthoc,fx,mspe,0.0041317213,n=25600_bz=0_cv1=0.8_p=1_q=32_20260121-173918
25600,0.0,0.8,1,32,posthoc,fx,bias2,0.0002980137,n=25600_bz=0_cv1=0.8_p=1_q=32_20260121-173918
25600,0.0,0.8,1,32,posthoc,fx,var,0.0038337074,n=25600_bz=0_cv1=0.8_p=1_q=32_20260121-173918
25600,0.0,0.8,1,32,posthoc,fz,mspe,0.0020009596,n=25600_bz=0_cv1=0.8_p=1_q=32_20260121-173918
25600,0.0,0.8,1,32,posthoc,fz,bias2,3.5909634e-05,n=25600_bz=0_cv1=0.8_p=1_q=32_20260121-173918
25600,0.0,0.8,1,32,posthoc,fz,var,0.00196505,n=25600_bz=0_cv1=0.8_p=1_q=32_20260121-173918
25600,0.0,0.8,1,32,posthoc,fr,mspe,0.025365362,n=25600_bz=0_cv1=0.8_p=1_q=32_20260121-173918
25600,0.0,0.8,1,32,posthoc,fr,bias2,0.021531653,n=25600_bz=0_cv1=0.8_p=1_q=32_20260121-173918
25600,0.0,0.8,1,32,posthoc,fr,var,0.0038337074,n=25600_bz=0_cv1=0.8_p=1_q=32_20260121-173918
25600,0.0,0.8,1,32,posthoc_orth,y,mspe,0.6110989,n=25600_bz=0_cv1=0.8_p=1_q=32_20260121-173918
25600,0.0,0.8,1,32,posthoc_orth,y,bias2,0.6086295,n=25600_bz=0_cv1=0.8_p=1_q=32_20260121-173918
25600,0.0,0.8,1,32,posthoc_orth,y,var,0.0024693222,n=25600_bz=0_cv1=0.8_p=1_q=32_20260121-173918
25600,0.0,0.8,1,32,posthoc_orth,fx,mspe,0.021298926,n=25600_bz=0_cv1=0.8_p=1_q=32_20260121-173918
25600,0.0,0.8,1,32,posthoc_orth,fx,bias2,0.01944053,n=25600_bz=0_cv1=0.8_p=1_q=32_20260121-173918
25600,0.0,0.8,1,32,posthoc_orth,fx,var,0.0018583951,n=25600_bz=0_cv1=0.8_p=1_q=32_20260121-173918
25600,0.0,0.8,1,32,posthoc_orth,fz,mspe,0.019613659,n=25600_bz=0_cv1=0.8_p=1_q=32_20260121-173918
25600,0.0,0.8,1,32,posthoc_orth,fz,bias2,0.019259827,n=25600_bz=0_cv1=0.8_p=1_q=32_20260121-173918
25600,0.0,0.8,1,32,posthoc_orth,fz,var,0.00035383334,n=25600_bz=0_cv1=0.8_p=1_q=32_20260121-173918
25600,0.0,0.8,1,32,posthoc_orth,fr,mspe,0.002108535,n=25600_bz=0_cv1=0.8_p=1_q=32_20260121-173918
25600,0.0,0.8,1,32,posthoc_orth,fr,bias2,0.0002501397,n=25600_bz=0_cv1=0.8_p=1_q=32_20260121-173918
25600,0.0,0.8,1,32,posthoc_orth,fr,var,0.0018583951,n=25600_bz=0_cv1=0.8_p=1_q=32_20260121-173918
25600,0.0,0.8,1,32,posthoc_web,y,mspe,0.8752824,n=25600_bz=0_cv1=0.8_p=1_q=32_20260121-173918
25600,0.0,0.8,1,32,posthoc_web,y,bias2,0.8702976,n=25600_bz=0_cv1=0.8_p=1_q=32_20260121-173918
25600,0.0,0.8,1,32,posthoc_web,y,var,0.004984781,n=25600_bz=0_cv1=0.8_p=1_q=32_20260121-173918
25600,0.0,0.8,1,32,posthoc_web,fx,mspe,0.020957883,n=25600_bz=0_cv1=0.8_p=1_q=32_20260121-173918
25600,0.0,0.8,1,32,posthoc_web,fx,bias2,0.019435069,n=25600_bz=0_cv1=0.8_p=1_q=32_20260121-173918
25600,0.0,0.8,1,32,posthoc_web,fx,var,0.0015228156,n=25600_bz=0_cv1=0.8_p=1_q=32_20260121-173918
25600,0.0,0.8,1,32,posthoc_web,fz,mspe,0.0,n=25600_bz=0_cv1=0.8_p=1_q=32_20260121-173918
25600,0.0,0.8,1,32,posthoc_web,fz,bias2,0.0,n=25600_bz=0_cv1=0.8_p=1_q=32_20260121-173918
25600,0.0,0.8,1,32,posthoc_web,fz,var,0.0,n=25600_bz=0_cv1=0.8_p=1_q=32_20260121-173918
25600,0.0,0.8,1,32,posthoc_web,fr,mspe,0.0019461784,n=25600_bz=0_cv1=0.8_p=1_q=32_20260121-173918
25600,0.0,0.8,1,32,posthoc_web,fr,bias2,0.00042336303,n=25600_bz=0_cv1=0.8_p=1_q=32_20260121-173918
25600,0.0,0.8,1,32,posthoc_web,fr,var,0.0015228156,n=25600_bz=0_cv1=0.8_p=1_q=32_20260121-173918
25600,1.5,0.8,1,32,base,y,mspe,0.7410641,n=25600_bz=1.5_cv1=0.8_p=1_q=32_20260122-020728
25600,1.5,0.8,1,32,base,y,bias2,0.73825574,n=25600_bz=1.5_cv1=0.8_p=1_q=32_20260122-020728
25600,1.5,0.8,1,32,base,y,var,0.002808271,n=25600_bz=1.5_cv1=0.8_p=1_q=32_20260122-020728
25600,1.5,0.8,1,32,base,fx,mspe,0.16457981,n=25600_bz=1.5_cv1=0.8_p=1_q=32_20260122-020728
25600,1.5,0.8,1,32,base,fx,bias2,0.16240704,n=25600_bz=1.5_cv1=0.8_p=1_q=32_20260122-020728
25600,1.5,0.8,1,32,base,fx,var,0.0021727742,n=25600_bz=1.5_cv1=0.8_p=1_q=32_20260122-020728
25600,1.5,0.8,1,32,base,fz,mspe,0.17539783,n=25600_bz=1.5_cv1=0.8_p=1_q=32_20260122-020728
25600,1.5,0.8,1,32,base,fz,bias2,0.17539783,n=25600_bz=1.5_cv1=0.8_p=1_q=32_20260122-020728
25600,1.5,0.8,1,32,base,fz,var,0.0,n=25600_bz=1.5_cv1=0.8_p=1_q=32_20260122-020728
25600,1.5,0.8,1,32,base,fr,mspe,0.293269,n=25600_bz=1.5_cv1=0.8_p=1_q=32_20260122-020728
25600,1.5,0.8,1,32,base,fr,bias2,0.29109624,n=25600_bz=1.5_cv1=0.8_p=1_q=32_20260122-020728
25600,1.5,0.8,1,32,base,fr,var,0.0021727742,n=25600_bz=1.5_cv1=0.8_p=1_q=32_20260122-020728
25600,1.5,0.8,1,32,posthoc,y,mspe,0.760221,n=25600_bz=1.5_cv1=0.8_p=1_q=32_20260122-020728
25600,1.5,0.8,1,32,posthoc,y,bias2,0.75648206,n=25600_bz=1.5_cv1=0.8_p=1_q=32_20260122-020728
25600,1.5,0.8,1,32,posthoc,y,var,0.0037389782,n=25600_bz=1.5_cv1=0.8_p=1_q=32_20260122-020728
25600,1.5,0.8,1,32,posthoc,fx,mspe,0.011108658,n=25600_bz=1.5_cv1=0.8_p=1_q=32_20260122-020728
25600,1.5,0.8,1,32,posthoc,fx,bias2,0.000234674,n=25600_bz=1.5_cv1=0.8_p=1_q=32_20260122-020728
25600,1.5,0.8,1,32,posthoc,fx,var,0.010873984,n=25600_bz=1.5_cv1=0.8_p=1_q=32_20260122-020728
25600,1.5,0.8,1,32,posthoc,fz,mspe,0.00768104,n=25600_bz=1.5_cv1=0.8_p=1_q=32_20260122-020728
25600,1.5,0.8,1,32,posthoc,fz,bias2,0.0001080624,n=25600_bz=1.5_cv1=0.8_p=1_q=32_20260122-020728
25600,1.5,0.8,1,32,posthoc,fz,var,0.0075729773,n=25600_bz=1.5_cv1=0.8_p=1_q=32_20260122-020728
25600,1.5,0.8,1,32,posthoc,fr,mspe,0.033310454,n=25600_bz=1.5_cv1=0.8_p=1_q=32_20260122-020728
25600,1.5,0.8,1,32,posthoc,fr,bias2,0.022436474,n=25600_bz=1.5_cv1=0.8_p=1_q=32_20260122-020728
25600,1.5,0.8,1,32,posthoc,fr,var,0.010873984,n=25600_bz=1.5_cv1=0.8_p=1_q=32_20260122-020728
25600,1.5,0.8,1,32,posthoc_orth,y,mspe,0.7602775,n=25600_bz=1.5_cv1=0.8_p=1_q=32_20260122-020728
25600,1.5,0.8,1,32,posthoc_orth,y,bias2,0.75655764,n=25600_bz=1.5_cv1=0.8_p=1_q=32_20260122-020728
25600,1.5,0.8,1,32,posthoc_orth,y,var,0.003719919,n=25600_bz=1.5_cv1=0.8_p=1_q=32_20260122-020728
25600,1.5,0.8,1,32,posthoc_orth,fx,mspe,0.022518402,n=25600_bz=1.5_cv1=0.8_p=1_q=32_20260122-020728
25600,1.5,0.8,1,32,posthoc_orth,fx,bias2,0.019460136,n=25600_bz=1.5_cv1=0.8_p=1_q=32_20260122-020728
25600,1.5,0.8,1,32,posthoc_orth,fx,var,0.0030582664,n=25600_bz=1.5_cv1=0.8_p=1_q=32_20260122-020728
25600,1.5,0.8,1,32,posthoc_orth,fz,mspe,0.019529803,n=25600_bz=1.5_cv1=0.8_p=1_q=32_20260122-020728
25600,1.5,0.8,1,32,posthoc_orth,fz,bias2,0.0191473,n=25600_bz=1.5_cv1=0.8_p=1_q=32_20260122-020728
25600,1.5,0.8,1,32,posthoc_orth,fz,var,0.00038250542,n=25600_bz=1.5_cv1=0.8_p=1_q=32_20260122-020728
25600,1.5,0.8,1,32,posthoc_orth,fr,mspe,0.003192721,n=25600_bz=1.5_cv1=0.8_p=1_q=32_20260122-020728
25600,1.5,0.8,1,32,posthoc_orth,fr,bias2,0.00013445465,n=25600_bz=1.5_cv1=0.8_p=1_q=32_20260122-020728
25600,1.5,0.8,1,32,posthoc_orth,fr,var,0.0030582664,n=25600_bz=1.5_cv1=0.8_p=1_q=32_20260122-020728
25600,1.5,0.8,1,32,posthoc_web,y,mspe,2.4043765,n=25600_bz=1.5_cv1=0.8_p=1_q=32_20260122-020728
25600,1.5,0.8,1,32,posthoc_web,y,bias2,2.398894,n=25600_bz=1.5_cv1=0.8_p=1_q=32_20260122-020728
25600,1.5,0.8,1,32,posthoc_web,y,var,0.005482508,n=25600_bz=1.5_cv1=0.8_p=1_q=32_20260122-020728
25600,1.5,0.8,1,32,posthoc_web,fx,mspe,0.03057033,n=25600_bz=1.5_cv1=0.8_p=1_q=32_20260122-020728
25600,1.5,0.8,1,32,posthoc_web,fx,bias2,0.028768806,n=25600_bz=1.5_cv1=0.8_p=1_q=32_20260122-020728
25600,1.5,0.8,1,32,posthoc_web,fx,var,0.001801524,n=25600_bz=1.5_cv1=0.8_p=1_q=32_20260122-020728
25600,1.5,0.8,1,32,posthoc_web,fz,mspe,0.17539783,n=25600_bz=1.5_cv1=0.8_p=1_q=32_20260122-020728
25600,1.5,0.8,1,32,posthoc_web,fz,bias2,0.17539783,n=25600_bz=1.5_cv1=0.8_p=1_q=32_20260122-020728
25600,1.5,0.8,1,32,posthoc_web,fz,var,0.0,n=25600_bz=1.5_cv1=0.8_p=1_q=32_20260122-020728
25600,1.5,0.8,1,32,posthoc_web,fr,mspe,0.01123461,n=25600_bz=1.5_cv1=0.8_p=1_q=32_20260122-020728
25600,1.5,0.8,1,32,posthoc_web,fr,bias2,0.009433087,n=25600_bz=1.5_cv1=0.8_p=1_q=32_20260122-020728
25600,1.5,0.8,1,32,posthoc_web,fr,var,0.001801524,n=25600_bz=1.5_cv1=0.8_p=1_q=32_20260122-020728
25600,1.0,0.8,1,32,base,y,mspe,0.6724495,n=25600_bz=1_cv1=0.8_p=1_q=32_20260121-231736
25600,1.0,0.8,1,32,base,y,bias2,0.6697289,n=25600_bz=1_cv1=0.8_p=1_q=32_20260121-231736
25600,1.0,0.8,1,32,base,y,var,0.0027207371,n=25600_bz=1_cv1=0.8_p=1_q=32_20260121-231736
25600,1.0,0.8,1,32,base,fx,mspe,0.0732666,n=25600_bz=1_cv1=0.8_p=1_q=32_20260121-231736
25600,1.0,0.8,1,32,base,fx,bias2,0.07104513,n=25600_bz=1_cv1=0.8_p=1_q=32_20260121-231736
25600,1.0,0.8,1,32,base,fx,var,0.0022214728,n=25600_bz=1_cv1=0.8_p=1_q=32_20260121-231736
25600,1.0,0.8,1,32,base,fz,mspe,0.07795459,n=25600_bz=1_cv1=0.8_p=1_q=32_20260121-231736
25600,1.0,0.8,1,32,base,fz,bias2,0.07795459,n=25600_bz=1_cv1=0.8_p=1_q=32_20260121-231736
25600,1.0,0.8,1,32,base,fz,var,0.0,n=25600_bz=1_cv1=0.8_p=1_q=32_20260121-231736
25600,1.0,0.8,1,32,base,fr,mspe,0.16488253,n=25600_bz=1_cv1=0.8_p=1_q=32_20260121-231736
25600,1.0,0.8,1,32,base,fr,bias2,0.16266103,n=25600_bz=1_cv1=0.8_p=1_q=32_20260121-231736
25600,1.0,0.8,1,32,base,fr,var,0.0022214728,n=25600_bz=1_cv1=0.8_p=1_q=32_20260121-231736
25600,1.0,0.8,1,32,posthoc,y,mspe,0.6881627,n=25600_bz=1_cv1=0.8_p=1_q=32_20260121-231736
25600,1.0,0.8,1,32,posthoc,y,bias2,0.68460655,n=25600_bz=1_cv1=0.8_p=1_q=32_20260121-231736
25600,1.0,0.8,1,32,posthoc,y,var,0.0035561393,n=25600_bz=1_cv1=0.8_p=1_q=32_20260121-231736
25600,1.0,0.8,1,32,posthoc,fx,mspe,0.014184079,n=25600_bz=1_cv1=0.8_p=1_q=32_20260121-231736
25600,1.0,0.8,1,32,posthoc,fx,bias2,0.0007470324,n=25600_bz=1_cv1=0.8_p=1_q=32_20260121-231736
25600,1.0,0.8,1,32,posthoc,fx,var,0.013437046,n=25600_bz=1_cv1=0.8_p=1_q=32_20260121-231736
25600,1.0,0.8,1,32,posthoc,fz,mspe,0.01137771,n=25600_bz=1_cv1=0.8_p=1_q=32_20260121-231736
25600,1.0,0.8,1,32,posthoc,fz,bias2,0.0006144132,n=25600_bz=1_cv1=0.8_p=1_q=32_20260121-231736
25600,1.0,0.8,1,32,posthoc,fz,var,0.010763297,n=25600_bz=1_cv1=0.8_p=1_q=32_20260121-231736
25600,1.0,0.8,1,32,posthoc,fr,mspe,0.040322352,n=25600_bz=1_cv1=0.8_p=1_q=32_20260121-231736
25600,1.0,0.8,1,32,posthoc,fr,bias2,0.026885306,n=25600_bz=1_cv1=0.8_p=1_q=32_20260121-231736
25600,1.0,0.8,1,32,posthoc,fr,var,0.013437046,n=25600_bz=1_cv1=0.8_p=1_q=32_20260121-231736
25600,1.0,0.8,1,32,posthoc_orth,y,mspe,0.68820393,n=25600_bz=1_cv1=0.8_p=1_q=32_20260121-231736
25600,1.0,0.8,1,32,posthoc_orth,y,bias2,0.684642,n=25600_bz=1_cv1=0.8_p=1_q=32_20260121-231736
25600,1.0,0.8,1,32,posthoc_orth,y,var,0.0035618464,n=25600_bz=1_cv1=0.8_p=1_q=32_20260121-231736
25600,1.0,0.8,1,32,posthoc_orth,fx,mspe,0.022350239,n=25600_bz=1_cv1=0.8_p=1_q=32_20260121-231736
25600,1.0,0.8,1,32,posthoc_orth,fx,bias2,0.019413933,n=25600_bz=1_cv1=0.8_p=1_q=32_20260121-231736
25600,1.0,0.8,1,32,posthoc_orth,fx,var,0.0029363064,n=25600_bz=1_cv1=0.8_p=1_q=32_20260121-231736
25600,1.0,0.8,1,32,posthoc_orth,fz,mspe,0.01933607,n=25600_bz=1_cv1=0.8_p=1_q=32_20260121-231736
25600,1.0,0.8,1,32,posthoc_orth,fz,bias2,0.018985705,n=25600_bz=1_cv1=0.8_p=1_q=32_20260121-231736
25600,1.0,0.8,1,32,posthoc_orth,fz,var,0.00035036303,n=25600_bz=1_cv1=0.8_p=1_q=32_20260121-231736
25600,1.0,0.8,1,32,posthoc_orth,fr,mspe,0.0031059016,n=25600_bz=1_cv1=0.8_p=1_q=32_20260121-231736
25600,1.0,0.8,1,32,posthoc_orth,fr,bias2,0.00016959549,n=25600_bz=1_cv1=0.8_p=1_q=32_20260121-231736
25600,1.0,0.8,1,32,posthoc_orth,fr,var,0.0029363064,n=25600_bz=1_cv1=0.8_p=1_q=32_20260121-231736
25600,1.0,0.8,1,32,posthoc_web,y,mspe,1.7922792,n=25600_bz=1_cv1=0.8_p=1_q=32_20260121-231736
25600,1.0,0.8,1,32,posthoc_web,y,bias2,1.7871556,n=25600_bz=1_cv1=0.8_p=1_q=32_20260121-231736
25600,1.0,0.8,1,32,posthoc_web,y,var,0.0051238546,n=25600_bz=1_cv1=0.8_p=1_q=32_20260121-231736
25600,1.0,0.8,1,32,posthoc_web,fx,mspe,0.025340555,n=25600_bz=1_cv1=0.8_p=1_q=32_20260121-231736
25600,1.0,0.8,1,32,posthoc_web,fx,bias2,0.02356994,n=25600_bz=1_cv1=0.8_p=1_q=32_20260121-231736
25600,1.0,0.8,1,32,posthoc_web,fx,var,0.0017706167,n=25600_bz=1_cv1=0.8_p=1_q=32_20260121-231736
25600,1.0,0.8,1,32,posthoc_web,fz,mspe,0.07795459,n=25600_bz=1_cv1=0.8_p=1_q=32_20260121-231736
25600,1.0,0.8,1,32,posthoc_web,fz,bias2,0.07795459,n=25600_bz=1_cv1=0.8_p=1_q=32_20260121-231736
25600,1.0,0.8,1,32,posthoc_web,fz,var,0.0,n=25600_bz=1_cv1=0.8_p=1_q=32_20260121-231736
25600,1.0,0.8,1,32,posthoc_web,fr,mspe,0.0060791085,n=25600_bz=1_cv1=0.8_p=1_q=32_20260121-231736
25600,1.0,0.8,1,32,posthoc_web,fr,bias2,0.004308492,n=25600_bz=1_cv1=0.8_p=1_q=32_20260121-231736
25600,1.0,0.8,1,32,posthoc_web,fr,var,0.0017706167,n=25600_bz=1_cv1=0.8_p=1_q=32_20260121-231736
25600,2.5,0.8,1,32,base,y,mspe,0.955587,n=25600_bz=2.5_cv1=0.8_p=1_q=32_20260122-075239
25600,2.5,0.8,1,32,base,y,bias2,0.9517675,n=25600_bz=2.5_cv1=0.8_p=1_q=32_20260122-075239
25600,2.5,0.8,1,32,base,y,var,0.0038196032,n=25600_bz=2.5_cv1=0.8_p=1_q=32_20260122-075239
25600,2.5,0.8,1,32,base,fx,mspe,0.45244327,n=25600_bz=2.5_cv1=0.8_p=1_q=32_20260122-075239
25600,2.5,0.8,1,32,base,fx,bias2,0.44942906,n=25600_bz=2.5_cv1=0.8_p=1_q=32_20260122-075239
25600,2.5,0.8,1,32,base,fx,var,0.0030142101,n=25600_bz=2.5_cv1=0.8_p=1_q=32_20260122-075239
25600,2.5,0.8,1,32,base,fz,mspe,0.4872162,n=25600_bz=2.5_cv1=0.8_p=1_q=32_20260122-075239
25600,2.5,0.8,1,32,base,fz,bias2,0.48721617,n=25600_bz=2.5_cv1=0.8_p=1_q=32_20260122-075239
25600,2.5,0.8,1,32,base,fz,var,0.0,n=25600_bz=2.5_cv1=0.8_p=1_q=32_20260122-075239
25600,2.5,0.8,1,32,base,fr,mspe,0.65372705,n=25600_bz=2.5_cv1=0.8_p=1_q=32_20260122-075239
25600,2.5,0.8,1,32,base,fr,bias2,0.6507129,n=25600_bz=2.5_cv1=0.8_p=1_q=32_20260122-075239
25600,2.5,0.8,1,32,base,fr,var,0.0030142101,n=25600_bz=2.5_cv1=0.8_p=1_q=32_20260122-075239
25600,2.5,0.8,1,32,posthoc,y,mspe,0.9982456,n=25600_bz=2.5_cv1=0.8_p=1_q=32_20260122-075239
25600,2.5,0.8,1,32,posthoc,y,bias2,0.99403155,n=25600_bz=2.5_cv1=0.8_p=1_q=32_20260122-075239
25600,2.5,0.8,1,32,posthoc,y,var,0.004214136,n=25600_bz=2.5_cv1=0.8_p=1_q=32_20260122-075239
25600,2.5,0.8,1,32,posthoc,fx,mspe,0.009457933,n=25600_bz=2.5_cv1=0.8_p=1_q=32_20260122-075239
25600,2.5,0.8,1,32,posthoc,fx,bias2,0.00018461421,n=25600_bz=2.5_cv1=0.8_p=1_q=32_20260122-075239
25600,2.5,0.8,1,32,posthoc,fx,var,0.0092733195,n=25600_bz=2.5_cv1=0.8_p=1_q=32_20260122-075239
25600,2.5,0.8,1,32,posthoc,fz,mspe,0.005887571,n=25600_bz=2.5_cv1=0.8_p=1_q=32_20260122-075239
25600,2.5,0.8,1,32,posthoc,fz,bias2,4.8207414e-05,n=25600_bz=2.5_cv1=0.8_p=1_q=32_20260122-075239
25600,2.5,0.8,1,32,posthoc,fz,var,0.005839363,n=25600_bz=2.5_cv1=0.8_p=1_q=32_20260122-075239
25600,2.5,0.8,1,32,posthoc,fr,mspe,0.030794436,n=25600_bz=2.5_cv1=0.8_p=1_q=32_20260122-075239
25600,2.5,0.8,1,32,posthoc,fr,bias2,0.02152112,n=25600_bz=2.5_cv1=0.8_p=1_q=32_20260122-075239
25600,2.5,0.8,1,32,posthoc,fr,var,0.0092733195,n=25600_bz=2.5_cv1=0.8_p=1_q=32_20260122-075239
25600,2.5,0.8,1,32,posthoc_orth,y,mspe,0.99824226,n=25600_bz=2.5_cv1=0.8_p=1_q=32_20260122-075239
25600,2.5,0.8,1,32,posthoc_orth,y,bias2,0.9940449,n=25600_bz=2.5_cv1=0.8_p=1_q=32_20260122-075239
25600,2.5,0.8,1,32,posthoc_orth,y,var,0.0041974564,n=25600_bz=2.5_cv1=0.8_p=1_q=32_20260122-075239
25600,2.5,0.8,1,32,posthoc_orth,fx,mspe,0.02285029,n=25600_bz=2.5_cv1=0.8_p=1_q=32_20260122-075239
25600,2.5,0.8,1,32,posthoc_orth,fx,bias2,0.019456854,n=25600_bz=2.5_cv1=0.8_p=1_q=32_20260122-075239
25600,2.5,0.8,1,32,posthoc_orth,fx,var,0.0033934363,n=25600_bz=2.5_cv1=0.8_p=1_q=32_20260122-075239
25600,2.5,0.8,1,32,posthoc_orth,fz,mspe,0.019748526,n=25600_bz=2.5_cv1=0.8_p=1_q=32_20260122-075239
25600,2.5,0.8,1,32,posthoc_orth,fz,bias2,0.019237004,n=25600_bz=2.5_cv1=0.8_p=1_q=32_20260122-075239
25600,2.5,0.8,1,32,posthoc_orth,fz,var,0.00051152054,n=25600_bz=2.5_cv1=0.8_p=1_q=32_20260122-075239
25600,2.5,0.8,1,32,posthoc_orth,fr,mspe,0.0035361813,n=25600_bz=2.5_cv1=0.8_p=1_q=32_20260122-075239
25600,2.5,0.8,1,32,posthoc_orth,fr,bias2,0.00014274451,n=25600_bz=2.5_cv1=0.8_p=1_q=32_20260122-075239
25600,2.5,0.8,1,32,posthoc_orth,fr,var,0.0033934363,n=25600_bz=2.5_cv1=0.8_p=1_q=32_20260122-075239
25600,2.5,0.8,1,32,posthoc_web,y,mspe,3.9444141,n=25600_bz=2.5_cv1=0.8_p=1_q=32_20260122-075239
25600,2.5,0.8,1,32,posthoc_web,y,bias2,3.935687,n=25600_bz=2.5_cv1=0.8_p=1_q=32_20260122-075239
25600,2.5,0.8,1,32,posthoc_web,y,var,0.008727005,n=25600_bz=2.5_cv1=0.8_p=1_q=32_20260122-075239
25600,2.5,0.8,1,32,posthoc_web,fx,mspe,0.047401663,n=25600_bz=2.5_cv1=0.8_p=1_q=32_20260122-075239
25600,2.5,0.8,1,32,posthoc_web,fx,bias2,0.045021463,n=25600_bz=2.5_cv1=0.8_p=1_q=32_20260122-075239
25600,2.5,0.8,1,32,posthoc_web,fx,var,0.0023801983,n=25600_bz=2.5_cv1=0.8_p=1_q=32_20260122-075239
25600,2.5,0.8,1,32,posthoc_web,fz,mspe,0.4872162,n=25600_bz=2.5_cv1=0.8_p=1_q=32_20260122-075239
25600,2.5,0.8,1,32,posthoc_web,fz,bias2,0.48721617,n=25600_bz=2.5_cv1=0.8_p=1_q=32_20260122-075239
25600,2.5,0.8,1,32,posthoc_web,fz,var,0.0,n=25600_bz=2.5_cv1=0.8_p=1_q=32_20260122-075239
25600,2.5,0.8,1,32,posthoc_web,fr,mspe,0.027842078,n=25600_bz=2.5_cv1=0.8_p=1_q=32_20260122-075239
25600,2.5,0.8,1,32,posthoc_web,fr,bias2,0.025461879,n=25600_bz=2.5_cv1=0.8_p=1_q=32_20260122-075239
25600,2.5,0.8,1,32,posthoc_web,fr,var,0.0023801983,n=25600_bz=2.5_cv1=0.8_p=1_q=32_20260122-075239
25600,2.0,0.8,1,32,base,y,mspe,0.833298,n=25600_bz=2_cv1=0.8_p=1_q=32_20260122-045828
25600,2.0,0.8,1,32,base,y,bias2,0.8299907,n=25600_bz=2_cv1=0.8_p=1_q=32_20260122-045828
25600,2.0,0.8,1,32,base,y,var,0.0033074466,n=25600_bz=2_cv1=0.8_p=1_q=32_20260122-045828
25600,2.0,0.8,1,32,base,fx,mspe,0.29145363,n=25600_bz=2_cv1=0.8_p=1_q=32_20260122-045828
25600,2.0,0.8,1,32,base,fx,bias2,0.2889124,n=25600_bz=2_cv1=0.8_p=1_q=32_20260122-045828
25600,2.0,0.8,1,32,base,fx,var,0.0025412461,n=25600_bz=2_cv1=0.8_p=1_q=32_20260122-045828
25600,2.0,0.8,1,32,base,fz,mspe,0.31181836,n=25600_bz=2_cv1=0.8_p=1_q=32_20260122-045828
25600,2.0,0.8,1,32,base,fz,bias2,0.31181836,n=25600_bz=2_cv1=0.8_p=1_q=32_20260122-045828
25600,2.0,0.8,1,32,base,fz,var,0.0,n=25600_bz=2_cv1=0.8_p=1_q=32_20260122-045828
25600,2.0,0.8,1,32,base,fr,mspe,0.45665625,n=25600_bz=2_cv1=0.8_p=1_q=32_20260122-045828
25600,2.0,0.8,1,32,base,fr,bias2,0.454115,n=25600_bz=2_cv1=0.8_p=1_q=32_20260122-045828
25600,2.0,0.8,1,32,base,fr,var,0.0025412461,n=25600_bz=2_cv1=0.8_p=1_q=32_20260122-045828
25600,2.0,0.8,1,32,posthoc,y,mspe,0.86159414,n=25600_bz=2_cv1=0.8_p=1_q=32_20260122-045828
25600,2.0,0.8,1,32,posthoc,y,bias2,0.85764617,n=25600_bz=2_cv1=0.8_p=1_q=32_20260122-045828
25600,2.0,0.8,1,32,posthoc,y,var,0.003947992,n=25600_bz=2_cv1=0.8_p=1_q=32_20260122-045828
25600,2.0,0.8,1,32,posthoc,fx,mspe,0.009729642,n=25600_bz=2_cv1=0.8_p=1_q=32_20260122-045828
25600,2.0,0.8,1,32,posthoc,fx,bias2,0.0001705326,n=25600_bz=2_cv1=0.8_p=1_q=32_20260122-045828
25600,2.0,0.8,1,32,posthoc,fx,var,0.00955911,n=25600_bz=2_cv1=0.8_p=1_q=32_20260122-045828
25600,2.0,0.8,1,32,posthoc,fz,mspe,0.0061985734,n=25600_bz=2_cv1=0.8_p=1_q=32_20260122-045828
25600,2.0,0.8,1,32,posthoc,fz,bias2,3.558646e-05,n=25600_bz=2_cv1=0.8_p=1_q=32_20260122-045828
25600,2.0,0.8,1,32,posthoc,fz,var,0.006162987,n=25600_bz=2_cv1=0.8_p=1_q=32_20260122-045828
25600,2.0,0.8,1,32,posthoc,fr,mspe,0.030909695,n=25600_bz=2_cv1=0.8_p=1_q=32_20260122-045828
25600,2.0,0.8,1,32,posthoc,fr,bias2,0.021350589,n=25600_bz=2_cv1=0.8_p=1_q=32_20260122-045828
25600,2.0,0.8,1,32,posthoc,fr,var,0.00955911,n=25600_bz=2_cv1=0.8_p=1_q=32_20260122-045828
25600,2.0,0.8,1,32,posthoc_orth,y,mspe,0.86156857,n=25600_bz=2_cv1=0.8_p=1_q=32_20260122-045828
25600,2.0,0.8,1,32,posthoc_orth,y,bias2,0.85763663,n=25600_bz=2_cv1=0.8_p=1_q=32_20260122-045828
25600,2.0,0.8,1,32,posthoc_orth,y,var,0.003931971,n=25600_bz=2_cv1=0.8_p=1_q=32_20260122-045828
25600,2.0,0.8,1,32,posthoc_orth,fx,mspe,0.02264085,n=25600_bz=2_cv1=0.8_p=1_q=32_20260122-045828
25600,2.0,0.8,1,32,posthoc_orth,fx,bias2,0.019428259,n=25600_bz=2_cv1=0.8_p=1_q=32_20260122-045828
25600,2.0,0.8,1,32,posthoc_orth,fx,var,0.0032125923,n=25600_bz=2_cv1=0.8_p=1_q=32_20260122-045828
25600,2.0,0.8,1,32,posthoc_orth,fz,mspe,0.019765923,n=25600_bz=2_cv1=0.8_p=1_q=32_20260122-045828
25600,2.0,0.8,1,32,posthoc_orth,fz,bias2,0.019323757,n=25600_bz=2_cv1=0.8_p=1_q=32_20260122-045828
25600,2.0,0.8,1,32,posthoc_orth,fz,var,0.00044216748,n=25600_bz=2_cv1=0.8_p=1_q=32_20260122-045828
25600,2.0,0.8,1,32,posthoc_orth,fr,mspe,0.0033501778,n=25600_bz=2_cv1=0.8_p=1_q=32_20260122-045828
25600,2.0,0.8,1,32,posthoc_orth,fr,bias2,0.00013758501,n=25600_bz=2_cv1=0.8_p=1_q=32_20260122-045828
25600,2.0,0.8,1,32,posthoc_orth,fr,var,0.0032125923,n=25600_bz=2_cv1=0.8_p=1_q=32_20260122-045828
25600,2.0,0.8,1,32,posthoc_web,y,mspe,3.123429,n=25600_bz=2_cv1=0.8_p=1_q=32_20260122-045828
25600,2.0,0.8,1,32,posthoc_web,y,bias2,3.116527,n=25600_bz=2_cv1=0.8_p=1_q=32_20260122-045828
25600,2.0,0.8,1,32,posthoc_web,y,var,0.006902086,n=25600_bz=2_cv1=0.8_p=1_q=32_20260122-045828
25600,2.0,0.8,1,32,posthoc_web,fx,mspe,0.037963882,n=25600_bz=2_cv1=0.8_p=1_q=32_20260122-045828
25600,2.0,0.8,1,32,posthoc_web,fx,bias2,0.035955194,n=25600_bz=2_cv1=0.8_p=1_q=32_20260122-045828
25600,2.0,0.8,1,32,posthoc_web,fx,var,0.0020086858,n=25600_bz=2_cv1=0.8_p=1_q=32_20260122-045828
25600,2.0,0.8,1,32,posthoc_web,fz,mspe,0.31181836,n=25600_bz=2_cv1=0.8_p=1_q=32_20260122-045828
25600,2.0,0.8,1,32,posthoc_web,fz,bias2,0.31181836,n=25600_bz=2_cv1=0.8_p=1_q=32_20260122-045828
25600,2.0,0.8,1,32,posthoc_web,fz,var,0.0,n=25600_bz=2_cv1=0.8_p=1_q=32_20260122-045828
25600,2.0,0.8,1,32,posthoc_web,fr,mspe,0.01854447,n=25600_bz=2_cv1=0.8_p=1_q=32_20260122-045828
25600,2.0,0.8,1,32,posthoc_web,fr,bias2,0.016535785,n=25600_bz=2_cv1=0.8_p=1_q=32_20260122-045828
25600,2.0,0.8,1,32,posthoc_web,fr,var,0.0020086858,n=25600_bz=2_cv1=0.8_p=1_q=32_20260122-045828
25600,3.5,0.8,1,32,base,y,mspe,1.2625765,n=25600_bz=3.5_cv1=0.8_p=1_q=32_20260122-142001
25600,3.5,0.8,1,32,base,y,bias2,1.2584134,n=25600_bz=3.5_cv1=0.8_p=1_q=32_20260122-142001
25600,3.5,0.8,1,32,base,y,var,0.0041629905,n=25600_bz=3.5_cv1=0.8_p=1_q=32_20260122-142001
25600,3.5,0.8,1,32,base,fx,mspe,0.8825782,n=25600_bz=3.5_cv1=0.8_p=1_q=32_20260122-142001
25600,3.5,0.8,1,32,base,fx,bias2,0.87922215,n=25600_bz=3.5_cv1=0.8_p=1_q=32_20260122-142001
25600,3.5,0.8,1,32,base,fx,var,0.0033560218,n=25600_bz=3.5_cv1=0.8_p=1_q=32_20260122-142001
25600,3.5,0.8,1,32,base,fz,mspe,0.9549438,n=25600_bz=3.5_cv1=0.8_p=1_q=32_20260122-142001
25600,3.5,0.8,1,32,base,fz,bias2,0.95494384,n=25600_bz=3.5_cv1=0.8_p=1_q=32_20260122-142001
25600,3.5,0.8,1,32,base,fz,var,0.0,n=25600_bz=3.5_cv1=0.8_p=1_q=32_20260122-142001
25600,3.5,0.8,1,32,base,fr,mspe,1.1563998,n=25600_bz=3.5_cv1=0.8_p=1_q=32_20260122-142001
25600,3.5,0.8,1,32,base,fr,bias2,1.1530436,n=25600_bz=3.5_cv1=0.8_p=1_q=32_20260122-142001
25600,3.5,0.8,1,32,base,fr,var,0.0033560218,n=25600_bz=3.5_cv1=0.8_p=1_q=32_20260122-142001
25600,3.5,0.8,1,32,posthoc,y,mspe,1.3394406,n=25600_bz=3.5_cv1=0.8_p=1_q=32_20260122-142001
25600,3.5,0.8,1,32,posthoc,y,bias2,1.3348169,n=25600_bz=3.5_cv1=0.8_p=1_q=32_20260122-142001
25600,3.5,0.8,1,32,posthoc,y,var,0.0046234657,n=25600_bz=3.5_cv1=0.8_p=1_q=32_20260122-142001
25600,3.5,0.8,1,32,posthoc,fx,mspe,0.010331858,n=25600_bz=3.5_cv1=0.8_p=1_q=32_20260122-142001
25600,3.5,0.8,1,32,posthoc,fx,bias2,0.00023138036,n=25600_bz=3.5_cv1=0.8_p=1_q=32_20260122-142001
25600,3.5,0.8,1,32,posthoc,fx,var,0.010100477,n=25600_bz=3.5_cv1=0.8_p=1_q=32_20260122-142001
25600,3.5,0.8,1,32,posthoc,fz,mspe,0.007036624,n=25600_bz=3.5_cv1=0.8_p=1_q=32_20260122-142001
25600,3.5,0.8,1,32,posthoc,fz,bias2,4.1797695e-05,n=25600_bz=3.5_cv1=0.8_p=1_q=32_20260122-142001
25600,3.5,0.8,1,32,posthoc,fz,var,0.0069948267,n=25600_bz=3.5_cv1=0.8_p=1_q=32_20260122-142001
25600,3.5,0.8,1,32,posthoc,fr,mspe,0.03211307,n=25600_bz=3.5_cv1=0.8_p=1_q=32_20260122-142001
25600,3.5,0.8,1,32,posthoc,fr,bias2,0.022012591,n=25600_bz=3.5_cv1=0.8_p=1_q=32_20260122-142001
25600,3.5,0.8,1,32,posthoc,fr,var,0.010100477,n=25600_bz=3.5_cv1=0.8_p=1_q=32_20260122-142001
25600,3.5,0.8,1,32,posthoc_orth,y,mspe,1.3394463,n=25600_bz=3.5_cv1=0.8_p=1_q=32_20260122-142001
25600,3.5,0.8,1,32,posthoc_orth,y,bias2,1.3348207,n=25600_bz=3.5_cv1=0.8_p=1_q=32_20260122-142001
25600,3.5,0.8,1,32,posthoc_orth,y,var,0.0046256613,n=25600_bz=3.5_cv1=0.8_p=1_q=32_20260122-142001
25600,3.5,0.8,1,32,posthoc_orth,fx,mspe,0.023169784,n=25600_bz=3.5_cv1=0.8_p=1_q=32_20260122-142001
25600,3.5,0.8,1,32,posthoc_orth,fx,bias2,0.019491917,n=25600_bz=3.5_cv1=0.8_p=1_q=32_20260122-142001
25600,3.5,0.8,1,32,posthoc_orth,fx,var,0.0036778687,n=25600_bz=3.5_cv1=0.8_p=1_q=32_20260122-142001
25600,3.5,0.8,1,32,posthoc_orth,fz,mspe,0.020496052,n=25600_bz=3.5_cv1=0.8_p=1_q=32_20260122-142001
25600,3.5,0.8,1,32,posthoc_orth,fz,bias2,0.01982667,n=25600_bz=3.5_cv1=0.8_p=1_q=32_20260122-142001
25600,3.5,0.8,1,32,posthoc_orth,fz,var,0.0006693814,n=25600_bz=3.5_cv1=0.8_p=1_q=32_20260122-142001
25600,3.5,0.8,1,32,posthoc_orth,fr,mspe,0.0038455895,n=25600_bz=3.5_cv1=0.8_p=1_q=32_20260122-142001
25600,3.5,0.8,1,32,posthoc_orth,fr,bias2,0.0001677209,n=25600_bz=3.5_cv1=0.8_p=1_q=32_20260122-142001
25600,3.5,0.8,1,32,posthoc_orth,fr,var,0.0036778687,n=25600_bz=3.5_cv1=0.8_p=1_q=32_20260122-142001
25600,3.5,0.8,1,32,posthoc_web,y,mspe,5.8816013,n=25600_bz=3.5_cv1=0.8_p=1_q=32_20260122-142001
25600,3.5,0.8,1,32,posthoc_web,y,bias2,5.872008,n=25600_bz=3.5_cv1=0.8_p=1_q=32_20260122-142001
25600,3.5,0.8,1,32,posthoc_web,y,var,0.009594215,n=25600_bz=3.5_cv1=0.8_p=1_q=32_20260122-142001
25600,3.5,0.8,1,32,posthoc_web,fx,mspe,0.07169307,n=25600_bz=3.5_cv1=0.8_p=1_q=32_20260122-142001
25600,3.5,0.8,1,32,posthoc_web,fx,bias2,0.0691886,n=25600_bz=3.5_cv1=0.8_p=1_q=32_20260122-142001
25600,3.5,0.8,1,32,posthoc_web,fx,var,0.0025044724,n=25600_bz=3.5_cv1=0.8_p=1_q=32_20260122-142001
25600,3.5,0.8,1,32,posthoc_web,fz,mspe,0.9549438,n=25600_bz=3.5_cv1=0.8_p=1_q=32_20260122-142001
25600,3.5,0.8,1,32,posthoc_web,fz,bias2,0.95494384,n=25600_bz=3.5_cv1=0.8_p=1_q=32_20260122-142001
25600,3.5,0.8,1,32,posthoc_web,fz,var,0.0,n=25600_bz=3.5_cv1=0.8_p=1_q=32_20260122-142001
25600,3.5,0.8,1,32,posthoc_web,fr,mspe,0.05193024,n=25600_bz=3.5_cv1=0.8_p=1_q=32_20260122-142001
25600,3.5,0.8,1,32,posthoc_web,fr,bias2,0.049425773,n=25600_bz=3.5_cv1=0.8_p=1_q=32_20260122-142001
25600,3.5,0.8,1,32,posthoc_web,fr,var,0.0025044724,n=25600_bz=3.5_cv1=0.8_p=1_q=32_20260122-142001
25600,3.0,0.8,1,32,base,y,mspe,1.098539,n=25600_bz=3_cv1=0.8_p=1_q=32_20260122-104825
25600,3.0,0.8,1,32,base,y,bias2,1.0943233,n=25600_bz=3_cv1=0.8_p=1_q=32_20260122-104825
25600,3.0,0.8,1,32,base,y,var,0.004215563,n=25600_bz=3_cv1=0.8_p=1_q=32_20260122-104825
25600,3.0,0.8,1,32,base,fx,mspe,0.64964664,n=25600_bz=3_cv1=0.8_p=1_q=32_20260122-104825
25600,3.0,0.8,1,32,base,fx,bias2,0.64633644,n=25600_bz=3_cv1=0.8_p=1_q=32_20260122-104825
25600,3.0,0.8,1,32,base,fx,var,0.0033101914,n=25600_bz=3_cv1=0.8_p=1_q=32_20260122-104825
25600,3.0,0.8,1,32,base,fz,mspe,0.7015913,n=25600_bz=3_cv1=0.8_p=1_q=32_20260122-104825
25600,3.0,0.8,1,32,base,fz,bias2,0.7015913,n=25600_bz=3_cv1=0.8_p=1_q=32_20260122-104825
25600,3.0,0.8,1,32,base,fz,var,0.0,n=25600_bz=3_cv1=0.8_p=1_q=32_20260122-104825
25600,3.0,0.8,1,32,base,fr,mspe,0.88716114,n=25600_bz=3_cv1=0.8_p=1_q=32_20260122-104825
25600,3.0,0.8,1,32,base,fr,bias2,0.88385093,n=25600_bz=3_cv1=0.8_p=1_q=32_20260122-104825
25600,3.0,0.8,1,32,base,fr,var,0.0033101914,n=25600_bz=3_cv1=0.8_p=1_q=32_20260122-104825
25600,3.0,0.8,1,32,posthoc,y,mspe,1.1523461,n=25600_bz=3_cv1=0.8_p=1_q=32_20260122-104825
25600,3.0,0.8,1,32,posthoc,y,bias2,1.1479014,n=25600_bz=3_cv1=0.8_p=1_q=32_20260122-104825
25600,3.0,0.8,1,32,posthoc,y,var,0.0044445307,n=25600_bz=3_cv1=0.8_p=1_q=32_20260122-104825
25600,3.0,0.8,1,32,posthoc,fx,mspe,0.010013051,n=25600_bz=3_cv1=0.8_p=1_q=32_20260122-104825
25600,3.0,0.8,1,32,posthoc,fx,bias2,0.00019544156,n=25600_bz=3_cv1=0.8_p=1_q=32_20260122-104825
25600,3.0,0.8,1,32,posthoc,fx,var,0.0098176105,n=25600_bz=3_cv1=0.8_p=1_q=32_20260122-104825
25600,3.0,0.8,1,32,posthoc,fz,mspe,0.006591308,n=25600_bz=3_cv1=0.8_p=1_q=32_20260122-104825
25600,3.0,0.8,1,32,posthoc,fz,bias2,2.5812606e-05,n=25600_bz=3_cv1=0.8_p=1_q=32_20260122-104825
25600,3.0,0.8,1,32,posthoc,fz,var,0.0065654954,n=25600_bz=3_cv1=0.8_p=1_q=32_20260122-104825
25600,3.0,0.8,1,32,posthoc,fr,mspe,0.031065103,n=25600_bz=3_cv1=0.8_p=1_q=32_20260122-104825
25600,3.0,0.8,1,32,posthoc,fr,bias2,0.021247491,n=25600_bz=3_cv1=0.8_p=1_q=32_20260122-104825
25600,3.0,0.8,1,32,posthoc,fr,var,0.0098176105,n=25600_bz=3_cv1=0.8_p=1_q=32_20260122-104825
25600,3.0,0.8,1,32,posthoc_orth,y,mspe,1.1523154,n=25600_bz=3_cv1=0.8_p=1_q=32_20260122-104825
25600,3.0,0.8,1,32,posthoc_orth,y,bias2,1.1478846,n=25600_bz=3_cv1=0.8_p=1_q=32_20260122-104825
25600,3.0,0.8,1,32,posthoc_orth,y,var,0.004430813,n=25600_bz=3_cv1=0.8_p=1_q=32_20260122-104825
25600,3.0,0.8,1,32,posthoc_orth,fx,mspe,0.022985674,n=25600_bz=3_cv1=0.8_p=1_q=32_20260122-104825
25600,3.0,0.8,1,32,posthoc_orth,fx,bias2,0.019478519,n=25600_bz=3_cv1=0.8_p=1_q=32_20260122-104825
25600,3.0,0.8,1,32,posthoc_orth,fx,var,0.0035071564,n=25600_bz=3_cv1=0.8_p=1_q=32_20260122-104825
25600,3.0,0.8,1,32,posthoc_orth,fz,mspe,0.02011683,n=25600_bz=3_cv1=0.8_p=1_q=32_20260122-104825
25600,3.0,0.8,1,32,posthoc_orth,fz,bias2,0.019467283,n=25600_bz=3_cv1=0.8_p=1_q=32_20260122-104825
25600,3.0,0.8,1,32,posthoc_orth,fz,var,0.000649545,n=25600_bz=3_cv1=0.8_p=1_q=32_20260122-104825
25600,3.0,0.8,1,32,posthoc_orth,fr,mspe,0.0036738869,n=25600_bz=3_cv1=0.8_p=1_q=32_20260122-104825
25600,3.0,0.8,1,32,posthoc_orth,fr,bias2,0.00016673002,n=25600_bz=3_cv1=0.8_p=1_q=32_20260122-104825
25600,3.0,0.8,1,32,posthoc_orth,fr,var,0.0035071564,n=25600_bz=3_cv1=0.8_p=1_q=32_20260122-104825
25600,3.0,0.8,1,32,posthoc_web,y,mspe,4.885172,n=25600_bz=3_cv1=0.8_p=1_q=32_20260122-104825
25600,3.0,0.8,1,32,posthoc_web,y,bias2,4.8761277,n=25600_bz=3_cv1=0.8_p=1_q=32_20260122-104825
25600,3.0,0.8,1,32,posthoc_web,y,var,0.009043626,n=25600_bz=3_cv1=0.8_p=1_q=32_20260122-104825
25600,3.0,0.8,1,32,posthoc_web,fx,mspe,0.05862854,n=25600_bz=3_cv1=0.8_p=1_q=32_20260122-104825
25600,3.0,0.8,1,32,posthoc_web,fx,bias2,0.056176044,n=25600_bz=3_cv1=0.8_p=1_q=32_20260122-104825
25600,3.0,0.8,1,32,posthoc_web,fx,var,0.0024524967,n=25600_bz=3_cv1=0.8_p=1_q=32_20260122-104825
25600,3.0,0.8,1,32,posthoc_web,fz,mspe,0.7015913,n=25600_bz=3_cv1=0.8_p=1_q=32_20260122-104825
25600,3.0,0.8,1,32,posthoc_web,fz,bias2,0.7015913,n=25600_bz=3_cv1=0.8_p=1_q=32_20260122-104825
25600,3.0,0.8,1,32,posthoc_web,fz,var,0.0,n=25600_bz=3_cv1=0.8_p=1_q=32_20260122-104825
25600,3.0,0.8,1,32,posthoc_web,fr,mspe,0.03899499,n=25600_bz=3_cv1=0.8_p=1_q=32_20260122-104825
25600,3.0,0.8,1,32,posthoc_web,fr,bias2,0.03654249,n=25600_bz=3_cv1=0.8_p=1_q=32_20260122-104825
25600,3.0,0.8,1,32,posthoc_web,fr,var,0.0024524967,n=25600_bz=3_cv1=0.8_p=1_q=32_20260122-104825
25600,4.0,0.8,1,32,base,y,mspe,1.4874527,n=25600_bz=4_cv1=0.8_p=1_q=32_20260122-172746
25600,4.0,0.8,1,32,base,y,bias2,1.4827774,n=25600_bz=4_cv1=0.8_p=1_q=32_20260122-172746
25600,4.0,0.8,1,32,base,y,var,0.0046754614,n=25600_bz=4_cv1=0.8_p=1_q=32_20260122-172746
25600,4.0,0.8,1,32,base,fx,mspe,1.1539712,n=25600_bz=4_cv1=0.8_p=1_q=32_20260122-172746
25600,4.0,0.8,1,32,base,fx,bias2,1.1501361,n=25600_bz=4_cv1=0.8_p=1_q=32_20260122-172746
25600,4.0,0.8,1,32,base,fx,var,0.0038350495,n=25600_bz=4_cv1=0.8_p=1_q=32_20260122-172746
25600,4.0,0.8,1,32,base,fz,mspe,1.2472734,n=25600_bz=4_cv1=0.8_p=1_q=32_20260122-172746
25600,4.0,0.8,1,32,base,fz,bias2,1.2472734,n=25600_bz=4_cv1=0.8_p=1_q=32_20260122-172746
25600,4.0,0.8,1,32,base,fz,var,0.0,n=25600_bz=4_cv1=0.8_p=1_q=32_20260122-172746
25600,4.0,0.8,1,32,base,fr,mspe,1.464358,n=25600_bz=4_cv1=0.8_p=1_q=32_20260122-172746
25600,4.0,0.8,1,32,base,fr,bias2,1.4605229,n=25600_bz=4_cv1=0.8_p=1_q=32_20260122-172746
25600,4.0,0.8,1,32,base,fr,var,0.0038350495,n=25600_bz=4_cv1=0.8_p=1_q=32_20260122-172746
25600,4.0,0.8,1,32,posthoc,y,mspe,1.5767611,n=25600_bz=4_cv1=0.8_p=1_q=32_20260122-172746
25600,4.0,0.8,1,32,posthoc,y,bias2,1.5718334,n=25600_bz=4_cv1=0.8_p=1_q=32_20260122-172746
25600,4.0,0.8,1,32,posthoc,y,var,0.004927817,n=25600_bz=4_cv1=0.8_p=1_q=32_20260122-172746
25600,4.0,0.8,1,32,posthoc,fx,mspe,0.010933477,n=25600_bz=4_cv1=0.8_p=1_q=32_20260122-172746
25600,4.0,0.8,1,32,posthoc,fx,bias2,0.0002400246,n=25600_bz=4_cv1=0.8_p=1_q=32_20260122-172746
25600,4.0,0.8,1,32,posthoc,fx,var,0.010693452,n=25600_bz=4_cv1=0.8_p=1_q=32_20260122-172746
25600,4.0,0.8,1,32,posthoc,fz,mspe,0.007592746,n=25600_bz=4_cv1=0.8_p=1_q=32_20260122-172746
25600,4.0,0.8,1,32,posthoc,fz,bias2,4.0219766e-05,n=25600_bz=4_cv1=0.8_p=1_q=32_20260122-172746
25600,4.0,0.8,1,32,posthoc,fz,var,0.007552527,n=25600_bz=4_cv1=0.8_p=1_q=32_20260122-172746
25600,4.0,0.8,1,32,posthoc,fr,mspe,0.032481834,n=25600_bz=4_cv1=0.8_p=1_q=32_20260122-172746
25600,4.0,0.8,1,32,posthoc,fr,bias2,0.021788383,n=25600_bz=4_cv1=0.8_p=1_q=32_20260122-172746
25600,4.0,0.8,1,32,posthoc,fr,var,0.010693452,n=25600_bz=4_cv1=0.8_p=1_q=32_20260122-172746
25600,4.0,0.8,1,32,posthoc_orth,y,mspe,1.5767385,n=25600_bz=4_cv1=0.8_p=1_q=32_20260122-172746
25600,4.0,0.8,1,32,posthoc_orth,y,bias2,1.5717978,n=25600_bz=4_cv1=0.8_p=1_q=32_20260122-172746
25600,4.0,0.8,1,32,posthoc_orth,y,var,0.0049405494,n=25600_bz=4_cv1=0.8_p=1_q=32_20260122-172746
25600,4.0,0.8,1,32,posthoc_orth,fx,mspe,0.023398364,n=25600_bz=4_cv1=0.8_p=1_q=32_20260122-172746
25600,4.0,0.8,1,32,posthoc_orth,fx,bias2,0.019483395,n=25600_bz=4_cv1=0.8_p=1_q=32_20260122-172746
25600,4.0,0.8,1,32,posthoc_orth,fx,var,0.003914969,n=25600_bz=4_cv1=0.8_p=1_q=32_20260122-172746
25600,4.0,0.8,1,32,posthoc_orth,fz,mspe,0.02030357,n=25600_bz=4_cv1=0.8_p=1_q=32_20260122-172746
25600,4.0,0.8,1,32,posthoc_orth,fz,bias2,0.019600807,n=25600_bz=4_cv1=0.8_p=1_q=32_20260122-172746
25600,4.0,0.8,1,32,posthoc_orth,fz,var,0.00070276466,n=25600_bz=4_cv1=0.8_p=1_q=32_20260122-172746
25600,4.0,0.8,1,32,posthoc_orth,fr,mspe,0.004093886,n=25600_bz=4_cv1=0.8_p=1_q=32_20260122-172746
25600,4.0,0.8,1,32,posthoc_orth,fr,bias2,0.00017891685,n=25600_bz=4_cv1=0.8_p=1_q=32_20260122-172746
25600,4.0,0.8,1,32,posthoc_orth,fr,var,0.003914969,n=25600_bz=4_cv1=0.8_p=1_q=32_20260122-172746
25600,4.0,0.8,1,32,posthoc_web,y,mspe,7.075633,n=25600_bz=4_cv1=0.8_p=1_q=32_20260122-172746
25600,4.0,0.8,1,32,posthoc_web,y,bias2,7.06505,n=25600_bz=4_cv1=0.8_p=1_q=32_20260122-172746
25600,4.0,0.8,1,32,posthoc_web,y,var,0.0105820205,n=25600_bz=4_cv1=0.8_p=1_q=32_20260122-172746
25600,4.0,0.8,1,32,posthoc_web,fx,mspe,0.08716289,n=25600_bz=4_cv1=0.8_p=1_q=32_20260122-172746
25600,4.0,0.8,1,32,posthoc_web,fx,bias2,0.08444929,n=25600_bz=4_cv1=0.8_p=1_q=32_20260122-172746
25600,4.0,0.8,1,32,posthoc_web,fx,var,0.0027135985,n=25600_bz=4_cv1=0.8_p=1_q=32_20260122-172746
25600,4.0,0.8,1,32,posthoc_web,fz,mspe,1.2472734,n=25600_bz=4_cv1=0.8_p=1_q=32_20260122-172746
25600,4.0,0.8,1,32,posthoc_web,fz,bias2,1.2472734,n=25600_bz=4_cv1=0.8_p=1_q=32_20260122-172746
25600,4.0,0.8,1,32,posthoc_web,fz,var,0.0,n=25600_bz=4_cv1=0.8_p=1_q=32_20260122-172746
25600,4.0,0.8,1,32,posthoc_web,fr,mspe,0.06730356,n=25600_bz=4_cv1=0.8_p=1_q=32_20260122-172746
25600,4.0,0.8,1,32,posthoc_web,fr,bias2,0.064589955,n=25600_bz=4_cv1=0.8_p=1_q=32_20260122-172746
25600,4.0,0.8,1,32,posthoc_web,fr,var,0.0027135985,n=25600_bz=4_cv1=0.8_p=1_q=32_20260122-172746
3200,0.5,0.8,1,32,base,y,mspe,0.628629,n=3200_bz=0.5_cv1=0.8_p=1_q=32_20260121-191853
3200,0.5,0.8,1,32,base,y,bias2,0.61880046,n=3200_bz=0.5_cv1=0.8_p=1_q=32_20260121-191853
3200,0.5,0.8,1,32,base,y,var,0.009828591,n=3200_bz=0.5_cv1=0.8_p=1_q=32_20260121-191853
3200,0.5,0.8,1,32,base,fx,mspe,0.024204858,n=3200_bz=0.5_cv1=0.8_p=1_q=32_20260121-191853
3200,0.5,0.8,1,32,base,fx,bias2,0.016301349,n=3200_bz=0.5_cv1=0.8_p=1_q=32_20260121-191853
3200,0.5,0.8,1,32,base,fx,var,0.00790351,n=3200_bz=0.5_cv1=0.8_p=1_q=32_20260121-191853
3200,0.5,0.8,1,32,base,fz,mspe,0.019488648,n=3200_bz=0.5_cv1=0.8_p=1_q=32_20260121-191853
3200,0.5,0.8,1,32,base,fz,bias2,0.019488648,n=3200_bz=0.5_cv1=0.8_p=1_q=32_20260121-191853
3200,0.5,0.8,1,32,base,fz,var,0.0,n=3200_bz=0.5_cv1=0.8_p=1_q=32_20260121-191853
3200,0.5,0.8,1,32,base,fr,mspe,0.07626385,n=3200_bz=0.5_cv1=0.8_p=1_q=32_20260121-191853
3200,0.5,0.8,1,32,base,fr,bias2,0.06836035,n=3200_bz=0.5_cv1=0.8_p=1_q=32_20260121-191853
3200,0.5,0.8,1,32,base,fr,var,0.00790351,n=3200_bz=0.5_cv1=0.8_p=1_q=32_20260121-191853
3200,0.5,0.8,1,32,posthoc,y,mspe,0.64587575,n=3200_bz=0.5_cv1=0.8_p=1_q=32_20260121-191853
3200,0.5,0.8,1,32,posthoc,y,bias2,0.6323994,n=3200_bz=0.5_cv1=0.8_p=1_q=32_20260121-191853
3200,0.5,0.8,1,32,posthoc,y,var,0.013476462,n=3200_bz=0.5_cv1=0.8_p=1_q=32_20260121-191853
3200,0.5,0.8,1,32,posthoc,fx,mspe,0.027033895,n=3200_bz=0.5_cv1=0.8_p=1_q=32_20260121-191853
3200,0.5,0.8,1,32,posthoc,fx,bias2,0.0065978514,n=3200_bz=0.5_cv1=0.8_p=1_q=32_20260121-191853
3200,0.5,0.8,1,32,posthoc,fx,var,0.020436045,n=3200_bz=0.5_cv1=0.8_p=1_q=32_20260121-191853
3200,0.5,0.8,1,32,posthoc,fz,mspe,0.020679612,n=3200_bz=0.5_cv1=0.8_p=1_q=32_20260121-191853
3200,0.5,0.8,1,32,posthoc,fz,bias2,0.0060635097,n=3200_bz=0.5_cv1=0.8_p=1_q=32_20260121-191853
3200,0.5,0.8,1,32,posthoc,fz,var,0.014616101,n=3200_bz=0.5_cv1=0.8_p=1_q=32_20260121-191853
3200,0.5,0.8,1,32,posthoc,fr,mspe,0.06679891,n=3200_bz=0.5_cv1=0.8_p=1_q=32_20260121-191853
3200,0.5,0.8,1,32,posthoc,fr,bias2,0.046362877,n=3200_bz=0.5_cv1=0.8_p=1_q=32_20260121-191853
3200,0.5,0.8,1,32,posthoc,fr,var,0.020436045,n=3200_bz=0.5_cv1=0.8_p=1_q=32_20260121-191853
3200,0.5,0.8,1,32,posthoc_orth,y,mspe,0.6454013,n=3200_bz=0.5_cv1=0.8_p=1_q=32_20260121-191853
3200,0.5,0.8,1,32,posthoc_orth,y,bias2,0.6322403,n=3200_bz=0.5_cv1=0.8_p=1_q=32_20260121-191853
3200,0.5,0.8,1,32,posthoc_orth,y,var,0.013161023,n=3200_bz=0.5_cv1=0.8_p=1_q=32_20260121-191853
3200,0.5,0.8,1,32,posthoc_orth,fx,mspe,0.028326925,n=3200_bz=0.5_cv1=0.8_p=1_q=32_20260121-191853
3200,0.5,0.8,1,32,posthoc_orth,fx,bias2,0.02032004,n=3200_bz=0.5_cv1=0.8_p=1_q=32_20260121-191853
3200,0.5,0.8,1,32,posthoc_orth,fx,var,0.008006884,n=3200_bz=0.5_cv1=0.8_p=1_q=32_20260121-191853
3200,0.5,0.8,1,32,posthoc_orth,fz,mspe,0.02021853,n=3200_bz=0.5_cv1=0.8_p=1_q=32_20260121-191853
3200,0.5,0.8,1,32,posthoc_orth,fz,bias2,0.01740104,n=3200_bz=0.5_cv1=0.8_p=1_q=32_20260121-191853
3200,0.5,0.8,1,32,posthoc_orth,fz,var,0.002817491,n=3200_bz=0.5_cv1=0.8_p=1_q=32_20260121-191853
3200,0.5,0.8,1,32,posthoc_orth,fr,mspe,0.009586481,n=3200_bz=0.5_cv1=0.8_p=1_q=32_20260121-191853
3200,0.5,0.8,1,32,posthoc_orth,fr,bias2,0.0015795972,n=3200_bz=0.5_cv1=0.8_p=1_q=32_20260121-191853
3200,0.5,0.8,1,32,posthoc_orth,fr,var,0.008006884,n=3200_bz=0.5_cv1=0.8_p=1_q=32_20260121-191853
3200,0.5,0.8,1,32,posthoc_web,y,mspe,1.2705207,n=3200_bz=0.5_cv1=0.8_p=1_q=32_20260121-191853
3200,0.5,0.8,1,32,posthoc_web,y,bias2,1.2512363,n=3200_bz=0.5_cv1=0.8_p=1_q=32_20260121-191853
3200,0.5,0.8,1,32,posthoc_web,y,var,0.019284513,n=3200_bz=0.5_cv1=0.8_p=1_q=32_20260121-191853
3200,0.5,0.8,1,32,posthoc_web,fx,mspe,0.027317027,n=3200_bz=0.5_cv1=0.8_p=1_q=32_20260121-191853
3200,0.5,0.8,1,32,posthoc_web,fx,bias2,0.021352718,n=3200_bz=0.5_cv1=0.8_p=1_q=32_20260121-191853
3200,0.5,0.8,1,32,posthoc_web,fx,var,0.0059643085,n=3200_bz=0.5_cv1=0.8_p=1_q=32_20260121-191853
3200,0.5,0.8,1,32,posthoc_web,fz,mspe,0.019488648,n=3200_bz=0.5_cv1=0.8_p=1_q=32_20260121-191853
3200,0.5,0.8,1,32,posthoc_web,fz,bias2,0.019488648,n=3200_bz=0.5_cv1=0.8_p=1_q=32_20260121-191853
3200,0.5,0.8,1,32,posthoc_web,fz,var,0.0,n=3200_bz=0.5_cv1=0.8_p=1_q=32_20260121-191853
3200,0.5,0.8,1,32,posthoc_web,fr,mspe,0.008666137,n=3200_bz=0.5_cv1=0.8_p=1_q=32_20260121-191853
3200,0.5,0.8,1,32,posthoc_web,fr,bias2,0.0027018285,n=3200_bz=0.5_cv1=0.8_p=1_q=32_20260121-191853
3200,0.5,0.8,1,32,posthoc_web,fr,var,0.0059643085,n=3200_bz=0.5_cv1=0.8_p=1_q=32_20260121-191853
3200,0.0,0.8,1,32,base,y,mspe,0.60059065,n=3200_bz=0_cv1=0.8_p=1_q=32_20260121-162502
3200,0.0,0.8,1,32,base,y,bias2,0.5902754,n=3200_bz=0_cv1=0.8_p=1_q=32_20260121-162502
3200,0.0,0.8,1,32,base,y,var,0.010315252,n=3200_bz=0_cv1=0.8_p=1_q=32_20260121-162502
3200,0.0,0.8,1,32,base,fx,mspe,0.010778054,n=3200_bz=0_cv1=0.8_p=1_q=32_20260121-162502
3200,0.0,0.8,1,32,base,fx,bias2,0.00243075,n=3200_bz=0_cv1=0.8_p=1_q=32_20260121-162502
3200,0.0,0.8,1,32,base,fx,var,0.008347303,n=3200_bz=0_cv1=0.8_p=1_q=32_20260121-162502
3200,0.0,0.8,1,32,base,fz,mspe,0.0,n=3200_bz=0_cv1=0.8_p=1_q=32_20260121-162502
3200,0.0,0.8,1,32,base,fz,bias2,0.0,n=3200_bz=0_cv1=0.8_p=1_q=32_20260121-162502
3200,0.0,0.8,1,32,base,fz,var,0.0,n=3200_bz=0_cv1=0.8_p=1_q=32_20260121-162502
3200,0.0,0.8,1,32,base,fr,mspe,0.027231269,n=3200_bz=0_cv1=0.8_p=1_q=32_20260121-162502
3200,0.0,0.8,1,32,base,fr,bias2,0.018883968,n=3200_bz=0_cv1=0.8_p=1_q=32_20260121-162502
3200,0.0,0.8,1,32,base,fr,var,0.008347303,n=3200_bz=0_cv1=0.8_p=1_q=32_20260121-162502
3200,0.0,0.8,1,32,posthoc,y,mspe,0.6174264,n=3200_bz=0_cv1=0.8_p=1_q=32_20260121-162502
3200,0.0,0.8,1,32,posthoc,y,bias2,0.6033113,n=3200_bz=0_cv1=0.8_p=1_q=32_20260121-162502
3200,0.0,0.8,1,32,posthoc,y,var,0.014115082,n=3200_bz=0_cv1=0.8_p=1_q=32_20260121-162502
3200,0.0,0.8,1,32,posthoc,fx,mspe,0.017716138,n=3200_bz=0_cv1=0.8_p=1_q=32_20260121-162502
3200,0.0,0.8,1,32,posthoc,fx,bias2,0.0009768038,n=3200_bz=0_cv1=0.8_p=1_q=32_20260121-162502
3200,0.0,0.8,1,32,posthoc,fx,var,0.016739335,n=3200_bz=0_cv1=0.8_p=1_q=32_20260121-162502
3200,0.0,0.8,1,32,posthoc,fz,mspe,0.0063141054,n=3200_bz=0_cv1=0.8_p=1_q=32_20260121-162502
3200,0.0,0.8,1,32,posthoc,fz,bias2,9.202832e-05,n=3200_bz=0_cv1=0.8_p=1_q=32_20260121-162502
3200,0.0,0.8,1,32,posthoc,fz,var,0.0062220767,n=3200_bz=0_cv1=0.8_p=1_q=32_20260121-162502
3200,0.0,0.8,1,32,posthoc,fr,mspe,0.037948325,n=3200_bz=0_cv1=0.8_p=1_q=32_20260121-162502
3200,0.0,0.8,1,32,posthoc,fr,bias2,0.02120899,n=3200_bz=0_cv1=0.8_p=1_q=32_20260121-162502
3200,0.0,0.8,1,32,posthoc,fr,var,0.016739335,n=3200_bz=0_cv1=0.8_p=1_q=32_20260121-162502
3200,0.0,0.8,1,32,posthoc_orth,y,mspe,0.61736906,n=3200_bz=0_cv1=0.8_p=1_q=32_20260121-162502
3200,0.0,0.8,1,32,posthoc_orth,y,bias2,0.60325277,n=3200_bz=0_cv1=0.8_p=1_q=32_20260121-162502
3200,0.0,0.8,1,32,posthoc_orth,y,var,0.0141162295,n=3200_bz=0_cv1=0.8_p=1_q=32_20260121-162502
3200,0.0,0.8,1,32,posthoc_orth,fx,mspe,0.02882284,n=3200_bz=0_cv1=0.8_p=1_q=32_20260121-162502
3200,0.0,0.8,1,32,posthoc_orth,fx,bias2,0.019785032,n=3200_bz=0_cv1=0.8_p=1_q=32_20260121-162502
3200,0.0,0.8,1,32,posthoc_orth,fx,var,0.009037811,n=3200_bz=0_cv1=0.8_p=1_q=32_20260121-162502
3200,0.0,0.8,1,32,posthoc_orth,fz,mspe,0.019674253,n=3200_bz=0_cv1=0.8_p=1_q=32_20260121-162502
3200,0.0,0.8,1,32,posthoc_orth,fz,bias2,0.017002897,n=3200_bz=0_cv1=0.8_p=1_q=32_20260121-162502
3200,0.0,0.8,1,32,posthoc_orth,fz,var,0.0026713554,n=3200_bz=0_cv1=0.8_p=1_q=32_20260121-162502
3200,0.0,0.8,1,32,posthoc_orth,fr,mspe,0.009988947,n=3200_bz=0_cv1=0.8_p=1_q=32_20260121-162502
3200,0.0,0.8,1,32,posthoc_orth,fr,bias2,0.000951135,n=3200_bz=0_cv1=0.8_p=1_q=32_20260121-162502
3200,0.0,0.8,1,32,posthoc_orth,fr,var,0.009037811,n=3200_bz=0_cv1=0.8_p=1_q=32_20260121-162502
3200,0.0,0.8,1,32,posthoc_web,y,mspe,0.8786809,n=3200_bz=0_cv1=0.8_p=1_q=32_20260121-162502
3200,0.0,0.8,1,32,posthoc_web,y,bias2,0.85772127,n=3200_bz=0_cv1=0.8_p=1_q=32_20260121-162502
3200,0.0,0.8,1,32,posthoc_web,y,var,0.020959638,n=3200_bz=0_cv1=0.8_p=1_q=32_20260121-162502
3200,0.0,0.8,1,32,posthoc_web,fx,mspe,0.0270724,n=3200_bz=0_cv1=0.8_p=1_q=32_20260121-162502
3200,0.0,0.8,1,32,posthoc_web,fx,bias2,0.020816984,n=3200_bz=0_cv1=0.8_p=1_q=32_20260121-162502
3200,0.0,0.8,1,32,posthoc_web,fx,var,0.006255416,n=3200_bz=0_cv1=0.8_p=1_q=32_20260121-162502
3200,0.0,0.8,1,32,posthoc_web,fz,mspe,0.0,n=3200_bz=0_cv1=0.8_p=1_q=32_20260121-162502
3200,0.0,0.8,1,32,posthoc_web,fz,bias2,0.0,n=3200_bz=0_cv1=0.8_p=1_q=32_20260121-162502
3200,0.0,0.8,1,32,posthoc_web,fz,var,0.0,n=3200_bz=0_cv1=0.8_p=1_q=32_20260121-162502
3200,0.0,0.8,1,32,posthoc_web,fr,mspe,0.008581011,n=3200_bz=0_cv1=0.8_p=1_q=32_20260121-162502
3200,0.0,0.8,1,32,posthoc_web,fr,bias2,0.0023255942,n=3200_bz=0_cv1=0.8_p=1_q=32_20260121-162502
3200,0.0,0.8,1,32,posthoc_web,fr,var,0.006255416,n=3200_bz=0_cv1=0.8_p=1_q=32_20260121-162502
3200,1.5,0.8,1,32,base,y,mspe,0.73331,n=3200_bz=1.5_cv1=0.8_p=1_q=32_20260122-005811
3200,1.5,0.8,1,32,base,y,bias2,0.722035,n=3200_bz=1.5_cv1=0.8_p=1_q=32_20260122-005811
3200,1.5,0.8,1,32,base,y,var,0.011275011,n=3200_bz=1.5_cv1=0.8_p=1_q=32_20260122-005811
3200,1.5,0.8,1,32,base,fx,mspe,0.15984854,n=3200_bz=1.5_cv1=0.8_p=1_q=32_20260122-005811
3200,1.5,0.8,1,32,base,fx,bias2,0.15127136,n=3200_bz=1.5_cv1=0.8_p=1_q=32_20260122-005811
3200,1.5,0.8,1,32,base,fx,var,0.008577155,n=3200_bz=1.5_cv1=0.8_p=1_q=32_20260122-005811
3200,1.5,0.8,1,32,base,fz,mspe,0.17539783,n=3200_bz=1.5_cv1=0.8_p=1_q=32_20260122-005811
3200,1.5,0.8,1,32,base,fz,bias2,0.17539783,n=3200_bz=1.5_cv1=0.8_p=1_q=32_20260122-005811
3200,1.5,0.8,1,32,base,fz,var,0.0,n=3200_bz=1.5_cv1=0.8_p=1_q=32_20260122-005811
3200,1.5,0.8,1,32,base,fr,mspe,0.28441447,n=3200_bz=1.5_cv1=0.8_p=1_q=32_20260122-005811
3200,1.5,0.8,1,32,base,fr,bias2,0.27583733,n=3200_bz=1.5_cv1=0.8_p=1_q=32_20260122-005811
3200,1.5,0.8,1,32,base,fr,var,0.008577155,n=3200_bz=1.5_cv1=0.8_p=1_q=32_20260122-005811
3200,1.5,0.8,1,32,posthoc,y,mspe,0.75907034,n=3200_bz=1.5_cv1=0.8_p=1_q=32_20260122-005811
3200,1.5,0.8,1,32,posthoc,y,bias2,0.74242043,n=3200_bz=1.5_cv1=0.8_p=1_q=32_20260122-005811
3200,1.5,0.8,1,32,posthoc,y,var,0.016649934,n=3200_bz=1.5_cv1=0.8_p=1_q=32_20260122-005811
3200,1.5,0.8,1,32,posthoc,fx,mspe,0.069501966,n=3200_bz=1.5_cv1=0.8_p=1_q=32_20260122-005811
3200,1.5,0.8,1,32,posthoc,fx,bias2,0.014943039,n=3200_bz=1.5_cv1=0.8_p=1_q=32_20260122-005811
3200,1.5,0.8,1,32,posthoc,fx,var,0.05455892,n=3200_bz=1.5_cv1=0.8_p=1_q=32_20260122-005811
3200,1.5,0.8,1,32,posthoc,fz,mspe,0.06096635,n=3200_bz=1.5_cv1=0.8_p=1_q=32_20260122-005811
3200,1.5,0.8,1,32,posthoc,fz,bias2,0.013800175,n=3200_bz=1.5_cv1=0.8_p=1_q=32_20260122-005811
3200,1.5,0.8,1,32,posthoc,fz,var,0.047166176,n=3200_bz=1.5_cv1=0.8_p=1_q=32_20260122-005811
3200,1.5,0.8,1,32,posthoc,fr,mspe,0.12052852,n=3200_bz=1.5_cv1=0.8_p=1_q=32_20260122-005811
3200,1.5,0.8,1,32,posthoc,fr,bias2,0.06596961,n=3200_bz=1.5_cv1=0.8_p=1_q=32_20260122-005811
3200,1.5,0.8,1,32,posthoc,fr,var,0.05455892,n=3200_bz=1.5_cv1=0.8_p=1_q=32_20260122-005811
3200,1.5,0.8,1,32,posthoc_orth,y,mspe,0.75909925,n=3200_bz=1.5_cv1=0.8_p=1_q=32_20260122-005811
3200,1.5,0.8,1,32,posthoc_orth,y,bias2,0.7426921,n=3200_bz=1.5_cv1=0.8_p=1_q=32_20260122-005811
3200,1.5,0.8,1,32,posthoc_orth,y,var,0.016407134,n=3200_bz=1.5_cv1=0.8_p=1_q=32_20260122-005811
3200,1.5,0.8,1,32,posthoc_orth,fx,mspe,0.03207432,n=3200_bz=1.5_cv1=0.8_p=1_q=32_20260122-005811
3200,1.5,0.8,1,32,posthoc_orth,fx,bias2,0.021095727,n=3200_bz=1.5_cv1=0.8_p=1_q=32_20260122-005811
3200,1.5,0.8,1,32,posthoc_orth,fx,var,0.010978596,n=3200_bz=1.5_cv1=0.8_p=1_q=32_20260122-005811
3200,1.5,0.8,1,32,posthoc_orth,fz,mspe,0.020989904,n=3200_bz=1.5_cv1=0.8_p=1_q=32_20260122-005811
3200,1.5,0.8,1,32,posthoc_orth,fz,bias2,0.01767427,n=3200_bz=1.5_cv1=0.8_p=1_q=32_20260122-005811
3200,1.5,0.8,1,32,posthoc_orth,fz,var,0.0033156339,n=3200_bz=1.5_cv1=0.8_p=1_q=32_20260122-005811
3200,1.5,0.8,1,32,posthoc_orth,fr,mspe,0.013250475,n=3200_bz=1.5_cv1=0.8_p=1_q=32_20260122-005811
3200,1.5,0.8,1,32,posthoc_orth,fr,bias2,0.0022718778,n=3200_bz=1.5_cv1=0.8_p=1_q=32_20260122-005811
3200,1.5,0.8,1,32,posthoc_orth,fr,var,0.010978596,n=3200_bz=1.5_cv1=0.8_p=1_q=32_20260122-005811
3200,1.5,0.8,1,32,posthoc_web,y,mspe,2.3576047,n=3200_bz=1.5_cv1=0.8_p=1_q=32_20260122-005811
3200,1.5,0.8,1,32,posthoc_web,y,bias2,2.3350244,n=3200_bz=1.5_cv1=0.8_p=1_q=32_20260122-005811
3200,1.5,0.8,1,32,posthoc_web,y,var,0.022580469,n=3200_bz=1.5_cv1=0.8_p=1_q=32_20260122-005811
3200,1.5,0.8,1,32,posthoc_web,fx,mspe,0.03518217,n=3200_bz=1.5_cv1=0.8_p=1_q=32_20260122-005811
3200,1.5,0.8,1,32,posthoc_web,fx,bias2,0.028847896,n=3200_bz=1.5_cv1=0.8_p=1_q=32_20260122-005811
3200,1.5,0.8,1,32,posthoc_web,fx,var,0.0063342736,n=3200_bz=1.5_cv1=0.8_p=1_q=32_20260122-005811
3200,1.5,0.8,1,32,posthoc_web,fz,mspe,0.17539783,n=3200_bz=1.5_cv1=0.8_p=1_q=32_20260122-005811
3200,1.5,0.8,1,32,posthoc_web,fz,bias2,0.17539783,n=3200_bz=1.5_cv1=0.8_p=1_q=32_20260122-005811
3200,1.5,0.8,1,32,posthoc_web,fz,var,0.0,n=3200_bz=1.5_cv1=0.8_p=1_q=32_20260122-005811
3200,1.5,0.8,1,32,posthoc_web,fr,mspe,0.015963871,n=3200_bz=1.5_cv1=0.8_p=1_q=32_20260122-005811
3200,1.5,0.8,1,32,posthoc_web,fr,bias2,0.009629599,n=3200_bz=1.5_cv1=0.8_p=1_q=32_20260122-005811
3200,1.5,0.8,1,32,posthoc_web,fr,var,0.0063342736,n=3200_bz=1.5_cv1=0.8_p=1_q=32_20260122-005811
3200,1.0,0.8,1,32,base,y,mspe,0.6788169,n=3200_bz=1_cv1=0.8_p=1_q=32_20260121-220726
3200,1.0,0.8,1,32,base,y,bias2,0.66846657,n=3200_bz=1_cv1=0.8_p=1_q=32_20260121-220726
3200,1.0,0.8,1,32,base,y,var,0.010350384,n=3200_bz=1_cv1=0.8_p=1_q=32_20260121-220726
3200,1.0,0.8,1,32,base,fx,mspe,0.07462224,n=3200_bz=1_cv1=0.8_p=1_q=32_20260121-220726
3200,1.0,0.8,1,32,base,fx,bias2,0.06707032,n=3200_bz=1_cv1=0.8_p=1_q=32_20260121-220726
3200,1.0,0.8,1,32,base,fx,var,0.0075519187,n=3200_bz=1_cv1=0.8_p=1_q=32_20260121-220726
3200,1.0,0.8,1,32,base,fz,mspe,0.07795459,n=3200_bz=1_cv1=0.8_p=1_q=32_20260121-220726
3200,1.0,0.8,1,32,base,fz,bias2,0.07795459,n=3200_bz=1_cv1=0.8_p=1_q=32_20260121-220726
3200,1.0,0.8,1,32,base,fz,var,0.0,n=3200_bz=1_cv1=0.8_p=1_q=32_20260121-220726
3200,1.0,0.8,1,32,base,fr,mspe,0.16362748,n=3200_bz=1_cv1=0.8_p=1_q=32_20260121-220726
3200,1.0,0.8,1,32,base,fr,bias2,0.15607555,n=3200_bz=1_cv1=0.8_p=1_q=32_20260121-220726
3200,1.0,0.8,1,32,base,fr,var,0.0075519187,n=3200_bz=1_cv1=0.8_p=1_q=32_20260121-220726
3200,1.0,0.8,1,32,posthoc,y,mspe,0.68772334,n=3200_bz=1_cv1=0.8_p=1_q=32_20260121-220726
3200,1.0,0.8,1,32,posthoc,y,bias2,0.67343444,n=3200_bz=1_cv1=0.8_p=1_q=32_20260121-220726
3200,1.0,0.8,1,32,posthoc,y,var,0.014288831,n=3200_bz=1_cv1=0.8_p=1_q=32_20260121-220726
3200,1.0,0.8,1,32,posthoc,fx,mspe,0.052212823,n=3200_bz=1_cv1=0.8_p=1_q=32_20260121-220726
3200,1.0,0.8,1,32,posthoc,fx,bias2,0.017659793,n=3200_bz=1_cv1=0.8_p=1_q=32_20260121-220726
3200,1.0,0.8,1,32,posthoc,fx,var,0.034553032,n=3200_bz=1_cv1=0.8_p=1_q=32_20260121-220726
3200,1.0,0.8,1,32,posthoc,fz,mspe,0.045549035,n=3200_bz=1_cv1=0.8_p=1_q=32_20260121-220726
3200,1.0,0.8,1,32,posthoc,fz,bias2,0.016626356,n=3200_bz=1_cv1=0.8_p=1_q=32_20260121-220726
3200,1.0,0.8,1,32,posthoc,fz,var,0.02892268,n=3200_bz=1_cv1=0.8_p=1_q=32_20260121-220726
3200,1.0,0.8,1,32,posthoc,fr,mspe,0.1064291,n=3200_bz=1_cv1=0.8_p=1_q=32_20260121-220726
3200,1.0,0.8,1,32,posthoc,fr,bias2,0.07187609,n=3200_bz=1_cv1=0.8_p=1_q=32_20260121-220726
3200,1.0,0.8,1,32,posthoc,fr,var,0.034553032,n=3200_bz=1_cv1=0.8_p=1_q=32_20260121-220726
3200,1.0,0.8,1,32,posthoc_orth,y,mspe,0.6883981,n=3200_bz=1_cv1=0.8_p=1_q=32_20260121-220726
3200,1.0,0.8,1,32,posthoc_orth,y,bias2,0.6736278,n=3200_bz=1_cv1=0.8_p=1_q=32_20260121-220726
3200,1.0,0.8,1,32,posthoc_orth,y,var,0.014770285,n=3200_bz=1_cv1=0.8_p=1_q=32_20260121-220726
3200,1.0,0.8,1,32,posthoc_orth,fx,mspe,0.030443283,n=3200_bz=1_cv1=0.8_p=1_q=32_20260121-220726
3200,1.0,0.8,1,32,posthoc_orth,fx,bias2,0.020937717,n=3200_bz=1_cv1=0.8_p=1_q=32_20260121-220726
3200,1.0,0.8,1,32,posthoc_orth,fx,var,0.009505565,n=3200_bz=1_cv1=0.8_p=1_q=32_20260121-220726
3200,1.0,0.8,1,32,posthoc_orth,fz,mspe,0.020767136,n=3200_bz=1_cv1=0.8_p=1_q=32_20260121-220726
3200,1.0,0.8,1,32,posthoc_orth,fz,bias2,0.01769516,n=3200_bz=1_cv1=0.8_p=1_q=32_20260121-220726
3200,1.0,0.8,1,32,posthoc_orth,fz,var,0.003071976,n=3200_bz=1_cv1=0.8_p=1_q=32_20260121-220726
3200,1.0,0.8,1,32,posthoc_orth,fr,mspe,0.011542614,n=3200_bz=1_cv1=0.8_p=1_q=32_20260121-220726
3200,1.0,0.8,1,32,posthoc_orth,fr,bias2,0.002037049,n=3200_bz=1_cv1=0.8_p=1_q=32_20260121-220726
3200,1.0,0.8,1,32,posthoc_orth,fr,var,0.009505565,n=3200_bz=1_cv1=0.8_p=1_q=32_20260121-220726
3200,1.0,0.8,1,32,posthoc_web,y,mspe,1.8227566,n=3200_bz=1_cv1=0.8_p=1_q=32_20260121-220726
3200,1.0,0.8,1,32,posthoc_web,y,bias2,1.800589,n=3200_bz=1_cv1=0.8_p=1_q=32_20260121-220726
3200,1.0,0.8,1,32,posthoc_web,y,var,0.022167742,n=3200_bz=1_cv1=0.8_p=1_q=32_20260121-220726
3200,1.0,0.8,1,32,posthoc_web,fx,mspe,0.02962457,n=3200_bz=1_cv1=0.8_p=1_q=32_20260121-220726
3200,1.0,0.8,1,32,posthoc_web,fx,bias2,0.024064805,n=3200_bz=1_cv1=0.8_p=1_q=32_20260121-220726
3200,1.0,0.8,1,32,posthoc_web,fx,var,0.0055597634,n=3200_bz=1_cv1=0.8_p=1_q=32_20260121-220726
3200,1.0,0.8,1,32,posthoc_web,fz,mspe,0.07795459,n=3200_bz=1_cv1=0.8_p=1_q=32_20260121-220726
3200,1.0,0.8,1,32,posthoc_web,fz,bias2,0.07795459,n=3200_bz=1_cv1=0.8_p=1_q=32_20260121-220726
3200,1.0,0.8,1,32,posthoc_web,fz,var,0.0,n=3200_bz=1_cv1=0.8_p=1_q=32_20260121-220726
3200,1.0,0.8,1,32,posthoc_web,fr,mspe,0.010638861,n=3200_bz=1_cv1=0.8_p=1_q=32_20260121-220726
3200,1.0,0.8,1,32,posthoc_web,fr,bias2,0.0050790976,n=3200_bz=1_cv1=0.8_p=1_q=32_20260121-220726
3200,1.0,0.8,1,32,posthoc_web,fr,var,0.0055597634,n=3200_bz=1_cv1=0.8_p=1_q=32_20260121-220726
3200,2.5,0.8,1,32,base,y,mspe,0.959277,n=3200_bz=2.5_cv1=0.8_p=1_q=32_20260122-064107
3200,2.5,0.8,1,32,base,y,bias2,0.9430185,n=3200_bz=2.5_cv1=0.8_p=1_q=32_20260122-064107
3200,2.5,0.8,1,32,base,y,var,0.01625855,n=3200_bz=2.5_cv1=0.8_p=1_q=32_20260122-064107
3200,2.5,0.8,1,32,base,fx,mspe,0.4508283,n=3200_bz=2.5_cv1=0.8_p=1_q=32_20260122-064107
3200,2.5,0.8,1,32,base,fx,bias2,0.4389398,n=3200_bz=2.5_cv1=0.8_p=1_q=32_20260122-064107
3200,2.5,0.8,1,32,base,fx,var,0.0118885515,n=3200_bz=2.5_cv1=0.8_p=1_q=32_20260122-064107
3200,2.5,0.8,1,32,base,fz,mspe,0.4872162,n=3200_bz=2.5_cv1=0.8_p=1_q=32_20260122-064107
3200,2.5,0.8,1,32,base,fz,bias2,0.48721617,n=3200_bz=2.5_cv1=0.8_p=1_q=32_20260122-064107
3200,2.5,0.8,1,32,base,fz,var,0.0,n=3200_bz=2.5_cv1=0.8_p=1_q=32_20260122-064107
3200,2.5,0.8,1,32,base,fr,mspe,0.6497163,n=3200_bz=2.5_cv1=0.8_p=1_q=32_20260122-064107
3200,2.5,0.8,1,32,base,fr,bias2,0.6378278,n=3200_bz=2.5_cv1=0.8_p=1_q=32_20260122-064107
3200,2.5,0.8,1,32,base,fr,var,0.0118885515,n=3200_bz=2.5_cv1=0.8_p=1_q=32_20260122-064107
3200,2.5,0.8,1,32,posthoc,y,mspe,0.99769807,n=3200_bz=2.5_cv1=0.8_p=1_q=32_20260122-064107
3200,2.5,0.8,1,32,posthoc,y,bias2,0.9772059,n=3200_bz=2.5_cv1=0.8_p=1_q=32_20260122-064107
3200,2.5,0.8,1,32,posthoc,y,var,0.020492071,n=3200_bz=2.5_cv1=0.8_p=1_q=32_20260122-064107
3200,2.5,0.8,1,32,posthoc,fx,mspe,0.07281401,n=3200_bz=2.5_cv1=0.8_p=1_q=32_20260122-064107
3200,2.5,0.8,1,32,posthoc,fx,bias2,0.009095499,n=3200_bz=2.5_cv1=0.8_p=1_q=32_20260122-064107
3200,2.5,0.8,1,32,posthoc,fx,var,0.06371852,n=3200_bz=2.5_cv1=0.8_p=1_q=32_20260122-064107
3200,2.5,0.8,1,32,posthoc,fz,mspe,0.06405673,n=3200_bz=2.5_cv1=0.8_p=1_q=32_20260122-064107
3200,2.5,0.8,1,32,posthoc,fz,bias2,0.0077924044,n=3200_bz=2.5_cv1=0.8_p=1_q=32_20260122-064107
3200,2.5,0.8,1,32,posthoc,fz,var,0.056264326,n=3200_bz=2.5_cv1=0.8_p=1_q=32_20260122-064107
3200,2.5,0.8,1,32,posthoc,fr,mspe,0.11600607,n=3200_bz=2.5_cv1=0.8_p=1_q=32_20260122-064107
3200,2.5,0.8,1,32,posthoc,fr,bias2,0.05228754,n=3200_bz=2.5_cv1=0.8_p=1_q=32_20260122-064107
3200,2.5,0.8,1,32,posthoc,fr,var,0.06371852,n=3200_bz=2.5_cv1=0.8_p=1_q=32_20260122-064107
3200,2.5,0.8,1,32,posthoc_orth,y,mspe,0.997108,n=3200_bz=2.5_cv1=0.8_p=1_q=32_20260122-064107
3200,2.5,0.8,1,32,posthoc_orth,y,bias2,0.9769421,n=3200_bz=2.5_cv1=0.8_p=1_q=32_20260122-064107
3200,2.5,0.8,1,32,posthoc_orth,y,var,0.020165963,n=3200_bz=2.5_cv1=0.8_p=1_q=32_20260122-064107
3200,2.5,0.8,1,32,posthoc_orth,fx,mspe,0.03375964,n=3200_bz=2.5_cv1=0.8_p=1_q=32_20260122-064107
3200,2.5,0.8,1,32,posthoc_orth,fx,bias2,0.020754823,n=3200_bz=2.5_cv1=0.8_p=1_q=32_20260122-064107
3200,2.5,0.8,1,32,posthoc_orth,fx,var,0.013004816,n=3200_bz=2.5_cv1=0.8_p=1_q=32_20260122-064107
3200,2.5,0.8,1,32,posthoc_orth,fz,mspe,0.022610873,n=3200_bz=2.5_cv1=0.8_p=1_q=32_20260122-064107
3200,2.5,0.8,1,32,posthoc_orth,fz,bias2,0.017914638,n=3200_bz=2.5_cv1=0.8_p=1_q=32_20260122-064107
3200,2.5,0.8,1,32,posthoc_orth,fz,var,0.004696233,n=3200_bz=2.5_cv1=0.8_p=1_q=32_20260122-064107
3200,2.5,0.8,1,32,posthoc_orth,fr,mspe,0.014959482,n=3200_bz=2.5_cv1=0.8_p=1_q=32_20260122-064107
3200,2.5,0.8,1,32,posthoc_orth,fr,bias2,0.0019546654,n=3200_bz=2.5_cv1=0.8_p=1_q=32_20260122-064107
3200,2.5,0.8,1,32,posthoc_orth,fr,var,0.013004816,n=3200_bz=2.5_cv1=0.8_p=1_q=32_20260122-064107
3200,2.5,0.8,1,32,posthoc_web,y,mspe,3.959191,n=3200_bz=2.5_cv1=0.8_p=1_q=32_20260122-064107
3200,2.5,0.8,1,32,posthoc_web,y,bias2,3.9213738,n=3200_bz=2.5_cv1=0.8_p=1_q=32_20260122-064107
3200,2.5,0.8,1,32,posthoc_web,y,var,0.037817158,n=3200_bz=2.5_cv1=0.8_p=1_q=32_20260122-064107
3200,2.5,0.8,1,32,posthoc_web,fx,mspe,0.054367315,n=3200_bz=2.5_cv1=0.8_p=1_q=32_20260122-064107
3200,2.5,0.8,1,32,posthoc_web,fx,bias2,0.045803346,n=3200_bz=2.5_cv1=0.8_p=1_q=32_20260122-064107
3200,2.5,0.8,1,32,posthoc_web,fx,var,0.008563971,n=3200_bz=2.5_cv1=0.8_p=1_q=32_20260122-064107
3200,2.5,0.8,1,32,posthoc_web,fz,mspe,0.4872162,n=3200_bz=2.5_cv1=0.8_p=1_q=32_20260122-064107
3200,2.5,0.8,1,32,posthoc_web,fz,bias2,0.48721617,n=3200_bz=2.5_cv1=0.8_p=1_q=32_20260122-064107
3200,2.5,0.8,1,32,posthoc_web,fz,var,0.0,n=3200_bz=2.5_cv1=0.8_p=1_q=32_20260122-064107
3200,2.5,0.8,1,32,posthoc_web,fr,mspe,0.034630794,n=3200_bz=2.5_cv1=0.8_p=1_q=32_20260122-064107
3200,2.5,0.8,1,32,posthoc_web,fr,bias2,0.026066823,n=3200_bz=2.5_cv1=0.8_p=1_q=32_20260122-064107
3200,2.5,0.8,1,32,posthoc_web,fr,var,0.008563971,n=3200_bz=2.5_cv1=0.8_p=1_q=32_20260122-064107
3200,2.0,0.8,1,32,base,y,mspe,0.8293243,n=3200_bz=2_cv1=0.8_p=1_q=32_20260122-034808
3200,2.0,0.8,1,32,base,y,bias2,0.8153763,n=3200_bz=2_cv1=0.8_p=1_q=32_20260122-034808
3200,2.0,0.8,1,32,base,y,var,0.01394805,n=3200_bz=2_cv1=0.8_p=1_q=32_20260122-034808
3200,2.0,0.8,1,32,base,fx,mspe,0.28417295,n=3200_bz=2_cv1=0.8_p=1_q=32_20260122-034808
3200,2.0,0.8,1,32,base,fx,bias2,0.27367657,n=3200_bz=2_cv1=0.8_p=1_q=32_20260122-034808
3200,2.0,0.8,1,32,base,fx,var,0.0104964,n=3200_bz=2_cv1=0.8_p=1_q=32_20260122-034808
3200,2.0,0.8,1,32,base,fz,mspe,0.31181836,n=3200_bz=2_cv1=0.8_p=1_q=32_20260122-034808
3200,2.0,0.8,1,32,base,fz,bias2,0.31181836,n=3200_bz=2_cv1=0.8_p=1_q=32_20260122-034808
3200,2.0,0.8,1,32,base,fz,var,0.0,n=3200_bz=2_cv1=0.8_p=1_q=32_20260122-034808
3200,2.0,0.8,1,32,base,fr,mspe,0.4452081,n=3200_bz=2_cv1=0.8_p=1_q=32_20260122-034808
3200,2.0,0.8,1,32,base,fr,bias2,0.43471164,n=3200_bz=2_cv1=0.8_p=1_q=32_20260122-034808
3200,2.0,0.8,1,32,base,fr,var,0.0104964,n=3200_bz=2_cv1=0.8_p=1_q=32_20260122-034808
3200,2.0,0.8,1,32,posthoc,y,mspe,0.86070037,n=3200_bz=2_cv1=0.8_p=1_q=32_20260122-034808
3200,2.0,0.8,1,32,posthoc,y,bias2,0.8422261,n=3200_bz=2_cv1=0.8_p=1_q=32_20260122-034808
3200,2.0,0.8,1,32,posthoc,y,var,0.018474244,n=3200_bz=2_cv1=0.8_p=1_q=32_20260122-034808
3200,2.0,0.8,1,32,posthoc,fx,mspe,0.07460811,n=3200_bz=2_cv1=0.8_p=1_q=32_20260122-034808
3200,2.0,0.8,1,32,posthoc,fx,bias2,0.013347187,n=3200_bz=2_cv1=0.8_p=1_q=32_20260122-034808
3200,2.0,0.8,1,32,posthoc,fx,var,0.061260924,n=3200_bz=2_cv1=0.8_p=1_q=32_20260122-034808
3200,2.0,0.8,1,32,posthoc,fz,mspe,0.06621033,n=3200_bz=2_cv1=0.8_p=1_q=32_20260122-034808
3200,2.0,0.8,1,32,posthoc,fz,bias2,0.012193802,n=3200_bz=2_cv1=0.8_p=1_q=32_20260122-034808
3200,2.0,0.8,1,32,posthoc,fz,var,0.054016527,n=3200_bz=2_cv1=0.8_p=1_q=32_20260122-034808
3200,2.0,0.8,1,32,posthoc,fr,mspe,0.1237845,n=3200_bz=2_cv1=0.8_p=1_q=32_20260122-034808
3200,2.0,0.8,1,32,posthoc,fr,bias2,0.06252357,n=3200_bz=2_cv1=0.8_p=1_q=32_20260122-034808
3200,2.0,0.8,1,32,posthoc,fr,var,0.061260924,n=3200_bz=2_cv1=0.8_p=1_q=32_20260122-034808
3200,2.0,0.8,1,32,posthoc_orth,y,mspe,0.8606291,n=3200_bz=2_cv1=0.8_p=1_q=32_20260122-034808
3200,2.0,0.8,1,32,posthoc_orth,y,bias2,0.8417076,n=3200_bz=2_cv1=0.8_p=1_q=32_20260122-034808
3200,2.0,0.8,1,32,posthoc_orth,y,var,0.018921439,n=3200_bz=2_cv1=0.8_p=1_q=32_20260122-034808
3200,2.0,0.8,1,32,posthoc_orth,fx,mspe,0.033827893,n=3200_bz=2_cv1=0.8_p=1_q=32_20260122-034808
3200,2.0,0.8,1,32,posthoc_orth,fx,bias2,0.021172028,n=3200_bz=2_cv1=0.8_p=1_q=32_20260122-034808
3200,2.0,0.8,1,32,posthoc_orth,fx,var,0.012655866,n=3200_bz=2_cv1=0.8_p=1_q=32_20260122-034808
3200,2.0,0.8,1,32,posthoc_orth,fz,mspe,0.021717358,n=3200_bz=2_cv1=0.8_p=1_q=32_20260122-034808
3200,2.0,0.8,1,32,posthoc_orth,fz,bias2,0.017764831,n=3200_bz=2_cv1=0.8_p=1_q=32_20260122-034808
3200,2.0,0.8,1,32,posthoc_orth,fz,var,0.0039525284,n=3200_bz=2_cv1=0.8_p=1_q=32_20260122-034808
3200,2.0,0.8,1,32,posthoc_orth,fr,mspe,0.014888141,n=3200_bz=2_cv1=0.8_p=1_q=32_20260122-034808
3200,2.0,0.8,1,32,posthoc_orth,fr,bias2,0.002232275,n=3200_bz=2_cv1=0.8_p=1_q=32_20260122-034808
3200,2.0,0.8,1,32,posthoc_orth,fr,var,0.012655866,n=3200_bz=2_cv1=0.8_p=1_q=32_20260122-034808
3200,2.0,0.8,1,32,posthoc_web,y,mspe,3.0984852,n=3200_bz=2_cv1=0.8_p=1_q=32_20260122-034808
3200,2.0,0.8,1,32,posthoc_web,y,bias2,3.0681307,n=3200_bz=2_cv1=0.8_p=1_q=32_20260122-034808
3200,2.0,0.8,1,32,posthoc_web,y,var,0.030354124,n=3200_bz=2_cv1=0.8_p=1_q=32_20260122-034808
3200,2.0,0.8,1,32,posthoc_web,fx,mspe,0.04367142,n=3200_bz=2_cv1=0.8_p=1_q=32_20260122-034808
3200,2.0,0.8,1,32,posthoc_web,fx,bias2,0.03628463,n=3200_bz=2_cv1=0.8_p=1_q=32_20260122-034808
3200,2.0,0.8,1,32,posthoc_web,fx,var,0.0073867906,n=3200_bz=2_cv1=0.8_p=1_q=32_20260122-034808
3200,2.0,0.8,1,32,posthoc_web,fz,mspe,0.31181836,n=3200_bz=2_cv1=0.8_p=1_q=32_20260122-034808
3200,2.0,0.8,1,32,posthoc_web,fz,bias2,0.31181836,n=3200_bz=2_cv1=0.8_p=1_q=32_20260122-034808
3200,2.0,0.8,1,32,posthoc_web,fz,var,0.0,n=3200_bz=2_cv1=0.8_p=1_q=32_20260122-034808
3200,2.0,0.8,1,32,posthoc_web,fr,mspe,0.024039702,n=3200_bz=2_cv1=0.8_p=1_q=32_20260122-034808
3200,2.0,0.8,1,32,posthoc_web,fr,bias2,0.016652914,n=3200_bz=2_cv1=0.8_p=1_q=32_20260122-034808
3200,2.0,0.8,1,32,posthoc_web,fr,var,0.0073867906,n=3200_bz=2_cv1=0.8_p=1_q=32_20260122-034808
3200,3.5,0.8,1,32,base,y,mspe,1.2495961,n=3200_bz=3.5_cv1=0.8_p=1_q=32_20260122-125152
3200,3.5,0.8,1,32,base,y,bias2,1.2316487,n=3200_bz=3.5_cv1=0.8_p=1_q=32_20260122-125152
3200,3.5,0.8,1,32,base,y,var,0.017947303,n=3200_bz=3.5_cv1=0.8_p=1_q=32_20260122-125152
3200,3.5,0.8,1,32,base,fx,mspe,0.8693471,n=3200_bz=3.5_cv1=0.8_p=1_q=32_20260122-125152
3200,3.5,0.8,1,32,base,fx,bias2,0.85529304,n=3200_bz=3.5_cv1=0.8_p=1_q=32_20260122-125152
3200,3.5,0.8,1,32,base,fx,var,0.0140539585,n=3200_bz=3.5_cv1=0.8_p=1_q=32_20260122-125152
3200,3.5,0.8,1,32,base,fz,mspe,0.9549438,n=3200_bz=3.5_cv1=0.8_p=1_q=32_20260122-125152
3200,3.5,0.8,1,32,base,fz,bias2,0.95494384,n=3200_bz=3.5_cv1=0.8_p=1_q=32_20260122-125152
3200,3.5,0.8,1,32,base,fz,var,0.0,n=3200_bz=3.5_cv1=0.8_p=1_q=32_20260122-125152
3200,3.5,0.8,1,32,base,fr,mspe,1.1394738,n=3200_bz=3.5_cv1=0.8_p=1_q=32_20260122-125152
3200,3.5,0.8,1,32,base,fr,bias2,1.1254197,n=3200_bz=3.5_cv1=0.8_p=1_q=32_20260122-125152
3200,3.5,0.8,1,32,base,fr,var,0.0140539585,n=3200_bz=3.5_cv1=0.8_p=1_q=32_20260122-125152
3200,3.5,0.8,1,32,posthoc,y,mspe,1.3448485,n=3200_bz=3.5_cv1=0.8_p=1_q=32_20260122-125152
3200,3.5,0.8,1,32,posthoc,y,bias2,1.3229953,n=3200_bz=3.5_cv1=0.8_p=1_q=32_20260122-125152
3200,3.5,0.8,1,32,posthoc,y,var,0.021853315,n=3200_bz=3.5_cv1=0.8_p=1_q=32_20260122-125152
3200,3.5,0.8,1,32,posthoc,fx,mspe,0.06667285,n=3200_bz=3.5_cv1=0.8_p=1_q=32_20260122-125152
3200,3.5,0.8,1,32,posthoc,fx,bias2,0.005219439,n=3200_bz=3.5_cv1=0.8_p=1_q=32_20260122-125152
3200,3.5,0.8,1,32,posthoc,fx,var,0.0614534,n=3200_bz=3.5_cv1=0.8_p=1_q=32_20260122-125152
3200,3.5,0.8,1,32,posthoc,fz,mspe,0.055216357,n=3200_bz=3.5_cv1=0.8_p=1_q=32_20260122-125152
3200,3.5,0.8,1,32,posthoc,fz,bias2,0.004083623,n=3200_bz=3.5_cv1=0.8_p=1_q=32_20260122-125152
3200,3.5,0.8,1,32,posthoc,fz,var,0.051132735,n=3200_bz=3.5_cv1=0.8_p=1_q=32_20260122-125152
3200,3.5,0.8,1,32,posthoc,fr,mspe,0.1035437,n=3200_bz=3.5_cv1=0.8_p=1_q=32_20260122-125152
3200,3.5,0.8,1,32,posthoc,fr,bias2,0.0420903,n=3200_bz=3.5_cv1=0.8_p=1_q=32_20260122-125152
3200,3.5,0.8,1,32,posthoc,fr,var,0.0614534,n=3200_bz=3.5_cv1=0.8_p=1_q=32_20260122-125152
3200,3.5,0.8,1,32,posthoc_orth,y,mspe,1.3438064,n=3200_bz=3.5_cv1=0.8_p=1_q=32_20260122-125152
3200,3.5,0.8,1,32,posthoc_orth,y,bias2,1.3218164,n=3200_bz=3.5_cv1=0.8_p=1_q=32_20260122-125152
3200,3.5,0.8,1,32,posthoc_orth,y,var,0.021990294,n=3200_bz=3.5_cv1=0.8_p=1_q=32_20260122-125152
3200,3.5,0.8,1,32,posthoc_orth,fx,mspe,0.034208305,n=3200_bz=3.5_cv1=0.8_p=1_q=32_20260122-125152
3200,3.5,0.8,1,32,posthoc_orth,fx,bias2,0.020374551,n=3200_bz=3.5_cv1=0.8_p=1_q=32_20260122-125152
3200,3.5,0.8,1,32,posthoc_orth,fx,var,0.013833753,n=3200_bz=3.5_cv1=0.8_p=1_q=32_20260122-125152
3200,3.5,0.8,1,32,posthoc_orth,fz,mspe,0.02401532,n=3200_bz=3.5_cv1=0.8_p=1_q=32_20260122-125152
3200,3.5,0.8,1,32,posthoc_orth,fz,bias2,0.018352225,n=3200_bz=3.5_cv1=0.8_p=1_q=32_20260122-125152
3200,3.5,0.8,1,32,posthoc_orth,fz,var,0.005663096,n=3200_bz=3.5_cv1=0.8_p=1_q=32_20260122-125152
3200,3.5,0.8,1,32,posthoc_orth,fr,mspe,0.015348111,n=3200_bz=3.5_cv1=0.8_p=1_q=32_20260122-125152
3200,3.5,0.8,1,32,posthoc_orth,fr,bias2,0.0015143593,n=3200_bz=3.5_cv1=0.8_p=1_q=32_20260122-125152
3200,3.5,0.8,1,32,posthoc_orth,fr,var,0.013833753,n=3200_bz=3.5_cv1=0.8_p=1_q=32_20260122-125152
3200,3.5,0.8,1,32,posthoc_web,y,mspe,5.8040123,n=3200_bz=3.5_cv1=0.8_p=1_q=32_20260122-125152
3200,3.5,0.8,1,32,posthoc_web,y,bias2,5.767002,n=3200_bz=3.5_cv1=0.8_p=1_q=32_20260122-125152
3200,3.5,0.8,1,32,posthoc_web,y,var,0.037011083,n=3200_bz=3.5_cv1=0.8_p=1_q=32_20260122-125152
3200,3.5,0.8,1,32,posthoc_web,fx,mspe,0.07908546,n=3200_bz=3.5_cv1=0.8_p=1_q=32_20260122-125152
3200,3.5,0.8,1,32,posthoc_web,fx,bias2,0.0692188,n=3200_bz=3.5_cv1=0.8_p=1_q=32_20260122-125152
3200,3.5,0.8,1,32,posthoc_web,fx,var,0.009866674,n=3200_bz=3.5_cv1=0.8_p=1_q=32_20260122-125152
3200,3.5,0.8,1,32,posthoc_web,fz,mspe,0.9549438,n=3200_bz=3.5_cv1=0.8_p=1_q=32_20260122-125152
3200,3.5,0.8,1,32,posthoc_web,fz,bias2,0.95494384,n=3200_bz=3.5_cv1=0.8_p=1_q=32_20260122-125152
3200,3.5,0.8,1,32,posthoc_web,fz,var,0.0,n=3200_bz=3.5_cv1=0.8_p=1_q=32_20260122-125152
3200,3.5,0.8,1,32,posthoc_web,fr,mspe,0.059281494,n=3200_bz=3.5_cv1=0.8_p=1_q=32_20260122-125152
3200,3.5,0.8,1,32,posthoc_web,fr,bias2,0.049414817,n=3200_bz=3.5_cv1=0.8_p=1_q=32_20260122-125152
3200,3.5,0.8,1,32,posthoc_web,fr,var,0.009866674,n=3200_bz=3.5_cv1=0.8_p=1_q=32_20260122-125152
3200,3.0,0.8,1,32,base,y,mspe,1.1005257,n=3200_bz=3_cv1=0.8_p=1_q=32_20260122-093551
3200,3.0,0.8,1,32,base,y,bias2,1.083533,n=3200_bz=3_cv1=0.8_p=1_q=32_20260122-093551
3200,3.0,0.8,1,32,base,y,var,0.016992653,n=3200_bz=3_cv1=0.8_p=1_q=32_20260122-093551
3200,3.0,0.8,1,32,base,fx,mspe,0.64839506,n=3200_bz=3_cv1=0.8_p=1_q=32_20260122-093551
3200,3.0,0.8,1,32,base,fx,bias2,0.63499445,n=3200_bz=3_cv1=0.8_p=1_q=32_20260122-093551
3200,3.0,0.8,1,32,base,fx,var,0.013400671,n=3200_bz=3_cv1=0.8_p=1_q=32_20260122-093551
3200,3.0,0.8,1,32,base,fz,mspe,0.7015913,n=3200_bz=3_cv1=0.8_p=1_q=32_20260122-093551
3200,3.0,0.8,1,32,base,fz,bias2,0.7015913,n=3200_bz=3_cv1=0.8_p=1_q=32_20260122-093551
3200,3.0,0.8,1,32,base,fz,var,0.0,n=3200_bz=3_cv1=0.8_p=1_q=32_20260122-093551
3200,3.0,0.8,1,32,base,fr,mspe,0.8837794,n=3200_bz=3_cv1=0.8_p=1_q=32_20260122-093551
3200,3.0,0.8,1,32,base,fr,bias2,0.87037873,n=3200_bz=3_cv1=0.8_p=1_q=32_20260122-093551
3200,3.0,0.8,1,32,base,fr,var,0.013400671,n=3200_bz=3_cv1=0.8_p=1_q=32_20260122-093551
3200,3.0,0.8,1,32,posthoc,y,mspe,1.1547818,n=3200_bz=3_cv1=0.8_p=1_q=32_20260122-093551
3200,3.0,0.8,1,32,posthoc,y,bias2,1.1339173,n=3200_bz=3_cv1=0.8_p=1_q=32_20260122-093551
3200,3.0,0.8,1,32,posthoc,y,var,0.020864593,n=3200_bz=3_cv1=0.8_p=1_q=32_20260122-093551
3200,3.0,0.8,1,32,posthoc,fx,mspe,0.06705024,n=3200_bz=3_cv1=0.8_p=1_q=32_20260122-093551
3200,3.0,0.8,1,32,posthoc,fx,bias2,0.00535378,n=3200_bz=3_cv1=0.8_p=1_q=32_20260122-093551
3200,3.0,0.8,1,32,posthoc,fx,var,0.06169646,n=3200_bz=3_cv1=0.8_p=1_q=32_20260122-093551
3200,3.0,0.8,1,32,posthoc,fz,mspe,0.05627039,n=3200_bz=3_cv1=0.8_p=1_q=32_20260122-093551
3200,3.0,0.8,1,32,posthoc,fz,bias2,0.0040849512,n=3200_bz=3_cv1=0.8_p=1_q=32_20260122-093551
3200,3.0,0.8,1,32,posthoc,fz,var,0.05218544,n=3200_bz=3_cv1=0.8_p=1_q=32_20260122-093551
3200,3.0,0.8,1,32,posthoc,fr,mspe,0.103886865,n=3200_bz=3_cv1=0.8_p=1_q=32_20260122-093551
3200,3.0,0.8,1,32,posthoc,fr,bias2,0.042190388,n=3200_bz=3_cv1=0.8_p=1_q=32_20260122-093551
3200,3.0,0.8,1,32,posthoc,fr,var,0.06169646,n=3200_bz=3_cv1=0.8_p=1_q=32_20260122-093551
3200,3.0,0.8,1,32,posthoc_orth,y,mspe,1.1539077,n=3200_bz=3_cv1=0.8_p=1_q=32_20260122-093551
3200,3.0,0.8,1,32,posthoc_orth,y,bias2,1.1328437,n=3200_bz=3_cv1=0.8_p=1_q=32_20260122-093551
3200,3.0,0.8,1,32,posthoc_orth,y,var,0.021063855,n=3200_bz=3_cv1=0.8_p=1_q=32_20260122-093551
3200,3.0,0.8,1,32,posthoc_orth,fx,mspe,0.034080625,n=3200_bz=3_cv1=0.8_p=1_q=32_20260122-093551
3200,3.0,0.8,1,32,posthoc_orth,fx,bias2,0.020485656,n=3200_bz=3_cv1=0.8_p=1_q=32_20260122-093551
3200,3.0,0.8,1,32,posthoc_orth,fx,var,0.013594967,n=3200_bz=3_cv1=0.8_p=1_q=32_20260122-093551
3200,3.0,0.8,1,32,posthoc_orth,fz,mspe,0.023412406,n=3200_bz=3_cv1=0.8_p=1_q=32_20260122-093551
3200,3.0,0.8,1,32,posthoc_orth,fz,bias2,0.018296009,n=3200_bz=3_cv1=0.8_p=1_q=32_20260122-093551
3200,3.0,0.8,1,32,posthoc_orth,fz,var,0.0051164003,n=3200_bz=3_cv1=0.8_p=1_q=32_20260122-093551
3200,3.0,0.8,1,32,posthoc_orth,fr,mspe,0.015244757,n=3200_bz=3_cv1=0.8_p=1_q=32_20260122-093551
3200,3.0,0.8,1,32,posthoc_orth,fr,bias2,0.0016497878,n=3200_bz=3_cv1=0.8_p=1_q=32_20260122-093551
3200,3.0,0.8,1,32,posthoc_orth,fr,var,0.013594967,n=3200_bz=3_cv1=0.8_p=1_q=32_20260122-093551
3200,3.0,0.8,1,32,posthoc_web,y,mspe,4.8735857,n=3200_bz=3_cv1=0.8_p=1_q=32_20260122-093551
3200,3.0,0.8,1,32,posthoc_web,y,bias2,4.836459,n=3200_bz=3_cv1=0.8_p=1_q=32_20260122-093551
3200,3.0,0.8,1,32,posthoc_web,y,var,0.037126385,n=3200_bz=3_cv1=0.8_p=1_q=32_20260122-093551
3200,3.0,0.8,1,32,posthoc_web,fx,mspe,0.066630065,n=3200_bz=3_cv1=0.8_p=1_q=32_20260122-093551
3200,3.0,0.8,1,32,posthoc_web,fx,bias2,0.056894433,n=3200_bz=3_cv1=0.8_p=1_q=32_20260122-093551
3200,3.0,0.8,1,32,posthoc_web,fx,var,0.009735637,n=3200_bz=3_cv1=0.8_p=1_q=32_20260122-093551
3200,3.0,0.8,1,32,posthoc_web,fz,mspe,0.7015913,n=3200_bz=3_cv1=0.8_p=1_q=32_20260122-093551
3200,3.0,0.8,1,32,posthoc_web,fz,bias2,0.7015913,n=3200_bz=3_cv1=0.8_p=1_q=32_20260122-093551
3200,3.0,0.8,1,32,posthoc_web,fz,var,0.0,n=3200_bz=3_cv1=0.8_p=1_q=32_20260122-093551
3200,3.0,0.8,1,32,posthoc_web,fr,mspe,0.04678608,n=3200_bz=3_cv1=0.8_p=1_q=32_20260122-093551
3200,3.0,0.8,1,32,posthoc_web,fr,bias2,0.037050445,n=3200_bz=3_cv1=0.8_p=1_q=32_20260122-093551
3200,3.0,0.8,1,32,posthoc_web,fr,var,0.009735637,n=3200_bz=3_cv1=0.8_p=1_q=32_20260122-093551
3200,4.0,0.8,1,32,base,y,mspe,1.475978,n=3200_bz=4_cv1=0.8_p=1_q=32_20260122-161548
3200,4.0,0.8,1,32,base,y,bias2,1.4557207,n=3200_bz=4_cv1=0.8_p=1_q=32_20260122-161548
3200,4.0,0.8,1,32,base,y,var,0.020257447,n=3200_bz=4_cv1=0.8_p=1_q=32_20260122-161548
3200,4.0,0.8,1,32,base,fx,mspe,1.1382823,n=3200_bz=4_cv1=0.8_p=1_q=32_20260122-161548
3200,4.0,0.8,1,32,base,fx,bias2,1.1223745,n=3200_bz=4_cv1=0.8_p=1_q=32_20260122-161548
3200,4.0,0.8,1,32,base,fx,var,0.015907759,n=3200_bz=4_cv1=0.8_p=1_q=32_20260122-161548
3200,4.0,0.8,1,32,base,fz,mspe,1.2472734,n=3200_bz=4_cv1=0.8_p=1_q=32_20260122-161548
3200,4.0,0.8,1,32,base,fz,bias2,1.2472734,n=3200_bz=4_cv1=0.8_p=1_q=32_20260122-161548
3200,4.0,0.8,1,32,base,fz,var,0.0,n=3200_bz=4_cv1=0.8_p=1_q=32_20260122-161548
3200,4.0,0.8,1,32,base,fr,mspe,1.4449282,n=3200_bz=4_cv1=0.8_p=1_q=32_20260122-161548
3200,4.0,0.8,1,32,base,fr,bias2,1.4290205,n=3200_bz=4_cv1=0.8_p=1_q=32_20260122-161548
3200,4.0,0.8,1,32,base,fr,var,0.015907759,n=3200_bz=4_cv1=0.8_p=1_q=32_20260122-161548
3200,4.0,0.8,1,32,posthoc,y,mspe,1.5989126,n=3200_bz=4_cv1=0.8_p=1_q=32_20260122-161548
3200,4.0,0.8,1,32,posthoc,y,bias2,1.5744815,n=3200_bz=4_cv1=0.8_p=1_q=32_20260122-161548
3200,4.0,0.8,1,32,posthoc,y,var,0.024431134,n=3200_bz=4_cv1=0.8_p=1_q=32_20260122-161548
3200,4.0,0.8,1,32,posthoc,fx,mspe,0.07335271,n=3200_bz=4_cv1=0.8_p=1_q=32_20260122-161548
3200,4.0,0.8,1,32,posthoc,fx,bias2,0.0052509294,n=3200_bz=4_cv1=0.8_p=1_q=32_20260122-161548
3200,4.0,0.8,1,32,posthoc,fx,var,0.06810178,n=3200_bz=4_cv1=0.8_p=1_q=32_20260122-161548
3200,4.0,0.8,1,32,posthoc,fz,mspe,0.06300874,n=3200_bz=4_cv1=0.8_p=1_q=32_20260122-161548
3200,4.0,0.8,1,32,posthoc,fz,bias2,0.0033677968,n=3200_bz=4_cv1=0.8_p=1_q=32_20260122-161548
3200,4.0,0.8,1,32,posthoc,fz,var,0.059640948,n=3200_bz=4_cv1=0.8_p=1_q=32_20260122-161548
3200,4.0,0.8,1,32,posthoc,fr,mspe,0.11002153,n=3200_bz=4_cv1=0.8_p=1_q=32_20260122-161548
3200,4.0,0.8,1,32,posthoc,fr,bias2,0.041919746,n=3200_bz=4_cv1=0.8_p=1_q=32_20260122-161548
3200,4.0,0.8,1,32,posthoc,fr,var,0.06810178,n=3200_bz=4_cv1=0.8_p=1_q=32_20260122-161548
3200,4.0,0.8,1,32,posthoc_orth,y,mspe,1.5998696,n=3200_bz=4_cv1=0.8_p=1_q=32_20260122-161548
3200,4.0,0.8,1,32,posthoc_orth,y,bias2,1.5750133,n=3200_bz=4_cv1=0.8_p=1_q=32_20260122-161548
3200,4.0,0.8,1,32,posthoc_orth,y,var,0.024856385,n=3200_bz=4_cv1=0.8_p=1_q=32_20260122-161548
3200,4.0,0.8,1,32,posthoc_orth,fx,mspe,0.035870552,n=3200_bz=4_cv1=0.8_p=1_q=32_20260122-161548
3200,4.0,0.8,1,32,posthoc_orth,fx,bias2,0.020185366,n=3200_bz=4_cv1=0.8_p=1_q=32_20260122-161548
3200,4.0,0.8,1,32,posthoc_orth,fx,var,0.015685184,n=3200_bz=4_cv1=0.8_p=1_q=32_20260122-161548
3200,4.0,0.8,1,32,posthoc_orth,fz,mspe,0.02606589,n=3200_bz=4_cv1=0.8_p=1_q=32_20260122-161548
3200,4.0,0.8,1,32,posthoc_orth,fz,bias2,0.01982263,n=3200_bz=4_cv1=0.8_p=1_q=32_20260122-161548
3200,4.0,0.8,1,32,posthoc_orth,fz,var,0.0062432615,n=3200_bz=4_cv1=0.8_p=1_q=32_20260122-161548
3200,4.0,0.8,1,32,posthoc_orth,fr,mspe,0.017142694,n=3200_bz=4_cv1=0.8_p=1_q=32_20260122-161548
3200,4.0,0.8,1,32,posthoc_orth,fr,bias2,0.0014575088,n=3200_bz=4_cv1=0.8_p=1_q=32_20260122-161548
3200,4.0,0.8,1,32,posthoc_orth,fr,var,0.015685184,n=3200_bz=4_cv1=0.8_p=1_q=32_20260122-161548
3200,4.0,0.8,1,32,posthoc_web,y,mspe,7.0130897,n=3200_bz=4_cv1=0.8_p=1_q=32_20260122-161548
3200,4.0,0.8,1,32,posthoc_web,y,bias2,6.9697814,n=3200_bz=4_cv1=0.8_p=1_q=32_20260122-161548
3200,4.0,0.8,1,32,posthoc_web,y,var,0.043308266,n=3200_bz=4_cv1=0.8_p=1_q=32_20260122-161548
3200,4.0,0.8,1,32,posthoc_web,fx,mspe,0.09592637,n=3200_bz=4_cv1=0.8_p=1_q=32_20260122-161548
3200,4.0,0.8,1,32,posthoc_web,fx,bias2,0.08439951,n=3200_bz=4_cv1=0.8_p=1_q=32_20260122-161548
3200,4.0,0.8,1,32,posthoc_web,fx,var,0.011526848,n=3200_bz=4_cv1=0.8_p=1_q=32_20260122-161548
3200,4.0,0.8,1,32,posthoc_web,fz,mspe,1.2472734,n=3200_bz=4_cv1=0.8_p=1_q=32_20260122-161548
3200,4.0,0.8,1,32,posthoc_web,fz,bias2,1.2472734,n=3200_bz=4_cv1=0.8_p=1_q=32_20260122-161548
3200,4.0,0.8,1,32,posthoc_web,fz,var,0.0,n=3200_bz=4_cv1=0.8_p=1_q=32_20260122-161548
3200,4.0,0.8,1,32,posthoc_web,fr,mspe,0.07607801,n=3200_bz=4_cv1=0.8_p=1_q=32_20260122-161548
3200,4.0,0.8,1,32,posthoc_web,fr,bias2,0.06455116,n=3200_bz=4_cv1=0.8_p=1_q=32_20260122-161548
3200,4.0,0.8,1,32,posthoc_web,fr,var,0.011526848,n=3200_bz=4_cv1=0.8_p=1_q=32_20260122-161548
400,0.5,0.8,1,32,base,y,mspe,0.6227478,n=400_bz=0.5_cv1=0.8_p=1_q=32_20260121-185415
400,0.5,0.8,1,32,base,y,bias2,0.5545397,n=400_bz=0.5_cv1=0.8_p=1_q=32_20260121-185415
400,0.5,0.8,1,32,base,y,var,0.06820808,n=400_bz=0.5_cv1=0.8_p=1_q=32_20260121-185415
400,0.5,0.8,1,32,base,fx,mspe,0.068457425,n=400_bz=0.5_cv1=0.8_p=1_q=32_20260121-185415
400,0.5,0.8,1,32,base,fx,bias2,0.015828608,n=400_bz=0.5_cv1=0.8_p=1_q=32_20260121-185415
400,0.5,0.8,1,32,base,fx,var,0.052628808,n=400_bz=0.5_cv1=0.8_p=1_q=32_20260121-185415
400,0.5,0.8,1,32,base,fz,mspe,0.019488648,n=400_bz=0.5_cv1=0.8_p=1_q=32_20260121-185415
400,0.5,0.8,1,32,base,fz,bias2,0.019488648,n=400_bz=0.5_cv1=0.8_p=1_q=32_20260121-185415
400,0.5,0.8,1,32,base,fz,var,0.0,n=400_bz=0.5_cv1=0.8_p=1_q=32_20260121-185415
400,0.5,0.8,1,32,base,fr,mspe,0.105517454,n=400_bz=0.5_cv1=0.8_p=1_q=32_20260121-185415
400,0.5,0.8,1,32,base,fr,bias2,0.052888643,n=400_bz=0.5_cv1=0.8_p=1_q=32_20260121-185415
400,0.5,0.8,1,32,base,fr,var,0.052628808,n=400_bz=0.5_cv1=0.8_p=1_q=32_20260121-185415
400,0.5,0.8,1,32,posthoc,y,mspe,0.66757363,n=400_bz=0.5_cv1=0.8_p=1_q=32_20260121-185415
400,0.5,0.8,1,32,posthoc,y,bias2,0.583824,n=400_bz=0.5_cv1=0.8_p=1_q=32_20260121-185415
400,0.5,0.8,1,32,posthoc,y,var,0.08374966,n=400_bz=0.5_cv1=0.8_p=1_q=32_20260121-185415
400,0.5,0.8,1,32,posthoc,fx,mspe,0.09231923,n=400_bz=0.5_cv1=0.8_p=1_q=32_20260121-185415
400,0.5,0.8,1,32,posthoc,fx,bias2,0.017764295,n=400_bz=0.5_cv1=0.8_p=1_q=32_20260121-185415
400,0.5,0.8,1,32,posthoc,fx,var,0.074554935,n=400_bz=0.5_cv1=0.8_p=1_q=32_20260121-185415
400,0.5,0.8,1,32,posthoc,fz,mspe,0.049335573,n=400_bz=0.5_cv1=0.8_p=1_q=32_20260121-185415
400,0.5,0.8,1,32,posthoc,fz,bias2,0.00011959011,n=400_bz=0.5_cv1=0.8_p=1_q=32_20260121-185415
400,0.5,0.8,1,32,posthoc,fz,var,0.049215984,n=400_bz=0.5_cv1=0.8_p=1_q=32_20260121-185415
400,0.5,0.8,1,32,posthoc,fr,mspe,0.116830446,n=400_bz=0.5_cv1=0.8_p=1_q=32_20260121-185415
400,0.5,0.8,1,32,posthoc,fr,bias2,0.042275503,n=400_bz=0.5_cv1=0.8_p=1_q=32_20260121-185415
400,0.5,0.8,1,32,posthoc,fr,var,0.074554935,n=400_bz=0.5_cv1=0.8_p=1_q=32_20260121-185415
400,0.5,0.8,1,32,posthoc_orth,y,mspe,0.6685709,n=400_bz=0.5_cv1=0.8_p=1_q=32_20260121-185415
400,0.5,0.8,1,32,posthoc_orth,y,bias2,0.58350027,n=400_bz=0.5_cv1=0.8_p=1_q=32_20260121-185415
400,0.5,0.8,1,32,posthoc_orth,y,var,0.08507057,n=400_bz=0.5_cv1=0.8_p=1_q=32_20260121-185415
400,0.5,0.8,1,32,posthoc_orth,fx,mspe,0.075043045,n=400_bz=0.5_cv1=0.8_p=1_q=32_20260121-185415
400,0.5,0.8,1,32,posthoc_orth,fx,bias2,0.03806096,n=400_bz=0.5_cv1=0.8_p=1_q=32_20260121-185415
400,0.5,0.8,1,32,posthoc_orth,fx,var,0.036982078,n=400_bz=0.5_cv1=0.8_p=1_q=32_20260121-185415
400,0.5,0.8,1,32,posthoc_orth,fz,mspe,0.04592887,n=400_bz=0.5_cv1=0.8_p=1_q=32_20260121-185415
400,0.5,0.8,1,32,posthoc_orth,fz,bias2,0.02185174,n=400_bz=0.5_cv1=0.8_p=1_q=32_20260121-185415
400,0.5,0.8,1,32,posthoc_orth,fz,var,0.024077127,n=400_bz=0.5_cv1=0.8_p=1_q=32_20260121-185415
400,0.5,0.8,1,32,posthoc_orth,fr,mspe,0.05545973,n=400_bz=0.5_cv1=0.8_p=1_q=32_20260121-185415
400,0.5,0.8,1,32,posthoc_orth,fr,bias2,0.018477656,n=400_bz=0.5_cv1=0.8_p=1_q=32_20260121-185415
400,0.5,0.8,1,32,posthoc_orth,fr,var,0.036982078,n=400_bz=0.5_cv1=0.8_p=1_q=32_20260121-185415
400,0.5,0.8,1,32,posthoc_web,y,mspe,1.1819139,n=400_bz=0.5_cv1=0.8_p=1_q=32_20260121-185415
400,0.5,0.8,1,32,posthoc_web,y,bias2,1.0092123,n=400_bz=0.5_cv1=0.8_p=1_q=32_20260121-185415
400,0.5,0.8,1,32,posthoc_web,y,var,0.17270154,n=400_bz=0.5_cv1=0.8_p=1_q=32_20260121-185415
400,0.5,0.8,1,32,posthoc_web,fx,mspe,0.062812515,n=400_bz=0.5_cv1=0.8_p=1_q=32_20260121-185415
400,0.5,0.8,1,32,posthoc_web,fx,bias2,0.03192183,n=400_bz=0.5_cv1=0.8_p=1_q=32_20260121-185415
400,0.5,0.8,1,32,posthoc_web,fx,var,0.03089068,n=400_bz=0.5_cv1=0.8_p=1_q=32_20260121-185415
400,0.5,0.8,1,32,posthoc_web,fz,mspe,0.019488648,n=400_bz=0.5_cv1=0.8_p=1_q=32_20260121-185415
400,0.5,0.8,1,32,posthoc_web,fz,bias2,0.019488648,n=400_bz=0.5_cv1=0.8_p=1_q=32_20260121-185415
400,0.5,0.8,1,32,posthoc_web,fz,var,0.0,n=400_bz=0.5_cv1=0.8_p=1_q=32_20260121-185415
400,0.5,0.8,1,32,posthoc_web,fr,mspe,0.04275247,n=400_bz=0.5_cv1=0.8_p=1_q=32_20260121-185415
400,0.5,0.8,1,32,posthoc_web,fr,bias2,0.011861792,n=400_bz=0.5_cv1=0.8_p=1_q=32_20260121-185415
400,0.5,0.8,1,32,posthoc_web,fr,var,0.03089068,n=400_bz=0.5_cv1=0.8_p=1_q=32_20260121-185415
400,0.0,0.8,1,32,base,y,mspe,0.5843921,n=400_bz=0_cv1=0.8_p=1_q=32_20260121-155904
400,0.0,0.8,1,32,base,y,bias2,0.5320014,n=400_bz=0_cv1=0.8_p=1_q=32_20260121-155904
400,0.0,0.8,1,32,base,y,var,0.05239073,n=400_bz=0_cv1=0.8_p=1_q=32_20260121-155904
400,0.0,0.8,1,32,base,fx,mspe,0.06184395,n=400_bz=0_cv1=0.8_p=1_q=32_20260121-155904
400,0.0,0.8,1,32,base,fx,bias2,0.021164697,n=400_bz=0_cv1=0.8_p=1_q=32_20260121-155904
400,0.0,0.8,1,32,base,fx,var,0.040679254,n=400_bz=0_cv1=0.8_p=1_q=32_20260121-155904
400,0.0,0.8,1,32,base,fz,mspe,0.0,n=400_bz=0_cv1=0.8_p=1_q=32_20260121-155904
400,0.0,0.8,1,32,base,fz,bias2,0.0,n=400_bz=0_cv1=0.8_p=1_q=32_20260121-155904
400,0.0,0.8,1,32,base,fz,var,0.0,n=400_bz=0_cv1=0.8_p=1_q=32_20260121-155904
400,0.0,0.8,1,32,base,fr,mspe,0.06999478,n=400_bz=0_cv1=0.8_p=1_q=32_20260121-155904
400,0.0,0.8,1,32,base,fr,bias2,0.029315513,n=400_bz=0_cv1=0.8_p=1_q=32_20260121-155904
400,0.0,0.8,1,32,base,fr,var,0.040679254,n=400_bz=0_cv1=0.8_p=1_q=32_20260121-155904
400,0.0,0.8,1,32,posthoc,y,mspe,0.6272138,n=400_bz=0_cv1=0.8_p=1_q=32_20260121-155904
400,0.0,0.8,1,32,posthoc,y,bias2,0.54499096,n=400_bz=0_cv1=0.8_p=1_q=32_20260121-155904
400,0.0,0.8,1,32,posthoc,y,var,0.08222284,n=400_bz=0_cv1=0.8_p=1_q=32_20260121-155904
400,0.0,0.8,1,32,posthoc,fx,mspe,0.07711416,n=400_bz=0_cv1=0.8_p=1_q=32_20260121-155904
400,0.0,0.8,1,32,posthoc,fx,bias2,0.024041854,n=400_bz=0_cv1=0.8_p=1_q=32_20260121-155904
400,0.0,0.8,1,32,posthoc,fx,var,0.053072315,n=400_bz=0_cv1=0.8_p=1_q=32_20260121-155904
400,0.0,0.8,1,32,posthoc,fz,mspe,0.024883324,n=400_bz=0_cv1=0.8_p=1_q=32_20260121-155904
400,0.0,0.8,1,32,posthoc,fz,bias2,0.0016577748,n=400_bz=0_cv1=0.8_p=1_q=32_20260121-155904
400,0.0,0.8,1,32,posthoc,fz,var,0.02322555,n=400_bz=0_cv1=0.8_p=1_q=32_20260121-155904
400,0.0,0.8,1,32,posthoc,fr,mspe,0.08423247,n=400_bz=0_cv1=0.8_p=1_q=32_20260121-155904
400,0.0,0.8,1,32,posthoc,fr,bias2,0.031160165,n=400_bz=0_cv1=0.8_p=1_q=32_20260121-155904
400,0.0,0.8,1,32,posthoc,fr,var,0.053072315,n=400_bz=0_cv1=0.8_p=1_q=32_20260121-155904
400,0.0,0.8,1,32,posthoc_orth,y,mspe,0.6277456,n=400_bz=0_cv1=0.8_p=1_q=32_20260121-155904
400,0.0,0.8,1,32,posthoc_orth,y,bias2,0.5451143,n=400_bz=0_cv1=0.8_p=1_q=32_20260121-155904
400,0.0,0.8,1,32,posthoc_orth,y,var,0.08263139,n=400_bz=0_cv1=0.8_p=1_q=32_20260121-155904
400,0.0,0.8,1,32,posthoc_orth,fx,mspe,0.07727846,n=400_bz=0_cv1=0.8_p=1_q=32_20260121-155904
400,0.0,0.8,1,32,posthoc_orth,fx,bias2,0.040982142,n=400_bz=0_cv1=0.8_p=1_q=32_20260121-155904
400,0.0,0.8,1,32,posthoc_orth,fx,var,0.03629631,n=400_bz=0_cv1=0.8_p=1_q=32_20260121-155904
400,0.0,0.8,1,32,posthoc_orth,fz,mspe,0.03989668,n=400_bz=0_cv1=0.8_p=1_q=32_20260121-155904
400,0.0,0.8,1,32,posthoc_orth,fz,bias2,0.018443195,n=400_bz=0_cv1=0.8_p=1_q=32_20260121-155904
400,0.0,0.8,1,32,posthoc_orth,fz,var,0.021453483,n=400_bz=0_cv1=0.8_p=1_q=32_20260121-155904
400,0.0,0.8,1,32,posthoc_orth,fr,mspe,0.05762871,n=400_bz=0_cv1=0.8_p=1_q=32_20260121-155904
400,0.0,0.8,1,32,posthoc_orth,fr,bias2,0.021332398,n=400_bz=0_cv1=0.8_p=1_q=32_20260121-155904
400,0.0,0.8,1,32,posthoc_orth,fr,var,0.03629631,n=400_bz=0_cv1=0.8_p=1_q=32_20260121-155904
400,0.0,0.8,1,32,posthoc_web,y,mspe,0.8282451,n=400_bz=0_cv1=0.8_p=1_q=32_20260121-155904
400,0.0,0.8,1,32,posthoc_web,y,bias2,0.7191419,n=400_bz=0_cv1=0.8_p=1_q=32_20260121-155904
400,0.0,0.8,1,32,posthoc_web,y,var,0.10910327,n=400_bz=0_cv1=0.8_p=1_q=32_20260121-155904
400,0.0,0.8,1,32,posthoc_web,fx,mspe,0.067163855,n=400_bz=0_cv1=0.8_p=1_q=32_20260121-155904
400,0.0,0.8,1,32,posthoc_web,fx,bias2,0.039164506,n=400_bz=0_cv1=0.8_p=1_q=32_20260121-155904
400,0.0,0.8,1,32,posthoc_web,fx,var,0.02799935,n=400_bz=0_cv1=0.8_p=1_q=32_20260121-155904
400,0.0,0.8,1,32,posthoc_web,fz,mspe,0.0,n=400_bz=0_cv1=0.8_p=1_q=32_20260121-155904
400,0.0,0.8,1,32,posthoc_web,fz,bias2,0.0,n=400_bz=0_cv1=0.8_p=1_q=32_20260121-155904
400,0.0,0.8,1,32,posthoc_web,fz,var,0.0,n=400_bz=0_cv1=0.8_p=1_q=32_20260121-155904
400,0.0,0.8,1,32,posthoc_web,fr,mspe,0.047510095,n=400_bz=0_cv1=0.8_p=1_q=32_20260121-155904
400,0.0,0.8,1,32,posthoc_web,fr,bias2,0.019510748,n=400_bz=0_cv1=0.8_p=1_q=32_20260121-155904
400,0.0,0.8,1,32,posthoc_web,fr,var,0.02799935,n=400_bz=0_cv1=0.8_p=1_q=32_20260121-155904
400,1.5,0.8,1,32,base,y,mspe,0.7148756,n=400_bz=1.5_cv1=0.8_p=1_q=32_20260122-003339
400,1.5,0.8,1,32,base,y,bias2,0.6233758,n=400_bz=1.5_cv1=0.8_p=1_q=32_20260122-003339
400,1.5,0.8,1,32,base,y,var,0.091499805,n=400_bz=1.5_cv1=0.8_p=1_q=32_20260122-003339
400,1.5,0.8,1,32,base,fx,mspe,0.16567874,n=400_bz=1.5_cv1=0.8_p=1_q=32_20260122-003339
400,1.5,0.8,1,32,base,fx,bias2,0.092746064,n=400_bz=1.5_cv1=0.8_p=1_q=32_20260122-003339
400,1.5,0.8,1,32,base,fx,var,0.072932675,n=400_bz=1.5_cv1=0.8_p=1_q=32_20260122-003339
400,1.5,0.8,1,32,base,fz,mspe,0.17539783,n=400_bz=1.5_cv1=0.8_p=1_q=32_20260122-003339
400,1.5,0.8,1,32,base,fz,bias2,0.17539783,n=400_bz=1.5_cv1=0.8_p=1_q=32_20260122-003339
400,1.5,0.8,1,32,base,fz,var,0.0,n=400_bz=1.5_cv1=0.8_p=1_q=32_20260122-003339
400,1.5,0.8,1,32,base,fr,mspe,0.2657521,n=400_bz=1.5_cv1=0.8_p=1_q=32_20260122-003339
400,1.5,0.8,1,32,base,fr,bias2,0.1928194,n=400_bz=1.5_cv1=0.8_p=1_q=32_20260122-003339
400,1.5,0.8,1,32,base,fr,var,0.072932675,n=400_bz=1.5_cv1=0.8_p=1_q=32_20260122-003339
400,1.5,0.8,1,32,posthoc,y,mspe,0.8073562,n=400_bz=1.5_cv1=0.8_p=1_q=32_20260122-003339
400,1.5,0.8,1,32,posthoc,y,bias2,0.71773505,n=400_bz=1.5_cv1=0.8_p=1_q=32_20260122-003339
400,1.5,0.8,1,32,posthoc,y,var,0.08962112,n=400_bz=1.5_cv1=0.8_p=1_q=32_20260122-003339
400,1.5,0.8,1,32,posthoc,fx,mspe,0.13059455,n=400_bz=1.5_cv1=0.8_p=1_q=32_20260122-003339
400,1.5,0.8,1,32,posthoc,fx,bias2,0.031807087,n=400_bz=1.5_cv1=0.8_p=1_q=32_20260122-003339
400,1.5,0.8,1,32,posthoc,fx,var,0.09878747,n=400_bz=1.5_cv1=0.8_p=1_q=32_20260122-003339
400,1.5,0.8,1,32,posthoc,fz,mspe,0.09451588,n=400_bz=1.5_cv1=0.8_p=1_q=32_20260122-003339
400,1.5,0.8,1,32,posthoc,fz,bias2,0.013436227,n=400_bz=1.5_cv1=0.8_p=1_q=32_20260122-003339
400,1.5,0.8,1,32,posthoc,fz,var,0.081079654,n=400_bz=1.5_cv1=0.8_p=1_q=32_20260122-003339
400,1.5,0.8,1,32,posthoc,fr,mspe,0.18744339,n=400_bz=1.5_cv1=0.8_p=1_q=32_20260122-003339
400,1.5,0.8,1,32,posthoc,fr,bias2,0.08865591,n=400_bz=1.5_cv1=0.8_p=1_q=32_20260122-003339
400,1.5,0.8,1,32,posthoc,fr,var,0.09878747,n=400_bz=1.5_cv1=0.8_p=1_q=32_20260122-003339
400,1.5,0.8,1,32,posthoc_orth,y,mspe,0.8081452,n=400_bz=1.5_cv1=0.8_p=1_q=32_20260122-003339
400,1.5,0.8,1,32,posthoc_orth,y,bias2,0.7187577,n=400_bz=1.5_cv1=0.8_p=1_q=32_20260122-003339
400,1.5,0.8,1,32,posthoc_orth,y,var,0.08938752,n=400_bz=1.5_cv1=0.8_p=1_q=32_20260122-003339
400,1.5,0.8,1,32,posthoc_orth,fx,mspe,0.07144997,n=400_bz=1.5_cv1=0.8_p=1_q=32_20260122-003339
400,1.5,0.8,1,32,posthoc_orth,fx,bias2,0.03432126,n=400_bz=1.5_cv1=0.8_p=1_q=32_20260122-003339
400,1.5,0.8,1,32,posthoc_orth,fx,var,0.03712871,n=400_bz=1.5_cv1=0.8_p=1_q=32_20260122-003339
400,1.5,0.8,1,32,posthoc_orth,fz,mspe,0.050725415,n=400_bz=1.5_cv1=0.8_p=1_q=32_20260122-003339
400,1.5,0.8,1,32,posthoc_orth,fz,bias2,0.02533394,n=400_bz=1.5_cv1=0.8_p=1_q=32_20260122-003339
400,1.5,0.8,1,32,posthoc_orth,fz,var,0.025391476,n=400_bz=1.5_cv1=0.8_p=1_q=32_20260122-003339
400,1.5,0.8,1,32,posthoc_orth,fr,mspe,0.05135571,n=400_bz=1.5_cv1=0.8_p=1_q=32_20260122-003339
400,1.5,0.8,1,32,posthoc_orth,fr,bias2,0.014226991,n=400_bz=1.5_cv1=0.8_p=1_q=32_20260122-003339
400,1.5,0.8,1,32,posthoc_orth,fr,var,0.03712871,n=400_bz=1.5_cv1=0.8_p=1_q=32_20260122-003339
400,1.5,0.8,1,32,posthoc_web,y,mspe,2.0906816,n=400_bz=1.5_cv1=0.8_p=1_q=32_20260122-003339
400,1.5,0.8,1,32,posthoc_web,y,bias2,1.8487424,n=400_bz=1.5_cv1=0.8_p=1_q=32_20260122-003339
400,1.5,0.8,1,32,posthoc_web,y,var,0.2419392,n=400_bz=1.5_cv1=0.8_p=1_q=32_20260122-003339
400,1.5,0.8,1,32,posthoc_web,fx,mspe,0.063919134,n=400_bz=1.5_cv1=0.8_p=1_q=32_20260122-003339
400,1.5,0.8,1,32,posthoc_web,fx,bias2,0.03063324,n=400_bz=1.5_cv1=0.8_p=1_q=32_20260122-003339
400,1.5,0.8,1,32,posthoc_web,fx,var,0.033285893,n=400_bz=1.5_cv1=0.8_p=1_q=32_20260122-003339
400,1.5,0.8,1,32,posthoc_web,fz,mspe,0.17539783,n=400_bz=1.5_cv1=0.8_p=1_q=32_20260122-003339
400,1.5,0.8,1,32,posthoc_web,fz,bias2,0.17539783,n=400_bz=1.5_cv1=0.8_p=1_q=32_20260122-003339
400,1.5,0.8,1,32,posthoc_web,fz,var,0.0,n=400_bz=1.5_cv1=0.8_p=1_q=32_20260122-003339
400,1.5,0.8,1,32,posthoc_web,fr,mspe,0.042768728,n=400_bz=1.5_cv1=0.8_p=1_q=32_20260122-003339
400,1.5,0.8,1,32,posthoc_web,fr,bias2,0.009482837,n=400_bz=1.5_cv1=0.8_p=1_q=32_20260122-003339
400,1.5,0.8,1,32,posthoc_web,fr,var,0.033285893,n=400_bz=1.5_cv1=0.8_p=1_q=32_20260122-003339
400,1.0,0.8,1,32,base,y,mspe,0.6545511,n=400_bz=1_cv1=0.8_p=1_q=32_20260121-214254
400,1.0,0.8,1,32,base,y,bias2,0.5762478,n=400_bz=1_cv1=0.8_p=1_q=32_20260121-214254
400,1.0,0.8,1,32,base,y,var,0.078303285,n=400_bz=1_cv1=0.8_p=1_q=32_20260121-214254
400,1.0,0.8,1,32,base,fx,mspe,0.10046915,n=400_bz=1_cv1=0.8_p=1_q=32_20260121-214254
400,1.0,0.8,1,32,base,fx,bias2,0.040113844,n=400_bz=1_cv1=0.8_p=1_q=32_20260121-214254
400,1.0,0.8,1,32,base,fx,var,0.0603553,n=400_bz=1_cv1=0.8_p=1_q=32_20260121-214254
400,1.0,0.8,1,32,base,fz,mspe,0.07795459,n=400_bz=1_cv1=0.8_p=1_q=32_20260121-214254
400,1.0,0.8,1,32,base,fz,bias2,0.07795459,n=400_bz=1_cv1=0.8_p=1_q=32_20260121-214254
400,1.0,0.8,1,32,base,fz,var,0.0,n=400_bz=1_cv1=0.8_p=1_q=32_20260121-214254
400,1.0,0.8,1,32,base,fr,mspe,0.16903946,n=400_bz=1_cv1=0.8_p=1_q=32_20260121-214254
400,1.0,0.8,1,32,base,fr,bias2,0.10868416,n=400_bz=1_cv1=0.8_p=1_q=32_20260121-214254
400,1.0,0.8,1,32,base,fr,var,0.0603553,n=400_bz=1_cv1=0.8_p=1_q=32_20260121-214254
400,1.0,0.8,1,32,posthoc,y,mspe,0.72654104,n=400_bz=1_cv1=0.8_p=1_q=32_20260121-214254
400,1.0,0.8,1,32,posthoc,y,bias2,0.6396185,n=400_bz=1_cv1=0.8_p=1_q=32_20260121-214254
400,1.0,0.8,1,32,posthoc,y,var,0.08692255,n=400_bz=1_cv1=0.8_p=1_q=32_20260121-214254
400,1.0,0.8,1,32,posthoc,fx,mspe,0.10783577,n=400_bz=1_cv1=0.8_p=1_q=32_20260121-214254
400,1.0,0.8,1,32,posthoc,fx,bias2,0.021230454,n=400_bz=1_cv1=0.8_p=1_q=32_20260121-214254
400,1.0,0.8,1,32,posthoc,fx,var,0.08660532,n=400_bz=1_cv1=0.8_p=1_q=32_20260121-214254
400,1.0,0.8,1,32,posthoc,fz,mspe,0.0761331,n=400_bz=1_cv1=0.8_p=1_q=32_20260121-214254
400,1.0,0.8,1,32,posthoc,fz,bias2,0.0064818384,n=400_bz=1_cv1=0.8_p=1_q=32_20260121-214254
400,1.0,0.8,1,32,posthoc,fz,var,0.06965127,n=400_bz=1_cv1=0.8_p=1_q=32_20260121-214254
400,1.0,0.8,1,32,posthoc,fr,mspe,0.15249321,n=400_bz=1_cv1=0.8_p=1_q=32_20260121-214254
400,1.0,0.8,1,32,posthoc,fr,bias2,0.065887906,n=400_bz=1_cv1=0.8_p=1_q=32_20260121-214254
400,1.0,0.8,1,32,posthoc,fr,var,0.08660532,n=400_bz=1_cv1=0.8_p=1_q=32_20260121-214254
400,1.0,0.8,1,32,posthoc_orth,y,mspe,0.7229842,n=400_bz=1_cv1=0.8_p=1_q=32_20260121-214254
400,1.0,0.8,1,32,posthoc_orth,y,bias2,0.6364718,n=400_bz=1_cv1=0.8_p=1_q=32_20260121-214254
400,1.0,0.8,1,32,posthoc_orth,y,var,0.086512476,n=400_bz=1_cv1=0.8_p=1_q=32_20260121-214254
400,1.0,0.8,1,32,posthoc_orth,fx,mspe,0.07061473,n=400_bz=1_cv1=0.8_p=1_q=32_20260121-214254
400,1.0,0.8,1,32,posthoc_orth,fx,bias2,0.035683665,n=400_bz=1_cv1=0.8_p=1_q=32_20260121-214254
400,1.0,0.8,1,32,posthoc_orth,fx,var,0.03493107,n=400_bz=1_cv1=0.8_p=1_q=32_20260121-214254
400,1.0,0.8,1,32,posthoc_orth,fz,mspe,0.049770664,n=400_bz=1_cv1=0.8_p=1_q=32_20260121-214254
400,1.0,0.8,1,32,posthoc_orth,fz,bias2,0.022933515,n=400_bz=1_cv1=0.8_p=1_q=32_20260121-214254
400,1.0,0.8,1,32,posthoc_orth,fz,var,0.026837146,n=400_bz=1_cv1=0.8_p=1_q=32_20260121-214254
400,1.0,0.8,1,32,posthoc_orth,fr,mspe,0.05063197,n=400_bz=1_cv1=0.8_p=1_q=32_20260121-214254
400,1.0,0.8,1,32,posthoc_orth,fr,bias2,0.015700899,n=400_bz=1_cv1=0.8_p=1_q=32_20260121-214254
400,1.0,0.8,1,32,posthoc_orth,fr,var,0.03493107,n=400_bz=1_cv1=0.8_p=1_q=32_20260121-214254
400,1.0,0.8,1,32,posthoc_web,y,mspe,1.5934587,n=400_bz=1_cv1=0.8_p=1_q=32_20260121-214254
400,1.0,0.8,1,32,posthoc_web,y,bias2,1.3846649,n=400_bz=1_cv1=0.8_p=1_q=32_20260121-214254
400,1.0,0.8,1,32,posthoc_web,y,var,0.2087937,n=400_bz=1_cv1=0.8_p=1_q=32_20260121-214254
400,1.0,0.8,1,32,posthoc_web,fx,mspe,0.06025241,n=400_bz=1_cv1=0.8_p=1_q=32_20260121-214254
400,1.0,0.8,1,32,posthoc_web,fx,bias2,0.029729886,n=400_bz=1_cv1=0.8_p=1_q=32_20260121-214254
400,1.0,0.8,1,32,posthoc_web,fx,var,0.030522525,n=400_bz=1_cv1=0.8_p=1_q=32_20260121-214254
400,1.0,0.8,1,32,posthoc_web,fz,mspe,0.07795459,n=400_bz=1_cv1=0.8_p=1_q=32_20260121-214254
400,1.0,0.8,1,32,posthoc_web,fz,bias2,0.07795459,n=400_bz=1_cv1=0.8_p=1_q=32_20260121-214254
400,1.0,0.8,1,32,posthoc_web,fz,var,0.0,n=400_bz=1_cv1=0.8_p=1_q=32_20260121-214254
400,1.0,0.8,1,32,posthoc_web,fr,mspe,0.039746363,n=400_bz=1_cv1=0.8_p=1_q=32_20260121-214254
400,1.0,0.8,1,32,posthoc_web,fr,bias2,0.009223833,n=400_bz=1_cv1=0.8_p=1_q=32_20260121-214254
400,1.0,0.8,1,32,posthoc_web,fr,var,0.030522525,n=400_bz=1_cv1=0.8_p=1_q=32_20260121-214254
400,2.5,0.8,1,32,base,y,mspe,0.96695685,n=400_bz=2.5_cv1=0.8_p=1_q=32_20260122-061623
400,2.5,0.8,1,32,base,y,bias2,0.85258865,n=400_bz=2.5_cv1=0.8_p=1_q=32_20260122-061623
400,2.5,0.8,1,32,base,y,var,0.11436816,n=400_bz=2.5_cv1=0.8_p=1_q=32_20260122-061623
400,2.5,0.8,1,32,base,fx,mspe,0.44188136,n=400_bz=2.5_cv1=0.8_p=1_q=32_20260122-061623
400,2.5,0.8,1,32,base,fx,bias2,0.35658827,n=400_bz=2.5_cv1=0.8_p=1_q=32_20260122-061623
400,2.5,0.8,1,32,base,fx,var,0.08529307,n=400_bz=2.5_cv1=0.8_p=1_q=32_20260122-061623
400,2.5,0.8,1,32,base,fz,mspe,0.4872162,n=400_bz=2.5_cv1=0.8_p=1_q=32_20260122-061623
400,2.5,0.8,1,32,base,fz,bias2,0.48721617,n=400_bz=2.5_cv1=0.8_p=1_q=32_20260122-061623
400,2.5,0.8,1,32,base,fz,var,0.0,n=400_bz=2.5_cv1=0.8_p=1_q=32_20260122-061623
400,2.5,0.8,1,32,base,fr,mspe,0.6220804,n=400_bz=2.5_cv1=0.8_p=1_q=32_20260122-061623
400,2.5,0.8,1,32,base,fr,bias2,0.53678733,n=400_bz=2.5_cv1=0.8_p=1_q=32_20260122-061623
400,2.5,0.8,1,32,base,fr,var,0.08529307,n=400_bz=2.5_cv1=0.8_p=1_q=32_20260122-061623
400,2.5,0.8,1,32,posthoc,y,mspe,1.1067517,n=400_bz=2.5_cv1=0.8_p=1_q=32_20260122-061623
400,2.5,0.8,1,32,posthoc,y,bias2,0.993242,n=400_bz=2.5_cv1=0.8_p=1_q=32_20260122-061623
400,2.5,0.8,1,32,posthoc,y,var,0.113509655,n=400_bz=2.5_cv1=0.8_p=1_q=32_20260122-061623
400,2.5,0.8,1,32,posthoc,fx,mspe,0.17312038,n=400_bz=2.5_cv1=0.8_p=1_q=32_20260122-061623
400,2.5,0.8,1,32,posthoc,fx,bias2,0.042384237,n=400_bz=2.5_cv1=0.8_p=1_q=32_20260122-061623
400,2.5,0.8,1,32,posthoc,fx,var,0.13073613,n=400_bz=2.5_cv1=0.8_p=1_q=32_20260122-061623
400,2.5,0.8,1,32,posthoc,fz,mspe,0.12744907,n=400_bz=2.5_cv1=0.8_p=1_q=32_20260122-061623
400,2.5,0.8,1,32,posthoc,fz,bias2,0.02400618,n=400_bz=2.5_cv1=0.8_p=1_q=32_20260122-061623
400,2.5,0.8,1,32,posthoc,fz,var,0.10344289,n=400_bz=2.5_cv1=0.8_p=1_q=32_20260122-061623
400,2.5,0.8,1,32,posthoc,fr,mspe,0.24229248,n=400_bz=2.5_cv1=0.8_p=1_q=32_20260122-061623
400,2.5,0.8,1,32,posthoc,fr,bias2,0.11155634,n=400_bz=2.5_cv1=0.8_p=1_q=32_20260122-061623
400,2.5,0.8,1,32,posthoc,fr,var,0.13073613,n=400_bz=2.5_cv1=0.8_p=1_q=32_20260122-061623
400,2.5,0.8,1,32,posthoc_orth,y,mspe,1.0995675,n=400_bz=2.5_cv1=0.8_p=1_q=32_20260122-061623
400,2.5,0.8,1,32,posthoc_orth,y,bias2,0.98865736,n=400_bz=2.5_cv1=0.8_p=1_q=32_20260122-061623
400,2.5,0.8,1,32,posthoc_orth,y,var,0.11091025,n=400_bz=2.5_cv1=0.8_p=1_q=32_20260122-061623
400,2.5,0.8,1,32,posthoc_orth,fx,mspe,0.081048995,n=400_bz=2.5_cv1=0.8_p=1_q=32_20260122-061623
400,2.5,0.8,1,32,posthoc_orth,fx,bias2,0.03329553,n=400_bz=2.5_cv1=0.8_p=1_q=32_20260122-061623
400,2.5,0.8,1,32,posthoc_orth,fx,var,0.047753457,n=400_bz=2.5_cv1=0.8_p=1_q=32_20260122-061623
400,2.5,0.8,1,32,posthoc_orth,fz,mspe,0.05789027,n=400_bz=2.5_cv1=0.8_p=1_q=32_20260122-061623
400,2.5,0.8,1,32,posthoc_orth,fz,bias2,0.027098827,n=400_bz=2.5_cv1=0.8_p=1_q=32_20260122-061623
400,2.5,0.8,1,32,posthoc_orth,fz,var,0.03079144,n=400_bz=2.5_cv1=0.8_p=1_q=32_20260122-061623
400,2.5,0.8,1,32,posthoc_orth,fr,mspe,0.060892127,n=400_bz=2.5_cv1=0.8_p=1_q=32_20260122-061623
400,2.5,0.8,1,32,posthoc_orth,fr,bias2,0.013138666,n=400_bz=2.5_cv1=0.8_p=1_q=32_20260122-061623
400,2.5,0.8,1,32,posthoc_orth,fr,var,0.047753457,n=400_bz=2.5_cv1=0.8_p=1_q=32_20260122-061623
400,2.5,0.8,1,32,posthoc_web,y,mspe,3.7386765,n=400_bz=2.5_cv1=0.8_p=1_q=32_20260122-061623
400,2.5,0.8,1,32,posthoc_web,y,bias2,3.4387405,n=400_bz=2.5_cv1=0.8_p=1_q=32_20260122-061623
400,2.5,0.8,1,32,posthoc_web,y,var,0.29993594,n=400_bz=2.5_cv1=0.8_p=1_q=32_20260122-061623
400,2.5,0.8,1,32,posthoc_web,fx,mspe,0.09421321,n=400_bz=2.5_cv1=0.8_p=1_q=32_20260122-061623
400,2.5,0.8,1,32,posthoc_web,fx,bias2,0.048562173,n=400_bz=2.5_cv1=0.8_p=1_q=32_20260122-061623
400,2.5,0.8,1,32,posthoc_web,fx,var,0.045651037,n=400_bz=2.5_cv1=0.8_p=1_q=32_20260122-061623
400,2.5,0.8,1,32,posthoc_web,fz,mspe,0.4872162,n=400_bz=2.5_cv1=0.8_p=1_q=32_20260122-061623
400,2.5,0.8,1,32,posthoc_web,fz,bias2,0.48721617,n=400_bz=2.5_cv1=0.8_p=1_q=32_20260122-061623
400,2.5,0.8,1,32,posthoc_web,fz,var,0.0,n=400_bz=2.5_cv1=0.8_p=1_q=32_20260122-061623
400,2.5,0.8,1,32,posthoc_web,fr,mspe,0.07112428,n=400_bz=2.5_cv1=0.8_p=1_q=32_20260122-061623
400,2.5,0.8,1,32,posthoc_web,fr,bias2,0.025473246,n=400_bz=2.5_cv1=0.8_p=1_q=32_20260122-061623
400,2.5,0.8,1,32,posthoc_web,fr,var,0.045651037,n=400_bz=2.5_cv1=0.8_p=1_q=32_20260122-061623
400,2.0,0.8,1,32,base,y,mspe,0.8147845,n=400_bz=2_cv1=0.8_p=1_q=32_20260122-032323
400,2.0,0.8,1,32,base,y,bias2,0.7085907,n=400_bz=2_cv1=0.8_p=1_q=32_20260122-032323
400,2.0,0.8,1,32,base,y,var,0.106193796,n=400_bz=2_cv1=0.8_p=1_q=32_20260122-032323
400,2.0,0.8,1,32,base,fx,mspe,0.27529916,n=400_bz=2_cv1=0.8_p=1_q=32_20260122-032323
400,2.0,0.8,1,32,base,fx,bias2,0.1929617,n=400_bz=2_cv1=0.8_p=1_q=32_20260122-032323
400,2.0,0.8,1,32,base,fx,var,0.08233746,n=400_bz=2_cv1=0.8_p=1_q=32_20260122-032323
400,2.0,0.8,1,32,base,fz,mspe,0.31181836,n=400_bz=2_cv1=0.8_p=1_q=32_20260122-032323
400,2.0,0.8,1,32,base,fz,bias2,0.31181836,n=400_bz=2_cv1=0.8_p=1_q=32_20260122-032323
400,2.0,0.8,1,32,base,fz,var,0.0,n=400_bz=2_cv1=0.8_p=1_q=32_20260122-032323
400,2.0,0.8,1,32,base,fr,mspe,0.41285068,n=400_bz=2_cv1=0.8_p=1_q=32_20260122-032323
400,2.0,0.8,1,32,base,fr,bias2,0.33051318,n=400_bz=2_cv1=0.8_p=1_q=32_20260122-032323
400,2.0,0.8,1,32,base,fr,var,0.08233746,n=400_bz=2_cv1=0.8_p=1_q=32_20260122-032323
400,2.0,0.8,1,32,posthoc,y,mspe,0.9288379,n=400_bz=2_cv1=0.8_p=1_q=32_20260122-032323
400,2.0,0.8,1,32,posthoc,y,bias2,0.8287078,n=400_bz=2_cv1=0.8_p=1_q=32_20260122-032323
400,2.0,0.8,1,32,posthoc,y,var,0.100130044,n=400_bz=2_cv1=0.8_p=1_q=32_20260122-032323
400,2.0,0.8,1,32,posthoc,fx,mspe,0.1604978,n=400_bz=2_cv1=0.8_p=1_q=32_20260122-032323
400,2.0,0.8,1,32,posthoc,fx,bias2,0.038291954,n=400_bz=2_cv1=0.8_p=1_q=32_20260122-032323
400,2.0,0.8,1,32,posthoc,fx,var,0.12220584,n=400_bz=2_cv1=0.8_p=1_q=32_20260122-032323
400,2.0,0.8,1,32,posthoc,fz,mspe,0.12652233,n=400_bz=2_cv1=0.8_p=1_q=32_20260122-032323
400,2.0,0.8,1,32,posthoc,fz,bias2,0.017400406,n=400_bz=2_cv1=0.8_p=1_q=32_20260122-032323
400,2.0,0.8,1,32,posthoc,fz,var,0.109121926,n=400_bz=2_cv1=0.8_p=1_q=32_20260122-032323
400,2.0,0.8,1,32,posthoc,fr,mspe,0.22254448,n=400_bz=2_cv1=0.8_p=1_q=32_20260122-032323
400,2.0,0.8,1,32,posthoc,fr,bias2,0.10033864,n=400_bz=2_cv1=0.8_p=1_q=32_20260122-032323
400,2.0,0.8,1,32,posthoc,fr,var,0.12220584,n=400_bz=2_cv1=0.8_p=1_q=32_20260122-032323
400,2.0,0.8,1,32,posthoc_orth,y,mspe,0.92968184,n=400_bz=2_cv1=0.8_p=1_q=32_20260122-032323
400,2.0,0.8,1,32,posthoc_orth,y,bias2,0.8307089,n=400_bz=2_cv1=0.8_p=1_q=32_20260122-032323
400,2.0,0.8,1,32,posthoc_orth,y,var,0.09897279,n=400_bz=2_cv1=0.8_p=1_q=32_20260122-032323
400,2.0,0.8,1,32,posthoc_orth,fx,mspe,0.07571261,n=400_bz=2_cv1=0.8_p=1_q=32_20260122-032323
400,2.0,0.8,1,32,posthoc_orth,fx,bias2,0.034375563,n=400_bz=2_cv1=0.8_p=1_q=32_20260122-032323
400,2.0,0.8,1,32,posthoc_orth,fx,var,0.041337043,n=400_bz=2_cv1=0.8_p=1_q=32_20260122-032323
400,2.0,0.8,1,32,posthoc_orth,fz,mspe,0.056147594,n=400_bz=2_cv1=0.8_p=1_q=32_20260122-032323
400,2.0,0.8,1,32,posthoc_orth,fz,bias2,0.026555685,n=400_bz=2_cv1=0.8_p=1_q=32_20260122-032323
400,2.0,0.8,1,32,posthoc_orth,fz,var,0.029591907,n=400_bz=2_cv1=0.8_p=1_q=32_20260122-032323
400,2.0,0.8,1,32,posthoc_orth,fr,mspe,0.05563479,n=400_bz=2_cv1=0.8_p=1_q=32_20260122-032323
400,2.0,0.8,1,32,posthoc_orth,fr,bias2,0.014297742,n=400_bz=2_cv1=0.8_p=1_q=32_20260122-032323
400,2.0,0.8,1,32,posthoc_orth,fr,var,0.041337043,n=400_bz=2_cv1=0.8_p=1_q=32_20260122-032323
400,2.0,0.8,1,32,posthoc_web,y,mspe,2.7819626,n=400_bz=2_cv1=0.8_p=1_q=32_20260122-032323
400,2.0,0.8,1,32,posthoc_web,y,bias2,2.508426,n=400_bz=2_cv1=0.8_p=1_q=32_20260122-032323
400,2.0,0.8,1,32,posthoc_web,y,var,0.27353665,n=400_bz=2_cv1=0.8_p=1_q=32_20260122-032323
400,2.0,0.8,1,32,posthoc_web,fx,mspe,0.07568205,n=400_bz=2_cv1=0.8_p=1_q=32_20260122-032323
400,2.0,0.8,1,32,posthoc_web,fx,bias2,0.03647302,n=400_bz=2_cv1=0.8_p=1_q=32_20260122-032323
400,2.0,0.8,1,32,posthoc_web,fx,var,0.039209034,n=400_bz=2_cv1=0.8_p=1_q=32_20260122-032323
400,2.0,0.8,1,32,posthoc_web,fz,mspe,0.31181836,n=400_bz=2_cv1=0.8_p=1_q=32_20260122-032323
400,2.0,0.8,1,32,posthoc_web,fz,bias2,0.31181836,n=400_bz=2_cv1=0.8_p=1_q=32_20260122-032323
400,2.0,0.8,1,32,posthoc_web,fz,var,0.0,n=400_bz=2_cv1=0.8_p=1_q=32_20260122-032323
400,2.0,0.8,1,32,posthoc_web,fr,mspe,0.05346611,n=400_bz=2_cv1=0.8_p=1_q=32_20260122-032323
400,2.0,0.8,1,32,posthoc_web,fr,bias2,0.014257086,n=400_bz=2_cv1=0.8_p=1_q=32_20260122-032323
400,2.0,0.8,1,32,posthoc_web,fr,var,0.039209034,n=400_bz=2_cv1=0.8_p=1_q=32_20260122-032323
400,3.5,0.8,1,32,base,y,mspe,1.2665374,n=400_bz=3.5_cv1=0.8_p=1_q=32_20260122-121258
400,3.5,0.8,1,32,base,y,bias2,1.1421711,n=400_bz=3.5_cv1=0.8_p=1_q=32_20260122-121258
400,3.5,0.8,1,32,base,y,var,0.12436626,n=400_bz=3.5_cv1=0.8_p=1_q=32_20260122-121258
400,3.5,0.8,1,32,base,fx,mspe,0.8494203,n=400_bz=3.5_cv1=0.8_p=1_q=32_20260122-121258
400,3.5,0.8,1,32,base,fx,bias2,0.7486286,n=400_bz=3.5_cv1=0.8_p=1_q=32_20260122-121258
400,3.5,0.8,1,32,base,fx,var,0.10079168,n=400_bz=3.5_cv1=0.8_p=1_q=32_20260122-121258
400,3.5,0.8,1,32,base,fz,mspe,0.9549438,n=400_bz=3.5_cv1=0.8_p=1_q=32_20260122-121258
400,3.5,0.8,1,32,base,fz,bias2,0.95494384,n=400_bz=3.5_cv1=0.8_p=1_q=32_20260122-121258
400,3.5,0.8,1,32,base,fz,var,0.0,n=400_bz=3.5_cv1=0.8_p=1_q=32_20260122-121258
400,3.5,0.8,1,32,base,fr,mspe,1.1011125,n=400_bz=3.5_cv1=0.8_p=1_q=32_20260122-121258
400,3.5,0.8,1,32,base,fr,bias2,1.0003208,n=400_bz=3.5_cv1=0.8_p=1_q=32_20260122-121258
400,3.5,0.8,1,32,base,fr,var,0.10079168,n=400_bz=3.5_cv1=0.8_p=1_q=32_20260122-121258
400,3.5,0.8,1,32,posthoc,y,mspe,1.5080093,n=400_bz=3.5_cv1=0.8_p=1_q=32_20260122-121258
400,3.5,0.8,1,32,posthoc,y,bias2,1.37703,n=400_bz=3.5_cv1=0.8_p=1_q=32_20260122-121258
400,3.5,0.8,1,32,posthoc,y,var,0.13097931,n=400_bz=3.5_cv1=0.8_p=1_q=32_20260122-121258
400,3.5,0.8,1,32,posthoc,fx,mspe,0.23884924,n=400_bz=3.5_cv1=0.8_p=1_q=32_20260122-121258
400,3.5,0.8,1,32,posthoc,fx,bias2,0.05644448,n=400_bz=3.5_cv1=0.8_p=1_q=32_20260122-121258
400,3.5,0.8,1,32,posthoc,fx,var,0.18240474,n=400_bz=3.5_cv1=0.8_p=1_q=32_20260122-121258
400,3.5,0.8,1,32,posthoc,fz,mspe,0.20940015,n=400_bz=3.5_cv1=0.8_p=1_q=32_20260122-121258
400,3.5,0.8,1,32,posthoc,fz,bias2,0.0317393,n=400_bz=3.5_cv1=0.8_p=1_q=32_20260122-121258
400,3.5,0.8,1,32,posthoc,fz,var,0.17766087,n=400_bz=3.5_cv1=0.8_p=1_q=32_20260122-121258
400,3.5,0.8,1,32,posthoc,fr,mspe,0.317634,n=400_bz=3.5_cv1=0.8_p=1_q=32_20260122-121258
400,3.5,0.8,1,32,posthoc,fr,bias2,0.13522922,n=400_bz=3.5_cv1=0.8_p=1_q=32_20260122-121258
400,3.5,0.8,1,32,posthoc,fr,var,0.18240474,n=400_bz=3.5_cv1=0.8_p=1_q=32_20260122-121258
400,3.5,0.8,1,32,posthoc_orth,y,mspe,1.5037364,n=400_bz=3.5_cv1=0.8_p=1_q=32_20260122-121258
400,3.5,0.8,1,32,posthoc_orth,y,bias2,1.3725048,n=400_bz=3.5_cv1=0.8_p=1_q=32_20260122-121258
400,3.5,0.8,1,32,posthoc_orth,y,var,0.13123153,n=400_bz=3.5_cv1=0.8_p=1_q=32_20260122-121258
400,3.5,0.8,1,32,posthoc_orth,fx,mspe,0.08745678,n=400_bz=3.5_cv1=0.8_p=1_q=32_20260122-121258
400,3.5,0.8,1,32,posthoc_orth,fx,bias2,0.032790188,n=400_bz=3.5_cv1=0.8_p=1_q=32_20260122-121258
400,3.5,0.8,1,32,posthoc_orth,fx,var,0.05466659,n=400_bz=3.5_cv1=0.8_p=1_q=32_20260122-121258
400,3.5,0.8,1,32,posthoc_orth,fz,mspe,0.080092825,n=400_bz=3.5_cv1=0.8_p=1_q=32_20260122-121258
400,3.5,0.8,1,32,posthoc_orth,fz,bias2,0.03139927,n=400_bz=3.5_cv1=0.8_p=1_q=32_20260122-121258
400,3.5,0.8,1,32,posthoc_orth,fz,var,0.048693556,n=400_bz=3.5_cv1=0.8_p=1_q=32_20260122-121258
400,3.5,0.8,1,32,posthoc_orth,fr,mspe,0.06672238,n=400_bz=3.5_cv1=0.8_p=1_q=32_20260122-121258
400,3.5,0.8,1,32,posthoc_orth,fr,bias2,0.012055793,n=400_bz=3.5_cv1=0.8_p=1_q=32_20260122-121258
400,3.5,0.8,1,32,posthoc_orth,fr,var,0.05466659,n=400_bz=3.5_cv1=0.8_p=1_q=32_20260122-121258
400,3.5,0.8,1,32,posthoc_web,y,mspe,5.610355,n=400_bz=3.5_cv1=0.8_p=1_q=32_20260122-121258
400,3.5,0.8,1,32,posthoc_web,y,bias2,5.291015,n=400_bz=3.5_cv1=0.8_p=1_q=32_20260122-121258
400,3.5,0.8,1,32,posthoc_web,y,var,0.31933972,n=400_bz=3.5_cv1=0.8_p=1_q=32_20260122-121258
400,3.5,0.8,1,32,posthoc_web,fx,mspe,0.13949095,n=400_bz=3.5_cv1=0.8_p=1_q=32_20260122-121258
400,3.5,0.8,1,32,posthoc_web,fx,bias2,0.082400724,n=400_bz=3.5_cv1=0.8_p=1_q=32_20260122-121258
400,3.5,0.8,1,32,posthoc_web,fx,var,0.057090215,n=400_bz=3.5_cv1=0.8_p=1_q=32_20260122-121258
400,3.5,0.8,1,32,posthoc_web,fz,mspe,0.9549438,n=400_bz=3.5_cv1=0.8_p=1_q=32_20260122-121258
400,3.5,0.8,1,32,posthoc_web,fz,bias2,0.95494384,n=400_bz=3.5_cv1=0.8_p=1_q=32_20260122-121258
400,3.5,0.8,1,32,posthoc_web,fz,var,0.0,n=400_bz=3.5_cv1=0.8_p=1_q=32_20260122-121258
400,3.5,0.8,1,32,posthoc_web,fr,mspe,0.114535645,n=400_bz=3.5_cv1=0.8_p=1_q=32_20260122-121258
400,3.5,0.8,1,32,posthoc_web,fr,bias2,0.05744543,n=400_bz=3.5_cv1=0.8_p=1_q=32_20260122-121258
400,3.5,0.8,1,32,posthoc_web,fr,var,0.057090215,n=400_bz=3.5_cv1=0.8_p=1_q=32_20260122-121258
400,3.0,0.8,1,32,base,y,mspe,1.0880823,n=400_bz=3_cv1=0.8_p=1_q=32_20260122-091115
400,3.0,0.8,1,32,base,y,bias2,0.9778763,n=400_bz=3_cv1=0.8_p=1_q=32_20260122-091115
400,3.0,0.8,1,32,base,y,var,0.11020609,n=400_bz=3_cv1=0.8_p=1_q=32_20260122-091115
400,3.0,0.8,1,32,base,fx,mspe,0.62190926,n=400_bz=3_cv1=0.8_p=1_q=32_20260122-091115
400,3.0,0.8,1,32,base,fx,bias2,0.53676945,n=400_bz=3_cv1=0.8_p=1_q=32_20260122-091115
400,3.0,0.8,1,32,base,fx,var,0.0851398,n=400_bz=3_cv1=0.8_p=1_q=32_20260122-091115
400,3.0,0.8,1,32,base,fz,mspe,0.7015913,n=400_bz=3_cv1=0.8_p=1_q=32_20260122-091115
400,3.0,0.8,1,32,base,fz,bias2,0.7015913,n=400_bz=3_cv1=0.8_p=1_q=32_20260122-091115
400,3.0,0.8,1,32,base,fz,var,0.0,n=400_bz=3_cv1=0.8_p=1_q=32_20260122-091115
400,3.0,0.8,1,32,base,fr,mspe,0.8382248,n=400_bz=3_cv1=0.8_p=1_q=32_20260122-091115
400,3.0,0.8,1,32,base,fr,bias2,0.753085,n=400_bz=3_cv1=0.8_p=1_q=32_20260122-091115
400,3.0,0.8,1,32,base,fr,var,0.0851398,n=400_bz=3_cv1=0.8_p=1_q=32_20260122-091115
400,3.0,0.8,1,32,posthoc,y,mspe,1.2682742,n=400_bz=3_cv1=0.8_p=1_q=32_20260122-091115
400,3.0,0.8,1,32,posthoc,y,bias2,1.1574341,n=400_bz=3_cv1=0.8_p=1_q=32_20260122-091115
400,3.0,0.8,1,32,posthoc,y,var,0.11084011,n=400_bz=3_cv1=0.8_p=1_q=32_20260122-091115
400,3.0,0.8,1,32,posthoc,fx,mspe,0.20463698,n=400_bz=3_cv1=0.8_p=1_q=32_20260122-091115
400,3.0,0.8,1,32,posthoc,fx,bias2,0.05109619,n=400_bz=3_cv1=0.8_p=1_q=32_20260122-091115
400,3.0,0.8,1,32,posthoc,fx,var,0.15354079,n=400_bz=3_cv1=0.8_p=1_q=32_20260122-091115
400,3.0,0.8,1,32,posthoc,fz,mspe,0.16422491,n=400_bz=3_cv1=0.8_p=1_q=32_20260122-091115
400,3.0,0.8,1,32,posthoc,fz,bias2,0.028061261,n=400_bz=3_cv1=0.8_p=1_q=32_20260122-091115
400,3.0,0.8,1,32,posthoc,fz,var,0.13616365,n=400_bz=3_cv1=0.8_p=1_q=32_20260122-091115
400,3.0,0.8,1,32,posthoc,fr,mspe,0.27984908,n=400_bz=3_cv1=0.8_p=1_q=32_20260122-091115
400,3.0,0.8,1,32,posthoc,fr,bias2,0.12630832,n=400_bz=3_cv1=0.8_p=1_q=32_20260122-091115
400,3.0,0.8,1,32,posthoc,fr,var,0.15354079,n=400_bz=3_cv1=0.8_p=1_q=32_20260122-091115
400,3.0,0.8,1,32,posthoc_orth,y,mspe,1.2676938,n=400_bz=3_cv1=0.8_p=1_q=32_20260122-091115
400,3.0,0.8,1,32,posthoc_orth,y,bias2,1.1552697,n=400_bz=3_cv1=0.8_p=1_q=32_20260122-091115
400,3.0,0.8,1,32,posthoc_orth,y,var,0.11242393,n=400_bz=3_cv1=0.8_p=1_q=32_20260122-091115
400,3.0,0.8,1,32,posthoc_orth,fx,mspe,0.08213251,n=400_bz=3_cv1=0.8_p=1_q=32_20260122-091115
400,3.0,0.8,1,32,posthoc_orth,fx,bias2,0.032226637,n=400_bz=3_cv1=0.8_p=1_q=32_20260122-091115
400,3.0,0.8,1,32,posthoc_orth,fx,var,0.049905874,n=400_bz=3_cv1=0.8_p=1_q=32_20260122-091115
400,3.0,0.8,1,32,posthoc_orth,fz,mspe,0.066393435,n=400_bz=3_cv1=0.8_p=1_q=32_20260122-091115
400,3.0,0.8,1,32,posthoc_orth,fz,bias2,0.031008167,n=400_bz=3_cv1=0.8_p=1_q=32_20260122-091115
400,3.0,0.8,1,32,posthoc_orth,fz,var,0.03538527,n=400_bz=3_cv1=0.8_p=1_q=32_20260122-091115
400,3.0,0.8,1,32,posthoc_orth,fr,mspe,0.061544273,n=400_bz=3_cv1=0.8_p=1_q=32_20260122-091115
400,3.0,0.8,1,32,posthoc_orth,fr,bias2,0.0116383955,n=400_bz=3_cv1=0.8_p=1_q=32_20260122-091115
400,3.0,0.8,1,32,posthoc_orth,fr,var,0.049905874,n=400_bz=3_cv1=0.8_p=1_q=32_20260122-091115
400,3.0,0.8,1,32,posthoc_web,y,mspe,4.513256,n=400_bz=3_cv1=0.8_p=1_q=32_20260122-091115
400,3.0,0.8,1,32,posthoc_web,y,bias2,4.2237,n=400_bz=3_cv1=0.8_p=1_q=32_20260122-091115
400,3.0,0.8,1,32,posthoc_web,y,var,0.28955546,n=400_bz=3_cv1=0.8_p=1_q=32_20260122-091115
400,3.0,0.8,1,32,posthoc_web,fx,mspe,0.113270804,n=400_bz=3_cv1=0.8_p=1_q=32_20260122-091115
400,3.0,0.8,1,32,posthoc_web,fx,bias2,0.06453547,n=400_bz=3_cv1=0.8_p=1_q=32_20260122-091115
400,3.0,0.8,1,32,posthoc_web,fx,var,0.048735328,n=400_bz=3_cv1=0.8_p=1_q=32_20260122-091115
400,3.0,0.8,1,32,posthoc_web,fz,mspe,0.7015913,n=400_bz=3_cv1=0.8_p=1_q=32_20260122-091115
400,3.0,0.8,1,32,posthoc_web,fz,bias2,0.7015913,n=400_bz=3_cv1=0.8_p=1_q=32_20260122-091115
400,3.0,0.8,1,32,posthoc_web,fz,var,0.0,n=400_bz=3_cv1=0.8_p=1_q=32_20260122-091115
400,3.0,0.8,1,32,posthoc_web,fr,mspe,0.0889164,n=400_bz=3_cv1=0.8_p=1_q=32_20260122-091115
400,3.0,0.8,1,32,posthoc_web,fr,bias2,0.040181074,n=400_bz=3_cv1=0.8_p=1_q=32_20260122-091115
400,3.0,0.8,1,32,posthoc_web,fr,var,0.048735328,n=400_bz=3_cv1=0.8_p=1_q=32_20260122-091115
400,4.0,0.8,1,32,base,y,mspe,1.5153866,n=400_bz=4_cv1=0.8_p=1_q=32_20260122-154716
400,4.0,0.8,1,32,base,y,bias2,1.3763112,n=400_bz=4_cv1=0.8_p=1_q=32_20260122-154716
400,4.0,0.8,1,32,base,y,var,0.13907532,n=400_bz=4_cv1=0.8_p=1_q=32_20260122-154716
400,4.0,0.8,1,32,base,fx,mspe,1.1521139,n=400_bz=4_cv1=0.8_p=1_q=32_20260122-154716
400,4.0,0.8,1,32,base,fx,bias2,1.038683,n=400_bz=4_cv1=0.8_p=1_q=32_20260122-154716
400,4.0,0.8,1,32,base,fx,var,0.11343081,n=400_bz=4_cv1=0.8_p=1_q=32_20260122-154716
400,4.0,0.8,1,32,base,fz,mspe,1.2472734,n=400_bz=4_cv1=0.8_p=1_q=32_20260122-154716
400,4.0,0.8,1,32,base,fz,bias2,1.2472734,n=400_bz=4_cv1=0.8_p=1_q=32_20260122-154716
400,4.0,0.8,1,32,base,fz,var,0.0,n=400_bz=4_cv1=0.8_p=1_q=32_20260122-154716
400,4.0,0.8,1,32,base,fr,mspe,1.4449506,n=400_bz=4_cv1=0.8_p=1_q=32_20260122-154716
400,4.0,0.8,1,32,base,fr,bias2,1.3315197,n=400_bz=4_cv1=0.8_p=1_q=32_20260122-154716
400,4.0,0.8,1,32,base,fr,var,0.11343081,n=400_bz=4_cv1=0.8_p=1_q=32_20260122-154716
400,4.0,0.8,1,32,posthoc,y,mspe,1.7826473,n=400_bz=4_cv1=0.8_p=1_q=32_20260122-154716
400,4.0,0.8,1,32,posthoc,y,bias2,1.6325003,n=400_bz=4_cv1=0.8_p=1_q=32_20260122-154716
400,4.0,0.8,1,32,posthoc,y,var,0.1501469,n=400_bz=4_cv1=0.8_p=1_q=32_20260122-154716
400,4.0,0.8,1,32,posthoc,fx,mspe,0.26543126,n=400_bz=4_cv1=0.8_p=1_q=32_20260122-154716
400,4.0,0.8,1,32,posthoc,fx,bias2,0.0679037,n=400_bz=4_cv1=0.8_p=1_q=32_20260122-154716
400,4.0,0.8,1,32,posthoc,fx,var,0.19752756,n=400_bz=4_cv1=0.8_p=1_q=32_20260122-154716
400,4.0,0.8,1,32,posthoc,fz,mspe,0.22157678,n=400_bz=4_cv1=0.8_p=1_q=32_20260122-154716
400,4.0,0.8,1,32,posthoc,fz,bias2,0.03511537,n=400_bz=4_cv1=0.8_p=1_q=32_20260122-154716
400,4.0,0.8,1,32,posthoc,fz,var,0.1864614,n=400_bz=4_cv1=0.8_p=1_q=32_20260122-154716
400,4.0,0.8,1,32,posthoc,fr,mspe,0.3500772,n=400_bz=4_cv1=0.8_p=1_q=32_20260122-154716
400,4.0,0.8,1,32,posthoc,fr,bias2,0.15254962,n=400_bz=4_cv1=0.8_p=1_q=32_20260122-154716
400,4.0,0.8,1,32,posthoc,fr,var,0.19752756,n=400_bz=4_cv1=0.8_p=1_q=32_20260122-154716
400,4.0,0.8,1,32,posthoc_orth,y,mspe,1.7756668,n=400_bz=4_cv1=0.8_p=1_q=32_20260122-154716
400,4.0,0.8,1,32,posthoc_orth,y,bias2,1.6296661,n=400_bz=4_cv1=0.8_p=1_q=32_20260122-154716
400,4.0,0.8,1,32,posthoc_orth,y,var,0.14600065,n=400_bz=4_cv1=0.8_p=1_q=32_20260122-154716
400,4.0,0.8,1,32,posthoc_orth,fx,mspe,0.09023816,n=400_bz=4_cv1=0.8_p=1_q=32_20260122-154716
400,4.0,0.8,1,32,posthoc_orth,fx,bias2,0.033913475,n=400_bz=4_cv1=0.8_p=1_q=32_20260122-154716
400,4.0,0.8,1,32,posthoc_orth,fx,var,0.056324683,n=400_bz=4_cv1=0.8_p=1_q=32_20260122-154716
400,4.0,0.8,1,32,posthoc_orth,fz,mspe,0.09628583,n=400_bz=4_cv1=0.8_p=1_q=32_20260122-154716
400,4.0,0.8,1,32,posthoc_orth,fz,bias2,0.035324052,n=400_bz=4_cv1=0.8_p=1_q=32_20260122-154716
400,4.0,0.8,1,32,posthoc_orth,fz,var,0.060961768,n=400_bz=4_cv1=0.8_p=1_q=32_20260122-154716
400,4.0,0.8,1,32,posthoc_orth,fr,mspe,0.06979753,n=400_bz=4_cv1=0.8_p=1_q=32_20260122-154716
400,4.0,0.8,1,32,posthoc_orth,fr,bias2,0.013472852,n=400_bz=4_cv1=0.8_p=1_q=32_20260122-154716
400,4.0,0.8,1,32,posthoc_orth,fr,var,0.056324683,n=400_bz=4_cv1=0.8_p=1_q=32_20260122-154716
400,4.0,0.8,1,32,posthoc_web,y,mspe,6.8125467,n=400_bz=4_cv1=0.8_p=1_q=32_20260122-154716
400,4.0,0.8,1,32,posthoc_web,y,bias2,6.46885,n=400_bz=4_cv1=0.8_p=1_q=32_20260122-154716
400,4.0,0.8,1,32,posthoc_web,y,var,0.34369618,n=400_bz=4_cv1=0.8_p=1_q=32_20260122-154716
400,4.0,0.8,1,32,posthoc_web,fx,mspe,0.17772435,n=400_bz=4_cv1=0.8_p=1_q=32_20260122-154716
400,4.0,0.8,1,32,posthoc_web,fx,bias2,0.10668179,n=400_bz=4_cv1=0.8_p=1_q=32_20260122-154716
400,4.0,0.8,1,32,posthoc_web,fx,var,0.07104255,n=400_bz=4_cv1=0.8_p=1_q=32_20260122-154716
400,4.0,0.8,1,32,posthoc_web,fz,mspe,1.2472734,n=400_bz=4_cv1=0.8_p=1_q=32_20260122-154716
400,4.0,0.8,1,32,posthoc_web,fz,bias2,1.2472734,n=400_bz=4_cv1=0.8_p=1_q=32_20260122-154716
400,4.0,0.8,1,32,posthoc_web,fz,var,0.0,n=400_bz=4_cv1=0.8_p=1_q=32_20260122-154716
400,4.0,0.8,1,32,posthoc_web,fr,mspe,0.15188125,n=400_bz=4_cv1=0.8_p=1_q=32_20260122-154716
400,4.0,0.8,1,32,posthoc_web,fr,bias2,0.0808387,n=400_bz=4_cv1=0.8_p=1_q=32_20260122-154716
400,4.0,0.8,1,32,posthoc_web,fr,var,0.07104255,n=400_bz=4_cv1=0.8_p=1_q=32_20260122-154716
6400,0.5,0.8,1,32,base,y,mspe,0.6264107,n=6400_bz=0.5_cv1=0.8_p=1_q=32_20260121-193231
6400,0.5,0.8,1,32,base,y,bias2,0.6208688,n=6400_bz=0.5_cv1=0.8_p=1_q=32_20260121-193231
6400,0.5,0.8,1,32,base,y,var,0.0055419016,n=6400_bz=0.5_cv1=0.8_p=1_q=32_20260121-193231
6400,0.5,0.8,1,32,base,fx,mspe,0.022510223,n=6400_bz=0.5_cv1=0.8_p=1_q=32_20260121-193231
6400,0.5,0.8,1,32,base,fx,bias2,0.018387157,n=6400_bz=0.5_cv1=0.8_p=1_q=32_20260121-193231
6400,0.5,0.8,1,32,base,fx,var,0.004123066,n=6400_bz=0.5_cv1=0.8_p=1_q=32_20260121-193231
6400,0.5,0.8,1,32,base,fz,mspe,0.019488648,n=6400_bz=0.5_cv1=0.8_p=1_q=32_20260121-193231
6400,0.5,0.8,1,32,base,fz,bias2,0.019488648,n=6400_bz=0.5_cv1=0.8_p=1_q=32_20260121-193231
6400,0.5,0.8,1,32,base,fz,var,0.0,n=6400_bz=0.5_cv1=0.8_p=1_q=32_20260121-193231
6400,0.5,0.8,1,32,base,fr,mspe,0.077466264,n=6400_bz=0.5_cv1=0.8_p=1_q=32_20260121-193231
6400,0.5,0.8,1,32,base,fr,bias2,0.0733432,n=6400_bz=0.5_cv1=0.8_p=1_q=32_20260121-193231
6400,0.5,0.8,1,32,base,fr,var,0.004123066,n=6400_bz=0.5_cv1=0.8_p=1_q=32_20260121-193231
6400,0.5,0.8,1,32,posthoc,y,mspe,0.6460613,n=6400_bz=0.5_cv1=0.8_p=1_q=32_20260121-193231
6400,0.5,0.8,1,32,posthoc,y,bias2,0.63878924,n=6400_bz=0.5_cv1=0.8_p=1_q=32_20260121-193231
6400,0.5,0.8,1,32,posthoc,y,var,0.007272101,n=6400_bz=0.5_cv1=0.8_p=1_q=32_20260121-193231
6400,0.5,0.8,1,32,posthoc,fx,mspe,0.022763696,n=6400_bz=0.5_cv1=0.8_p=1_q=32_20260121-193231
6400,0.5,0.8,1,32,posthoc,fx,bias2,0.0099517405,n=6400_bz=0.5_cv1=0.8_p=1_q=32_20260121-193231
6400,0.5,0.8,1,32,posthoc,fx,var,0.012811954,n=6400_bz=0.5_cv1=0.8_p=1_q=32_20260121-193231
6400,0.5,0.8,1,32,posthoc,fz,mspe,0.01691441,n=6400_bz=0.5_cv1=0.8_p=1_q=32_20260121-193231
6400,0.5,0.8,1,32,posthoc,fz,bias2,0.008492593,n=6400_bz=0.5_cv1=0.8_p=1_q=32_20260121-193231
6400,0.5,0.8,1,32,posthoc,fz,var,0.008421819,n=6400_bz=0.5_cv1=0.8_p=1_q=32_20260121-193231
6400,0.5,0.8,1,32,posthoc,fr,mspe,0.068269126,n=6400_bz=0.5_cv1=0.8_p=1_q=32_20260121-193231
6400,0.5,0.8,1,32,posthoc,fr,bias2,0.05545718,n=6400_bz=0.5_cv1=0.8_p=1_q=32_20260121-193231
6400,0.5,0.8,1,32,posthoc,fr,var,0.012811954,n=6400_bz=0.5_cv1=0.8_p=1_q=32_20260121-193231
6400,0.5,0.8,1,32,posthoc_orth,y,mspe,0.64597535,n=6400_bz=0.5_cv1=0.8_p=1_q=32_20260121-193231
6400,0.5,0.8,1,32,posthoc_orth,y,bias2,0.63867533,n=6400_bz=0.5_cv1=0.8_p=1_q=32_20260121-193231
6400,0.5,0.8,1,32,posthoc_orth,y,var,0.007299978,n=6400_bz=0.5_cv1=0.8_p=1_q=32_20260121-193231
6400,0.5,0.8,1,32,posthoc_orth,fx,mspe,0.025193742,n=6400_bz=0.5_cv1=0.8_p=1_q=32_20260121-193231
6400,0.5,0.8,1,32,posthoc_orth,fx,bias2,0.020288235,n=6400_bz=0.5_cv1=0.8_p=1_q=32_20260121-193231
6400,0.5,0.8,1,32,posthoc_orth,fx,var,0.0049055056,n=6400_bz=0.5_cv1=0.8_p=1_q=32_20260121-193231
6400,0.5,0.8,1,32,posthoc_orth,fz,mspe,0.020438535,n=6400_bz=0.5_cv1=0.8_p=1_q=32_20260121-193231
6400,0.5,0.8,1,32,posthoc_orth,fz,bias2,0.019253938,n=6400_bz=0.5_cv1=0.8_p=1_q=32_20260121-193231
6400,0.5,0.8,1,32,posthoc_orth,fz,var,0.0011845983,n=6400_bz=0.5_cv1=0.8_p=1_q=32_20260121-193231
6400,0.5,0.8,1,32,posthoc_orth,fr,mspe,0.0062412475,n=6400_bz=0.5_cv1=0.8_p=1_q=32_20260121-193231
6400,0.5,0.8,1,32,posthoc_orth,fr,bias2,0.0013357418,n=6400_bz=0.5_cv1=0.8_p=1_q=32_20260121-193231
6400,0.5,0.8,1,32,posthoc_orth,fr,var,0.0049055056,n=6400_bz=0.5_cv1=0.8_p=1_q=32_20260121-193231
6400,0.5,0.8,1,32,posthoc_web,y,mspe,1.2764901,n=6400_bz=0.5_cv1=0.8_p=1_q=32_20260121-193231
6400,0.5,0.8,1,32,posthoc_web,y,bias2,1.2637006,n=6400_bz=0.5_cv1=0.8_p=1_q=32_20260121-193231
6400,0.5,0.8,1,32,posthoc_web,y,var,0.012789511,n=6400_bz=0.5_cv1=0.8_p=1_q=32_20260121-193231
6400,0.5,0.8,1,32,posthoc_web,fx,mspe,0.024385013,n=6400_bz=0.5_cv1=0.8_p=1_q=32_20260121-193231
6400,0.5,0.8,1,32,posthoc_web,fx,bias2,0.021114714,n=6400_bz=0.5_cv1=0.8_p=1_q=32_20260121-193231
6400,0.5,0.8,1,32,posthoc_web,fx,var,0.0032703003,n=6400_bz=0.5_cv1=0.8_p=1_q=32_20260121-193231
6400,0.5,0.8,1,32,posthoc_web,fz,mspe,0.019488648,n=6400_bz=0.5_cv1=0.8_p=1_q=32_20260121-193231
6400,0.5,0.8,1,32,posthoc_web,fz,bias2,0.019488648,n=6400_bz=0.5_cv1=0.8_p=1_q=32_20260121-193231
6400,0.5,0.8,1,32,posthoc_web,fz,var,0.0,n=6400_bz=0.5_cv1=0.8_p=1_q=32_20260121-193231
6400,0.5,0.8,1,32,posthoc_web,fr,mspe,0.0055245687,n=6400_bz=0.5_cv1=0.8_p=1_q=32_20260121-193231
6400,0.5,0.8,1,32,posthoc_web,fr,bias2,0.0022542686,n=6400_bz=0.5_cv1=0.8_p=1_q=32_20260121-193231
6400,0.5,0.8,1,32,posthoc_web,fr,var,0.0032703003,n=6400_bz=0.5_cv1=0.8_p=1_q=32_20260121-193231
6400,0.0,0.8,1,32,base,y,mspe,0.5957581,n=6400_bz=0_cv1=0.8_p=1_q=32_20260121-163926
6400,0.0,0.8,1,32,base,y,bias2,0.59002227,n=6400_bz=0_cv1=0.8_p=1_q=32_20260121-163926
6400,0.0,0.8,1,32,base,y,var,0.005735784,n=6400_bz=0_cv1=0.8_p=1_q=32_20260121-163926
6400,0.0,0.8,1,32,base,fx,mspe,0.005621743,n=6400_bz=0_cv1=0.8_p=1_q=32_20260121-163926
6400,0.0,0.8,1,32,base,fx,bias2,0.0015340146,n=6400_bz=0_cv1=0.8_p=1_q=32_20260121-163926
6400,0.0,0.8,1,32,base,fx,var,0.004087728,n=6400_bz=0_cv1=0.8_p=1_q=32_20260121-163926
6400,0.0,0.8,1,32,base,fz,mspe,0.0,n=6400_bz=0_cv1=0.8_p=1_q=32_20260121-163926
6400,0.0,0.8,1,32,base,fz,bias2,0.0,n=6400_bz=0_cv1=0.8_p=1_q=32_20260121-163926
6400,0.0,0.8,1,32,base,fz,var,0.0,n=6400_bz=0_cv1=0.8_p=1_q=32_20260121-163926
6400,0.0,0.8,1,32,base,fr,mspe,0.024840355,n=6400_bz=0_cv1=0.8_p=1_q=32_20260121-163926
6400,0.0,0.8,1,32,base,fr,bias2,0.020752626,n=6400_bz=0_cv1=0.8_p=1_q=32_20260121-163926
6400,0.0,0.8,1,32,base,fr,var,0.004087728,n=6400_bz=0_cv1=0.8_p=1_q=32_20260121-163926
6400,0.0,0.8,1,32,posthoc,y,mspe,0.6123898,n=6400_bz=0_cv1=0.8_p=1_q=32_20260121-163926
6400,0.0,0.8,1,32,posthoc,y,bias2,0.60553735,n=6400_bz=0_cv1=0.8_p=1_q=32_20260121-163926
6400,0.0,0.8,1,32,posthoc,y,var,0.00685244,n=6400_bz=0_cv1=0.8_p=1_q=32_20260121-163926
6400,0.0,0.8,1,32,posthoc,fx,mspe,0.008558252,n=6400_bz=0_cv1=0.8_p=1_q=32_20260121-163926
6400,0.0,0.8,1,32,posthoc,fx,bias2,0.0009854173,n=6400_bz=0_cv1=0.8_p=1_q=32_20260121-163926
6400,0.0,0.8,1,32,posthoc,fx,var,0.007572835,n=6400_bz=0_cv1=0.8_p=1_q=32_20260121-163926
6400,0.0,0.8,1,32,posthoc,fz,mspe,0.0034019276,n=6400_bz=0_cv1=0.8_p=1_q=32_20260121-163926
6400,0.0,0.8,1,32,posthoc,fz,bias2,0.00030231065,n=6400_bz=0_cv1=0.8_p=1_q=32_20260121-163926
6400,0.0,0.8,1,32,posthoc,fz,var,0.0030996168,n=6400_bz=0_cv1=0.8_p=1_q=32_20260121-163926
6400,0.0,0.8,1,32,posthoc,fr,mspe,0.033033576,n=6400_bz=0_cv1=0.8_p=1_q=32_20260121-163926
6400,0.0,0.8,1,32,posthoc,fr,bias2,0.025460744,n=6400_bz=0_cv1=0.8_p=1_q=32_20260121-163926
6400,0.0,0.8,1,32,posthoc,fr,var,0.007572835,n=6400_bz=0_cv1=0.8_p=1_q=32_20260121-163926
6400,0.0,0.8,1,32,posthoc_orth,y,mspe,0.6126886,n=6400_bz=0_cv1=0.8_p=1_q=32_20260121-163926
6400,0.0,0.8,1,32,posthoc_orth,y,bias2,0.6056196,n=6400_bz=0_cv1=0.8_p=1_q=32_20260121-163926
6400,0.0,0.8,1,32,posthoc_orth,y,var,0.0070689498,n=6400_bz=0_cv1=0.8_p=1_q=32_20260121-163926
6400,0.0,0.8,1,32,posthoc_orth,fx,mspe,0.024314102,n=6400_bz=0_cv1=0.8_p=1_q=32_20260121-163926
6400,0.0,0.8,1,32,posthoc_orth,fx,bias2,0.019618837,n=6400_bz=0_cv1=0.8_p=1_q=32_20260121-163926
6400,0.0,0.8,1,32,posthoc_orth,fx,var,0.0046952646,n=6400_bz=0_cv1=0.8_p=1_q=32_20260121-163926
6400,0.0,0.8,1,32,posthoc_orth,fz,mspe,0.020256124,n=6400_bz=0_cv1=0.8_p=1_q=32_20260121-163926
6400,0.0,0.8,1,32,posthoc_orth,fz,bias2,0.019093476,n=6400_bz=0_cv1=0.8_p=1_q=32_20260121-163926
6400,0.0,0.8,1,32,posthoc_orth,fz,var,0.0011626506,n=6400_bz=0_cv1=0.8_p=1_q=32_20260121-163926
6400,0.0,0.8,1,32,posthoc_orth,fr,mspe,0.0053299353,n=6400_bz=0_cv1=0.8_p=1_q=32_20260121-163926
6400,0.0,0.8,1,32,posthoc_orth,fr,bias2,0.00063467084,n=6400_bz=0_cv1=0.8_p=1_q=32_20260121-163926
6400,0.0,0.8,1,32,posthoc_orth,fr,var,0.0046952646,n=6400_bz=0_cv1=0.8_p=1_q=32_20260121-163926
6400,0.0,0.8,1,32,posthoc_web,y,mspe,0.8817709,n=6400_bz=0_cv1=0.8_p=1_q=32_20260121-163926
6400,0.0,0.8,1,32,posthoc_web,y,bias2,0.86712724,n=6400_bz=0_cv1=0.8_p=1_q=32_20260121-163926
6400,0.0,0.8,1,32,posthoc_web,y,var,0.014643599,n=6400_bz=0_cv1=0.8_p=1_q=32_20260121-163926
6400,0.0,0.8,1,32,posthoc_web,fx,mspe,0.023583628,n=6400_bz=0_cv1=0.8_p=1_q=32_20260121-163926
6400,0.0,0.8,1,32,posthoc_web,fx,bias2,0.020198394,n=6400_bz=0_cv1=0.8_p=1_q=32_20260121-163926
6400,0.0,0.8,1,32,posthoc_web,fx,var,0.0033852372,n=6400_bz=0_cv1=0.8_p=1_q=32_20260121-163926
6400,0.0,0.8,1,32,posthoc_web,fz,mspe,0.0,n=6400_bz=0_cv1=0.8_p=1_q=32_20260121-163926
6400,0.0,0.8,1,32,posthoc_web,fz,bias2,0.0,n=6400_bz=0_cv1=0.8_p=1_q=32_20260121-163926
6400,0.0,0.8,1,32,posthoc_web,fz,var,0.0,n=6400_bz=0_cv1=0.8_p=1_q=32_20260121-163926
6400,0.0,0.8,1,32,posthoc_web,fr,mspe,0.00492771,n=6400_bz=0_cv1=0.8_p=1_q=32_20260121-163926
6400,0.0,0.8,1,32,posthoc_web,fr,bias2,0.001542473,n=6400_bz=0_cv1=0.8_p=1_q=32_20260121-163926
6400,0.0,0.8,1,32,posthoc_web,fr,var,0.0033852372,n=6400_bz=0_cv1=0.8_p=1_q=32_20260121-163926
6400,1.5,0.8,1,32,base,y,mspe,0.7378647,n=6400_bz=1.5_cv1=0.8_p=1_q=32_20260122-011132
6400,1.5,0.8,1,32,base,y,bias2,0.7312917,n=6400_bz=1.5_cv1=0.8_p=1_q=32_20260122-011132
6400,1.5,0.8,1,32,base,y,var,0.0065729674,n=6400_bz=1.5_cv1=0.8_p=1_q=32_20260122-011132
6400,1.5,0.8,1,32,base,fx,mspe,0.16089241,n=6400_bz=1.5_cv1=0.8_p=1_q=32_20260122-011132
6400,1.5,0.8,1,32,base,fx,bias2,0.15602104,n=6400_bz=1.5_cv1=0.8_p=1_q=32_20260122-011132
6400,1.5,0.8,1,32,base,fx,var,0.004871372,n=6400_bz=1.5_cv1=0.8_p=1_q=32_20260122-011132
6400,1.5,0.8,1,32,base,fz,mspe,0.17539783,n=6400_bz=1.5_cv1=0.8_p=1_q=32_20260122-011132
6400,1.5,0.8,1,32,base,fz,bias2,0.17539783,n=6400_bz=1.5_cv1=0.8_p=1_q=32_20260122-011132
6400,1.5,0.8,1,32,base,fz,var,0.0,n=6400_bz=1.5_cv1=0.8_p=1_q=32_20260122-011132
6400,1.5,0.8,1,32,base,fr,mspe,0.28724247,n=6400_bz=1.5_cv1=0.8_p=1_q=32_20260122-011132
6400,1.5,0.8,1,32,base,fr,bias2,0.28237113,n=6400_bz=1.5_cv1=0.8_p=1_q=32_20260122-011132
6400,1.5,0.8,1,32,base,fr,var,0.004871372,n=6400_bz=1.5_cv1=0.8_p=1_q=32_20260122-011132
6400,1.5,0.8,1,32,posthoc,y,mspe,0.7650829,n=6400_bz=1.5_cv1=0.8_p=1_q=32_20260122-011132
6400,1.5,0.8,1,32,posthoc,y,bias2,0.75537753,n=6400_bz=1.5_cv1=0.8_p=1_q=32_20260122-011132
6400,1.5,0.8,1,32,posthoc,y,var,0.009705334,n=6400_bz=1.5_cv1=0.8_p=1_q=32_20260122-011132
6400,1.5,0.8,1,32,posthoc,fx,mspe,0.04242567,n=6400_bz=1.5_cv1=0.8_p=1_q=32_20260122-011132
6400,1.5,0.8,1,32,posthoc,fx,bias2,0.010730565,n=6400_bz=1.5_cv1=0.8_p=1_q=32_20260122-011132
6400,1.5,0.8,1,32,posthoc,fx,var,0.031695105,n=6400_bz=1.5_cv1=0.8_p=1_q=32_20260122-011132
6400,1.5,0.8,1,32,posthoc,fz,mspe,0.034955733,n=6400_bz=1.5_cv1=0.8_p=1_q=32_20260122-011132
6400,1.5,0.8,1,32,posthoc,fz,bias2,0.009309989,n=6400_bz=1.5_cv1=0.8_p=1_q=32_20260122-011132
6400,1.5,0.8,1,32,posthoc,fz,var,0.025645742,n=6400_bz=1.5_cv1=0.8_p=1_q=32_20260122-011132
6400,1.5,0.8,1,32,posthoc,fr,mspe,0.08911888,n=6400_bz=1.5_cv1=0.8_p=1_q=32_20260122-011132
6400,1.5,0.8,1,32,posthoc,fr,bias2,0.05742378,n=6400_bz=1.5_cv1=0.8_p=1_q=32_20260122-011132
6400,1.5,0.8,1,32,posthoc,fr,var,0.031695105,n=6400_bz=1.5_cv1=0.8_p=1_q=32_20260122-011132
6400,1.5,0.8,1,32,posthoc_orth,y,mspe,0.76493645,n=6400_bz=1.5_cv1=0.8_p=1_q=32_20260122-011132
6400,1.5,0.8,1,32,posthoc_orth,y,bias2,0.75538146,n=6400_bz=1.5_cv1=0.8_p=1_q=32_20260122-011132
6400,1.5,0.8,1,32,posthoc_orth,y,var,0.009555012,n=6400_bz=1.5_cv1=0.8_p=1_q=32_20260122-011132
6400,1.5,0.8,1,32,posthoc_orth,fx,mspe,0.027209606,n=6400_bz=1.5_cv1=0.8_p=1_q=32_20260122-011132
6400,1.5,0.8,1,32,posthoc_orth,fx,bias2,0.020236034,n=6400_bz=1.5_cv1=0.8_p=1_q=32_20260122-011132
6400,1.5,0.8,1,32,posthoc_orth,fx,var,0.0069735735,n=6400_bz=1.5_cv1=0.8_p=1_q=32_20260122-011132
6400,1.5,0.8,1,32,posthoc_orth,fz,mspe,0.020486591,n=6400_bz=1.5_cv1=0.8_p=1_q=32_20260122-011132
6400,1.5,0.8,1,32,posthoc_orth,fz,bias2,0.019207425,n=6400_bz=1.5_cv1=0.8_p=1_q=32_20260122-011132
6400,1.5,0.8,1,32,posthoc_orth,fz,var,0.0012791634,n=6400_bz=1.5_cv1=0.8_p=1_q=32_20260122-011132
6400,1.5,0.8,1,32,posthoc_orth,fr,mspe,0.008246297,n=6400_bz=1.5_cv1=0.8_p=1_q=32_20260122-011132
6400,1.5,0.8,1,32,posthoc_orth,fr,bias2,0.0012727237,n=6400_bz=1.5_cv1=0.8_p=1_q=32_20260122-011132
6400,1.5,0.8,1,32,posthoc_orth,fr,var,0.0069735735,n=6400_bz=1.5_cv1=0.8_p=1_q=32_20260122-011132
6400,1.5,0.8,1,32,posthoc_web,y,mspe,2.393956,n=6400_bz=1.5_cv1=0.8_p=1_q=32_20260122-011132
6400,1.5,0.8,1,32,posthoc_web,y,bias2,2.3788157,n=6400_bz=1.5_cv1=0.8_p=1_q=32_20260122-011132
6400,1.5,0.8,1,32,posthoc_web,y,var,0.0151404925,n=6400_bz=1.5_cv1=0.8_p=1_q=32_20260122-011132
6400,1.5,0.8,1,32,posthoc_web,fx,mspe,0.03273346,n=6400_bz=1.5_cv1=0.8_p=1_q=32_20260122-011132
6400,1.5,0.8,1,32,posthoc_web,fx,bias2,0.028770441,n=6400_bz=1.5_cv1=0.8_p=1_q=32_20260122-011132
6400,1.5,0.8,1,32,posthoc_web,fx,var,0.0039630164,n=6400_bz=1.5_cv1=0.8_p=1_q=32_20260122-011132
6400,1.5,0.8,1,32,posthoc_web,fz,mspe,0.17539783,n=6400_bz=1.5_cv1=0.8_p=1_q=32_20260122-011132
6400,1.5,0.8,1,32,posthoc_web,fz,bias2,0.17539783,n=6400_bz=1.5_cv1=0.8_p=1_q=32_20260122-011132
6400,1.5,0.8,1,32,posthoc_web,fz,var,0.0,n=6400_bz=1.5_cv1=0.8_p=1_q=32_20260122-011132
6400,1.5,0.8,1,32,posthoc_web,fr,mspe,0.013487541,n=6400_bz=1.5_cv1=0.8_p=1_q=32_20260122-011132
6400,1.5,0.8,1,32,posthoc_web,fr,bias2,0.009524524,n=6400_bz=1.5_cv1=0.8_p=1_q=32_20260122-011132
6400,1.5,0.8,1,32,posthoc_web,fr,var,0.0039630164,n=6400_bz=1.5_cv1=0.8_p=1_q=32_20260122-011132
6400,1.0,0.8,1,32,base,y,mspe,0.6664965,n=6400_bz=1_cv1=0.8_p=1_q=32_20260121-222044
6400,1.0,0.8,1,32,base,y,bias2,0.660029,n=6400_bz=1_cv1=0.8_p=1_q=32_20260121-222044
6400,1.0,0.8,1,32,base,y,var,0.0064675584,n=6400_bz=1_cv1=0.8_p=1_q=32_20260121-222044
6400,1.0,0.8,1,32,base,fx,mspe,0.074990615,n=6400_bz=1_cv1=0.8_p=1_q=32_20260121-222044
6400,1.0,0.8,1,32,base,fx,bias2,0.0703544,n=6400_bz=1_cv1=0.8_p=1_q=32_20260121-222044
6400,1.0,0.8,1,32,base,fx,var,0.004636208,n=6400_bz=1_cv1=0.8_p=1_q=32_20260121-222044
6400,1.0,0.8,1,32,base,fz,mspe,0.07795459,n=6400_bz=1_cv1=0.8_p=1_q=32_20260121-222044
6400,1.0,0.8,1,32,base,fz,bias2,0.07795459,n=6400_bz=1_cv1=0.8_p=1_q=32_20260121-222044
6400,1.0,0.8,1,32,base,fz,var,0.0,n=6400_bz=1_cv1=0.8_p=1_q=32_20260121-222044
6400,1.0,0.8,1,32,base,fr,mspe,0.16597866,n=6400_bz=1_cv1=0.8_p=1_q=32_20260121-222044
6400,1.0,0.8,1,32,base,fr,bias2,0.16134247,n=6400_bz=1_cv1=0.8_p=1_q=32_20260121-222044
6400,1.0,0.8,1,32,base,fr,var,0.004636208,n=6400_bz=1_cv1=0.8_p=1_q=32_20260121-222044
6400,1.0,0.8,1,32,posthoc,y,mspe,0.692252,n=6400_bz=1_cv1=0.8_p=1_q=32_20260121-222044
6400,1.0,0.8,1,32,posthoc,y,bias2,0.6840645,n=6400_bz=1_cv1=0.8_p=1_q=32_20260121-222044
6400,1.0,0.8,1,32,posthoc,y,var,0.008187468,n=6400_bz=1_cv1=0.8_p=1_q=32_20260121-222044
6400,1.0,0.8,1,32,posthoc,fx,mspe,0.042012323,n=6400_bz=1_cv1=0.8_p=1_q=32_20260121-222044
6400,1.0,0.8,1,32,posthoc,fx,bias2,0.019163925,n=6400_bz=1_cv1=0.8_p=1_q=32_20260121-222044
6400,1.0,0.8,1,32,posthoc,fx,var,0.022848401,n=6400_bz=1_cv1=0.8_p=1_q=32_20260121-222044
6400,1.0,0.8,1,32,posthoc,fz,mspe,0.035336103,n=6400_bz=1_cv1=0.8_p=1_q=32_20260121-222044
6400,1.0,0.8,1,32,posthoc,fz,bias2,0.016874153,n=6400_bz=1_cv1=0.8_p=1_q=32_20260121-222044
6400,1.0,0.8,1,32,posthoc,fz,var,0.018461948,n=6400_bz=1_cv1=0.8_p=1_q=32_20260121-222044
6400,1.0,0.8,1,32,posthoc,fr,mspe,0.09832917,n=6400_bz=1_cv1=0.8_p=1_q=32_20260121-222044
6400,1.0,0.8,1,32,posthoc,fr,bias2,0.075480774,n=6400_bz=1_cv1=0.8_p=1_q=32_20260121-222044
6400,1.0,0.8,1,32,posthoc,fr,var,0.022848401,n=6400_bz=1_cv1=0.8_p=1_q=32_20260121-222044
6400,1.0,0.8,1,32,posthoc_orth,y,mspe,0.69288164,n=6400_bz=1_cv1=0.8_p=1_q=32_20260121-222044
6400,1.0,0.8,1,32,posthoc_orth,y,bias2,0.6843645,n=6400_bz=1_cv1=0.8_p=1_q=32_20260121-222044
6400,1.0,0.8,1,32,posthoc_orth,y,var,0.008517128,n=6400_bz=1_cv1=0.8_p=1_q=32_20260121-222044
6400,1.0,0.8,1,32,posthoc_orth,fx,mspe,0.026628667,n=6400_bz=1_cv1=0.8_p=1_q=32_20260121-222044
6400,1.0,0.8,1,32,posthoc_orth,fx,bias2,0.020530527,n=6400_bz=1_cv1=0.8_p=1_q=32_20260121-222044
6400,1.0,0.8,1,32,posthoc_orth,fx,var,0.0060981424,n=6400_bz=1_cv1=0.8_p=1_q=32_20260121-222044
6400,1.0,0.8,1,32,posthoc_orth,fz,mspe,0.020822985,n=6400_bz=1_cv1=0.8_p=1_q=32_20260121-222044
6400,1.0,0.8,1,32,posthoc_orth,fz,bias2,0.01960251,n=6400_bz=1_cv1=0.8_p=1_q=32_20260121-222044
6400,1.0,0.8,1,32,posthoc_orth,fz,var,0.0012204761,n=6400_bz=1_cv1=0.8_p=1_q=32_20260121-222044
6400,1.0,0.8,1,32,posthoc_orth,fr,mspe,0.007606859,n=6400_bz=1_cv1=0.8_p=1_q=32_20260121-222044
6400,1.0,0.8,1,32,posthoc_orth,fr,bias2,0.0015087159,n=6400_bz=1_cv1=0.8_p=1_q=32_20260121-222044
6400,1.0,0.8,1,32,posthoc_orth,fr,var,0.0060981424,n=6400_bz=1_cv1=0.8_p=1_q=32_20260121-222044
6400,1.0,0.8,1,32,posthoc_web,y,mspe,1.7700984,n=6400_bz=1_cv1=0.8_p=1_q=32_20260121-222044
6400,1.0,0.8,1,32,posthoc_web,y,bias2,1.7559012,n=6400_bz=1_cv1=0.8_p=1_q=32_20260121-222044
6400,1.0,0.8,1,32,posthoc_web,y,var,0.014197263,n=6400_bz=1_cv1=0.8_p=1_q=32_20260121-222044
6400,1.0,0.8,1,32,posthoc_web,fx,mspe,0.027659344,n=6400_bz=1_cv1=0.8_p=1_q=32_20260121-222044
6400,1.0,0.8,1,32,posthoc_web,fx,bias2,0.023878507,n=6400_bz=1_cv1=0.8_p=1_q=32_20260121-222044
6400,1.0,0.8,1,32,posthoc_web,fx,var,0.0037808341,n=6400_bz=1_cv1=0.8_p=1_q=32_20260121-222044
6400,1.0,0.8,1,32,posthoc_web,fz,mspe,0.07795459,n=6400_bz=1_cv1=0.8_p=1_q=32_20260121-222044
6400,1.0,0.8,1,32,posthoc_web,fz,bias2,0.07795459,n=6400_bz=1_cv1=0.8_p=1_q=32_20260121-222044
6400,1.0,0.8,1,32,posthoc_web,fz,var,0.0,n=6400_bz=1_cv1=0.8_p=1_q=32_20260121-222044
6400,1.0,0.8,1,32,posthoc_web,fr,mspe,0.008554181,n=6400_bz=1_cv1=0.8_p=1_q=32_20260121-222044
6400,1.0,0.8,1,32,posthoc_web,fr,bias2,0.0047733462,n=6400_bz=1_cv1=0.8_p=1_q=32_20260121-222044
6400,1.0,0.8,1,32,posthoc_web,fr,var,0.0037808341,n=6400_bz=1_cv1=0.8_p=1_q=32_20260121-222044
6400,2.5,0.8,1,32,base,y,mspe,0.95651376,n=6400_bz=2.5_cv1=0.8_p=1_q=32_20260122-065500
6400,2.5,0.8,1,32,base,y,bias2,0.9479792,n=6400_bz=2.5_cv1=0.8_p=1_q=32_20260122-065500
6400,2.5,0.8,1,32,base,y,var,0.00853457,n=6400_bz=2.5_cv1=0.8_p=1_q=32_20260122-065500
6400,2.5,0.8,1,32,base,fx,mspe,0.44901866,n=6400_bz=2.5_cv1=0.8_p=1_q=32_20260122-065500
6400,2.5,0.8,1,32,base,fx,bias2,0.44236434,n=6400_bz=2.5_cv1=0.8_p=1_q=32_20260122-065500
6400,2.5,0.8,1,32,base,fx,var,0.0066543035,n=6400_bz=2.5_cv1=0.8_p=1_q=32_20260122-065500
6400,2.5,0.8,1,32,base,fz,mspe,0.4872162,n=6400_bz=2.5_cv1=0.8_p=1_q=32_20260122-065500
6400,2.5,0.8,1,32,base,fz,bias2,0.48721617,n=6400_bz=2.5_cv1=0.8_p=1_q=32_20260122-065500
6400,2.5,0.8,1,32,base,fz,var,0.0,n=6400_bz=2.5_cv1=0.8_p=1_q=32_20260122-065500
6400,2.5,0.8,1,32,base,fr,mspe,0.64874345,n=6400_bz=2.5_cv1=0.8_p=1_q=32_20260122-065500
6400,2.5,0.8,1,32,base,fr,bias2,0.6420891,n=6400_bz=2.5_cv1=0.8_p=1_q=32_20260122-065500
6400,2.5,0.8,1,32,base,fr,var,0.0066543035,n=6400_bz=2.5_cv1=0.8_p=1_q=32_20260122-065500
6400,2.5,0.8,1,32,posthoc,y,mspe,1.0087951,n=6400_bz=2.5_cv1=0.8_p=1_q=32_20260122-065500
6400,2.5,0.8,1,32,posthoc,y,bias2,0.9985041,n=6400_bz=2.5_cv1=0.8_p=1_q=32_20260122-065500
6400,2.5,0.8,1,32,posthoc,y,var,0.010291011,n=6400_bz=2.5_cv1=0.8_p=1_q=32_20260122-065500
6400,2.5,0.8,1,32,posthoc,fx,mspe,0.034715924,n=6400_bz=2.5_cv1=0.8_p=1_q=32_20260122-065500
6400,2.5,0.8,1,32,posthoc,fx,bias2,0.004537901,n=6400_bz=2.5_cv1=0.8_p=1_q=32_20260122-065500
6400,2.5,0.8,1,32,posthoc,fx,var,0.030178024,n=6400_bz=2.5_cv1=0.8_p=1_q=32_20260122-065500
6400,2.5,0.8,1,32,posthoc,fz,mspe,0.029130602,n=6400_bz=2.5_cv1=0.8_p=1_q=32_20260122-065500
6400,2.5,0.8,1,32,posthoc,fz,bias2,0.0034862387,n=6400_bz=2.5_cv1=0.8_p=1_q=32_20260122-065500
6400,2.5,0.8,1,32,posthoc,fz,var,0.025644366,n=6400_bz=2.5_cv1=0.8_p=1_q=32_20260122-065500
6400,2.5,0.8,1,32,posthoc,fr,mspe,0.07143485,n=6400_bz=2.5_cv1=0.8_p=1_q=32_20260122-065500
6400,2.5,0.8,1,32,posthoc,fr,bias2,0.04125683,n=6400_bz=2.5_cv1=0.8_p=1_q=32_20260122-065500
6400,2.5,0.8,1,32,posthoc,fr,var,0.030178024,n=6400_bz=2.5_cv1=0.8_p=1_q=32_20260122-065500
6400,2.5,0.8,1,32,posthoc_orth,y,mspe,1.0092897,n=6400_bz=2.5_cv1=0.8_p=1_q=32_20260122-065500
6400,2.5,0.8,1,32,posthoc_orth,y,bias2,0.9988014,n=6400_bz=2.5_cv1=0.8_p=1_q=32_20260122-065500
6400,2.5,0.8,1,32,posthoc_orth,y,var,0.010488272,n=6400_bz=2.5_cv1=0.8_p=1_q=32_20260122-065500
6400,2.5,0.8,1,32,posthoc_orth,fx,mspe,0.02755736,n=6400_bz=2.5_cv1=0.8_p=1_q=32_20260122-065500
6400,2.5,0.8,1,32,posthoc_orth,fx,bias2,0.019811867,n=6400_bz=2.5_cv1=0.8_p=1_q=32_20260122-065500
6400,2.5,0.8,1,32,posthoc_orth,fx,var,0.0077454955,n=6400_bz=2.5_cv1=0.8_p=1_q=32_20260122-065500
6400,2.5,0.8,1,32,posthoc_orth,fz,mspe,0.021409959,n=6400_bz=2.5_cv1=0.8_p=1_q=32_20260122-065500
6400,2.5,0.8,1,32,posthoc_orth,fz,bias2,0.0199007,n=6400_bz=2.5_cv1=0.8_p=1_q=32_20260122-065500
6400,2.5,0.8,1,32,posthoc_orth,fz,var,0.0015092558,n=6400_bz=2.5_cv1=0.8_p=1_q=32_20260122-065500
6400,2.5,0.8,1,32,posthoc_orth,fr,mspe,0.008464878,n=6400_bz=2.5_cv1=0.8_p=1_q=32_20260122-065500
6400,2.5,0.8,1,32,posthoc_orth,fr,bias2,0.0007193822,n=6400_bz=2.5_cv1=0.8_p=1_q=32_20260122-065500
6400,2.5,0.8,1,32,posthoc_orth,fr,var,0.0077454955,n=6400_bz=2.5_cv1=0.8_p=1_q=32_20260122-065500
6400,2.5,0.8,1,32,posthoc_web,y,mspe,3.945679,n=6400_bz=2.5_cv1=0.8_p=1_q=32_20260122-065500
6400,2.5,0.8,1,32,posthoc_web,y,bias2,3.929448,n=6400_bz=2.5_cv1=0.8_p=1_q=32_20260122-065500
6400,2.5,0.8,1,32,posthoc_web,y,var,0.016230533,n=6400_bz=2.5_cv1=0.8_p=1_q=32_20260122-065500
6400,2.5,0.8,1,32,posthoc_web,fx,mspe,0.050431762,n=6400_bz=2.5_cv1=0.8_p=1_q=32_20260122-065500
6400,2.5,0.8,1,32,posthoc_web,fx,bias2,0.04525457,n=6400_bz=2.5_cv1=0.8_p=1_q=32_20260122-065500
6400,2.5,0.8,1,32,posthoc_web,fx,var,0.005177193,n=6400_bz=2.5_cv1=0.8_p=1_q=32_20260122-065500
6400,2.5,0.8,1,32,posthoc_web,fz,mspe,0.4872162,n=6400_bz=2.5_cv1=0.8_p=1_q=32_20260122-065500
6400,2.5,0.8,1,32,posthoc_web,fz,bias2,0.48721617,n=6400_bz=2.5_cv1=0.8_p=1_q=32_20260122-065500
6400,2.5,0.8,1,32,posthoc_web,fz,var,0.0,n=6400_bz=2.5_cv1=0.8_p=1_q=32_20260122-065500
6400,2.5,0.8,1,32,posthoc_web,fr,mspe,0.030796075,n=6400_bz=2.5_cv1=0.8_p=1_q=32_20260122-065500
6400,2.5,0.8,1,32,posthoc_web,fr,bias2,0.02561888,n=6400_bz=2.5_cv1=0.8_p=1_q=32_20260122-065500
6400,2.5,0.8,1,32,posthoc_web,fr,var,0.005177193,n=6400_bz=2.5_cv1=0.8_p=1_q=32_20260122-065500
6400,2.0,0.8,1,32,base,y,mspe,0.8265084,n=6400_bz=2_cv1=0.8_p=1_q=32_20260122-040151
6400,2.0,0.8,1,32,base,y,bias2,0.8189811,n=6400_bz=2_cv1=0.8_p=1_q=32_20260122-040151
6400,2.0,0.8,1,32,base,y,var,0.007527304,n=6400_bz=2_cv1=0.8_p=1_q=32_20260122-040151
6400,2.0,0.8,1,32,base,fx,mspe,0.28309754,n=6400_bz=2_cv1=0.8_p=1_q=32_20260122-040151
6400,2.0,0.8,1,32,base,fx,bias2,0.27748296,n=6400_bz=2_cv1=0.8_p=1_q=32_20260122-040151
6400,2.0,0.8,1,32,base,fx,var,0.005614585,n=6400_bz=2_cv1=0.8_p=1_q=32_20260122-040151
6400,2.0,0.8,1,32,base,fz,mspe,0.31181836,n=6400_bz=2_cv1=0.8_p=1_q=32_20260122-040151
6400,2.0,0.8,1,32,base,fz,bias2,0.31181836,n=6400_bz=2_cv1=0.8_p=1_q=32_20260122-040151
6400,2.0,0.8,1,32,base,fz,var,0.0,n=6400_bz=2_cv1=0.8_p=1_q=32_20260122-040151
6400,2.0,0.8,1,32,base,fr,mspe,0.44525397,n=6400_bz=2_cv1=0.8_p=1_q=32_20260122-040151
6400,2.0,0.8,1,32,base,fr,bias2,0.43963936,n=6400_bz=2_cv1=0.8_p=1_q=32_20260122-040151
6400,2.0,0.8,1,32,base,fr,var,0.005614585,n=6400_bz=2_cv1=0.8_p=1_q=32_20260122-040151
6400,2.0,0.8,1,32,posthoc,y,mspe,0.8697549,n=6400_bz=2_cv1=0.8_p=1_q=32_20260122-040151
6400,2.0,0.8,1,32,posthoc,y,bias2,0.8595771,n=6400_bz=2_cv1=0.8_p=1_q=32_20260122-040151
6400,2.0,0.8,1,32,posthoc,y,var,0.010177686,n=6400_bz=2_cv1=0.8_p=1_q=32_20260122-040151
6400,2.0,0.8,1,32,posthoc,fx,mspe,0.037905708,n=6400_bz=2_cv1=0.8_p=1_q=32_20260122-040151
6400,2.0,0.8,1,32,posthoc,fx,bias2,0.005776867,n=6400_bz=2_cv1=0.8_p=1_q=32_20260122-040151
6400,2.0,0.8,1,32,posthoc,fx,var,0.03212884,n=6400_bz=2_cv1=0.8_p=1_q=32_20260122-040151
6400,2.0,0.8,1,32,posthoc,fz,mspe,0.03142741,n=6400_bz=2_cv1=0.8_p=1_q=32_20260122-040151
6400,2.0,0.8,1,32,posthoc,fz,bias2,0.0046477113,n=6400_bz=2_cv1=0.8_p=1_q=32_20260122-040151
6400,2.0,0.8,1,32,posthoc,fz,var,0.0267797,n=6400_bz=2_cv1=0.8_p=1_q=32_20260122-040151
6400,2.0,0.8,1,32,posthoc,fr,mspe,0.076993905,n=6400_bz=2_cv1=0.8_p=1_q=32_20260122-040151
6400,2.0,0.8,1,32,posthoc,fr,bias2,0.044865064,n=6400_bz=2_cv1=0.8_p=1_q=32_20260122-040151
6400,2.0,0.8,1,32,posthoc,fr,var,0.03212884,n=6400_bz=2_cv1=0.8_p=1_q=32_20260122-040151
6400,2.0,0.8,1,32,posthoc_orth,y,mspe,0.8693447,n=6400_bz=2_cv1=0.8_p=1_q=32_20260122-040151
6400,2.0,0.8,1,32,posthoc_orth,y,bias2,0.85927606,n=6400_bz=2_cv1=0.8_p=1_q=32_20260122-040151
6400,2.0,0.8,1,32,posthoc_orth,y,var,0.010068671,n=6400_bz=2_cv1=0.8_p=1_q=32_20260122-040151
6400,2.0,0.8,1,32,posthoc_orth,fx,mspe,0.02741176,n=6400_bz=2_cv1=0.8_p=1_q=32_20260122-040151
6400,2.0,0.8,1,32,posthoc_orth,fx,bias2,0.019931685,n=6400_bz=2_cv1=0.8_p=1_q=32_20260122-040151
6400,2.0,0.8,1,32,posthoc_orth,fx,var,0.007480078,n=6400_bz=2_cv1=0.8_p=1_q=32_20260122-040151
6400,2.0,0.8,1,32,posthoc_orth,fz,mspe,0.020831488,n=6400_bz=2_cv1=0.8_p=1_q=32_20260122-040151
6400,2.0,0.8,1,32,posthoc_orth,fz,bias2,0.019558508,n=6400_bz=2_cv1=0.8_p=1_q=32_20260122-040151
6400,2.0,0.8,1,32,posthoc_orth,fz,var,0.0012729825,n=6400_bz=2_cv1=0.8_p=1_q=32_20260122-040151
6400,2.0,0.8,1,32,posthoc_orth,fr,mspe,0.008400106,n=6400_bz=2_cv1=0.8_p=1_q=32_20260122-040151
6400,2.0,0.8,1,32,posthoc_orth,fr,bias2,0.00092002767,n=6400_bz=2_cv1=0.8_p=1_q=32_20260122-040151
6400,2.0,0.8,1,32,posthoc_orth,fr,var,0.007480078,n=6400_bz=2_cv1=0.8_p=1_q=32_20260122-040151
6400,2.0,0.8,1,32,posthoc_web,y,mspe,3.0919735,n=6400_bz=2_cv1=0.8_p=1_q=32_20260122-040151
6400,2.0,0.8,1,32,posthoc_web,y,bias2,3.0748498,n=6400_bz=2_cv1=0.8_p=1_q=32_20260122-040151
6400,2.0,0.8,1,32,posthoc_web,y,var,0.017123478,n=6400_bz=2_cv1=0.8_p=1_q=32_20260122-040151
6400,2.0,0.8,1,32,posthoc_web,fx,mspe,0.040250283,n=6400_bz=2_cv1=0.8_p=1_q=32_20260122-040151
6400,2.0,0.8,1,32,posthoc_web,fx,bias2,0.035787195,n=6400_bz=2_cv1=0.8_p=1_q=32_20260122-040151
6400,2.0,0.8,1,32,posthoc_web,fx,var,0.0044630896,n=6400_bz=2_cv1=0.8_p=1_q=32_20260122-040151
6400,2.0,0.8,1,32,posthoc_web,fz,mspe,0.31181836,n=6400_bz=2_cv1=0.8_p=1_q=32_20260122-040151
6400,2.0,0.8,1,32,posthoc_web,fz,bias2,0.31181836,n=6400_bz=2_cv1=0.8_p=1_q=32_20260122-040151
6400,2.0,0.8,1,32,posthoc_web,fz,var,0.0,n=6400_bz=2_cv1=0.8_p=1_q=32_20260122-040151
6400,2.0,0.8,1,32,posthoc_web,fr,mspe,0.020825913,n=6400_bz=2_cv1=0.8_p=1_q=32_20260122-040151
6400,2.0,0.8,1,32,posthoc_web,fr,bias2,0.016362824,n=6400_bz=2_cv1=0.8_p=1_q=32_20260122-040151
6400,2.0,0.8,1,32,posthoc_web,fr,var,0.0044630896,n=6400_bz=2_cv1=0.8_p=1_q=32_20260122-040151
6400,3.5,0.8,1,32,base,y,mspe,1.2571311,n=6400_bz=3.5_cv1=0.8_p=1_q=32_20260122-130551
6400,3.5,0.8,1,32,base,y,bias2,1.247435,n=6400_bz=3.5_cv1=0.8_p=1_q=32_20260122-130551
6400,3.5,0.8,1,32,base,y,var,0.00969614,n=6400_bz=3.5_cv1=0.8_p=1_q=32_20260122-130551
6400,3.5,0.8,1,32,base,fx,mspe,0.87065214,n=6400_bz=3.5_cv1=0.8_p=1_q=32_20260122-130551
6400,3.5,0.8,1,32,base,fx,bias2,0.86286116,n=6400_bz=3.5_cv1=0.8_p=1_q=32_20260122-130551
6400,3.5,0.8,1,32,base,fx,var,0.007791075,n=6400_bz=3.5_cv1=0.8_p=1_q=32_20260122-130551
6400,3.5,0.8,1,32,base,fz,mspe,0.9549438,n=6400_bz=3.5_cv1=0.8_p=1_q=32_20260122-130551
6400,3.5,0.8,1,32,base,fz,bias2,0.95494384,n=6400_bz=3.5_cv1=0.8_p=1_q=32_20260122-130551
6400,3.5,0.8,1,32,base,fz,var,0.0,n=6400_bz=3.5_cv1=0.8_p=1_q=32_20260122-130551
6400,3.5,0.8,1,32,base,fr,mspe,1.1419643,n=6400_bz=3.5_cv1=0.8_p=1_q=32_20260122-130551
6400,3.5,0.8,1,32,base,fr,bias2,1.1341733,n=6400_bz=3.5_cv1=0.8_p=1_q=32_20260122-130551
6400,3.5,0.8,1,32,base,fr,var,0.007791075,n=6400_bz=3.5_cv1=0.8_p=1_q=32_20260122-130551
6400,3.5,0.8,1,32,posthoc,y,mspe,1.3550533,n=6400_bz=3.5_cv1=0.8_p=1_q=32_20260122-130551
6400,3.5,0.8,1,32,posthoc,y,bias2,1.3431686,n=6400_bz=3.5_cv1=0.8_p=1_q=32_20260122-130551
6400,3.5,0.8,1,32,posthoc,y,var,0.011884714,n=6400_bz=3.5_cv1=0.8_p=1_q=32_20260122-130551
6400,3.5,0.8,1,32,posthoc,fx,mspe,0.03352706,n=6400_bz=3.5_cv1=0.8_p=1_q=32_20260122-130551
6400,3.5,0.8,1,32,posthoc,fx,bias2,0.004001026,n=6400_bz=3.5_cv1=0.8_p=1_q=32_20260122-130551
6400,3.5,0.8,1,32,posthoc,fx,var,0.029526038,n=6400_bz=3.5_cv1=0.8_p=1_q=32_20260122-130551
6400,3.5,0.8,1,32,posthoc,fz,mspe,0.027685251,n=6400_bz=3.5_cv1=0.8_p=1_q=32_20260122-130551
6400,3.5,0.8,1,32,posthoc,fz,bias2,0.0027360036,n=6400_bz=3.5_cv1=0.8_p=1_q=32_20260122-130551
6400,3.5,0.8,1,32,posthoc,fz,var,0.024949245,n=6400_bz=3.5_cv1=0.8_p=1_q=32_20260122-130551
6400,3.5,0.8,1,32,posthoc,fr,mspe,0.068716556,n=6400_bz=3.5_cv1=0.8_p=1_q=32_20260122-130551
6400,3.5,0.8,1,32,posthoc,fr,bias2,0.039190516,n=6400_bz=3.5_cv1=0.8_p=1_q=32_20260122-130551
6400,3.5,0.8,1,32,posthoc,fr,var,0.029526038,n=6400_bz=3.5_cv1=0.8_p=1_q=32_20260122-130551
6400,3.5,0.8,1,32,posthoc_orth,y,mspe,1.3551644,n=6400_bz=3.5_cv1=0.8_p=1_q=32_20260122-130551
6400,3.5,0.8,1,32,posthoc_orth,y,bias2,1.3432714,n=6400_bz=3.5_cv1=0.8_p=1_q=32_20260122-130551
6400,3.5,0.8,1,32,posthoc_orth,y,var,0.011893155,n=6400_bz=3.5_cv1=0.8_p=1_q=32_20260122-130551
6400,3.5,0.8,1,32,posthoc_orth,fx,mspe,0.028332999,n=6400_bz=3.5_cv1=0.8_p=1_q=32_20260122-130551
6400,3.5,0.8,1,32,posthoc_orth,fx,bias2,0.019905508,n=6400_bz=3.5_cv1=0.8_p=1_q=32_20260122-130551
6400,3.5,0.8,1,32,posthoc_orth,fx,var,0.0084274905,n=6400_bz=3.5_cv1=0.8_p=1_q=32_20260122-130551
6400,3.5,0.8,1,32,posthoc_orth,fz,mspe,0.022280427,n=6400_bz=3.5_cv1=0.8_p=1_q=32_20260122-130551
6400,3.5,0.8,1,32,posthoc_orth,fz,bias2,0.020187438,n=6400_bz=3.5_cv1=0.8_p=1_q=32_20260122-130551
6400,3.5,0.8,1,32,posthoc_orth,fz,var,0.0020929896,n=6400_bz=3.5_cv1=0.8_p=1_q=32_20260122-130551
6400,3.5,0.8,1,32,posthoc_orth,fr,mspe,0.009293391,n=6400_bz=3.5_cv1=0.8_p=1_q=32_20260122-130551
6400,3.5,0.8,1,32,posthoc_orth,fr,bias2,0.0008659016,n=6400_bz=3.5_cv1=0.8_p=1_q=32_20260122-130551
6400,3.5,0.8,1,32,posthoc_orth,fr,var,0.0084274905,n=6400_bz=3.5_cv1=0.8_p=1_q=32_20260122-130551
6400,3.5,0.8,1,32,posthoc_web,y,mspe,5.8813524,n=6400_bz=3.5_cv1=0.8_p=1_q=32_20260122-130551
6400,3.5,0.8,1,32,posthoc_web,y,bias2,5.864535,n=6400_bz=3.5_cv1=0.8_p=1_q=32_20260122-130551
6400,3.5,0.8,1,32,posthoc_web,y,var,0.016817573,n=6400_bz=3.5_cv1=0.8_p=1_q=32_20260122-130551
6400,3.5,0.8,1,32,posthoc_web,fx,mspe,0.0751965,n=6400_bz=3.5_cv1=0.8_p=1_q=32_20260122-130551
6400,3.5,0.8,1,32,posthoc_web,fx,bias2,0.069101095,n=6400_bz=3.5_cv1=0.8_p=1_q=32_20260122-130551
6400,3.5,0.8,1,32,posthoc_web,fx,var,0.006095405,n=6400_bz=3.5_cv1=0.8_p=1_q=32_20260122-130551
6400,3.5,0.8,1,32,posthoc_web,fz,mspe,0.9549438,n=6400_bz=3.5_cv1=0.8_p=1_q=32_20260122-130551
6400,3.5,0.8,1,32,posthoc_web,fz,bias2,0.95494384,n=6400_bz=3.5_cv1=0.8_p=1_q=32_20260122-130551
6400,3.5,0.8,1,32,posthoc_web,fz,var,0.0,n=6400_bz=3.5_cv1=0.8_p=1_q=32_20260122-130551
6400,3.5,0.8,1,32,posthoc_web,fr,mspe,0.055414904,n=6400_bz=3.5_cv1=0.8_p=1_q=32_20260122-130551
6400,3.5,0.8,1,32,posthoc_web,fr,bias2,0.049319506,n=6400_bz=3.5_cv1=0.8_p=1_q=32_20260122-130551
6400,3.5,0.8,1,32,posthoc_web,fr,var,0.006095405,n=6400_bz=3.5_cv1=0.8_p=1_q=32_20260122-130551
6400,3.0,0.8,1,32,base,y,mspe,1.097728,n=6400_bz=3_cv1=0.8_p=1_q=32_20260122-094929
6400,3.0,0.8,1,32,base,y,bias2,1.0885662,n=6400_bz=3_cv1=0.8_p=1_q=32_20260122-094929
6400,3.0,0.8,1,32,base,y,var,0.009161832,n=6400_bz=3_cv1=0.8_p=1_q=32_20260122-094929
6400,3.0,0.8,1,32,base,fx,mspe,0.6463813,n=6400_bz=3_cv1=0.8_p=1_q=32_20260122-094929
6400,3.0,0.8,1,32,base,fx,bias2,0.6393167,n=6400_bz=3_cv1=0.8_p=1_q=32_20260122-094929
6400,3.0,0.8,1,32,base,fx,var,0.0070646363,n=6400_bz=3_cv1=0.8_p=1_q=32_20260122-094929
6400,3.0,0.8,1,32,base,fz,mspe,0.7015913,n=6400_bz=3_cv1=0.8_p=1_q=32_20260122-094929
6400,3.0,0.8,1,32,base,fz,bias2,0.7015913,n=6400_bz=3_cv1=0.8_p=1_q=32_20260122-094929
6400,3.0,0.8,1,32,base,fz,var,0.0,n=6400_bz=3_cv1=0.8_p=1_q=32_20260122-094929
6400,3.0,0.8,1,32,base,fr,mspe,0.88261133,n=6400_bz=3_cv1=0.8_p=1_q=32_20260122-094929
6400,3.0,0.8,1,32,base,fr,bias2,0.8755466,n=6400_bz=3_cv1=0.8_p=1_q=32_20260122-094929
6400,3.0,0.8,1,32,base,fr,var,0.0070646363,n=6400_bz=3_cv1=0.8_p=1_q=32_20260122-094929
6400,3.0,0.8,1,32,posthoc,y,mspe,1.1657941,n=6400_bz=3_cv1=0.8_p=1_q=32_20260122-094929
6400,3.0,0.8,1,32,posthoc,y,bias2,1.1546276,n=6400_bz=3_cv1=0.8_p=1_q=32_20260122-094929
6400,3.0,0.8,1,32,posthoc,y,var,0.011166546,n=6400_bz=3_cv1=0.8_p=1_q=32_20260122-094929
6400,3.0,0.8,1,32,posthoc,fx,mspe,0.034207143,n=6400_bz=3_cv1=0.8_p=1_q=32_20260122-094929
6400,3.0,0.8,1,32,posthoc,fx,bias2,0.004178603,n=6400_bz=3_cv1=0.8_p=1_q=32_20260122-094929
6400,3.0,0.8,1,32,posthoc,fx,var,0.03002854,n=6400_bz=3_cv1=0.8_p=1_q=32_20260122-094929
6400,3.0,0.8,1,32,posthoc,fz,mspe,0.028420106,n=6400_bz=3_cv1=0.8_p=1_q=32_20260122-094929
6400,3.0,0.8,1,32,posthoc,fz,bias2,0.0030629642,n=6400_bz=3_cv1=0.8_p=1_q=32_20260122-094929
6400,3.0,0.8,1,32,posthoc,fz,var,0.02535714,n=6400_bz=3_cv1=0.8_p=1_q=32_20260122-094929
6400,3.0,0.8,1,32,posthoc,fr,mspe,0.07000459,n=6400_bz=3_cv1=0.8_p=1_q=32_20260122-094929
6400,3.0,0.8,1,32,posthoc,fr,bias2,0.039976053,n=6400_bz=3_cv1=0.8_p=1_q=32_20260122-094929
6400,3.0,0.8,1,32,posthoc,fr,var,0.03002854,n=6400_bz=3_cv1=0.8_p=1_q=32_20260122-094929
6400,3.0,0.8,1,32,posthoc_orth,y,mspe,1.1656344,n=6400_bz=3_cv1=0.8_p=1_q=32_20260122-094929
6400,3.0,0.8,1,32,posthoc_orth,y,bias2,1.1544731,n=6400_bz=3_cv1=0.8_p=1_q=32_20260122-094929
6400,3.0,0.8,1,32,posthoc_orth,y,var,0.011161274,n=6400_bz=3_cv1=0.8_p=1_q=32_20260122-094929
6400,3.0,0.8,1,32,posthoc_orth,fx,mspe,0.027885102,n=6400_bz=3_cv1=0.8_p=1_q=32_20260122-094929
6400,3.0,0.8,1,32,posthoc_orth,fx,bias2,0.019848771,n=6400_bz=3_cv1=0.8_p=1_q=32_20260122-094929
6400,3.0,0.8,1,32,posthoc_orth,fx,var,0.008036332,n=6400_bz=3_cv1=0.8_p=1_q=32_20260122-094929
6400,3.0,0.8,1,32,posthoc_orth,fz,mspe,0.021646474,n=6400_bz=3_cv1=0.8_p=1_q=32_20260122-094929
6400,3.0,0.8,1,32,posthoc_orth,fz,bias2,0.01995,n=6400_bz=3_cv1=0.8_p=1_q=32_20260122-094929
6400,3.0,0.8,1,32,posthoc_orth,fz,var,0.0016964716,n=6400_bz=3_cv1=0.8_p=1_q=32_20260122-094929
6400,3.0,0.8,1,32,posthoc_orth,fr,mspe,0.008802117,n=6400_bz=3_cv1=0.8_p=1_q=32_20260122-094929
6400,3.0,0.8,1,32,posthoc_orth,fr,bias2,0.000765785,n=6400_bz=3_cv1=0.8_p=1_q=32_20260122-094929
6400,3.0,0.8,1,32,posthoc_orth,fr,var,0.008036332,n=6400_bz=3_cv1=0.8_p=1_q=32_20260122-094929
6400,3.0,0.8,1,32,posthoc_web,y,mspe,4.871045,n=6400_bz=3_cv1=0.8_p=1_q=32_20260122-094929
6400,3.0,0.8,1,32,posthoc_web,y,bias2,4.8543653,n=6400_bz=3_cv1=0.8_p=1_q=32_20260122-094929
6400,3.0,0.8,1,32,posthoc_web,y,var,0.01667961,n=6400_bz=3_cv1=0.8_p=1_q=32_20260122-094929
6400,3.0,0.8,1,32,posthoc_web,fx,mspe,0.061945703,n=6400_bz=3_cv1=0.8_p=1_q=32_20260122-094929
6400,3.0,0.8,1,32,posthoc_web,fx,bias2,0.05634442,n=6400_bz=3_cv1=0.8_p=1_q=32_20260122-094929
6400,3.0,0.8,1,32,posthoc_web,fx,var,0.0056012915,n=6400_bz=3_cv1=0.8_p=1_q=32_20260122-094929
6400,3.0,0.8,1,32,posthoc_web,fz,mspe,0.7015913,n=6400_bz=3_cv1=0.8_p=1_q=32_20260122-094929
6400,3.0,0.8,1,32,posthoc_web,fz,bias2,0.7015913,n=6400_bz=3_cv1=0.8_p=1_q=32_20260122-094929
6400,3.0,0.8,1,32,posthoc_web,fz,var,0.0,n=6400_bz=3_cv1=0.8_p=1_q=32_20260122-094929
6400,3.0,0.8,1,32,posthoc_web,fr,mspe,0.04226097,n=6400_bz=3_cv1=0.8_p=1_q=32_20260122-094929
6400,3.0,0.8,1,32,posthoc_web,fr,bias2,0.03665968,n=6400_bz=3_cv1=0.8_p=1_q=32_20260122-094929
6400,3.0,0.8,1,32,posthoc_web,fr,var,0.0056012915,n=6400_bz=3_cv1=0.8_p=1_q=32_20260122-094929
6400,4.0,0.8,1,32,base,y,mspe,1.4776208,n=6400_bz=4_cv1=0.8_p=1_q=32_20260122-162941
6400,4.0,0.8,1,32,base,y,bias2,1.4665201,n=6400_bz=4_cv1=0.8_p=1_q=32_20260122-162941
6400,4.0,0.8,1,32,base,y,var,0.011101023,n=6400_bz=4_cv1=0.8_p=1_q=32_20260122-162941
6400,4.0,0.8,1,32,base,fx,mspe,1.1446936,n=6400_bz=4_cv1=0.8_p=1_q=32_20260122-162941
6400,4.0,0.8,1,32,base,fx,bias2,1.1358279,n=6400_bz=4_cv1=0.8_p=1_q=32_20260122-162941
6400,4.0,0.8,1,32,base,fx,var,0.008865747,n=6400_bz=4_cv1=0.8_p=1_q=32_20260122-162941
6400,4.0,0.8,1,32,base,fz,mspe,1.2472734,n=6400_bz=4_cv1=0.8_p=1_q=32_20260122-162941
6400,4.0,0.8,1,32,base,fz,bias2,1.2472734,n=6400_bz=4_cv1=0.8_p=1_q=32_20260122-162941
6400,4.0,0.8,1,32,base,fz,var,0.0,n=6400_bz=4_cv1=0.8_p=1_q=32_20260122-162941
6400,4.0,0.8,1,32,base,fr,mspe,1.4531323,n=6400_bz=4_cv1=0.8_p=1_q=32_20260122-162941
6400,4.0,0.8,1,32,base,fr,bias2,1.4442663,n=6400_bz=4_cv1=0.8_p=1_q=32_20260122-162941
6400,4.0,0.8,1,32,base,fr,var,0.008865747,n=6400_bz=4_cv1=0.8_p=1_q=32_20260122-162941
6400,4.0,0.8,1,32,posthoc,y,mspe,1.5950248,n=6400_bz=4_cv1=0.8_p=1_q=32_20260122-162941
6400,4.0,0.8,1,32,posthoc,y,bias2,1.5819534,n=6400_bz=4_cv1=0.8_p=1_q=32_20260122-162941
6400,4.0,0.8,1,32,posthoc,y,var,0.013071421,n=6400_bz=4_cv1=0.8_p=1_q=32_20260122-162941
6400,4.0,0.8,1,32,posthoc,fx,mspe,0.036131628,n=6400_bz=4_cv1=0.8_p=1_q=32_20260122-162941
6400,4.0,0.8,1,32,posthoc,fx,bias2,0.0033550365,n=6400_bz=4_cv1=0.8_p=1_q=32_20260122-162941
6400,4.0,0.8,1,32,posthoc,fx,var,0.032776594,n=6400_bz=4_cv1=0.8_p=1_q=32_20260122-162941
6400,4.0,0.8,1,32,posthoc,fz,mspe,0.030324567,n=6400_bz=4_cv1=0.8_p=1_q=32_20260122-162941
6400,4.0,0.8,1,32,posthoc,fz,bias2,0.002084487,n=6400_bz=4_cv1=0.8_p=1_q=32_20260122-162941
6400,4.0,0.8,1,32,posthoc,fz,var,0.02824008,n=6400_bz=4_cv1=0.8_p=1_q=32_20260122-162941
6400,4.0,0.8,1,32,posthoc,fr,mspe,0.06974143,n=6400_bz=4_cv1=0.8_p=1_q=32_20260122-162941
6400,4.0,0.8,1,32,posthoc,fr,bias2,0.036964837,n=6400_bz=4_cv1=0.8_p=1_q=32_20260122-162941
6400,4.0,0.8,1,32,posthoc,fr,var,0.032776594,n=6400_bz=4_cv1=0.8_p=1_q=32_20260122-162941
6400,4.0,0.8,1,32,posthoc_orth,y,mspe,1.5947931,n=6400_bz=4_cv1=0.8_p=1_q=32_20260122-162941
6400,4.0,0.8,1,32,posthoc_orth,y,bias2,1.5817112,n=6400_bz=4_cv1=0.8_p=1_q=32_20260122-162941
6400,4.0,0.8,1,32,posthoc_orth,y,var,0.013081967,n=6400_bz=4_cv1=0.8_p=1_q=32_20260122-162941
6400,4.0,0.8,1,32,posthoc_orth,fx,mspe,0.028759748,n=6400_bz=4_cv1=0.8_p=1_q=32_20260122-162941
6400,4.0,0.8,1,32,posthoc_orth,fx,bias2,0.019794649,n=6400_bz=4_cv1=0.8_p=1_q=32_20260122-162941
6400,4.0,0.8,1,32,posthoc_orth,fx,var,0.008965097,n=6400_bz=4_cv1=0.8_p=1_q=32_20260122-162941
6400,4.0,0.8,1,32,posthoc_orth,fz,mspe,0.022844894,n=6400_bz=4_cv1=0.8_p=1_q=32_20260122-162941
6400,4.0,0.8,1,32,posthoc_orth,fz,bias2,0.02038023,n=6400_bz=4_cv1=0.8_p=1_q=32_20260122-162941
6400,4.0,0.8,1,32,posthoc_orth,fz,var,0.002464663,n=6400_bz=4_cv1=0.8_p=1_q=32_20260122-162941
6400,4.0,0.8,1,32,posthoc_orth,fr,mspe,0.00978254,n=6400_bz=4_cv1=0.8_p=1_q=32_20260122-162941
6400,4.0,0.8,1,32,posthoc_orth,fr,bias2,0.000817443,n=6400_bz=4_cv1=0.8_p=1_q=32_20260122-162941
6400,4.0,0.8,1,32,posthoc_orth,fr,var,0.008965097,n=6400_bz=4_cv1=0.8_p=1_q=32_20260122-162941
6400,4.0,0.8,1,32,posthoc_web,y,mspe,7.0226436,n=6400_bz=4_cv1=0.8_p=1_q=32_20260122-162941
6400,4.0,0.8,1,32,posthoc_web,y,bias2,7.001594,n=6400_bz=4_cv1=0.8_p=1_q=32_20260122-162941
6400,4.0,0.8,1,32,posthoc_web,y,var,0.02104971,n=6400_bz=4_cv1=0.8_p=1_q=32_20260122-162941
6400,4.0,0.8,1,32,posthoc_web,fx,mspe,0.091329105,n=6400_bz=4_cv1=0.8_p=1_q=32_20260122-162941
6400,4.0,0.8,1,32,posthoc_web,fx,bias2,0.08451197,n=6400_bz=4_cv1=0.8_p=1_q=32_20260122-162941
6400,4.0,0.8,1,32,posthoc_web,fx,var,0.006817139,n=6400_bz=4_cv1=0.8_p=1_q=32_20260122-162941
6400,4.0,0.8,1,32,posthoc_web,fz,mspe,1.2472734,n=6400_bz=4_cv1=0.8_p=1_q=32_20260122-162941
6400,4.0,0.8,1,32,posthoc_web,fz,bias2,1.2472734,n=6400_bz=4_cv1=0.8_p=1_q=32_20260122-162941
6400,4.0,0.8,1,32,posthoc_web,fz,var,0.0,n=6400_bz=4_cv1=0.8_p=1_q=32_20260122-162941
6400,4.0,0.8,1,32,posthoc_web,fr,mspe,0.07154486,n=6400_bz=4_cv1=0.8_p=1_q=32_20260122-162941
6400,4.0,0.8,1,32,posthoc_web,fr,bias2,0.06472772,n=6400_bz=4_cv1=0.8_p=1_q=32_20260122-162941
6400,4.0,0.8,1,32,posthoc_web,fr,var,0.006817139,n=6400_bz=4_cv1=0.8_p=1_q=32_20260122-162941
800,0.5,0.8,1,32,base,y,mspe,0.6169486,n=800_bz=0.5_cv1=0.8_p=1_q=32_20260121-190110
800,0.5,0.8,1,32,base,y,bias2,0.5839151,n=800_bz=0.5_cv1=0.8_p=1_q=32_20260121-190110
800,0.5,0.8,1,32,base,y,var,0.033033505,n=800_bz=0.5_cv1=0.8_p=1_q=32_20260121-190110
800,0.5,0.8,1,32,base,fx,mspe,0.039574377,n=800_bz=0.5_cv1=0.8_p=1_q=32_20260121-190110
800,0.5,0.8,1,32,base,fx,bias2,0.014291928,n=800_bz=0.5_cv1=0.8_p=1_q=32_20260121-190110
800,0.5,0.8,1,32,base,fx,var,0.025282446,n=800_bz=0.5_cv1=0.8_p=1_q=32_20260121-190110
800,0.5,0.8,1,32,base,fz,mspe,0.019488648,n=800_bz=0.5_cv1=0.8_p=1_q=32_20260121-190110
800,0.5,0.8,1,32,base,fz,bias2,0.019488648,n=800_bz=0.5_cv1=0.8_p=1_q=32_20260121-190110
800,0.5,0.8,1,32,base,fz,var,0.0,n=800_bz=0.5_cv1=0.8_p=1_q=32_20260121-190110
800,0.5,0.8,1,32,base,fr,mspe,0.08638863,n=800_bz=0.5_cv1=0.8_p=1_q=32_20260121-190110
800,0.5,0.8,1,32,base,fr,bias2,0.061106186,n=800_bz=0.5_cv1=0.8_p=1_q=32_20260121-190110
800,0.5,0.8,1,32,base,fr,var,0.025282446,n=800_bz=0.5_cv1=0.8_p=1_q=32_20260121-190110
800,0.5,0.8,1,32,posthoc,y,mspe,0.6237273,n=800_bz=0.5_cv1=0.8_p=1_q=32_20260121-190110
800,0.5,0.8,1,32,posthoc,y,bias2,0.5778081,n=800_bz=0.5_cv1=0.8_p=1_q=32_20260121-190110
800,0.5,0.8,1,32,posthoc,y,var,0.045919225,n=800_bz=0.5_cv1=0.8_p=1_q=32_20260121-190110
800,0.5,0.8,1,32,posthoc,fx,mspe,0.053883906,n=800_bz=0.5_cv1=0.8_p=1_q=32_20260121-190110
800,0.5,0.8,1,32,posthoc,fx,bias2,0.009906544,n=800_bz=0.5_cv1=0.8_p=1_q=32_20260121-190110
800,0.5,0.8,1,32,posthoc,fx,var,0.04397736,n=800_bz=0.5_cv1=0.8_p=1_q=32_20260121-190110
800,0.5,0.8,1,32,posthoc,fz,mspe,0.03420489,n=800_bz=0.5_cv1=0.8_p=1_q=32_20260121-190110
800,0.5,0.8,1,32,posthoc,fz,bias2,0.006698901,n=800_bz=0.5_cv1=0.8_p=1_q=32_20260121-190110
800,0.5,0.8,1,32,posthoc,fz,var,0.027505985,n=800_bz=0.5_cv1=0.8_p=1_q=32_20260121-190110
800,0.5,0.8,1,32,posthoc,fr,mspe,0.091313064,n=800_bz=0.5_cv1=0.8_p=1_q=32_20260121-190110
800,0.5,0.8,1,32,posthoc,fr,bias2,0.04733571,n=800_bz=0.5_cv1=0.8_p=1_q=32_20260121-190110
800,0.5,0.8,1,32,posthoc,fr,var,0.04397736,n=800_bz=0.5_cv1=0.8_p=1_q=32_20260121-190110
800,0.5,0.8,1,32,posthoc_orth,y,mspe,0.62417245,n=800_bz=0.5_cv1=0.8_p=1_q=32_20260121-190110
800,0.5,0.8,1,32,posthoc_orth,y,bias2,0.57908607,n=800_bz=0.5_cv1=0.8_p=1_q=32_20260121-190110
800,0.5,0.8,1,32,posthoc_orth,y,var,0.04508642,n=800_bz=0.5_cv1=0.8_p=1_q=32_20260121-190110
800,0.5,0.8,1,32,posthoc_orth,fx,mspe,0.04638386,n=800_bz=0.5_cv1=0.8_p=1_q=32_20260121-190110
800,0.5,0.8,1,32,posthoc_orth,fx,bias2,0.024306227,n=800_bz=0.5_cv1=0.8_p=1_q=32_20260121-190110
800,0.5,0.8,1,32,posthoc_orth,fx,var,0.022077637,n=800_bz=0.5_cv1=0.8_p=1_q=32_20260121-190110
800,0.5,0.8,1,32,posthoc_orth,fz,mspe,0.024709042,n=800_bz=0.5_cv1=0.8_p=1_q=32_20260121-190110
800,0.5,0.8,1,32,posthoc_orth,fz,bias2,0.014310601,n=800_bz=0.5_cv1=0.8_p=1_q=32_20260121-190110
800,0.5,0.8,1,32,posthoc_orth,fz,var,0.010398442,n=800_bz=0.5_cv1=0.8_p=1_q=32_20260121-190110
800,0.5,0.8,1,32,posthoc_orth,fr,mspe,0.027635291,n=800_bz=0.5_cv1=0.8_p=1_q=32_20260121-190110
800,0.5,0.8,1,32,posthoc_orth,fr,bias2,0.005557655,n=800_bz=0.5_cv1=0.8_p=1_q=32_20260121-190110
800,0.5,0.8,1,32,posthoc_orth,fr,var,0.022077637,n=800_bz=0.5_cv1=0.8_p=1_q=32_20260121-190110
800,0.5,0.8,1,32,posthoc_web,y,mspe,1.2016358,n=800_bz=0.5_cv1=0.8_p=1_q=32_20260121-190110
800,0.5,0.8,1,32,posthoc_web,y,bias2,1.1164784,n=800_bz=0.5_cv1=0.8_p=1_q=32_20260121-190110
800,0.5,0.8,1,32,posthoc_web,y,var,0.085157484,n=800_bz=0.5_cv1=0.8_p=1_q=32_20260121-190110
800,0.5,0.8,1,32,posthoc_web,fx,mspe,0.04000278,n=800_bz=0.5_cv1=0.8_p=1_q=32_20260121-190110
800,0.5,0.8,1,32,posthoc_web,fx,bias2,0.023512697,n=800_bz=0.5_cv1=0.8_p=1_q=32_20260121-190110
800,0.5,0.8,1,32,posthoc_web,fx,var,0.01649008,n=800_bz=0.5_cv1=0.8_p=1_q=32_20260121-190110
800,0.5,0.8,1,32,posthoc_web,fz,mspe,0.019488648,n=800_bz=0.5_cv1=0.8_p=1_q=32_20260121-190110
800,0.5,0.8,1,32,posthoc_web,fz,bias2,0.019488648,n=800_bz=0.5_cv1=0.8_p=1_q=32_20260121-190110
800,0.5,0.8,1,32,posthoc_web,fz,var,0.0,n=800_bz=0.5_cv1=0.8_p=1_q=32_20260121-190110
800,0.5,0.8,1,32,posthoc_web,fr,mspe,0.021205677,n=800_bz=0.5_cv1=0.8_p=1_q=32_20260121-190110
800,0.5,0.8,1,32,posthoc_web,fr,bias2,0.004715597,n=800_bz=0.5_cv1=0.8_p=1_q=32_20260121-190110
800,0.5,0.8,1,32,posthoc_web,fr,var,0.01649008,n=800_bz=0.5_cv1=0.8_p=1_q=32_20260121-190110
800,0.0,0.8,1,32,base,y,mspe,0.5760575,n=800_bz=0_cv1=0.8_p=1_q=32_20260121-160602
800,0.0,0.8,1,32,base,y,bias2,0.5449906,n=800_bz=0_cv1=0.8_p=1_q=32_20260121-160602
800,0.0,0.8,1,32,base,y,var,0.031066889,n=800_bz=0_cv1=0.8_p=1_q=32_20260121-160602
800,0.0,0.8,1,32,base,fx,mspe,0.03130878,n=800_bz=0_cv1=0.8_p=1_q=32_20260121-160602
800,0.0,0.8,1,32,base,fx,bias2,0.007289392,n=800_bz=0_cv1=0.8_p=1_q=32_20260121-160602
800,0.0,0.8,1,32,base,fx,var,0.024019388,n=800_bz=0_cv1=0.8_p=1_q=32_20260121-160602
800,0.0,0.8,1,32,base,fz,mspe,0.0,n=800_bz=0_cv1=0.8_p=1_q=32_20260121-160602
800,0.0,0.8,1,32,base,fz,bias2,0.0,n=800_bz=0_cv1=0.8_p=1_q=32_20260121-160602
800,0.0,0.8,1,32,base,fz,var,0.0,n=800_bz=0_cv1=0.8_p=1_q=32_20260121-160602
800,0.0,0.8,1,32,base,fr,mspe,0.043484516,n=800_bz=0_cv1=0.8_p=1_q=32_20260121-160602
800,0.0,0.8,1,32,base,fr,bias2,0.019465124,n=800_bz=0_cv1=0.8_p=1_q=32_20260121-160602
800,0.0,0.8,1,32,base,fr,var,0.024019388,n=800_bz=0_cv1=0.8_p=1_q=32_20260121-160602
800,0.0,0.8,1,32,posthoc,y,mspe,0.59640193,n=800_bz=0_cv1=0.8_p=1_q=32_20260121-160602
800,0.0,0.8,1,32,posthoc,y,bias2,0.54816586,n=800_bz=0_cv1=0.8_p=1_q=32_20260121-160602
800,0.0,0.8,1,32,posthoc,y,var,0.048236094,n=800_bz=0_cv1=0.8_p=1_q=32_20260121-160602
800,0.0,0.8,1,32,posthoc,fx,mspe,0.05785553,n=800_bz=0_cv1=0.8_p=1_q=32_20260121-160602
800,0.0,0.8,1,32,posthoc,fx,bias2,0.005853287,n=800_bz=0_cv1=0.8_p=1_q=32_20260121-160602
800,0.0,0.8,1,32,posthoc,fx,var,0.052002247,n=800_bz=0_cv1=0.8_p=1_q=32_20260121-160602
800,0.0,0.8,1,32,posthoc,fz,mspe,0.030738965,n=800_bz=0_cv1=0.8_p=1_q=32_20260121-160602
800,0.0,0.8,1,32,posthoc,fz,bias2,2.284727e-05,n=800_bz=0_cv1=0.8_p=1_q=32_20260121-160602
800,0.0,0.8,1,32,posthoc,fz,var,0.030716114,n=800_bz=0_cv1=0.8_p=1_q=32_20260121-160602
800,0.0,0.8,1,32,posthoc,fr,mspe,0.07408662,n=800_bz=0_cv1=0.8_p=1_q=32_20260121-160602
800,0.0,0.8,1,32,posthoc,fr,bias2,0.022084374,n=800_bz=0_cv1=0.8_p=1_q=32_20260121-160602
800,0.0,0.8,1,32,posthoc,fr,var,0.052002247,n=800_bz=0_cv1=0.8_p=1_q=32_20260121-160602
800,0.0,0.8,1,32,posthoc_orth,y,mspe,0.5962027,n=800_bz=0_cv1=0.8_p=1_q=32_20260121-160602
800,0.0,0.8,1,32,posthoc_orth,y,bias2,0.5474781,n=800_bz=0_cv1=0.8_p=1_q=32_20260121-160602
800,0.0,0.8,1,32,posthoc_orth,y,var,0.048724595,n=800_bz=0_cv1=0.8_p=1_q=32_20260121-160602
800,0.0,0.8,1,32,posthoc_orth,fx,mspe,0.05167076,n=800_bz=0_cv1=0.8_p=1_q=32_20260121-160602
800,0.0,0.8,1,32,posthoc_orth,fx,bias2,0.024701929,n=800_bz=0_cv1=0.8_p=1_q=32_20260121-160602
800,0.0,0.8,1,32,posthoc_orth,fx,var,0.02696883,n=800_bz=0_cv1=0.8_p=1_q=32_20260121-160602
800,0.0,0.8,1,32,posthoc_orth,fz,mspe,0.02391408,n=800_bz=0_cv1=0.8_p=1_q=32_20260121-160602
800,0.0,0.8,1,32,posthoc_orth,fz,bias2,0.014422876,n=800_bz=0_cv1=0.8_p=1_q=32_20260121-160602
800,0.0,0.8,1,32,posthoc_orth,fz,var,0.009491203,n=800_bz=0_cv1=0.8_p=1_q=32_20260121-160602
800,0.0,0.8,1,32,posthoc_orth,fr,mspe,0.03310576,n=800_bz=0_cv1=0.8_p=1_q=32_20260121-160602
800,0.0,0.8,1,32,posthoc_orth,fr,bias2,0.006136933,n=800_bz=0_cv1=0.8_p=1_q=32_20260121-160602
800,0.0,0.8,1,32,posthoc_orth,fr,var,0.02696883,n=800_bz=0_cv1=0.8_p=1_q=32_20260121-160602
800,0.0,0.8,1,32,posthoc_web,y,mspe,0.8047109,n=800_bz=0_cv1=0.8_p=1_q=32_20260121-160602
800,0.0,0.8,1,32,posthoc_web,y,bias2,0.7348595,n=800_bz=0_cv1=0.8_p=1_q=32_20260121-160602
800,0.0,0.8,1,32,posthoc_web,y,var,0.069851466,n=800_bz=0_cv1=0.8_p=1_q=32_20260121-160602
800,0.0,0.8,1,32,posthoc_web,fx,mspe,0.04277578,n=800_bz=0_cv1=0.8_p=1_q=32_20260121-160602
800,0.0,0.8,1,32,posthoc_web,fx,bias2,0.025177501,n=800_bz=0_cv1=0.8_p=1_q=32_20260121-160602
800,0.0,0.8,1,32,posthoc_web,fx,var,0.017598279,n=800_bz=0_cv1=0.8_p=1_q=32_20260121-160602
800,0.0,0.8,1,32,posthoc_web,fz,mspe,0.0,n=800_bz=0_cv1=0.8_p=1_q=32_20260121-160602
800,0.0,0.8,1,32,posthoc_web,fz,bias2,0.0,n=800_bz=0_cv1=0.8_p=1_q=32_20260121-160602
800,0.0,0.8,1,32,posthoc_web,fz,var,0.0,n=800_bz=0_cv1=0.8_p=1_q=32_20260121-160602
800,0.0,0.8,1,32,posthoc_web,fr,mspe,0.024209967,n=800_bz=0_cv1=0.8_p=1_q=32_20260121-160602
800,0.0,0.8,1,32,posthoc_web,fr,bias2,0.006611688,n=800_bz=0_cv1=0.8_p=1_q=32_20260121-160602
800,0.0,0.8,1,32,posthoc_web,fr,var,0.017598279,n=800_bz=0_cv1=0.8_p=1_q=32_20260121-160602
800,1.5,0.8,1,32,base,y,mspe,0.71360725,n=800_bz=1.5_cv1=0.8_p=1_q=32_20260122-004030
800,1.5,0.8,1,32,base,y,bias2,0.6808268,n=800_bz=1.5_cv1=0.8_p=1_q=32_20260122-004030
800,1.5,0.8,1,32,base,y,var,0.03278042,n=800_bz=1.5_cv1=0.8_p=1_q=32_20260122-004030
800,1.5,0.8,1,32,base,fx,mspe,0.15534393,n=800_bz=1.5_cv1=0.8_p=1_q=32_20260122-004030
800,1.5,0.8,1,32,base,fx,bias2,0.13064833,n=800_bz=1.5_cv1=0.8_p=1_q=32_20260122-004030
800,1.5,0.8,1,32,base,fx,var,0.024695603,n=800_bz=1.5_cv1=0.8_p=1_q=32_20260122-004030
800,1.5,0.8,1,32,base,fz,mspe,0.17539783,n=800_bz=1.5_cv1=0.8_p=1_q=32_20260122-004030
800,1.5,0.8,1,32,base,fz,bias2,0.17539783,n=800_bz=1.5_cv1=0.8_p=1_q=32_20260122-004030
800,1.5,0.8,1,32,base,fz,var,0.0,n=800_bz=1.5_cv1=0.8_p=1_q=32_20260122-004030
800,1.5,0.8,1,32,base,fr,mspe,0.2719171,n=800_bz=1.5_cv1=0.8_p=1_q=32_20260122-004030
800,1.5,0.8,1,32,base,fr,bias2,0.24722153,n=800_bz=1.5_cv1=0.8_p=1_q=32_20260122-004030
800,1.5,0.8,1,32,base,fr,var,0.024695603,n=800_bz=1.5_cv1=0.8_p=1_q=32_20260122-004030
800,1.5,0.8,1,32,posthoc,y,mspe,0.7347138,n=800_bz=1.5_cv1=0.8_p=1_q=32_20260122-004030
800,1.5,0.8,1,32,posthoc,y,bias2,0.6835709,n=800_bz=1.5_cv1=0.8_p=1_q=32_20260122-004030
800,1.5,0.8,1,32,posthoc,y,var,0.05114288,n=800_bz=1.5_cv1=0.8_p=1_q=32_20260122-004030
800,1.5,0.8,1,32,posthoc,fx,mspe,0.107811905,n=800_bz=1.5_cv1=0.8_p=1_q=32_20260122-004030
800,1.5,0.8,1,32,posthoc,fx,bias2,0.02355703,n=800_bz=1.5_cv1=0.8_p=1_q=32_20260122-004030
800,1.5,0.8,1,32,posthoc,fx,var,0.08425487,n=800_bz=1.5_cv1=0.8_p=1_q=32_20260122-004030
800,1.5,0.8,1,32,posthoc,fz,mspe,0.10063629,n=800_bz=1.5_cv1=0.8_p=1_q=32_20260122-004030
800,1.5,0.8,1,32,posthoc,fz,bias2,0.023513556,n=800_bz=1.5_cv1=0.8_p=1_q=32_20260122-004030
800,1.5,0.8,1,32,posthoc,fz,var,0.07712273,n=800_bz=1.5_cv1=0.8_p=1_q=32_20260122-004030
800,1.5,0.8,1,32,posthoc,fr,mspe,0.16366372,n=800_bz=1.5_cv1=0.8_p=1_q=32_20260122-004030
800,1.5,0.8,1,32,posthoc,fr,bias2,0.079408854,n=800_bz=1.5_cv1=0.8_p=1_q=32_20260122-004030
800,1.5,0.8,1,32,posthoc,fr,var,0.08425487,n=800_bz=1.5_cv1=0.8_p=1_q=32_20260122-004030
800,1.5,0.8,1,32,posthoc_orth,y,mspe,0.73671895,n=800_bz=1.5_cv1=0.8_p=1_q=32_20260122-004030
800,1.5,0.8,1,32,posthoc_orth,y,bias2,0.686733,n=800_bz=1.5_cv1=0.8_p=1_q=32_20260122-004030
800,1.5,0.8,1,32,posthoc_orth,y,var,0.049985945,n=800_bz=1.5_cv1=0.8_p=1_q=32_20260122-004030
800,1.5,0.8,1,32,posthoc_orth,fx,mspe,0.049328577,n=800_bz=1.5_cv1=0.8_p=1_q=32_20260122-004030
800,1.5,0.8,1,32,posthoc_orth,fx,bias2,0.025285752,n=800_bz=1.5_cv1=0.8_p=1_q=32_20260122-004030
800,1.5,0.8,1,32,posthoc_orth,fx,var,0.024042822,n=800_bz=1.5_cv1=0.8_p=1_q=32_20260122-004030
800,1.5,0.8,1,32,posthoc_orth,fz,mspe,0.025944348,n=800_bz=1.5_cv1=0.8_p=1_q=32_20260122-004030
800,1.5,0.8,1,32,posthoc_orth,fz,bias2,0.013405711,n=800_bz=1.5_cv1=0.8_p=1_q=32_20260122-004030
800,1.5,0.8,1,32,posthoc_orth,fz,var,0.012538637,n=800_bz=1.5_cv1=0.8_p=1_q=32_20260122-004030
800,1.5,0.8,1,32,posthoc_orth,fr,mspe,0.030239807,n=800_bz=1.5_cv1=0.8_p=1_q=32_20260122-004030
800,1.5,0.8,1,32,posthoc_orth,fr,bias2,0.006196984,n=800_bz=1.5_cv1=0.8_p=1_q=32_20260122-004030
800,1.5,0.8,1,32,posthoc_orth,fr,var,0.024042822,n=800_bz=1.5_cv1=0.8_p=1_q=32_20260122-004030
800,1.5,0.8,1,32,posthoc_web,y,mspe,2.1909683,n=800_bz=1.5_cv1=0.8_p=1_q=32_20260122-004030
800,1.5,0.8,1,32,posthoc_web,y,bias2,2.1151817,n=800_bz=1.5_cv1=0.8_p=1_q=32_20260122-004030
800,1.5,0.8,1,32,posthoc_web,y,var,0.075786576,n=800_bz=1.5_cv1=0.8_p=1_q=32_20260122-004030
800,1.5,0.8,1,32,posthoc_web,fx,mspe,0.046540875,n=800_bz=1.5_cv1=0.8_p=1_q=32_20260122-004030
800,1.5,0.8,1,32,posthoc_web,fx,bias2,0.029802013,n=800_bz=1.5_cv1=0.8_p=1_q=32_20260122-004030
800,1.5,0.8,1,32,posthoc_web,fx,var,0.016738864,n=800_bz=1.5_cv1=0.8_p=1_q=32_20260122-004030
800,1.5,0.8,1,32,posthoc_web,fz,mspe,0.17539783,n=800_bz=1.5_cv1=0.8_p=1_q=32_20260122-004030
800,1.5,0.8,1,32,posthoc_web,fz,bias2,0.17539783,n=800_bz=1.5_cv1=0.8_p=1_q=32_20260122-004030
800,1.5,0.8,1,32,posthoc_web,fz,var,0.0,n=800_bz=1.5_cv1=0.8_p=1_q=32_20260122-004030
800,1.5,0.8,1,32,posthoc_web,fr,mspe,0.02648626,n=800_bz=1.5_cv1=0.8_p=1_q=32_20260122-004030
800,1.5,0.8,1,32,posthoc_web,fr,bias2,0.009747397,n=800_bz=1.5_cv1=0.8_p=1_q=32_20260122-004030
800,1.5,0.8,1,32,posthoc_web,fr,var,0.016738864,n=800_bz=1.5_cv1=0.8_p=1_q=32_20260122-004030
800,1.0,0.8,1,32,base,y,mspe,0.6574659,n=800_bz=1_cv1=0.8_p=1_q=32_20260121-214941
800,1.0,0.8,1,32,base,y,bias2,0.621293,n=800_bz=1_cv1=0.8_p=1_q=32_20260121-214941
800,1.0,0.8,1,32,base,y,var,0.03617286,n=800_bz=1_cv1=0.8_p=1_q=32_20260121-214941
800,1.0,0.8,1,32,base,fx,mspe,0.08455232,n=800_bz=1_cv1=0.8_p=1_q=32_20260121-214941
800,1.0,0.8,1,32,base,fx,bias2,0.056885187,n=800_bz=1_cv1=0.8_p=1_q=32_20260121-214941
800,1.0,0.8,1,32,base,fx,var,0.027667133,n=800_bz=1_cv1=0.8_p=1_q=32_20260121-214941
800,1.0,0.8,1,32,base,fz,mspe,0.07795459,n=800_bz=1_cv1=0.8_p=1_q=32_20260121-214941
800,1.0,0.8,1,32,base,fz,bias2,0.07795459,n=800_bz=1_cv1=0.8_p=1_q=32_20260121-214941
800,1.0,0.8,1,32,base,fz,var,0.0,n=800_bz=1_cv1=0.8_p=1_q=32_20260121-214941
800,1.0,0.8,1,32,base,fr,mspe,0.16710427,n=800_bz=1_cv1=0.8_p=1_q=32_20260121-214941
800,1.0,0.8,1,32,base,fr,bias2,0.13943714,n=800_bz=1_cv1=0.8_p=1_q=32_20260121-214941
800,1.0,0.8,1,32,base,fr,var,0.027667133,n=800_bz=1_cv1=0.8_p=1_q=32_20260121-214941
800,1.0,0.8,1,32,posthoc,y,mspe,0.66818124,n=800_bz=1_cv1=0.8_p=1_q=32_20260121-214941
800,1.0,0.8,1,32,posthoc,y,bias2,0.6175899,n=800_bz=1_cv1=0.8_p=1_q=32_20260121-214941
800,1.0,0.8,1,32,posthoc,y,var,0.05059135,n=800_bz=1_cv1=0.8_p=1_q=32_20260121-214941
800,1.0,0.8,1,32,posthoc,fx,mspe,0.07537557,n=800_bz=1_cv1=0.8_p=1_q=32_20260121-214941
800,1.0,0.8,1,32,posthoc,fx,bias2,0.018632973,n=800_bz=1_cv1=0.8_p=1_q=32_20260121-214941
800,1.0,0.8,1,32,posthoc,fx,var,0.056742597,n=800_bz=1_cv1=0.8_p=1_q=32_20260121-214941
800,1.0,0.8,1,32,posthoc,fz,mspe,0.06458533,n=800_bz=1_cv1=0.8_p=1_q=32_20260121-214941
800,1.0,0.8,1,32,posthoc,fz,bias2,0.016833058,n=800_bz=1_cv1=0.8_p=1_q=32_20260121-214941
800,1.0,0.8,1,32,posthoc,fz,var,0.047752272,n=800_bz=1_cv1=0.8_p=1_q=32_20260121-214941
800,1.0,0.8,1,32,posthoc,fr,mspe,0.12586154,n=800_bz=1_cv1=0.8_p=1_q=32_20260121-214941
800,1.0,0.8,1,32,posthoc,fr,bias2,0.06911895,n=800_bz=1_cv1=0.8_p=1_q=32_20260121-214941
800,1.0,0.8,1,32,posthoc,fr,var,0.056742597,n=800_bz=1_cv1=0.8_p=1_q=32_20260121-214941
800,1.0,0.8,1,32,posthoc_orth,y,mspe,0.66734433,n=800_bz=1_cv1=0.8_p=1_q=32_20260121-214941
800,1.0,0.8,1,32,posthoc_orth,y,bias2,0.61788255,n=800_bz=1_cv1=0.8_p=1_q=32_20260121-214941
800,1.0,0.8,1,32,posthoc_orth,y,var,0.04946183,n=800_bz=1_cv1=0.8_p=1_q=32_20260121-214941
800,1.0,0.8,1,32,posthoc_orth,fx,mspe,0.0490054,n=800_bz=1_cv1=0.8_p=1_q=32_20260121-214941
800,1.0,0.8,1,32,posthoc_orth,fx,bias2,0.025547752,n=800_bz=1_cv1=0.8_p=1_q=32_20260121-214941
800,1.0,0.8,1,32,posthoc_orth,fx,var,0.02345765,n=800_bz=1_cv1=0.8_p=1_q=32_20260121-214941
800,1.0,0.8,1,32,posthoc_orth,fz,mspe,0.026827939,n=800_bz=1_cv1=0.8_p=1_q=32_20260121-214941
800,1.0,0.8,1,32,posthoc_orth,fz,bias2,0.014237805,n=800_bz=1_cv1=0.8_p=1_q=32_20260121-214941
800,1.0,0.8,1,32,posthoc_orth,fz,var,0.012590133,n=800_bz=1_cv1=0.8_p=1_q=32_20260121-214941
800,1.0,0.8,1,32,posthoc_orth,fr,mspe,0.029945388,n=800_bz=1_cv1=0.8_p=1_q=32_20260121-214941
800,1.0,0.8,1,32,posthoc_orth,fr,bias2,0.00648774,n=800_bz=1_cv1=0.8_p=1_q=32_20260121-214941
800,1.0,0.8,1,32,posthoc_orth,fr,var,0.02345765,n=800_bz=1_cv1=0.8_p=1_q=32_20260121-214941
800,1.0,0.8,1,32,posthoc_web,y,mspe,1.6716443,n=800_bz=1_cv1=0.8_p=1_q=32_20260121-214941
800,1.0,0.8,1,32,posthoc_web,y,bias2,1.5829511,n=800_bz=1_cv1=0.8_p=1_q=32_20260121-214941
800,1.0,0.8,1,32,posthoc_web,y,var,0.088693336,n=800_bz=1_cv1=0.8_p=1_q=32_20260121-214941
800,1.0,0.8,1,32,posthoc_web,fx,mspe,0.042887967,n=800_bz=1_cv1=0.8_p=1_q=32_20260121-214941
800,1.0,0.8,1,32,posthoc_web,fx,bias2,0.02534358,n=800_bz=1_cv1=0.8_p=1_q=32_20260121-214941
800,1.0,0.8,1,32,posthoc_web,fx,var,0.017544387,n=800_bz=1_cv1=0.8_p=1_q=32_20260121-214941
800,1.0,0.8,1,32,posthoc_web,fz,mspe,0.07795459,n=800_bz=1_cv1=0.8_p=1_q=32_20260121-214941
800,1.0,0.8,1,32,posthoc_web,fz,bias2,0.07795459,n=800_bz=1_cv1=0.8_p=1_q=32_20260121-214941
800,1.0,0.8,1,32,posthoc_web,fz,var,0.0,n=800_bz=1_cv1=0.8_p=1_q=32_20260121-214941
800,1.0,0.8,1,32,posthoc_web,fr,mspe,0.0234129,n=800_bz=1_cv1=0.8_p=1_q=32_20260121-214941
800,1.0,0.8,1,32,posthoc_web,fr,bias2,0.0058685113,n=800_bz=1_cv1=0.8_p=1_q=32_20260121-214941
800,1.0,0.8,1,32,posthoc_web,fr,var,0.017544387,n=800_bz=1_cv1=0.8_p=1_q=32_20260121-214941
800,2.5,0.8,1,32,base,y,mspe,0.9401092,n=800_bz=2.5_cv1=0.8_p=1_q=32_20260122-062313
800,2.5,0.8,1,32,base,y,bias2,0.89949816,n=800_bz=2.5_cv1=0.8_p=1_q=32_20260122-062313
800,2.5,0.8,1,32,base,y,var,0.04061121,n=800_bz=2.5_cv1=0.8_p=1_q=32_20260122-062313
800,2.5,0.8,1,32,base,fx,mspe,0.4323045,n=800_bz=2.5_cv1=0.8_p=1_q=32_20260122-062313
800,2.5,0.8,1,32,base,fx,bias2,0.4010465,n=800_bz=2.5_cv1=0.8_p=1_q=32_20260122-062313
800,2.5,0.8,1,32,base,fx,var,0.03125799,n=800_bz=2.5_cv1=0.8_p=1_q=32_20260122-062313
800,2.5,0.8,1,32,base,fz,mspe,0.4872162,n=800_bz=2.5_cv1=0.8_p=1_q=32_20260122-062313
800,2.5,0.8,1,32,base,fz,bias2,0.48721617,n=800_bz=2.5_cv1=0.8_p=1_q=32_20260122-062313
800,2.5,0.8,1,32,base,fz,var,0.0,n=800_bz=2.5_cv1=0.8_p=1_q=32_20260122-062313
800,2.5,0.8,1,32,base,fr,mspe,0.6223563,n=800_bz=2.5_cv1=0.8_p=1_q=32_20260122-062313
800,2.5,0.8,1,32,base,fr,bias2,0.59109825,n=800_bz=2.5_cv1=0.8_p=1_q=32_20260122-062313
800,2.5,0.8,1,32,base,fr,var,0.03125799,n=800_bz=2.5_cv1=0.8_p=1_q=32_20260122-062313
800,2.5,0.8,1,32,posthoc,y,mspe,0.97783077,n=800_bz=2.5_cv1=0.8_p=1_q=32_20260122-062313
800,2.5,0.8,1,32,posthoc,y,bias2,0.91839004,n=800_bz=2.5_cv1=0.8_p=1_q=32_20260122-062313
800,2.5,0.8,1,32,posthoc,y,var,0.05944079,n=800_bz=2.5_cv1=0.8_p=1_q=32_20260122-062313
800,2.5,0.8,1,32,posthoc,fx,mspe,0.16768368,n=800_bz=2.5_cv1=0.8_p=1_q=32_20260122-062313
800,2.5,0.8,1,32,posthoc,fx,bias2,0.04535336,n=800_bz=2.5_cv1=0.8_p=1_q=32_20260122-062313
800,2.5,0.8,1,32,posthoc,fx,var,0.12233032,n=800_bz=2.5_cv1=0.8_p=1_q=32_20260122-062313
800,2.5,0.8,1,32,posthoc,fz,mspe,0.16058375,n=800_bz=2.5_cv1=0.8_p=1_q=32_20260122-062313
800,2.5,0.8,1,32,posthoc,fz,bias2,0.044527363,n=800_bz=2.5_cv1=0.8_p=1_q=32_20260122-062313
800,2.5,0.8,1,32,posthoc,fz,var,0.1160564,n=800_bz=2.5_cv1=0.8_p=1_q=32_20260122-062313
800,2.5,0.8,1,32,posthoc,fr,mspe,0.24106972,n=800_bz=2.5_cv1=0.8_p=1_q=32_20260122-062313
800,2.5,0.8,1,32,posthoc,fr,bias2,0.11873941,n=800_bz=2.5_cv1=0.8_p=1_q=32_20260122-062313
800,2.5,0.8,1,32,posthoc,fr,var,0.12233032,n=800_bz=2.5_cv1=0.8_p=1_q=32_20260122-062313
800,2.5,0.8,1,32,posthoc_orth,y,mspe,0.9793047,n=800_bz=2.5_cv1=0.8_p=1_q=32_20260122-062313
800,2.5,0.8,1,32,posthoc_orth,y,bias2,0.9197519,n=800_bz=2.5_cv1=0.8_p=1_q=32_20260122-062313
800,2.5,0.8,1,32,posthoc_orth,y,var,0.05955276,n=800_bz=2.5_cv1=0.8_p=1_q=32_20260122-062313
800,2.5,0.8,1,32,posthoc_orth,fx,mspe,0.055260308,n=800_bz=2.5_cv1=0.8_p=1_q=32_20260122-062313
800,2.5,0.8,1,32,posthoc_orth,fx,bias2,0.026651194,n=800_bz=2.5_cv1=0.8_p=1_q=32_20260122-062313
800,2.5,0.8,1,32,posthoc_orth,fx,var,0.028609112,n=800_bz=2.5_cv1=0.8_p=1_q=32_20260122-062313
800,2.5,0.8,1,32,posthoc_orth,fz,mspe,0.031857114,n=800_bz=2.5_cv1=0.8_p=1_q=32_20260122-062313
800,2.5,0.8,1,32,posthoc_orth,fz,bias2,0.014627722,n=800_bz=2.5_cv1=0.8_p=1_q=32_20260122-062313
800,2.5,0.8,1,32,posthoc_orth,fz,var,0.017229391,n=800_bz=2.5_cv1=0.8_p=1_q=32_20260122-062313
800,2.5,0.8,1,32,posthoc_orth,fr,mspe,0.03603515,n=800_bz=2.5_cv1=0.8_p=1_q=32_20260122-062313
800,2.5,0.8,1,32,posthoc_orth,fr,bias2,0.0074260365,n=800_bz=2.5_cv1=0.8_p=1_q=32_20260122-062313
800,2.5,0.8,1,32,posthoc_orth,fr,var,0.028609112,n=800_bz=2.5_cv1=0.8_p=1_q=32_20260122-062313
800,2.5,0.8,1,32,posthoc_web,y,mspe,3.7263074,n=800_bz=2.5_cv1=0.8_p=1_q=32_20260122-062313
800,2.5,0.8,1,32,posthoc_web,y,bias2,3.6362493,n=800_bz=2.5_cv1=0.8_p=1_q=32_20260122-062313
800,2.5,0.8,1,32,posthoc_web,y,var,0.090058446,n=800_bz=2.5_cv1=0.8_p=1_q=32_20260122-062313
800,2.5,0.8,1,32,posthoc_web,fx,mspe,0.067705385,n=800_bz=2.5_cv1=0.8_p=1_q=32_20260122-062313
800,2.5,0.8,1,32,posthoc_web,fx,bias2,0.04907753,n=800_bz=2.5_cv1=0.8_p=1_q=32_20260122-062313
800,2.5,0.8,1,32,posthoc_web,fx,var,0.01862786,n=800_bz=2.5_cv1=0.8_p=1_q=32_20260122-062313
800,2.5,0.8,1,32,posthoc_web,fz,mspe,0.4872162,n=800_bz=2.5_cv1=0.8_p=1_q=32_20260122-062313
800,2.5,0.8,1,32,posthoc_web,fz,bias2,0.48721617,n=800_bz=2.5_cv1=0.8_p=1_q=32_20260122-062313
800,2.5,0.8,1,32,posthoc_web,fz,var,0.0,n=800_bz=2.5_cv1=0.8_p=1_q=32_20260122-062313
800,2.5,0.8,1,32,posthoc_web,fr,mspe,0.046529457,n=800_bz=2.5_cv1=0.8_p=1_q=32_20260122-062313
800,2.5,0.8,1,32,posthoc_web,fr,bias2,0.027901597,n=800_bz=2.5_cv1=0.8_p=1_q=32_20260122-062313
800,2.5,0.8,1,32,posthoc_web,fr,var,0.01862786,n=800_bz=2.5_cv1=0.8_p=1_q=32_20260122-062313
800,2.0,0.8,1,32,base,y,mspe,0.81768644,n=800_bz=2_cv1=0.8_p=1_q=32_20260122-033013
800,2.0,0.8,1,32,base,y,bias2,0.78083795,n=800_bz=2_cv1=0.8_p=1_q=32_20260122-033013
800,2.0,0.8,1,32,base,y,var,0.036848437,n=800_bz=2_cv1=0.8_p=1_q=32_20260122-033013
800,2.0,0.8,1,32,base,fx,mspe,0.27112076,n=800_bz=2_cv1=0.8_p=1_q=32_20260122-033013
800,2.0,0.8,1,32,base,fx,bias2,0.24277733,n=800_bz=2_cv1=0.8_p=1_q=32_20260122-033013
800,2.0,0.8,1,32,base,fx,var,0.02834345,n=800_bz=2_cv1=0.8_p=1_q=32_20260122-033013
800,2.0,0.8,1,32,base,fz,mspe,0.31181836,n=800_bz=2_cv1=0.8_p=1_q=32_20260122-033013
800,2.0,0.8,1,32,base,fz,bias2,0.31181836,n=800_bz=2_cv1=0.8_p=1_q=32_20260122-033013
800,2.0,0.8,1,32,base,fz,var,0.0,n=800_bz=2_cv1=0.8_p=1_q=32_20260122-033013
800,2.0,0.8,1,32,base,fr,mspe,0.42321533,n=800_bz=2_cv1=0.8_p=1_q=32_20260122-033013
800,2.0,0.8,1,32,base,fr,bias2,0.39487186,n=800_bz=2_cv1=0.8_p=1_q=32_20260122-033013
800,2.0,0.8,1,32,base,fr,var,0.02834345,n=800_bz=2_cv1=0.8_p=1_q=32_20260122-033013
800,2.0,0.8,1,32,posthoc,y,mspe,0.8358817,n=800_bz=2_cv1=0.8_p=1_q=32_20260122-033013
800,2.0,0.8,1,32,posthoc,y,bias2,0.7819047,n=800_bz=2_cv1=0.8_p=1_q=32_20260122-033013
800,2.0,0.8,1,32,posthoc,y,var,0.053977076,n=800_bz=2_cv1=0.8_p=1_q=32_20260122-033013
800,2.0,0.8,1,32,posthoc,fx,mspe,0.1317987,n=800_bz=2_cv1=0.8_p=1_q=32_20260122-033013
800,2.0,0.8,1,32,posthoc,fx,bias2,0.03067875,n=800_bz=2_cv1=0.8_p=1_q=32_20260122-033013
800,2.0,0.8,1,32,posthoc,fx,var,0.10111994,n=800_bz=2_cv1=0.8_p=1_q=32_20260122-033013
800,2.0,0.8,1,32,posthoc,fz,mspe,0.12726985,n=800_bz=2_cv1=0.8_p=1_q=32_20260122-033013
800,2.0,0.8,1,32,posthoc,fz,bias2,0.031224305,n=800_bz=2_cv1=0.8_p=1_q=32_20260122-033013
800,2.0,0.8,1,32,posthoc,fz,var,0.09604554,n=800_bz=2_cv1=0.8_p=1_q=32_20260122-033013
800,2.0,0.8,1,32,posthoc,fr,mspe,0.19412418,n=800_bz=2_cv1=0.8_p=1_q=32_20260122-033013
800,2.0,0.8,1,32,posthoc,fr,bias2,0.09300423,n=800_bz=2_cv1=0.8_p=1_q=32_20260122-033013
800,2.0,0.8,1,32,posthoc,fr,var,0.10111994,n=800_bz=2_cv1=0.8_p=1_q=32_20260122-033013
800,2.0,0.8,1,32,posthoc_orth,y,mspe,0.8395153,n=800_bz=2_cv1=0.8_p=1_q=32_20260122-033013
800,2.0,0.8,1,32,posthoc_orth,y,bias2,0.78326476,n=800_bz=2_cv1=0.8_p=1_q=32_20260122-033013
800,2.0,0.8,1,32,posthoc_orth,y,var,0.05625052,n=800_bz=2_cv1=0.8_p=1_q=32_20260122-033013
800,2.0,0.8,1,32,posthoc_orth,fx,mspe,0.054435384,n=800_bz=2_cv1=0.8_p=1_q=32_20260122-033013
800,2.0,0.8,1,32,posthoc_orth,fx,bias2,0.025581382,n=800_bz=2_cv1=0.8_p=1_q=32_20260122-033013
800,2.0,0.8,1,32,posthoc_orth,fx,var,0.028854003,n=800_bz=2_cv1=0.8_p=1_q=32_20260122-033013
800,2.0,0.8,1,32,posthoc_orth,fz,mspe,0.027192218,n=800_bz=2_cv1=0.8_p=1_q=32_20260122-033013
800,2.0,0.8,1,32,posthoc_orth,fz,bias2,0.013532316,n=800_bz=2_cv1=0.8_p=1_q=32_20260122-033013
800,2.0,0.8,1,32,posthoc_orth,fz,var,0.0136599,n=800_bz=2_cv1=0.8_p=1_q=32_20260122-033013
800,2.0,0.8,1,32,posthoc_orth,fr,mspe,0.03512401,n=800_bz=2_cv1=0.8_p=1_q=32_20260122-033013
800,2.0,0.8,1,32,posthoc_orth,fr,bias2,0.0062700086,n=800_bz=2_cv1=0.8_p=1_q=32_20260122-033013
800,2.0,0.8,1,32,posthoc_orth,fr,var,0.028854003,n=800_bz=2_cv1=0.8_p=1_q=32_20260122-033013
800,2.0,0.8,1,32,posthoc_web,y,mspe,2.9377778,n=800_bz=2_cv1=0.8_p=1_q=32_20260122-033013
800,2.0,0.8,1,32,posthoc_web,y,bias2,2.8539329,n=800_bz=2_cv1=0.8_p=1_q=32_20260122-033013
800,2.0,0.8,1,32,posthoc_web,y,var,0.08384489,n=800_bz=2_cv1=0.8_p=1_q=32_20260122-033013
800,2.0,0.8,1,32,posthoc_web,fx,mspe,0.05629535,n=800_bz=2_cv1=0.8_p=1_q=32_20260122-033013
800,2.0,0.8,1,32,posthoc_web,fx,bias2,0.0379952,n=800_bz=2_cv1=0.8_p=1_q=32_20260122-033013
800,2.0,0.8,1,32,posthoc_web,fx,var,0.01830015,n=800_bz=2_cv1=0.8_p=1_q=32_20260122-033013
800,2.0,0.8,1,32,posthoc_web,fz,mspe,0.31181836,n=800_bz=2_cv1=0.8_p=1_q=32_20260122-033013
800,2.0,0.8,1,32,posthoc_web,fz,bias2,0.31181836,n=800_bz=2_cv1=0.8_p=1_q=32_20260122-033013
800,2.0,0.8,1,32,posthoc_web,fz,var,0.0,n=800_bz=2_cv1=0.8_p=1_q=32_20260122-033013
800,2.0,0.8,1,32,posthoc_web,fr,mspe,0.035532966,n=800_bz=2_cv1=0.8_p=1_q=32_20260122-033013
800,2.0,0.8,1,32,posthoc_web,fr,bias2,0.017232819,n=800_bz=2_cv1=0.8_p=1_q=32_20260122-033013
800,2.0,0.8,1,32,posthoc_web,fr,var,0.01830015,n=800_bz=2_cv1=0.8_p=1_q=32_20260122-033013
800,3.5,0.8,1,32,base,y,mspe,1.2721218,n=800_bz=3.5_cv1=0.8_p=1_q=32_20260122-122224
800,3.5,0.8,1,32,base,y,bias2,1.2180047,n=800_bz=3.5_cv1=0.8_p=1_q=32_20260122-122224
800,3.5,0.8,1,32,base,y,var,0.05411701,n=800_bz=3.5_cv1=0.8_p=1_q=32_20260122-122224
800,3.5,0.8,1,32,base,fx,mspe,0.8759962,n=800_bz=3.5_cv1=0.8_p=1_q=32_20260122-122224
800,3.5,0.8,1,32,base,fx,bias2,0.83105886,n=800_bz=3.5_cv1=0.8_p=1_q=32_20260122-122224
800,3.5,0.8,1,32,base,fx,var,0.044937264,n=800_bz=3.5_cv1=0.8_p=1_q=32_20260122-122224
800,3.5,0.8,1,32,base,fz,mspe,0.9549438,n=800_bz=3.5_cv1=0.8_p=1_q=32_20260122-122224
800,3.5,0.8,1,32,base,fz,bias2,0.95494384,n=800_bz=3.5_cv1=0.8_p=1_q=32_20260122-122224
800,3.5,0.8,1,32,base,fz,var,0.0,n=800_bz=3.5_cv1=0.8_p=1_q=32_20260122-122224
800,3.5,0.8,1,32,base,fr,mspe,1.1410239,n=800_bz=3.5_cv1=0.8_p=1_q=32_20260122-122224
800,3.5,0.8,1,32,base,fr,bias2,1.0960865,n=800_bz=3.5_cv1=0.8_p=1_q=32_20260122-122224
800,3.5,0.8,1,32,base,fr,var,0.044937264,n=800_bz=3.5_cv1=0.8_p=1_q=32_20260122-122224
800,3.5,0.8,1,32,posthoc,y,mspe,1.3228555,n=800_bz=3.5_cv1=0.8_p=1_q=32_20260122-122224
800,3.5,0.8,1,32,posthoc,y,bias2,1.2508119,n=800_bz=3.5_cv1=0.8_p=1_q=32_20260122-122224
800,3.5,0.8,1,32,posthoc,y,var,0.07204362,n=800_bz=3.5_cv1=0.8_p=1_q=32_20260122-122224
800,3.5,0.8,1,32,posthoc,fx,mspe,0.21460867,n=800_bz=3.5_cv1=0.8_p=1_q=32_20260122-122224
800,3.5,0.8,1,32,posthoc,fx,bias2,0.05061288,n=800_bz=3.5_cv1=0.8_p=1_q=32_20260122-122224
800,3.5,0.8,1,32,posthoc,fx,var,0.16399577,n=800_bz=3.5_cv1=0.8_p=1_q=32_20260122-122224
800,3.5,0.8,1,32,posthoc,fz,mspe,0.199713,n=800_bz=3.5_cv1=0.8_p=1_q=32_20260122-122224
800,3.5,0.8,1,32,posthoc,fz,bias2,0.049400706,n=800_bz=3.5_cv1=0.8_p=1_q=32_20260122-122224
800,3.5,0.8,1,32,posthoc,fz,var,0.1503123,n=800_bz=3.5_cv1=0.8_p=1_q=32_20260122-122224
800,3.5,0.8,1,32,posthoc,fr,mspe,0.2914703,n=800_bz=3.5_cv1=0.8_p=1_q=32_20260122-122224
800,3.5,0.8,1,32,posthoc,fr,bias2,0.12747452,n=800_bz=3.5_cv1=0.8_p=1_q=32_20260122-122224
800,3.5,0.8,1,32,posthoc,fr,var,0.16399577,n=800_bz=3.5_cv1=0.8_p=1_q=32_20260122-122224
800,3.5,0.8,1,32,posthoc_orth,y,mspe,1.3171268,n=800_bz=3.5_cv1=0.8_p=1_q=32_20260122-122224
800,3.5,0.8,1,32,posthoc_orth,y,bias2,1.2477202,n=800_bz=3.5_cv1=0.8_p=1_q=32_20260122-122224
800,3.5,0.8,1,32,posthoc_orth,y,var,0.069406554,n=800_bz=3.5_cv1=0.8_p=1_q=32_20260122-122224
800,3.5,0.8,1,32,posthoc_orth,fx,mspe,0.06313223,n=800_bz=3.5_cv1=0.8_p=1_q=32_20260122-122224
800,3.5,0.8,1,32,posthoc_orth,fx,bias2,0.027775906,n=800_bz=3.5_cv1=0.8_p=1_q=32_20260122-122224
800,3.5,0.8,1,32,posthoc_orth,fx,var,0.035356317,n=800_bz=3.5_cv1=0.8_p=1_q=32_20260122-122224
800,3.5,0.8,1,32,posthoc_orth,fz,mspe,0.034252126,n=800_bz=3.5_cv1=0.8_p=1_q=32_20260122-122224
800,3.5,0.8,1,32,posthoc_orth,fz,bias2,0.014333986,n=800_bz=3.5_cv1=0.8_p=1_q=32_20260122-122224
800,3.5,0.8,1,32,posthoc_orth,fz,var,0.01991814,n=800_bz=3.5_cv1=0.8_p=1_q=32_20260122-122224
800,3.5,0.8,1,32,posthoc_orth,fr,mspe,0.044243857,n=800_bz=3.5_cv1=0.8_p=1_q=32_20260122-122224
800,3.5,0.8,1,32,posthoc_orth,fr,bias2,0.008887539,n=800_bz=3.5_cv1=0.8_p=1_q=32_20260122-122224
800,3.5,0.8,1,32,posthoc_orth,fr,var,0.035356317,n=800_bz=3.5_cv1=0.8_p=1_q=32_20260122-122224
800,3.5,0.8,1,32,posthoc_web,y,mspe,5.7078257,n=800_bz=3.5_cv1=0.8_p=1_q=32_20260122-122224
800,3.5,0.8,1,32,posthoc_web,y,bias2,5.5788136,n=800_bz=3.5_cv1=0.8_p=1_q=32_20260122-122224
800,3.5,0.8,1,32,posthoc_web,y,var,0.12901218,n=800_bz=3.5_cv1=0.8_p=1_q=32_20260122-122224
800,3.5,0.8,1,32,posthoc_web,fx,mspe,0.10714292,n=800_bz=3.5_cv1=0.8_p=1_q=32_20260122-122224
800,3.5,0.8,1,32,posthoc_web,fx,bias2,0.07999849,n=800_bz=3.5_cv1=0.8_p=1_q=32_20260122-122224
800,3.5,0.8,1,32,posthoc_web,fx,var,0.027144428,n=800_bz=3.5_cv1=0.8_p=1_q=32_20260122-122224
800,3.5,0.8,1,32,posthoc_web,fz,mspe,0.9549438,n=800_bz=3.5_cv1=0.8_p=1_q=32_20260122-122224
800,3.5,0.8,1,32,posthoc_web,fz,bias2,0.95494384,n=800_bz=3.5_cv1=0.8_p=1_q=32_20260122-122224
800,3.5,0.8,1,32,posthoc_web,fz,var,0.0,n=800_bz=3.5_cv1=0.8_p=1_q=32_20260122-122224
800,3.5,0.8,1,32,posthoc_web,fr,mspe,0.08492395,n=800_bz=3.5_cv1=0.8_p=1_q=32_20260122-122224
800,3.5,0.8,1,32,posthoc_web,fr,bias2,0.057779517,n=800_bz=3.5_cv1=0.8_p=1_q=32_20260122-122224
800,3.5,0.8,1,32,posthoc_web,fr,var,0.027144428,n=800_bz=3.5_cv1=0.8_p=1_q=32_20260122-122224
800,3.0,0.8,1,32,base,y,mspe,1.0964389,n=800_bz=3_cv1=0.8_p=1_q=32_20260122-091755
800,3.0,0.8,1,32,base,y,bias2,1.0525883,n=800_bz=3_cv1=0.8_p=1_q=32_20260122-091755
800,3.0,0.8,1,32,base,y,var,0.043850526,n=800_bz=3_cv1=0.8_p=1_q=32_20260122-091755
800,3.0,0.8,1,32,base,fx,mspe,0.6392819,n=800_bz=3_cv1=0.8_p=1_q=32_20260122-091755
800,3.0,0.8,1,32,base,fx,bias2,0.603515,n=800_bz=3_cv1=0.8_p=1_q=32_20260122-091755
800,3.0,0.8,1,32,base,fx,var,0.035766914,n=800_bz=3_cv1=0.8_p=1_q=32_20260122-091755
800,3.0,0.8,1,32,base,fz,mspe,0.7015913,n=800_bz=3_cv1=0.8_p=1_q=32_20260122-091755
800,3.0,0.8,1,32,base,fz,bias2,0.7015913,n=800_bz=3_cv1=0.8_p=1_q=32_20260122-091755
800,3.0,0.8,1,32,base,fz,var,0.0,n=800_bz=3_cv1=0.8_p=1_q=32_20260122-091755
800,3.0,0.8,1,32,base,fr,mspe,0.8681264,n=800_bz=3_cv1=0.8_p=1_q=32_20260122-091755
800,3.0,0.8,1,32,base,fr,bias2,0.8323595,n=800_bz=3_cv1=0.8_p=1_q=32_20260122-091755
800,3.0,0.8,1,32,base,fr,var,0.035766914,n=800_bz=3_cv1=0.8_p=1_q=32_20260122-091755
800,3.0,0.8,1,32,posthoc,y,mspe,1.1288974,n=800_bz=3_cv1=0.8_p=1_q=32_20260122-091755
800,3.0,0.8,1,32,posthoc,y,bias2,1.0646197,n=800_bz=3_cv1=0.8_p=1_q=32_20260122-091755
800,3.0,0.8,1,32,posthoc,y,var,0.064277686,n=800_bz=3_cv1=0.8_p=1_q=32_20260122-091755
800,3.0,0.8,1,32,posthoc,fx,mspe,0.19174267,n=800_bz=3_cv1=0.8_p=1_q=32_20260122-091755
800,3.0,0.8,1,32,posthoc,fx,bias2,0.05451277,n=800_bz=3_cv1=0.8_p=1_q=32_20260122-091755
800,3.0,0.8,1,32,posthoc,fx,var,0.13722989,n=800_bz=3_cv1=0.8_p=1_q=32_20260122-091755
800,3.0,0.8,1,32,posthoc,fz,mspe,0.18548115,n=800_bz=3_cv1=0.8_p=1_q=32_20260122-091755
800,3.0,0.8,1,32,posthoc,fz,bias2,0.053093694,n=800_bz=3_cv1=0.8_p=1_q=32_20260122-091755
800,3.0,0.8,1,32,posthoc,fz,var,0.13238744,n=800_bz=3_cv1=0.8_p=1_q=32_20260122-091755
800,3.0,0.8,1,32,posthoc,fr,mspe,0.2706364,n=800_bz=3_cv1=0.8_p=1_q=32_20260122-091755
800,3.0,0.8,1,32,posthoc,fr,bias2,0.1334065,n=800_bz=3_cv1=0.8_p=1_q=32_20260122-091755
800,3.0,0.8,1,32,posthoc,fr,var,0.13722989,n=800_bz=3_cv1=0.8_p=1_q=32_20260122-091755
800,3.0,0.8,1,32,posthoc_orth,y,mspe,1.1321424,n=800_bz=3_cv1=0.8_p=1_q=32_20260122-091755
800,3.0,0.8,1,32,posthoc_orth,y,bias2,1.0675937,n=800_bz=3_cv1=0.8_p=1_q=32_20260122-091755
800,3.0,0.8,1,32,posthoc_orth,y,var,0.064548746,n=800_bz=3_cv1=0.8_p=1_q=32_20260122-091755
800,3.0,0.8,1,32,posthoc_orth,fx,mspe,0.06088668,n=800_bz=3_cv1=0.8_p=1_q=32_20260122-091755
800,3.0,0.8,1,32,posthoc_orth,fx,bias2,0.027730368,n=800_bz=3_cv1=0.8_p=1_q=32_20260122-091755
800,3.0,0.8,1,32,posthoc_orth,fx,var,0.033156313,n=800_bz=3_cv1=0.8_p=1_q=32_20260122-091755
800,3.0,0.8,1,32,posthoc_orth,fz,mspe,0.032749876,n=800_bz=3_cv1=0.8_p=1_q=32_20260122-091755
800,3.0,0.8,1,32,posthoc_orth,fz,bias2,0.014682544,n=800_bz=3_cv1=0.8_p=1_q=32_20260122-091755
800,3.0,0.8,1,32,posthoc_orth,fz,var,0.01806734,n=800_bz=3_cv1=0.8_p=1_q=32_20260122-091755
800,3.0,0.8,1,32,posthoc_orth,fr,mspe,0.041721165,n=800_bz=3_cv1=0.8_p=1_q=32_20260122-091755
800,3.0,0.8,1,32,posthoc_orth,fr,bias2,0.008564852,n=800_bz=3_cv1=0.8_p=1_q=32_20260122-091755
800,3.0,0.8,1,32,posthoc_orth,fr,var,0.033156313,n=800_bz=3_cv1=0.8_p=1_q=32_20260122-091755
800,3.0,0.8,1,32,posthoc_web,y,mspe,4.7135673,n=800_bz=3_cv1=0.8_p=1_q=32_20260122-091755
800,3.0,0.8,1,32,posthoc_web,y,bias2,4.617346,n=800_bz=3_cv1=0.8_p=1_q=32_20260122-091755
800,3.0,0.8,1,32,posthoc_web,y,var,0.096221805,n=800_bz=3_cv1=0.8_p=1_q=32_20260122-091755
800,3.0,0.8,1,32,posthoc_web,fx,mspe,0.08544143,n=800_bz=3_cv1=0.8_p=1_q=32_20260122-091755
800,3.0,0.8,1,32,posthoc_web,fx,bias2,0.06305702,n=800_bz=3_cv1=0.8_p=1_q=32_20260122-091755
800,3.0,0.8,1,32,posthoc_web,fx,var,0.022384409,n=800_bz=3_cv1=0.8_p=1_q=32_20260122-091755
800,3.0,0.8,1,32,posthoc_web,fz,mspe,0.7015913,n=800_bz=3_cv1=0.8_p=1_q=32_20260122-091755
800,3.0,0.8,1,32,posthoc_web,fz,bias2,0.7015913,n=800_bz=3_cv1=0.8_p=1_q=32_20260122-091755
800,3.0,0.8,1,32,posthoc_web,fz,var,0.0,n=800_bz=3_cv1=0.8_p=1_q=32_20260122-091755
800,3.0,0.8,1,32,posthoc_web,fr,mspe,0.063725404,n=800_bz=3_cv1=0.8_p=1_q=32_20260122-091755
800,3.0,0.8,1,32,posthoc_web,fr,bias2,0.04134099,n=800_bz=3_cv1=0.8_p=1_q=32_20260122-091755
800,3.0,0.8,1,32,posthoc_web,fr,var,0.022384409,n=800_bz=3_cv1=0.8_p=1_q=32_20260122-091755
800,4.0,0.8,1,32,base,y,mspe,1.4837545,n=800_bz=4_cv1=0.8_p=1_q=32_20260122-155721
800,4.0,0.8,1,32,base,y,bias2,1.4224967,n=800_bz=4_cv1=0.8_p=1_q=32_20260122-155721
800,4.0,0.8,1,32,base,y,var,0.061257824,n=800_bz=4_cv1=0.8_p=1_q=32_20260122-155721
800,4.0,0.8,1,32,base,fx,mspe,1.1375778,n=800_bz=4_cv1=0.8_p=1_q=32_20260122-155721
800,4.0,0.8,1,32,base,fx,bias2,1.0858232,n=800_bz=4_cv1=0.8_p=1_q=32_20260122-155721
800,4.0,0.8,1,32,base,fx,var,0.051754598,n=800_bz=4_cv1=0.8_p=1_q=32_20260122-155721
800,4.0,0.8,1,32,base,fz,mspe,1.2472734,n=800_bz=4_cv1=0.8_p=1_q=32_20260122-155721
800,4.0,0.8,1,32,base,fz,bias2,1.2472734,n=800_bz=4_cv1=0.8_p=1_q=32_20260122-155721
800,4.0,0.8,1,32,base,fz,var,0.0,n=800_bz=4_cv1=0.8_p=1_q=32_20260122-155721
800,4.0,0.8,1,32,base,fr,mspe,1.4378145,n=800_bz=4_cv1=0.8_p=1_q=32_20260122-155721
800,4.0,0.8,1,32,base,fr,bias2,1.3860599,n=800_bz=4_cv1=0.8_p=1_q=32_20260122-155721
800,4.0,0.8,1,32,base,fr,var,0.051754598,n=800_bz=4_cv1=0.8_p=1_q=32_20260122-155721
800,4.0,0.8,1,32,posthoc,y,mspe,1.5812194,n=800_bz=4_cv1=0.8_p=1_q=32_20260122-155721
800,4.0,0.8,1,32,posthoc,y,bias2,1.5002133,n=800_bz=4_cv1=0.8_p=1_q=32_20260122-155721
800,4.0,0.8,1,32,posthoc,y,var,0.08100609,n=800_bz=4_cv1=0.8_p=1_q=32_20260122-155721
800,4.0,0.8,1,32,posthoc,fx,mspe,0.2541543,n=800_bz=4_cv1=0.8_p=1_q=32_20260122-155721
800,4.0,0.8,1,32,posthoc,fx,bias2,0.049471263,n=800_bz=4_cv1=0.8_p=1_q=32_20260122-155721
800,4.0,0.8,1,32,posthoc,fx,var,0.20468304,n=800_bz=4_cv1=0.8_p=1_q=32_20260122-155721
800,4.0,0.8,1,32,posthoc,fz,mspe,0.24691182,n=800_bz=4_cv1=0.8_p=1_q=32_20260122-155721
800,4.0,0.8,1,32,posthoc,fz,bias2,0.048464004,n=800_bz=4_cv1=0.8_p=1_q=32_20260122-155721
800,4.0,0.8,1,32,posthoc,fz,var,0.19844781,n=800_bz=4_cv1=0.8_p=1_q=32_20260122-155721
800,4.0,0.8,1,32,posthoc,fr,mspe,0.3313702,n=800_bz=4_cv1=0.8_p=1_q=32_20260122-155721
800,4.0,0.8,1,32,posthoc,fr,bias2,0.12668718,n=800_bz=4_cv1=0.8_p=1_q=32_20260122-155721
800,4.0,0.8,1,32,posthoc,fr,var,0.20468304,n=800_bz=4_cv1=0.8_p=1_q=32_20260122-155721
800,4.0,0.8,1,32,posthoc_orth,y,mspe,1.5738472,n=800_bz=4_cv1=0.8_p=1_q=32_20260122-155721
800,4.0,0.8,1,32,posthoc_orth,y,bias2,1.4918774,n=800_bz=4_cv1=0.8_p=1_q=32_20260122-155721
800,4.0,0.8,1,32,posthoc_orth,y,var,0.08196979,n=800_bz=4_cv1=0.8_p=1_q=32_20260122-155721
800,4.0,0.8,1,32,posthoc_orth,fx,mspe,0.071171984,n=800_bz=4_cv1=0.8_p=1_q=32_20260122-155721
800,4.0,0.8,1,32,posthoc_orth,fx,bias2,0.027692363,n=800_bz=4_cv1=0.8_p=1_q=32_20260122-155721
800,4.0,0.8,1,32,posthoc_orth,fx,var,0.043479625,n=800_bz=4_cv1=0.8_p=1_q=32_20260122-155721
800,4.0,0.8,1,32,posthoc_orth,fz,mspe,0.039342847,n=800_bz=4_cv1=0.8_p=1_q=32_20260122-155721
800,4.0,0.8,1,32,posthoc_orth,fz,bias2,0.015263076,n=800_bz=4_cv1=0.8_p=1_q=32_20260122-155721
800,4.0,0.8,1,32,posthoc_orth,fz,var,0.024079772,n=800_bz=4_cv1=0.8_p=1_q=32_20260122-155721
800,4.0,0.8,1,32,posthoc_orth,fr,mspe,0.052055318,n=800_bz=4_cv1=0.8_p=1_q=32_20260122-155721
800,4.0,0.8,1,32,posthoc_orth,fr,bias2,0.008575686,n=800_bz=4_cv1=0.8_p=1_q=32_20260122-155721
800,4.0,0.8,1,32,posthoc_orth,fr,var,0.043479625,n=800_bz=4_cv1=0.8_p=1_q=32_20260122-155721
800,4.0,0.8,1,32,posthoc_web,y,mspe,6.8079157,n=800_bz=4_cv1=0.8_p=1_q=32_20260122-155721
800,4.0,0.8,1,32,posthoc_web,y,bias2,6.6633205,n=800_bz=4_cv1=0.8_p=1_q=32_20260122-155721
800,4.0,0.8,1,32,posthoc_web,y,var,0.14459509,n=800_bz=4_cv1=0.8_p=1_q=32_20260122-155721
800,4.0,0.8,1,32,posthoc_web,fx,mspe,0.12830906,n=800_bz=4_cv1=0.8_p=1_q=32_20260122-155721
800,4.0,0.8,1,32,posthoc_web,fx,bias2,0.097498626,n=800_bz=4_cv1=0.8_p=1_q=32_20260122-155721
800,4.0,0.8,1,32,posthoc_web,fx,var,0.03081043,n=800_bz=4_cv1=0.8_p=1_q=32_20260122-155721
800,4.0,0.8,1,32,posthoc_web,fz,mspe,1.2472734,n=800_bz=4_cv1=0.8_p=1_q=32_20260122-155721
800,4.0,0.8,1,32,posthoc_web,fz,bias2,1.2472734,n=800_bz=4_cv1=0.8_p=1_q=32_20260122-155721
800,4.0,0.8,1,32,posthoc_web,fz,var,0.0,n=800_bz=4_cv1=0.8_p=1_q=32_20260122-155721
800,4.0,0.8,1,32,posthoc_web,fr,mspe,0.10569321,n=800_bz=4_cv1=0.8_p=1_q=32_20260122-155721
800,4.0,0.8,1,32,posthoc_web,fr,bias2,0.074882776,n=800_bz=4_cv1=0.8_p=1_q=32_20260122-155721
800,4.0,0.8,1,32,posthoc_web,fr,var,0.03081043,n=800_bz=4_cv1=0.8_p=1_q=32_20260122-155721
