model,effect,metric,value,bz,n
base,y,mspe,1.0044114589691162,0,12800
base,y,bias2,1.0034725666046143,0,12800
base,y,var,0.0009388726903125644,0,12800
base,fx,mspe,0.0011238257866352797,0,12800
base,fx,bias2,0.0004371234681457281,0,12800
base,fx,var,0.0006867022602818906,0,12800
base,fr,mspe,0.020305529236793518,0,12800
base,fr,bias2,0.019618825986981392,0,12800
base,fr,var,0.0006867022602818906,0,12800
base,fz,mspe,0.0,0,12800
base,fz,bias2,0.0,0,12800
base,fz,var,0.0,0,12800
posthoc,y,mspe,1.0039077997207642,0,12800
posthoc,y,bias2,1.002235770225525,0,12800
posthoc,y,var,0.0016719596460461617,0,12800
posthoc,fx,mspe,0.0031693684868514538,0,12800
posthoc,fx,bias2,0.00023248240177053958,0,12800
posthoc,fx,var,0.0029368861578404903,0,12800
posthoc,fr,mspe,0.02192845568060875,0,12800
posthoc,fr,bias2,0.01899157091975212,0,12800
posthoc,fr,var,0.0029368861578404903,0,12800
posthoc,fz,mspe,0.002085841028019786,0,12800
posthoc,fz,bias2,1.3990496881888248e-05,0,12800
posthoc,fz,var,0.002071850700303912,0,12800
posthoc_lam0,y,mspe,1.629305362701416,0,12800
posthoc_lam0,y,bias2,1.0259422063827515,0,12800
posthoc_lam0,y,var,0.603363037109375,0,12800
posthoc_lam0,fx,mspe,0.628552258014679,0,12800
posthoc_lam0,fx,bias2,0.014358696527779102,0,12800
posthoc_lam0,fx,var,0.6141935586929321,0,12800
posthoc_lam0,fr,mspe,0.6414745450019836,0,12800
posthoc_lam0,fr,bias2,0.02728097140789032,0,12800
posthoc_lam0,fr,var,0.6141935586929321,0,12800
posthoc_lam0,fz,mspe,0.010457741096615791,0,12800
posthoc_lam0,fz,bias2,0.000540893233846873,0,12800
posthoc_lam0,fz,var,0.009916847571730614,0,12800
posthoc_orth,y,mspe,1.0039080381393433,0,12800
posthoc_orth,y,bias2,1.0022358894348145,0,12800
posthoc_orth,y,var,0.0016721391584724188,0,12800
posthoc_orth,fx,mspe,0.020863447338342667,0,12800
posthoc_orth,fx,bias2,0.01957184262573719,0,12800
posthoc_orth,fx,var,0.0012916062260046601,0,12800
posthoc_orth,fr,mspe,0.08632524311542511,0,12800
posthoc_orth,fr,bias2,0.07804259657859802,0,12800
posthoc_orth,fr,var,0.008282662369310856,0,12800
posthoc_orth,fz,mspe,0.019837260246276855,0,12800
posthoc_orth,fz,bias2,0.01966077648103237,0,12800
posthoc_orth,fz,var,0.0001764832850312814,0,12800
posthoc_orth_lam0,y,mspe,1.1087720394134521,0,12800
posthoc_orth_lam0,y,bias2,1.0099235773086548,0,12800
posthoc_orth_lam0,y,var,0.09884845465421677,0,12800
posthoc_orth_lam0,fx,mspe,0.11951053887605667,0,12800
posthoc_orth_lam0,fx,bias2,0.021126627922058105,0,12800
posthoc_orth_lam0,fx,var,0.09838391095399857,0,12800
posthoc_orth_lam0,fr,mspe,0.18742893636226654,0,12800
posthoc_orth_lam0,fr,bias2,0.0695071592926979,0,12800
posthoc_orth_lam0,fr,var,0.11792179197072983,0,12800
posthoc_orth_lam0,fz,mspe,0.01983710005879402,0,12800
posthoc_orth_lam0,fz,bias2,0.01966063678264618,0,12800
posthoc_orth_lam0,fz,var,0.00017646233027335256,0,12800
posthoc_web,y,mspe,1.0928094387054443,0,12800
posthoc_web,y,bias2,1.0894676446914673,0,12800
posthoc_web,y,var,0.0033416515216231346,0,12800
posthoc_web,fx,mspe,0.021007820963859558,0,12800
posthoc_web,fx,bias2,0.019770802929997444,0,12800
posthoc_web,fx,var,0.0012370184995234013,0,12800
posthoc_web,fr,mspe,0.08562938868999481,0,12800
posthoc_web,fr,bias2,0.08323672413825989,0,12800
posthoc_web,fr,var,0.0023926582653075457,0,12800
posthoc_web,fz,mspe,0.0,0,12800
posthoc_web,fz,bias2,0.0,0,12800
posthoc_web,fz,var,0.0,0,12800
base,y,mspe,1.0099353790283203,0.5,12800
base,y,bias2,1.0090075731277466,0.5,12800
base,y,var,0.0009278145153075457,0.5,12800
base,fx,mspe,0.019239649176597595,0.5,12800
base,fx,bias2,0.01851939968764782,0.5,12800
base,fx,var,0.0007202517008408904,0.5,12800
base,fr,mspe,0.07514191418886185,0.5,12800
base,fr,bias2,0.07442166656255722,0.5,12800
base,fr,var,0.0007202517008408904,0.5,12800
base,fz,mspe,0.01948864758014679,0.5,12800
base,fz,bias2,0.01948864758014679,0.5,12800
base,fz,var,0.0,0.5,12800
posthoc,y,mspe,1.0052556991577148,0.5,12800
posthoc,y,bias2,1.0034339427947998,0.5,12800
posthoc,y,var,0.001821631914936006,0.5,12800
posthoc,fx,mspe,0.007187124341726303,0.5,12800
posthoc,fx,bias2,0.0009552821284160018,0.5,12800
posthoc,fx,var,0.006231843028217554,0.5,12800
posthoc,fr,mspe,0.033679138869047165,0.5,12800
posthoc,fr,bias2,0.02744729444384575,0.5,12800
posthoc,fr,var,0.006231843028217554,0.5,12800
posthoc,fz,mspe,0.00593006843701005,0.5,12800
posthoc,fz,bias2,0.0005769205163232982,0.5,12800
posthoc,fz,var,0.005353148095309734,0.5,12800
posthoc_lam0,y,mspe,1.1237232685089111,0.5,12800
posthoc_lam0,y,bias2,1.0092995166778564,0.5,12800
posthoc_lam0,y,var,0.1144237145781517,0.5,12800
posthoc_lam0,fx,mspe,0.12248560041189194,0.5,12800
posthoc_lam0,fx,bias2,0.0026426329277455807,0.5,12800
posthoc_lam0,fx,var,0.11984296888113022,0.5,12800
posthoc_lam0,fr,mspe,0.13786984980106354,0.5,12800
posthoc_lam0,fr,bias2,0.018026890233159065,0.5,12800
posthoc_lam0,fr,var,0.11984296888113022,0.5,12800
posthoc_lam0,fz,mspe,0.0078010233119130135,0.5,12800
posthoc_lam0,fz,bias2,0.00026337101007811725,0.5,12800
posthoc_lam0,fz,var,0.007537652272731066,0.5,12800
posthoc_orth,y,mspe,1.005226969718933,0.5,12800
posthoc_orth,y,bias2,1.0034199953079224,0.5,12800
posthoc_orth,y,var,0.0018069713842123747,0.5,12800
posthoc_orth,fx,mspe,0.021130265668034554,0.5,12800
posthoc_orth,fx,bias2,0.019695892930030823,0.5,12800
posthoc_orth,fx,var,0.0014343720395117998,0.5,12800
posthoc_orth,fr,mspe,0.1339065581560135,0.5,12800
posthoc_orth,fr,bias2,0.11294963210821152,0.5,12800
posthoc_orth,fr,var,0.02095692604780197,0.5,12800
posthoc_orth,fz,mspe,0.01985134556889534,0.5,12800
posthoc_orth,fz,bias2,0.01965978369116783,0.5,12800
posthoc_orth,fz,var,0.00019156299822498113,0.5,12800
posthoc_orth_lam0,y,mspe,1.0604206323623657,0.5,12800
posthoc_orth_lam0,y,bias2,1.0043253898620605,0.5,12800
posthoc_orth_lam0,y,var,0.056095197796821594,0.5,12800
posthoc_orth_lam0,fx,mspe,0.07650276273488998,0.5,12800
posthoc_orth_lam0,fx,bias2,0.020812934264540672,0.5,12800
posthoc_orth_lam0,fx,var,0.055689822882413864,0.5,12800
posthoc_orth_lam0,fr,mspe,0.14713238179683685,0.5,12800
posthoc_orth_lam0,fr,bias2,0.07384518533945084,0.5,12800
posthoc_orth_lam0,fr,var,0.07328718900680542,0.5,12800
posthoc_orth_lam0,fz,mspe,0.019851088523864746,0.5,12800
posthoc_orth_lam0,fz,bias2,0.019659513607621193,0.5,12800
posthoc_orth_lam0,fz,var,0.00019157351925969124,0.5,12800
posthoc_web,y,mspe,1.333064079284668,0.5,12800
posthoc_web,y,bias2,1.329868197441101,0.5,12800
posthoc_web,y,var,0.0031961454078555107,0.5,12800
posthoc_web,fx,mspe,0.022074878215789795,0.5,12800
posthoc_web,fx,bias2,0.021037984639406204,0.5,12800
posthoc_web,fx,var,0.0010368957882747054,0.5,12800
posthoc_web,fr,mspe,0.3128456175327301,0.5,12800
posthoc_web,fr,bias2,0.3107283115386963,0.5,12800
posthoc_web,fr,var,0.002117280848324299,0.5,12800
posthoc_web,fz,mspe,0.01948864758014679,0.5,12800
posthoc_web,fz,bias2,0.01948864758014679,0.5,12800
posthoc_web,fz,var,0.0,0.5,12800
base,y,mspe,1.0176186561584473,1,12800
base,y,bias2,1.0165690183639526,1,12800
base,y,var,0.0010496063623577356,1,12800
base,fx,mspe,0.07368128001689911,1,12800
base,fx,bias2,0.07287733256816864,1,12800
base,fx,var,0.0008039437816478312,1,12800
base,fr,mspe,0.16621503233909607,1,12800
base,fr,bias2,0.1654110848903656,1,12800
base,fr,var,0.0008039437816478312,1,12800
base,fz,mspe,0.07795459032058716,1,12800
base,fz,bias2,0.07795459032058716,1,12800
base,fz,var,0.0,1,12800
posthoc,y,mspe,1.0056581497192383,1,12800
posthoc,y,bias2,1.0037667751312256,1,12800
posthoc,y,var,0.001891417196020484,1,12800
posthoc,fx,mspe,0.008032334968447685,1,12800
posthoc,fx,bias2,0.0010201344266533852,1,12800
posthoc,fx,var,0.007012201007455587,1,12800
posthoc,fr,mspe,0.03491273894906044,1,12800
posthoc,fr,bias2,0.027900539338588715,1,12800
posthoc,fr,var,0.007012201007455587,1,12800
posthoc,fz,mspe,0.00678874971345067,1,12800
posthoc,fz,bias2,0.0006540588801726699,1,12800
posthoc,fz,var,0.006134690251201391,1,12800
posthoc_lam0,y,mspe,1.3704490661621094,1,12800
posthoc_lam0,y,bias2,1.0119189023971558,1,12800
posthoc_lam0,y,var,0.35853004455566406,1,12800
posthoc_lam0,fx,mspe,0.37081462144851685,1,12800
posthoc_lam0,fx,bias2,0.007170472759753466,1,12800
posthoc_lam0,fx,var,0.36364415287971497,1,12800
posthoc_lam0,fr,mspe,0.3891279697418213,1,12800
posthoc_lam0,fr,bias2,0.02548382803797722,1,12800
posthoc_lam0,fr,var,0.36364415287971497,1,12800
posthoc_lam0,fz,mspe,0.008185261860489845,1,12800
posthoc_lam0,fz,bias2,1.007710125122685e-05,1,12800
posthoc_lam0,fz,var,0.008175184950232506,1,12800
posthoc_orth,y,mspe,1.0056582689285278,1,12800
posthoc_orth,y,bias2,1.0037668943405151,1,12800
posthoc_orth,y,var,0.0018914059037342668,1,12800
posthoc_orth,fx,mspe,0.021242722868919373,1,12800
posthoc_orth,fx,bias2,0.019725287333130836,1,12800
posthoc_orth,fx,var,0.0015174341388046741,1,12800
posthoc_orth,fr,mspe,0.13878577947616577,1,12800
posthoc_orth,fr,bias2,0.1150035485625267,1,12800
posthoc_orth,fr,var,0.02378223091363907,1,12800
posthoc_orth,fz,mspe,0.01987561397254467,1,12800
posthoc_orth,fz,bias2,0.01965896598994732,1,12800
posthoc_orth,fz,var,0.00021664649830199778,1,12800
posthoc_orth_lam0,y,mspe,1.2278228998184204,1,12800
posthoc_orth_lam0,y,bias2,1.0124353170394897,1,12800
posthoc_orth_lam0,y,var,0.21538761258125305,1,12800
posthoc_orth_lam0,fx,mspe,0.23827524483203888,1,12800
posthoc_orth_lam0,fx,bias2,0.02329779602587223,1,12800
posthoc_orth_lam0,fx,var,0.2149774432182312,1,12800
posthoc_orth_lam0,fr,mspe,0.3390387296676636,1,12800
posthoc_orth_lam0,fr,bias2,0.05805632472038269,1,12800
posthoc_orth_lam0,fr,var,0.2809824049472809,1,12800
posthoc_orth_lam0,fz,mspe,0.01987527683377266,1,12800
posthoc_orth_lam0,fz,bias2,0.019658604636788368,1,12800
posthoc_orth_lam0,fz,var,0.00021667181863449514,1,12800
posthoc_web,y,mspe,1.723494529724121,1,12800
posthoc_web,y,bias2,1.7208284139633179,1,12800
posthoc_web,y,var,0.002666111569851637,1,12800
posthoc_web,fx,mspe,0.025334229692816734,1,12800
posthoc_web,fx,bias2,0.024263225495815277,1,12800
posthoc_web,fx,var,0.0010710029164329171,1,12800
posthoc_web,fr,mspe,0.6808665990829468,1,12800
posthoc_web,fr,bias2,0.6787404417991638,1,12800
posthoc_web,fr,var,0.002126116771250963,1,12800
posthoc_web,fz,mspe,0.07795459032058716,1,12800
posthoc_web,fz,bias2,0.07795459032058716,1,12800
posthoc_web,fz,var,0.0,1,12800
base,y,mspe,1.0274945497512817,1.5,12800
base,y,bias2,1.0263962745666504,1.5,12800
base,y,var,0.0010981665691360831,1.5,12800
base,fx,mspe,0.16428352892398834,1.5,12800
base,fx,bias2,0.1634238064289093,1.5,12800
base,fx,var,0.0008597308187745512,1.5,12800
base,fr,mspe,0.29333359003067017,1.5,12800
base,fr,bias2,0.2924738824367523,1.5,12800
base,fr,var,0.0008597308187745512,1.5,12800
base,fz,mspe,0.1753978282213211,1.5,12800
base,fz,bias2,0.1753978282213211,1.5,12800
base,fz,var,0.0,1.5,12800
posthoc,y,mspe,1.0053130388259888,1.5,12800
posthoc,y,bias2,1.0034377574920654,1.5,12800
posthoc,y,var,0.0018753253389149904,1.5,12800
posthoc,fx,mspe,0.007815144024789333,1.5,12800
posthoc,fx,bias2,0.0009375905501656234,1.5,12800
posthoc,fx,var,0.00687755411490798,1.5,12800
posthoc,fr,mspe,0.03430890664458275,1.5,12800
posthoc,fr,bias2,0.02743135206401348,1.5,12800
posthoc,fr,var,0.00687755411490798,1.5,12800
posthoc,fz,mspe,0.006664946209639311,1.5,12800
posthoc,fz,bias2,0.0005837928620167077,1.5,12800
posthoc,fz,var,0.0060811531729996204,1.5,12800
posthoc_lam0,y,mspe,1.10704505443573,1.5,12800
posthoc_lam0,y,bias2,1.004438042640686,1.5,12800
posthoc_lam0,y,var,0.10260698199272156,1.5,12800
posthoc_lam0,fx,mspe,0.10948328673839569,1.5,12800
posthoc_lam0,fx,bias2,0.002351189497858286,1.5,12800
posthoc_lam0,fx,var,0.10713210701942444,1.5,12800
posthoc_lam0,fr,mspe,0.1262993961572647,1.5,12800
posthoc_lam0,fr,bias2,0.01916729286313057,1.5,12800
posthoc_lam0,fr,var,0.10713210701942444,1.5,12800
posthoc_lam0,fz,mspe,0.006045687012374401,1.5,12800
posthoc_lam0,fz,bias2,8.326119859702885e-05,1.5,12800
posthoc_lam0,fz,var,0.005962425377219915,1.5,12800
posthoc_orth,y,mspe,1.0053130388259888,1.5,12800
posthoc_orth,y,bias2,1.0034376382827759,1.5,12800
posthoc_orth,y,var,0.0018753125332295895,1.5,12800
posthoc_orth,fx,mspe,0.021206393837928772,1.5,12800
posthoc_orth,fx,bias2,0.019703879952430725,1.5,12800
posthoc_orth,fx,var,0.0015025133034214377,1.5,12800
posthoc_orth,fr,mspe,0.13666273653507233,1.5,12800
posthoc_orth,fr,bias2,0.11310714483261108,1.5,12800
posthoc_orth,fr,var,0.023555584251880646,1.5,12800
posthoc_orth,fz,mspe,0.019910061731934547,1.5,12800
posthoc_orth,fz,bias2,0.019658325240015984,1.5,12800
posthoc_orth,fz,var,0.00025173506583087146,1.5,12800
posthoc_orth_lam0,y,mspe,1.0330836772918701,1.5,12800
posthoc_orth_lam0,y,bias2,1.001617670059204,1.5,12800
posthoc_orth_lam0,y,var,0.03146598860621452,1.5,12800
posthoc_orth_lam0,fx,mspe,0.051519736647605896,1.5,12800
posthoc_orth_lam0,fx,bias2,0.02049236372113228,1.5,12800
posthoc_orth_lam0,fx,var,0.03102737106382847,1.5,12800
posthoc_orth_lam0,fr,mspe,0.11635195463895798,1.5,12800
posthoc_orth_lam0,fr,bias2,0.0684041827917099,1.5,12800
posthoc_orth_lam0,fr,var,0.04794776812195778,1.5,12800
posthoc_orth_lam0,fz,mspe,0.019909769296646118,1.5,12800
posthoc_orth_lam0,fz,bias2,0.019657986238598824,1.5,12800
posthoc_orth_lam0,fz,var,0.00025178256328217685,1.5,12800
posthoc_web,y,mspe,2.249110698699951,1.5,12800
posthoc_web,y,bias2,2.245944023132324,1.5,12800
posthoc_web,y,var,0.0031669652089476585,1.5,12800
posthoc_web,fx,mspe,0.030554624274373055,1.5,12800
posthoc_web,fx,bias2,0.02932003326714039,1.5,12800
posthoc_web,fx,var,0.0012345921713858843,1.5,12800
posthoc_web,fr,mspe,1.1711781024932861,1.5,12800
posthoc_web,fr,bias2,1.1684025526046753,1.5,12800
posthoc_web,fr,var,0.002775519387796521,1.5,12800
posthoc_web,fz,mspe,0.1753978282213211,1.5,12800
posthoc_web,fz,bias2,0.1753978282213211,1.5,12800
posthoc_web,fz,var,0.0,1.5,12800
base,y,mspe,1.0394490957260132,2,12800
base,y,bias2,1.038321852684021,2,12800
base,y,var,0.0011273346608504653,2,12800
base,fx,mspe,0.2897908687591553,2,12800
base,fx,bias2,0.2888810932636261,2,12800
base,fx,var,0.0009097864385694265,2,12800
base,fr,mspe,0.4550153315067291,2,12800
base,fr,bias2,0.4541056156158447,2,12800
base,fr,var,0.0009097864385694265,2,12800
base,fz,mspe,0.31181836128234863,2,12800
base,fz,bias2,0.31181836128234863,2,12800
base,fz,var,0.0,2,12800
posthoc,y,mspe,1.0050928592681885,2,12800
posthoc,y,bias2,1.0031559467315674,2,12800
posthoc,y,var,0.0019369384972378612,2,12800
posthoc,fx,mspe,0.0073027885518968105,2,12800
posthoc,fx,bias2,0.0006985333748161793,2,12800
posthoc,fx,var,0.0066042556427419186,2,12800
posthoc,fr,mspe,0.032466303557157516,2,12800
posthoc,fr,bias2,0.02586204744875431,2,12800
posthoc,fr,var,0.0066042556427419186,2,12800
posthoc,fz,mspe,0.006152026820927858,2,12800
posthoc,fz,bias2,0.0003804216394200921,2,12800
posthoc,fz,var,0.005771604832261801,2,12800
posthoc_lam0,y,mspe,1.1685551404953003,2,12800
posthoc_lam0,y,bias2,1.0037614107131958,2,12800
posthoc_lam0,y,var,0.16479367017745972,2,12800
posthoc_lam0,fx,mspe,0.17308863997459412,2,12800
posthoc_lam0,fx,bias2,0.003935387823730707,2,12800
posthoc_lam0,fx,var,0.16915325820446014,2,12800
posthoc_lam0,fr,mspe,0.19039544463157654,2,12800
posthoc_lam0,fr,bias2,0.02124219946563244,2,12800
posthoc_lam0,fr,var,0.16915325820446014,2,12800
posthoc_lam0,fz,mspe,0.005809175781905651,2,12800
posthoc_lam0,fz,bias2,5.620220326818526e-05,2,12800
posthoc_lam0,fz,var,0.005752974189817905,2,12800
posthoc_orth,y,mspe,1.0050921440124512,2,12800
posthoc_orth,y,bias2,1.0031567811965942,2,12800
posthoc_orth,y,var,0.0019353613024577498,2,12800
posthoc_orth,fx,mspe,0.02126948907971382,2,12800
posthoc_orth,fx,bias2,0.019706694409251213,2,12800
posthoc_orth,fx,var,0.0015627924585714936,2,12800
posthoc_orth,fr,mspe,0.1291198879480362,2,12800
posthoc_orth,fr,bias2,0.10690996795892715,2,12800
posthoc_orth,fr,var,0.022209925577044487,2,12800
posthoc_orth,fz,mspe,0.019954700022935867,2,12800
posthoc_orth,fz,bias2,0.01965787261724472,2,12800
posthoc_orth,fz,var,0.0002968289772979915,2,12800
posthoc_orth_lam0,y,mspe,1.6550076007843018,2,12800
posthoc_orth_lam0,y,bias2,0.9976761341094971,2,12800
posthoc_orth_lam0,y,var,0.6573314666748047,2,12800
posthoc_orth_lam0,fx,mspe,0.6941165328025818,2,12800
posthoc_orth_lam0,fx,bias2,0.03731498867273331,2,12800
posthoc_orth_lam0,fx,var,0.6568015217781067,2,12800
posthoc_orth_lam0,fr,mspe,0.7832843065261841,2,12800
posthoc_orth_lam0,fr,bias2,0.0975625067949295,2,12800
posthoc_orth_lam0,fr,var,0.685721755027771,2,12800
posthoc_orth_lam0,fz,mspe,0.01995137892663479,2,12800
posthoc_orth_lam0,fz,bias2,0.01965443603694439,2,12800
posthoc_orth_lam0,fz,var,0.0002969413762912154,2,12800
posthoc_web,y,mspe,2.920968532562256,2,12800
posthoc_web,y,bias2,2.917616844177246,2,12800
posthoc_web,y,var,0.0033521291334182024,2,12800
posthoc_web,fx,mspe,0.03851800784468651,2,12800
posthoc_web,fx,bias2,0.036821022629737854,2,12800
posthoc_web,fx,var,0.0016969868447631598,2,12800
posthoc_web,fr,mspe,1.849032998085022,2,12800
posthoc_web,fr,bias2,1.8458019495010376,2,12800
posthoc_web,fr,var,0.0032311039976775646,2,12800
posthoc_web,fz,mspe,0.31181836128234863,2,12800
posthoc_web,fz,bias2,0.31181836128234863,2,12800
posthoc_web,fz,var,0.0,2,12800
base,y,mspe,1.0537495613098145,2.5,12800
base,y,bias2,1.052199125289917,2.5,12800
base,y,var,0.0015503417234867811,2.5,12800
base,fx,mspe,0.4544934034347534,2.5,12800
base,fx,bias2,0.45328566431999207,2.5,12800
base,fx,var,0.0012077922001481056,2.5,12800
base,fr,mspe,0.6565685868263245,2.5,12800
base,fr,bias2,0.6553608179092407,2.5,12800
base,fr,var,0.0012077922001481056,2.5,12800
base,fz,mspe,0.48721617460250854,2.5,12800
base,fz,bias2,0.48721617460250854,2.5,12800
base,fz,var,0.0,2.5,12800
posthoc,y,mspe,1.0049200057983398,2.5,12800
posthoc,y,bias2,1.0029826164245605,2.5,12800
posthoc,y,var,0.0019373917020857334,2.5,12800
posthoc,fx,mspe,0.007977524772286415,2.5,12800
posthoc,fx,bias2,0.0007477719918824732,2.5,12800
posthoc,fx,var,0.007229751907289028,2.5,12800
posthoc,fr,mspe,0.03329510986804962,2.5,12800
posthoc,fr,bias2,0.026065360754728317,2.5,12800
posthoc,fr,var,0.007229751907289028,2.5,12800
posthoc,fz,mspe,0.006721456069499254,2.5,12800
posthoc,fz,bias2,0.00039610874955542386,2.5,12800
posthoc,fz,var,0.0063253468833863735,2.5,12800
posthoc_lam0,y,mspe,2.044475793838501,2.5,12800
posthoc_lam0,y,bias2,1.0069423913955688,2.5,12800
posthoc_lam0,y,var,1.0375332832336426,2.5,12800
posthoc_lam0,fx,mspe,1.0665665864944458,2.5,12800
posthoc_lam0,fx,bias2,0.023403378203511238,2.5,12800
posthoc_lam0,fx,var,1.0431631803512573,2.5,12800
posthoc_lam0,fr,mspe,1.0814743041992188,2.5,12800
posthoc_lam0,fr,bias2,0.03831113874912262,2.5,12800
posthoc_lam0,fr,var,1.0431631803512573,2.5,12800
posthoc_lam0,fz,mspe,0.015431654639542103,2.5,12800
posthoc_lam0,fz,bias2,0.0010119538055732846,2.5,12800
posthoc_lam0,fz,var,0.01441970095038414,2.5,12800
posthoc_orth,y,mspe,1.0049200057983398,2.5,12800
posthoc_orth,y,bias2,1.0029826164245605,2.5,12800
posthoc_orth,y,var,0.001937410794198513,2.5,12800
posthoc_orth,fx,mspe,0.02125541679561138,2.5,12800
posthoc_orth,fx,bias2,0.019684303551912308,2.5,12800
posthoc_orth,fx,var,0.001571111031807959,2.5,12800
posthoc_orth,fr,mspe,0.1323888748884201,2.5,12800
posthoc_orth,fr,bias2,0.10732316970825195,2.5,12800
posthoc_orth,fr,var,0.0250657107681036,2.5,12800
posthoc_orth,fz,mspe,0.02000952512025833,2.5,12800
posthoc_orth,fz,bias2,0.019657596945762634,2.5,12800
posthoc_orth,fz,var,0.000351928174495697,2.5,12800
posthoc_orth_lam0,y,mspe,1.1475437879562378,2.5,12800
posthoc_orth_lam0,y,bias2,1.004624605178833,2.5,12800
posthoc_orth_lam0,y,var,0.1429191529750824,2.5,12800
posthoc_orth_lam0,fx,mspe,0.16516391932964325,2.5,12800
posthoc_orth_lam0,fx,bias2,0.022647835314273834,2.5,12800
posthoc_orth_lam0,fx,var,0.14251607656478882,2.5,12800
posthoc_orth_lam0,fr,mspe,0.23215252161026,2.5,12800
posthoc_orth_lam0,fr,bias2,0.07170699536800385,2.5,12800
posthoc_orth_lam0,fr,var,0.16044549643993378,2.5,12800
posthoc_orth_lam0,fz,mspe,0.020011885091662407,2.5,12800
posthoc_orth_lam0,fz,bias2,0.019659530371427536,2.5,12800
posthoc_orth_lam0,fz,var,0.0003523545747157186,2.5,12800
posthoc_web,y,mspe,3.770190954208374,2.5,12800
posthoc_web,y,bias2,3.7666265964508057,2.5,12800
posthoc_web,y,var,0.0035643228329718113,2.5,12800
posthoc_web,fx,mspe,0.04690460115671158,2.5,12800
posthoc_web,fx,bias2,0.04551313817501068,2.5,12800
posthoc_web,fx,var,0.001391457044519484,2.5,12800
posthoc_web,fr,mspe,2.6399686336517334,2.5,12800
posthoc_web,fr,bias2,2.6372385025024414,2.5,12800
posthoc_web,fr,var,0.0027300307992845774,2.5,12800
posthoc_web,fz,mspe,0.48721617460250854,2.5,12800
posthoc_web,fz,bias2,0.48721617460250854,2.5,12800
posthoc_web,fz,var,0.0,2.5,12800
base,y,mspe,1.0698692798614502,3,12800
base,y,bias2,1.0682941675186157,3,12800
base,y,var,0.0015751424944028258,3,12800
base,fx,mspe,0.6499611735343933,3,12800
base,fx,bias2,0.6487205624580383,3,12800
base,fx,var,0.0012405748711898923,3,12800
base,fr,mspe,0.8879067897796631,3,12800
base,fr,bias2,0.8866662383079529,3,12800
base,fr,var,0.0012405748711898923,3,12800
base,fz,mspe,0.7015913128852844,3,12800
base,fz,bias2,0.7015913128852844,3,12800
base,fz,var,0.0,3,12800
posthoc,y,mspe,1.0052926540374756,3,12800
posthoc,y,bias2,1.0035039186477661,3,12800
posthoc,y,var,0.0017887164140120149,3,12800
posthoc,fx,mspe,0.007262842264026403,3,12800
posthoc,fx,bias2,0.0010033033322542906,3,12800
posthoc,fx,var,0.006259537767618895,3,12800
posthoc,fr,mspe,0.033614952117204666,3,12800
posthoc,fr,bias2,0.027355413883924484,3,12800
posthoc,fr,var,0.006259537767618895,3,12800
posthoc,fz,mspe,0.006102448794990778,3,12800
posthoc,fz,bias2,0.0005547312321141362,3,12800
posthoc,fz,var,0.005547718610614538,3,12800
posthoc_lam0,y,mspe,1.0805182456970215,3,12800
posthoc_lam0,y,bias2,1.001793384552002,3,12800
posthoc_lam0,y,var,0.07872476428747177,3,12800
posthoc_lam0,fx,mspe,0.0845099464058876,3,12800
posthoc_lam0,fx,bias2,0.001434986013919115,3,12800
posthoc_lam0,fx,var,0.08307494968175888,3,12800
posthoc_lam0,fr,mspe,0.09996610879898071,3,12800
posthoc_lam0,fr,bias2,0.016891149803996086,3,12800
posthoc_lam0,fr,var,0.08307494968175888,3,12800
posthoc_lam0,fz,mspe,0.005357674788683653,3,12800
posthoc_lam0,fz,bias2,0.00013532108278013766,3,12800
posthoc_lam0,fz,var,0.0052223531529307365,3,12800
posthoc_orth,y,mspe,1.0052931308746338,3,12800
posthoc_orth,y,bias2,1.0035040378570557,3,12800
posthoc_orth,y,var,0.001789146102964878,3,12800
posthoc_orth,fx,mspe,0.021163035184144974,3,12800
posthoc_orth,fx,bias2,0.01975073292851448,3,12800
posthoc_orth,fx,var,0.0014123013243079185,3,12800
posthoc_orth,fr,mspe,0.13359050452709198,3,12800
posthoc_orth,fr,bias2,0.11213581264019012,3,12800
posthoc_orth,fr,var,0.021454693749547005,3,12800
posthoc_orth,fz,mspe,0.020074529573321342,3,12800
posthoc_orth,fz,bias2,0.019657500088214874,3,12800
posthoc_orth,fz,var,0.0004170314350631088,3,12800
posthoc_orth_lam0,y,mspe,4.848510265350342,3,12800
posthoc_orth_lam0,y,bias2,1.0593814849853516,3,12800
posthoc_orth_lam0,y,var,3.789128303527832,3,12800
posthoc_orth_lam0,fx,mspe,3.882575035095215,3,12800
posthoc_orth_lam0,fx,bias2,0.09393228590488434,3,12800
posthoc_orth_lam0,fx,var,3.7886428833007812,3,12800
posthoc_orth_lam0,fr,mspe,3.955122470855713,3,12800
posthoc_orth_lam0,fr,bias2,0.14716388285160065,3,12800
posthoc_orth_lam0,fr,var,3.8079590797424316,3,12800
posthoc_orth_lam0,fz,mspe,0.020069174468517303,3,12800
posthoc_orth_lam0,fz,bias2,0.01965220272541046,3,12800
posthoc_orth_lam0,fz,var,0.0004169753228779882,3,12800
posthoc_web,y,mspe,4.75330114364624,3,12800
posthoc_web,y,bias2,4.749228000640869,3,12800
posthoc_web,y,var,0.004073477815836668,3,12800
posthoc_web,fx,mspe,0.05856192484498024,3,12800
posthoc_web,fx,bias2,0.05701029673218727,3,12800
posthoc_web,fx,var,0.0015516271814703941,3,12800
posthoc_web,fr,mspe,3.6114203929901123,3,12800
posthoc_web,fr,bias2,3.608480930328369,3,12800
posthoc_web,fr,var,0.002939571626484394,3,12800
posthoc_web,fz,mspe,0.7015913128852844,3,12800
posthoc_web,fz,bias2,0.7015913128852844,3,12800
posthoc_web,fz,var,0.0,3,12800
base,y,mspe,1.088529348373413,3.5,12800
base,y,bias2,1.0867092609405518,3.5,12800
base,y,var,0.0018200150225311518,3.5,12800
base,fx,mspe,0.894520103931427,3.5,12800
base,fx,bias2,0.8930235505104065,3.5,12800
base,fx,var,0.001496569369919598,3.5,12800
base,fr,mspe,1.1703451871871948,3.5,12800
base,fr,bias2,1.1688487529754639,3.5,12800
base,fr,var,0.001496569369919598,3.5,12800
base,fz,mspe,0.9549437165260315,3.5,12800
base,fz,bias2,0.954943835735321,3.5,12800
base,fz,var,0.0,3.5,12800
posthoc,y,mspe,1.0051329135894775,3.5,12800
posthoc,y,bias2,1.0032883882522583,3.5,12800
posthoc,y,var,0.0018444880843162537,3.5,12800
posthoc,fx,mspe,0.006565249990671873,3.5,12800
posthoc,fx,bias2,0.000669503235258162,3.5,12800
posthoc,fx,var,0.005895746871829033,3.5,12800
posthoc,fr,mspe,0.03112800605595112,3.5,12800
posthoc,fr,bias2,0.025232257321476936,3.5,12800
posthoc,fr,var,0.005895746871829033,3.5,12800
posthoc,fz,mspe,0.0055806273594498634,3.5,12800
posthoc,fz,bias2,0.000298742059385404,3.5,12800
posthoc,fz,var,0.00528188468888402,3.5,12800
posthoc_lam0,y,mspe,1.1897578239440918,3.5,12800
posthoc_lam0,y,bias2,1.007967472076416,3.5,12800
posthoc_lam0,y,var,0.1817903071641922,3.5,12800
posthoc_lam0,fx,mspe,0.1899823397397995,3.5,12800
posthoc_lam0,fx,bias2,0.002840663306415081,3.5,12800
posthoc_lam0,fx,var,0.18714164197444916,3.5,12800
posthoc_lam0,fr,mspe,0.2075081765651703,3.5,12800
posthoc_lam0,fr,bias2,0.020366525277495384,3.5,12800
posthoc_lam0,fr,var,0.18714164197444916,3.5,12800
posthoc_lam0,fz,mspe,0.006085278000682592,3.5,12800
posthoc_lam0,fz,bias2,0.00010633751662680879,3.5,12800
posthoc_lam0,fz,var,0.005978939589112997,3.5,12800
posthoc_orth,y,mspe,1.0051312446594238,3.5,12800
posthoc_orth,y,bias2,1.0032871961593628,3.5,12800
posthoc_orth,y,var,0.0018441471038386226,3.5,12800
posthoc_orth,fx,mspe,0.021182846277952194,3.5,12800
posthoc_orth,fx,bias2,0.01971522346138954,3.5,12800
posthoc_orth,fx,var,0.0014676244463771582,3.5,12800
posthoc_orth,fr,mspe,0.12341421842575073,3.5,12800
posthoc_orth,fr,bias2,0.10379020869731903,3.5,12800
posthoc_orth,fr,var,0.019624013453722,3.5,12800
posthoc_orth,fz,mspe,0.020149726420640945,3.5,12800
posthoc_orth,fz,bias2,0.019657587632536888,3.5,12800
posthoc_orth,fz,var,0.0004921401850879192,3.5,12800
posthoc_orth_lam0,y,mspe,1.0876448154449463,3.5,12800
posthoc_orth_lam0,y,bias2,1.0048524141311646,3.5,12800
posthoc_orth_lam0,y,var,0.08279235661029816,3.5,12800
posthoc_orth_lam0,fx,mspe,0.1033361554145813,3.5,12800
posthoc_orth_lam0,fx,bias2,0.02093854919075966,3.5,12800
posthoc_orth_lam0,fx,var,0.08239760994911194,3.5,12800
posthoc_orth_lam0,fr,mspe,0.1728997379541397,3.5,12800
posthoc_orth_lam0,fr,bias2,0.07001635432243347,3.5,12800
posthoc_orth_lam0,fr,var,0.10288338363170624,3.5,12800
posthoc_orth_lam0,fz,mspe,0.02014949731528759,3.5,12800
posthoc_orth_lam0,fz,bias2,0.019657248631119728,3.5,12800
posthoc_orth_lam0,fz,var,0.0004922512453049421,3.5,12800
posthoc_web,y,mspe,5.86103630065918,3.5,12800
posthoc_web,y,bias2,5.856861591339111,3.5,12800
posthoc_web,y,var,0.004174194764345884,3.5,12800
posthoc_web,fx,mspe,0.07144750654697418,3.5,12800
posthoc_web,fx,bias2,0.06994670629501343,3.5,12800
posthoc_web,fx,var,0.0015007928013801575,3.5,12800
posthoc_web,fr,mspe,4.687065601348877,3.5,12800
posthoc_web,fr,bias2,4.6843390464782715,3.5,12800
posthoc_web,fr,var,0.002726984675973654,3.5,12800
posthoc_web,fz,mspe,0.9549437165260315,3.5,12800
posthoc_web,fz,bias2,0.954943835735321,3.5,12800
posthoc_web,fz,var,0.0,3.5,12800
base,y,mspe,1.1088768243789673,4,12800
base,y,bias2,1.106966495513916,4,12800
base,y,var,0.001910175196826458,4,12800
base,fx,mspe,1.1676990985870361,4,12800
base,fx,bias2,1.1660797595977783,4,12800
base,fx,var,0.001619446906261146,4,12800
base,fr,mspe,1.4801244735717773,4,12800
base,fr,bias2,1.4785048961639404,4,12800
base,fr,var,0.001619446906261146,4,12800
base,fz,mspe,1.2472734451293945,4,12800
base,fz,bias2,1.2472734451293945,4,12800
base,fz,var,0.0,4,12800
posthoc,y,mspe,1.0051016807556152,4,12800
posthoc,y,bias2,1.0032742023468018,4,12800
posthoc,y,var,0.0018274846952408552,4,12800
posthoc,fx,mspe,0.006953067611902952,4,12800
posthoc,fx,bias2,0.0005573299713432789,4,12800
posthoc,fx,var,0.006395738106220961,4,12800
posthoc,fr,mspe,0.030587587505578995,4,12800
posthoc,fr,bias2,0.024191850796341896,4,12800
posthoc,fr,var,0.006395738106220961,4,12800
posthoc,fz,mspe,0.006019168999046087,4,12800
posthoc,fz,bias2,0.00020061332907062024,4,12800
posthoc,fz,var,0.005818556062877178,4,12800
posthoc_lam0,y,mspe,2.2364280223846436,4,12800
posthoc_lam0,y,bias2,1.039981484413147,4,12800
posthoc_lam0,y,var,1.196446418762207,4,12800
posthoc_lam0,fx,mspe,1.226560354232788,4,12800
posthoc_lam0,fx,bias2,0.024503527209162712,4,12800
posthoc_lam0,fx,var,1.202056884765625,4,12800
posthoc_lam0,fr,mspe,1.2387497425079346,4,12800
posthoc_lam0,fr,bias2,0.03669285029172897,4,12800
posthoc_lam0,fr,var,1.202056884765625,4,12800
posthoc_lam0,fz,mspe,0.0059222262352705,4,12800
posthoc_lam0,fz,bias2,0.0002815035986714065,4,12800
posthoc_lam0,fz,var,0.005640722345560789,4,12800
posthoc_orth,y,mspe,1.0051017999649048,4,12800
posthoc_orth,y,bias2,1.0032739639282227,4,12800
posthoc_orth,y,var,0.0018278340576216578,4,12800
posthoc_orth,fx,mspe,0.02120356634259224,4,12800
posthoc_orth,fx,bias2,0.019752338528633118,4,12800
posthoc_orth,fx,var,0.001451226300559938,4,12800
posthoc_orth,fr,mspe,0.1215343251824379,4,12800
posthoc_orth,fr,bias2,0.09964825958013535,4,12800
posthoc_orth,fr,var,0.021886078640818596,4,12800
posthoc_orth,fz,mspe,0.020235110074281693,4,12800
posthoc_orth,fz,bias2,0.01965785026550293,4,12800
posthoc_orth,fz,var,0.000577255617827177,4,12800
posthoc_orth_lam0,y,mspe,1.2718414068222046,4,12800
posthoc_orth_lam0,y,bias2,1.01114821434021,4,12800
posthoc_orth_lam0,y,var,0.2606932520866394,4,12800
posthoc_orth_lam0,fx,mspe,0.2830689251422882,4,12800
posthoc_orth_lam0,fx,bias2,0.022783150896430016,4,12800
posthoc_orth_lam0,fx,var,0.26028576493263245,4,12800
posthoc_orth_lam0,fr,mspe,0.38044843077659607,4,12800
posthoc_orth_lam0,fr,bias2,0.06504092365503311,4,12800
posthoc_orth_lam0,fr,var,0.3154074549674988,4,12800
posthoc_orth_lam0,fz,mspe,0.020238671451807022,4,12800
posthoc_orth_lam0,fz,bias2,0.01966158300638199,4,12800
posthoc_orth_lam0,fz,var,0.0005770876305177808,4,12800
posthoc_web,y,mspe,7.145623683929443,4,12800
posthoc_web,y,bias2,7.140084266662598,4,12800
posthoc_web,y,var,0.005539461504667997,4,12800
posthoc_web,fx,mspe,0.0876227542757988,4,12800
posthoc_web,fx,bias2,0.08551391959190369,4,12800
posthoc_web,fx,var,0.0021088398061692715,4,12800
posthoc_web,fr,mspe,5.935473442077637,4,12800
posthoc_web,fr,bias2,5.931706428527832,4,12800
posthoc_web,fr,var,0.003767244750633836,4,12800
posthoc_web,fz,mspe,1.2472734451293945,4,12800
posthoc_web,fz,bias2,1.2472734451293945,4,12800
posthoc_web,fz,var,0.0,4,12800
base,y,mspe,1.007939338684082,0,1600
base,y,bias2,1.0038481950759888,0,1600
base,y,var,0.004091107286512852,0,1600
base,fx,mspe,0.0053832195699214935,0,1600
base,fx,bias2,0.00213222810998559,0,1600
base,fx,var,0.003250990528613329,0,1600
base,fr,mspe,0.02748095989227295,0,1600
base,fr,bias2,0.024229969829320908,0,1600
base,fr,var,0.003250990528613329,0,1600
base,fz,mspe,0.0,0,1600
base,fz,bias2,0.0,0,1600
base,fz,var,0.0,0,1600
posthoc,y,mspe,1.0129249095916748,0,1600
posthoc,y,bias2,1.0032037496566772,0,1600
posthoc,y,var,0.009721198119223118,0,1600
posthoc,fx,mspe,0.018546245992183685,0,1600
posthoc,fx,bias2,0.001997212413698435,0,1600
posthoc,fx,var,0.016549034044146538,0,1600
posthoc,fr,mspe,0.04257898032665253,0,1600
posthoc,fr,bias2,0.02602994441986084,0,1600
posthoc,fr,var,0.016549034044146538,0,1600
posthoc,fz,mspe,0.01409086026251316,0,1600
posthoc,fz,bias2,5.863593833055347e-05,0,1600
posthoc,fz,var,0.01403222419321537,0,1600
posthoc_lam0,y,mspe,1.541530728340149,0,1600
posthoc_lam0,y,bias2,1.0092507600784302,0,1600
posthoc_lam0,y,var,0.5322797894477844,0,1600
posthoc_lam0,fx,mspe,0.6163138747215271,0,1600
posthoc_lam0,fx,bias2,0.015579869970679283,0,1600
posthoc_lam0,fx,var,0.6007339954376221,0,1600
posthoc_lam0,fr,mspe,0.6447814702987671,0,1600
posthoc_lam0,fr,bias2,0.04404754564166069,0,1600
posthoc_lam0,fr,var,0.6007339954376221,0,1600
posthoc_lam0,fz,mspe,0.07179740816354752,0,1600
posthoc_lam0,fz,bias2,7.071857544360682e-05,0,1600
posthoc_lam0,fz,var,0.07172668725252151,0,1600
posthoc_orth,y,mspe,1.012927532196045,0,1600
posthoc_orth,y,bias2,1.003199815750122,0,1600
posthoc_orth,y,var,0.009727785363793373,0,1600
posthoc_orth,fx,mspe,0.026554258540272713,0,1600
posthoc_orth,fx,bias2,0.020915871486067772,0,1600
posthoc_orth,fx,var,0.005638386122882366,0,1600
posthoc_orth,fr,mspe,0.1511029750108719,0,1600
posthoc_orth,fr,bias2,0.10037925839424133,0,1600
posthoc_orth,fr,var,0.050723735243082047,0,1600
posthoc_orth,fz,mspe,0.023830806836485863,0,1600
posthoc_orth,fz,bias2,0.02165919356048107,0,1600
posthoc_orth,fz,var,0.0021716109476983547,0,1600
posthoc_orth_lam0,y,mspe,3.945167303085327,0,1600
posthoc_orth_lam0,y,bias2,1.0726813077926636,0,1600
posthoc_orth_lam0,y,var,2.872485876083374,0,1600
posthoc_orth_lam0,fx,mspe,2.9426794052124023,0,1600
posthoc_orth_lam0,fx,bias2,0.07381244748830795,0,1600
posthoc_orth_lam0,fx,var,2.8688671588897705,0,1600
posthoc_orth_lam0,fr,mspe,3.4113104343414307,0,1600
posthoc_orth_lam0,fr,bias2,0.1336991935968399,0,1600
posthoc_orth_lam0,fr,var,3.277611017227173,0,1600
posthoc_orth_lam0,fz,mspe,0.023830300197005272,0,1600
posthoc_orth_lam0,fz,bias2,0.021658802404999733,0,1600
posthoc_orth_lam0,fz,var,0.0021714973263442516,0,1600
posthoc_web,y,mspe,1.1259058713912964,0,1600
posthoc_web,y,bias2,1.0964562892913818,0,1600
posthoc_web,y,var,0.02944965846836567,0,1600
posthoc_web,fx,mspe,0.034007444977760315,0,1600
posthoc_web,fx,bias2,0.023674244061112404,0,1600
posthoc_web,fx,var,0.010333200916647911,0,1600
posthoc_web,fr,mspe,0.10912258177995682,0,1600
posthoc_web,fr,bias2,0.08439197391271591,0,1600
posthoc_web,fr,var,0.024730604141950607,0,1600
posthoc_web,fz,mspe,0.0,0,1600
posthoc_web,fz,bias2,0.0,0,1600
posthoc_web,fz,var,0.0,0,1600
base,y,mspe,1.0132914781570435,0.5,1600
base,y,bias2,1.0093899965286255,0.5,1600
base,y,var,0.0039014494977891445,0.5,1600
base,fx,mspe,0.02496790885925293,0.5,1600
base,fx,bias2,0.02210972085595131,0.5,1600
base,fx,var,0.002858186373487115,0.5,1600
base,fr,mspe,0.08347507566213608,0.5,1600
base,fr,bias2,0.08061689138412476,0.5,1600
base,fr,var,0.002858186373487115,0.5,1600
base,fz,mspe,0.01948864758014679,0.5,1600
base,fz,bias2,0.01948864758014679,0.5,1600
base,fz,var,0.0,0.5,1600
posthoc,y,mspe,1.0148297548294067,0.5,1600
posthoc,y,bias2,1.0047961473464966,0.5,1600
posthoc,y,var,0.010033685714006424,0.5,1600
posthoc,fx,mspe,0.025265727192163467,0.5,1600
posthoc,fx,bias2,0.006506609730422497,0.5,1600
posthoc,fx,var,0.018759118393063545,0.5,1600
posthoc,fr,mspe,0.0635875016450882,0.5,1600
posthoc,fr,bias2,0.0448283851146698,0.5,1600
posthoc,fr,var,0.018759118393063545,0.5,1600
posthoc,fz,mspe,0.018786156550049782,0.5,1600
posthoc,fz,bias2,0.0034832877572625875,0.5,1600
posthoc,fz,var,0.0153028704226017,0.5,1600
posthoc_lam0,y,mspe,2.3049116134643555,0.5,1600
posthoc_lam0,y,bias2,1.035484790802002,0.5,1600
posthoc_lam0,y,var,1.2694268226623535,0.5,1600
posthoc_lam0,fx,mspe,1.3460114002227783,0.5,1600
posthoc_lam0,fx,bias2,0.025691084563732147,0.5,1600
posthoc_lam0,fx,var,1.3203204870224,0.5,1600
posthoc_lam0,fr,mspe,1.3717880249023438,0.5,1600
posthoc_lam0,fr,bias2,0.05146755650639534,0.5,1600
posthoc_lam0,fr,var,1.3203204870224,0.5,1600
posthoc_lam0,fz,mspe,0.07184802740812302,0.5,1600
posthoc_lam0,fz,bias2,3.4428663639118895e-05,0.5,1600
posthoc_lam0,fz,var,0.07181360572576523,0.5,1600
posthoc_orth,y,mspe,1.0148258209228516,0.5,1600
posthoc_orth,y,bias2,1.0047932863235474,0.5,1600
posthoc_orth,y,var,0.010032542049884796,0.5,1600
posthoc_orth,fx,mspe,0.02709505520761013,0.5,1600
posthoc_orth,fx,bias2,0.02119038626551628,0.5,1600
posthoc_orth,fx,var,0.005904669873416424,0.5,1600
posthoc_orth,fr,mspe,0.23762282729148865,0.5,1600
posthoc_orth,fr,bias2,0.17738041281700134,0.5,1600
posthoc_orth,fr,var,0.060242414474487305,0.5,1600
posthoc_orth,fz,mspe,0.024029729887843132,0.5,1600
posthoc_orth,fz,bias2,0.021659256890416145,0.5,1600
posthoc_orth,fz,var,0.0023704704362899065,0.5,1600
posthoc_orth_lam0,y,mspe,1.5767014026641846,0.5,1600
posthoc_orth_lam0,y,bias2,1.0337753295898438,0.5,1600
posthoc_orth_lam0,y,var,0.5429259538650513,0.5,1600
posthoc_orth_lam0,fx,mspe,0.5671389698982239,0.5,1600
posthoc_orth_lam0,fx,bias2,0.028825979679822922,0.5,1600
posthoc_orth_lam0,fx,var,0.5383129715919495,0.5,1600
posthoc_orth_lam0,fr,mspe,0.992219865322113,0.5,1600
posthoc_orth_lam0,fr,bias2,0.11740346997976303,0.5,1600
posthoc_orth_lam0,fr,var,0.8748164176940918,0.5,1600
posthoc_orth_lam0,fz,mspe,0.024029716849327087,0.5,1600
posthoc_orth_lam0,fz,bias2,0.02165932022035122,0.5,1600
posthoc_orth_lam0,fz,var,0.0023703977931290865,0.5,1600
posthoc_web,y,mspe,1.3616467714309692,0.5,1600
posthoc_web,y,bias2,1.3189016580581665,0.5,1600
posthoc_web,y,var,0.04274498298764229,0.5,1600
posthoc_web,fx,mspe,0.03402550145983696,0.5,1600
posthoc_web,fx,bias2,0.023960478603839874,0.5,1600
posthoc_web,fx,var,0.010065021924674511,0.5,1600
posthoc_web,fr,mspe,0.3210192620754242,0.5,1600
posthoc_web,fr,bias2,0.2817339599132538,0.5,1600
posthoc_web,fr,var,0.039285264909267426,0.5,1600
posthoc_web,fz,mspe,0.01948864758014679,0.5,1600
posthoc_web,fz,bias2,0.01948864758014679,0.5,1600
posthoc_web,fz,var,0.0,0.5,1600
base,y,mspe,1.021823763847351,1,1600
base,y,bias2,1.0176488161087036,1,1600
base,y,var,0.004174979403614998,1,1600
base,fx,mspe,0.0787140280008316,1,1600
base,fx,bias2,0.07554098963737488,1,1600
base,fx,var,0.0031730281189084053,1,1600
base,fr,mspe,0.17238843441009521,1,1600
base,fr,bias2,0.16921541094779968,1,1600
base,fr,var,0.0031730281189084053,1,1600
base,fz,mspe,0.07795459032058716,1,1600
base,fz,bias2,0.07795459032058716,1,1600
base,fz,var,0.0,1,1600
posthoc,y,mspe,1.0162248611450195,1,1600
posthoc,y,bias2,1.005534052848816,1,1600
posthoc,y,var,0.010690907016396523,1,1600
posthoc,fx,mspe,0.03386033698916435,1,1600
posthoc,fx,bias2,0.01023722905665636,1,1600
posthoc,fx,var,0.023623108863830566,1,1600
posthoc,fr,mspe,0.07846307009458542,1,1600
posthoc,fr,bias2,0.05483996495604515,1,1600
posthoc,fr,var,0.023623108863830566,1,1600
posthoc,fz,mspe,0.0255313441157341,1,1600
posthoc,fz,bias2,0.006638051476329565,1,1600
posthoc,fz,var,0.018893294036388397,1,1600
posthoc_lam0,y,mspe,11.199605941772461,1,1600
posthoc_lam0,y,bias2,1.1075961589813232,1,1600
posthoc_lam0,y,var,10.092007637023926,1,1600
posthoc_lam0,fx,mspe,10.736878395080566,1,1600
posthoc_lam0,fx,bias2,0.17396318912506104,1,1600
posthoc_lam0,fx,var,10.562915802001953,1,1600
posthoc_lam0,fr,mspe,10.7560396194458,1,1600
posthoc_lam0,fr,bias2,0.19312351942062378,1,1600
posthoc_lam0,fr,var,10.562915802001953,1,1600
posthoc_lam0,fz,mspe,0.7631727457046509,1,1600
posthoc_lam0,fz,bias2,0.0004682151193264872,1,1600
posthoc_lam0,fz,var,0.762704610824585,1,1600
posthoc_orth,y,mspe,1.016224980354309,1,1600
posthoc_orth,y,bias2,1.0055339336395264,1,1600
posthoc_orth,y,var,0.010691016912460327,1,1600
posthoc_orth,fx,mspe,0.027955293655395508,1,1600
posthoc_orth,fx,bias2,0.021363435313105583,1,1600
posthoc_orth,fx,var,0.006591860670596361,1,1600
posthoc_orth,fr,mspe,0.29681217670440674,1,1600
posthoc_orth,fr,bias2,0.2177007645368576,1,1600
posthoc_orth,fr,var,0.07911139726638794,1,1600
posthoc_orth,fz,mspe,0.02435845322906971,1,1600
posthoc_orth,fz,bias2,0.0216600950807333,1,1600
posthoc_orth,fz,var,0.0026983553543686867,1,1600
posthoc_orth_lam0,y,mspe,3.0159947872161865,1,1600
posthoc_orth_lam0,y,bias2,1.042492151260376,1,1600
posthoc_orth_lam0,y,var,1.9735027551651,1,1600
posthoc_orth_lam0,fx,mspe,2.0223500728607178,1,1600
posthoc_orth_lam0,fx,bias2,0.0542139858007431,1,1600
posthoc_orth_lam0,fx,var,1.968136191368103,1,1600
posthoc_orth_lam0,fr,mspe,3.3729259967803955,1,1600
posthoc_orth_lam0,fr,bias2,0.27183201909065247,1,1600
posthoc_orth_lam0,fr,var,3.1010940074920654,1,1600
posthoc_orth_lam0,fz,mspe,0.024354148656129837,1,1600
posthoc_orth_lam0,fz,bias2,0.021655438467860222,1,1600
posthoc_orth_lam0,fz,var,0.0026987092569470406,1,1600
posthoc_web,y,mspe,1.7274105548858643,1,1600
posthoc_web,y,bias2,1.6979422569274902,1,1600
posthoc_web,y,var,0.029468197375535965,1,1600
posthoc_web,fx,mspe,0.030379310250282288,1,1600
posthoc_web,fx,bias2,0.024748820811510086,1,1600
posthoc_web,fx,var,0.005630488973110914,1,1600
posthoc_web,fr,mspe,0.6631649732589722,1,1600
posthoc_web,fr,bias2,0.6377941966056824,1,1600
posthoc_web,fr,var,0.02537074126303196,1,1600
posthoc_web,fz,mspe,0.07795459032058716,1,1600
posthoc_web,fz,bias2,0.07795459032058716,1,1600
posthoc_web,fz,var,0.0,1,1600
base,y,mspe,1.0342063903808594,1.5,1600
base,y,bias2,1.0289411544799805,1.5,1600
base,y,var,0.00526529923081398,1.5,1600
base,fx,mspe,0.16168323159217834,1.5,1600
base,fx,bias2,0.15730606019496918,1.5,1600
base,fx,var,0.00437718303874135,1.5,1600
base,fr,mspe,0.2883894741535187,1.5,1600
base,fr,bias2,0.2840122878551483,1.5,1600
base,fr,var,0.00437718303874135,1.5,1600
base,fz,mspe,0.1753978282213211,1.5,1600
base,fz,bias2,0.1753978282213211,1.5,1600
base,fz,var,0.0,1.5,1600
posthoc,y,mspe,1.0168583393096924,1.5,1600
posthoc,y,bias2,1.005468487739563,1.5,1600
posthoc,y,var,0.0113899614661932,1.5,1600
posthoc,fx,mspe,0.037287577986717224,1.5,1600
posthoc,fx,bias2,0.010208051651716232,1.5,1600
posthoc,fx,var,0.02707952819764614,1.5,1600
posthoc,fr,mspe,0.08202225714921951,1.5,1600
posthoc,fr,bias2,0.05494272708892822,1.5,1600
posthoc,fr,var,0.02707952819764614,1.5,1600
posthoc,fz,mspe,0.02952137030661106,1.5,1600
posthoc,fz,bias2,0.006762311328202486,1.5,1600
posthoc,fz,var,0.022759055718779564,1.5,1600
posthoc_lam0,y,mspe,2.8461499214172363,1.5,1600
posthoc_lam0,y,bias2,1.050642490386963,1.5,1600
posthoc_lam0,y,var,1.795507550239563,1.5,1600
posthoc_lam0,fx,mspe,1.9344805479049683,1.5,1600
posthoc_lam0,fx,bias2,0.04421009495854378,1.5,1600
posthoc_lam0,fx,var,1.8902705907821655,1.5,1600
posthoc_lam0,fr,mspe,1.9619075059890747,1.5,1600
posthoc_lam0,fr,bias2,0.07163689285516739,1.5,1600
posthoc_lam0,fr,var,1.8902705907821655,1.5,1600
posthoc_lam0,fz,mspe,0.13968147337436676,1.5,1600
posthoc_lam0,fz,bias2,0.0004410814435686916,1.5,1600
posthoc_lam0,fz,var,0.13924039900302887,1.5,1600
posthoc_orth,y,mspe,1.0168509483337402,1.5,1600
posthoc_orth,y,bias2,1.0054638385772705,1.5,1600
posthoc_orth,y,var,0.011387133970856667,1.5,1600
posthoc_orth,fx,mspe,0.02858281135559082,1.5,1600
posthoc_orth,fx,bias2,0.021325252950191498,1.5,1600
posthoc_orth,fx,var,0.007257557474076748,1.5,1600
posthoc_orth,fr,mspe,0.31070253252983093,1.5,1600
posthoc_orth,fr,bias2,0.219383105635643,1.5,1600
posthoc_orth,fr,var,0.09131942689418793,1.5,1600
posthoc_orth,fz,mspe,0.024816954508423805,1.5,1600
posthoc_orth,fz,bias2,0.02166168764233589,1.5,1600
posthoc_orth,fz,var,0.0031552643049508333,1.5,1600
posthoc_orth_lam0,y,mspe,14.941272735595703,1.5,1600
posthoc_orth_lam0,y,bias2,1.2381986379623413,1.5,1600
posthoc_orth_lam0,y,var,13.703076362609863,1.5,1600
posthoc_orth_lam0,fx,mspe,13.938488006591797,1.5,1600
posthoc_orth_lam0,fx,bias2,0.23973803222179413,1.5,1600
posthoc_orth_lam0,fx,var,13.698749542236328,1.5,1600
posthoc_orth_lam0,fr,mspe,15.717717170715332,1.5,1600
posthoc_orth_lam0,fr,bias2,0.29022684693336487,1.5,1600
posthoc_orth_lam0,fr,var,15.427490234375,1.5,1600
posthoc_orth_lam0,fz,mspe,0.024819903075695038,1.5,1600
posthoc_orth_lam0,fz,bias2,0.02166265808045864,1.5,1600
posthoc_orth_lam0,fz,var,0.003157244296744466,1.5,1600
posthoc_web,y,mspe,2.2223968505859375,1.5,1600
posthoc_web,y,bias2,2.182542324066162,1.5,1600
posthoc_web,y,var,0.03985445573925972,1.5,1600
posthoc_web,fx,mspe,0.0357639342546463,1.5,1600
posthoc_web,fx,bias2,0.02904008887708187,1.5,1600
posthoc_web,fx,var,0.0067238472402095795,1.5,1600
posthoc_web,fr,mspe,1.1150356531143188,1.5,1600
posthoc_web,fr,bias2,1.0778731107711792,1.5,1600
posthoc_web,fr,var,0.03716261312365532,1.5,1600
posthoc_web,fz,mspe,0.1753978282213211,1.5,1600
posthoc_web,fz,bias2,0.1753978282213211,1.5,1600
posthoc_web,fz,var,0.0,1.5,1600
base,y,mspe,1.0487154722213745,2,1600
base,y,bias2,1.0426870584487915,2,1600
base,y,var,0.006028347183018923,2,1600
base,fx,mspe,0.2813500165939331,2,1600
base,fx,bias2,0.2761506140232086,2,1600
base,fx,var,0.005199376493692398,2,1600
base,fr,mspe,0.44282159209251404,2,1600
base,fr,bias2,0.43762221932411194,2,1600
base,fr,var,0.005199376493692398,2,1600
base,fz,mspe,0.31181836128234863,2,1600
base,fz,bias2,0.31181836128234863,2,1600
base,fz,var,0.0,2,1600
posthoc,y,mspe,1.0174834728240967,2,1600
posthoc,y,bias2,1.0058058500289917,2,1600
posthoc,y,var,0.01167762279510498,2,1600
posthoc,fx,mspe,0.040567655116319656,2,1600
posthoc,fx,bias2,0.010042854584753513,2,1600
posthoc,fx,var,0.03052479773759842,2,1600
posthoc,fr,mspe,0.08554557710886002,2,1600
posthoc,fr,bias2,0.0550207793712616,2,1600
posthoc,fr,var,0.03052479773759842,2,1600
posthoc,fz,mspe,0.03342846781015396,2,1600
posthoc,fz,bias2,0.006949706003069878,2,1600
posthoc,fz,var,0.026478761807084084,2,1600
posthoc_lam0,y,mspe,34.11200714111328,2,1600
posthoc_lam0,y,bias2,1.635156512260437,2,1600
posthoc_lam0,y,var,32.47684860229492,2,1600
posthoc_lam0,fx,mspe,33.120079040527344,2,1600
posthoc_lam0,fx,bias2,0.6422784924507141,2,1600
posthoc_lam0,fx,var,32.47779846191406,2,1600
posthoc_lam0,fr,mspe,33.1323127746582,2,1600
posthoc_lam0,fr,bias2,0.6545119285583496,2,1600
posthoc_lam0,fr,var,32.47779846191406,2,1600
posthoc_lam0,fz,mspe,0.19577966630458832,2,1600
posthoc_lam0,fz,bias2,0.009088247083127499,2,1600
posthoc_lam0,fz,var,0.18669141829013824,2,1600
posthoc_orth,y,mspe,1.0174347162246704,2,1600
posthoc_orth,y,bias2,1.0057793855667114,2,1600
posthoc_orth,y,var,0.011655286885797977,2,1600
posthoc_orth,fx,mspe,0.028624052181839943,2,1600
posthoc_orth,fx,bias2,0.021062998101115227,2,1600
posthoc_orth,fx,var,0.007561056409031153,2,1600
posthoc_orth,fr,mspe,0.32617801427841187,2,1600
posthoc_orth,fr,bias2,0.22075413167476654,2,1600
posthoc_orth,fr,var,0.10542388260364532,2,1600
posthoc_orth,fz,mspe,0.025405259802937508,2,1600
posthoc_orth,fz,bias2,0.021664060652256012,2,1600
posthoc_orth,fz,var,0.00374119495972991,2,1600
posthoc_orth_lam0,y,mspe,2.2568397521972656,2,1600
posthoc_orth_lam0,y,bias2,1.0193092823028564,2,1600
posthoc_orth_lam0,y,var,1.2375304698944092,2,1600
posthoc_orth_lam0,fx,mspe,1.2851542234420776,2,1600
posthoc_orth_lam0,fx,bias2,0.052872877568006516,2,1600
posthoc_orth_lam0,fx,var,1.2322813272476196,2,1600
posthoc_orth_lam0,fr,mspe,1.7384051084518433,2,1600
posthoc_orth_lam0,fr,bias2,0.138946533203125,2,1600
posthoc_orth_lam0,fr,var,1.5994585752487183,2,1600
posthoc_orth_lam0,fz,mspe,0.025413477793335915,2,1600
posthoc_orth_lam0,fz,bias2,0.021673671901226044,2,1600
posthoc_orth_lam0,fz,var,0.0037398040294647217,2,1600
posthoc_web,y,mspe,2.9114937782287598,2,1600
posthoc_web,y,bias2,2.8529796600341797,2,1600
posthoc_web,y,var,0.058514226227998734,2,1600
posthoc_web,fx,mspe,0.0463230274617672,2,1600
posthoc_web,fx,bias2,0.03794363886117935,2,1600
posthoc_web,fx,var,0.008379388600587845,2,1600
posthoc_web,fr,mspe,1.7519772052764893,2,1600
posthoc_web,fr,bias2,1.6995769739151,2,1600
posthoc_web,fr,var,0.052400145679712296,2,1600
posthoc_web,fz,mspe,0.31181836128234863,2,1600
posthoc_web,fz,bias2,0.31181836128234863,2,1600
posthoc_web,fz,var,0.0,2,1600
base,y,mspe,1.0645145177841187,2.5,1600
base,y,bias2,1.0573698282241821,2.5,1600
base,y,var,0.007144737057387829,2.5,1600
base,fx,mspe,0.4402042031288147,2.5,1600
base,fx,bias2,0.433586984872818,2.5,1600
base,fx,var,0.006617208942770958,2.5,1600
base,fr,mspe,0.6377704739570618,2.5,1600
base,fr,bias2,0.6311532855033875,2.5,1600
base,fr,var,0.006617208942770958,2.5,1600
base,fz,mspe,0.48721617460250854,2.5,1600
base,fz,bias2,0.48721617460250854,2.5,1600
base,fz,var,0.0,2.5,1600
posthoc,y,mspe,1.0189576148986816,2.5,1600
posthoc,y,bias2,1.0069324970245361,2.5,1600
posthoc,y,var,0.012025110423564911,2.5,1600
posthoc,fx,mspe,0.04340947046875954,2.5,1600
posthoc,fx,bias2,0.012973761186003685,2.5,1600
posthoc,fx,var,0.030435709282755852,2.5,1600
posthoc,fr,mspe,0.09216039627790451,2.5,1600
posthoc,fr,bias2,0.061724692583084106,2.5,1600
posthoc,fr,var,0.030435709282755852,2.5,1600
posthoc,fz,mspe,0.03558836132287979,2.5,1600
posthoc,fz,bias2,0.009432238526642323,2.5,1600
posthoc,fz,var,0.026156125590205193,2.5,1600
posthoc_lam0,y,mspe,5.183394908905029,2.5,1600
posthoc_lam0,y,bias2,1.1156620979309082,2.5,1600
posthoc_lam0,y,var,4.067732810974121,2.5,1600
posthoc_lam0,fx,mspe,4.32771110534668,2.5,1600
posthoc_lam0,fx,bias2,0.09280579537153244,2.5,1600
posthoc_lam0,fx,var,4.234905242919922,2.5,1600
posthoc_lam0,fr,mspe,4.365300178527832,2.5,1600
posthoc_lam0,fr,bias2,0.13039478659629822,2.5,1600
posthoc_lam0,fr,var,4.234905242919922,2.5,1600
posthoc_lam0,fz,mspe,0.1801002472639084,2.5,1600
posthoc_lam0,fz,bias2,0.0031799443531781435,2.5,1600
posthoc_lam0,fz,var,0.17692029476165771,2.5,1600
posthoc_orth,y,mspe,1.0189627408981323,2.5,1600
posthoc_orth,y,bias2,1.0069316625595093,2.5,1600
posthoc_orth,y,var,0.012031028047204018,2.5,1600
posthoc_orth,fx,mspe,0.029379794374108315,2.5,1600
posthoc_orth,fx,bias2,0.021408166736364365,2.5,1600
posthoc_orth,fx,var,0.007971626706421375,2.5,1600
posthoc_orth,fr,mspe,0.35321512818336487,2.5,1600
posthoc_orth,fr,bias2,0.24815239012241364,2.5,1600
posthoc_orth,fr,var,0.10506276786327362,2.5,1600
posthoc_orth,fz,mspe,0.026123369112610817,2.5,1600
posthoc_orth,fz,bias2,0.021667219698429108,2.5,1600
posthoc_orth,fz,var,0.004456149879842997,2.5,1600
posthoc_orth_lam0,y,mspe,10.4794282913208,2.5,1600
posthoc_orth_lam0,y,bias2,1.199317455291748,2.5,1600
posthoc_orth_lam0,y,var,9.280111312866211,2.5,1600
posthoc_orth_lam0,fx,mspe,9.515124320983887,2.5,1600
posthoc_orth_lam0,fx,bias2,0.23838657140731812,2.5,1600
posthoc_orth_lam0,fx,var,9.276737213134766,2.5,1600
posthoc_orth_lam0,fr,mspe,11.424705505371094,2.5,1600
posthoc_orth_lam0,fr,bias2,0.48028528690338135,2.5,1600
posthoc_orth_lam0,fr,var,10.944421768188477,2.5,1600
posthoc_orth_lam0,fz,mspe,0.02612236514687538,2.5,1600
posthoc_orth_lam0,fz,bias2,0.021663779392838478,2.5,1600
posthoc_orth_lam0,fz,var,0.004458587151020765,2.5,1600
posthoc_web,y,mspe,3.718576669692993,2.5,1600
posthoc_web,y,bias2,3.6968390941619873,2.5,1600
posthoc_web,y,var,0.0217378381639719,2.5,1600
posthoc_web,fx,mspe,0.058286428451538086,2.5,1600
posthoc_web,fx,bias2,0.05047716572880745,2.5,1600
posthoc_web,fx,var,0.007809258531779051,2.5,1600
posthoc_web,fr,mspe,2.4956042766571045,2.5,1600
posthoc_web,fr,bias2,2.4777021408081055,2.5,1600
posthoc_web,fr,var,0.017902236431837082,2.5,1600
posthoc_web,fz,mspe,0.48721617460250854,2.5,1600
posthoc_web,fz,bias2,0.48721617460250854,2.5,1600
posthoc_web,fz,var,0.0,2.5,1600
base,y,mspe,1.0827780961990356,3,1600
base,y,bias2,1.0739812850952148,3,1600
base,y,var,0.008796812035143375,3,1600
base,fx,mspe,0.6306068301200867,3,1600
base,fx,bias2,0.6224527955055237,3,1600
base,fx,var,0.008154061622917652,3,1600
base,fr,mspe,0.8636134266853333,3,1600
base,fr,bias2,0.8554593920707703,3,1600
base,fr,var,0.008154061622917652,3,1600
base,fz,mspe,0.7015913128852844,3,1600
base,fz,bias2,0.7015913128852844,3,1600
base,fz,var,0.0,3,1600
posthoc,y,mspe,1.018054723739624,3,1600
posthoc,y,bias2,1.0061426162719727,3,1600
posthoc,y,var,0.011912201531231403,3,1600
posthoc,fx,mspe,0.04183029755949974,3,1600
posthoc,fx,bias2,0.011820542626082897,3,1600
posthoc,fx,var,0.03000975213944912,3,1600
posthoc,fr,mspe,0.08906419575214386,3,1600
posthoc,fr,bias2,0.059054456651210785,3,1600
posthoc,fr,var,0.03000975213944912,3,1600
posthoc,fz,mspe,0.034756455570459366,3,1600
posthoc,fz,bias2,0.008441939018666744,3,1600
posthoc,fz,var,0.026314515620470047,3,1600
posthoc_lam0,y,mspe,506.7093811035156,3,1600
posthoc_lam0,y,bias2,11.695934295654297,3,1600
posthoc_lam0,y,var,495.013427734375,3,1600
posthoc_lam0,fx,mspe,544.8754272460938,3,1600
posthoc_lam0,fx,bias2,11.289226531982422,3,1600
posthoc_lam0,fx,var,533.586181640625,3,1600
posthoc_lam0,fr,mspe,544.64794921875,3,1600
posthoc_lam0,fr,bias2,11.061710357666016,3,1600
posthoc_lam0,fr,var,533.586181640625,3,1600
posthoc_lam0,fz,mspe,17.0324649810791,3,1600
posthoc_lam0,fz,bias2,0.2431192398071289,3,1600
posthoc_lam0,fz,var,16.78934669494629,3,1600
posthoc_orth,y,mspe,1.018054485321045,3,1600
posthoc_orth,y,bias2,1.006142258644104,3,1600
posthoc_orth,y,var,0.01191217452287674,3,1600
posthoc_orth,fx,mspe,0.02928861603140831,3,1600
posthoc_orth,fx,bias2,0.02140858583152294,3,1600
posthoc_orth,fx,var,0.007880031131207943,3,1600
posthoc_orth,fr,mspe,0.3417769968509674,3,1600
posthoc_orth,fr,bias2,0.2378571629524231,3,1600
posthoc_orth,fr,var,0.10391983389854431,3,1600
posthoc_orth,fz,mspe,0.02697126381099224,3,1600
posthoc_orth,fz,bias2,0.02167113497853279,3,1600
posthoc_orth,fz,var,0.00530012883245945,3,1600
posthoc_orth_lam0,y,mspe,92.72085571289062,3,1600
posthoc_orth_lam0,y,bias2,2.8148000240325928,3,1600
posthoc_orth_lam0,y,var,89.90606689453125,3,1600
posthoc_orth_lam0,fx,mspe,91.78713989257812,3,1600
posthoc_orth_lam0,fx,bias2,1.8896762132644653,3,1600
posthoc_orth_lam0,fx,var,89.89746856689453,3,1600
posthoc_orth_lam0,fr,mspe,101.08345794677734,3,1600
posthoc_orth_lam0,fr,bias2,2.536558151245117,3,1600
posthoc_orth_lam0,fr,var,98.5468978881836,3,1600
posthoc_orth_lam0,fz,mspe,0.02704615890979767,3,1600
posthoc_orth_lam0,fz,bias2,0.021753372624516487,3,1600
posthoc_orth_lam0,fz,var,0.005292783956974745,3,1600
posthoc_web,y,mspe,4.69906759262085,3,1600
posthoc_web,y,bias2,4.671834945678711,3,1600
posthoc_web,y,var,0.027232542634010315,3,1600
posthoc_web,fx,mspe,0.07712551951408386,3,1600
posthoc_web,fx,bias2,0.06576687097549438,3,1600
posthoc_web,fx,var,0.011358645744621754,3,1600
posthoc_web,fr,mspe,3.448010206222534,3,1600
posthoc_web,fr,bias2,3.4259161949157715,3,1600
posthoc_web,fr,var,0.022094331681728363,3,1600
posthoc_web,fz,mspe,0.7015913128852844,3,1600
posthoc_web,fz,bias2,0.7015913128852844,3,1600
posthoc_web,fz,var,0.0,3,1600
base,y,mspe,1.0976561307907104,3.5,1600
base,y,bias2,1.0898559093475342,3.5,1600
base,y,var,0.007800015155225992,3.5,1600
base,fx,mspe,0.8844372630119324,3.5,1600
base,fx,bias2,0.8765851855278015,3.5,1600
base,fx,var,0.007852133363485336,3.5,1600
base,fr,mspe,1.1576511859893799,3.5,1600
base,fr,bias2,1.1497989892959595,3.5,1600
base,fr,var,0.007852133363485336,3.5,1600
base,fz,mspe,0.9549437165260315,3.5,1600
base,fz,bias2,0.954943835735321,3.5,1600
base,fz,var,0.0,3.5,1600
posthoc,y,mspe,1.0189197063446045,3.5,1600
posthoc,y,bias2,1.0071954727172852,3.5,1600
posthoc,y,var,0.011724247597157955,3.5,1600
posthoc,fx,mspe,0.045709095895290375,3.5,1600
posthoc,fx,bias2,0.01395588368177414,3.5,1600
posthoc,fx,var,0.03175320848822594,3.5,1600
posthoc,fr,mspe,0.09540584683418274,3.5,1600
posthoc,fr,bias2,0.06365262717008591,3.5,1600
posthoc,fr,var,0.03175320848822594,3.5,1600
posthoc,fz,mspe,0.03944527357816696,3.5,1600
posthoc,fz,bias2,0.010151672177016735,3.5,1600
posthoc,fz,var,0.029293598607182503,3.5,1600
posthoc_lam0,y,mspe,4.596820831298828,3.5,1600
posthoc_lam0,y,bias2,1.0865932703018188,3.5,1600
posthoc_lam0,y,var,3.5102274417877197,3.5,1600
posthoc_lam0,fx,mspe,4.042519569396973,3.5,1600
posthoc_lam0,fx,bias2,0.08751042187213898,3.5,1600
posthoc_lam0,fx,var,3.9550092220306396,3.5,1600
posthoc_lam0,fr,mspe,4.041000843048096,3.5,1600
posthoc_lam0,fr,bias2,0.0859917551279068,3.5,1600
posthoc_lam0,fr,var,3.9550092220306396,3.5,1600
posthoc_lam0,fz,mspe,0.4073174297809601,3.5,1600
posthoc_lam0,fz,bias2,0.004288662225008011,3.5,1600
posthoc_lam0,fz,var,0.4030287563800812,3.5,1600
posthoc_orth,y,mspe,1.018919825553894,3.5,1600
posthoc_orth,y,bias2,1.0071955919265747,3.5,1600
posthoc_orth,y,var,0.011724293231964111,3.5,1600
posthoc_orth,fx,mspe,0.029368963092565536,3.5,1600
posthoc_orth,fx,bias2,0.021722305566072464,3.5,1600
posthoc_orth,fx,var,0.007646658923476934,3.5,1600
posthoc_orth,fr,mspe,0.3695831000804901,3.5,1600
posthoc_orth,fr,bias2,0.25612276792526245,3.5,1600
posthoc_orth,fr,var,0.11346029490232468,3.5,1600
posthoc_orth,fz,mspe,0.02794896624982357,3.5,1600
posthoc_orth,fz,bias2,0.0216758344322443,3.5,1600
posthoc_orth,fz,var,0.00627312995493412,3.5,1600
posthoc_orth_lam0,y,mspe,3.8581860065460205,3.5,1600
posthoc_orth_lam0,y,bias2,1.0675777196884155,3.5,1600
posthoc_orth_lam0,y,var,2.7906081676483154,3.5,1600
posthoc_orth_lam0,fx,mspe,2.865443706512451,3.5,1600
posthoc_orth_lam0,fx,bias2,0.07888050377368927,3.5,1600
posthoc_orth_lam0,fx,var,2.7865631580352783,3.5,1600
posthoc_orth_lam0,fr,mspe,4.869175910949707,3.5,1600
posthoc_orth_lam0,fr,bias2,0.34176790714263916,3.5,1600
posthoc_orth_lam0,fr,var,4.527407646179199,3.5,1600
posthoc_orth_lam0,fz,mspe,0.027943773195147514,3.5,1600
posthoc_orth_lam0,fz,bias2,0.021669862791895866,3.5,1600
posthoc_orth_lam0,fz,var,0.006273915991187096,3.5,1600
posthoc_web,y,mspe,5.719812393188477,3.5,1600
posthoc_web,y,bias2,5.6913838386535645,3.5,1600
posthoc_web,y,var,0.0284289363771677,3.5,1600
posthoc_web,fx,mspe,0.0921621099114418,3.5,1600
posthoc_web,fx,bias2,0.08043360710144043,3.5,1600
posthoc_web,fx,var,0.011728506535291672,3.5,1600
posthoc_web,fr,mspe,4.426304817199707,3.5,1600
posthoc_web,fr,bias2,4.4042439460754395,3.5,1600
posthoc_web,fr,var,0.022060751914978027,3.5,1600
posthoc_web,fz,mspe,0.9549437165260315,3.5,1600
posthoc_web,fz,bias2,0.954943835735321,3.5,1600
posthoc_web,fz,var,0.0,3.5,1600
base,y,mspe,1.1181637048721313,4,1600
base,y,bias2,1.1100257635116577,4,1600
base,y,var,0.008138099685311317,4,1600
base,fx,mspe,1.146294116973877,4,1600
base,fx,bias2,1.1379579305648804,4,1600
base,fx,var,0.008336199447512627,4,1600
base,fr,mspe,1.455003023147583,4,1600
base,fr,bias2,1.4466668367385864,4,1600
base,fr,var,0.008336199447512627,4,1600
base,fz,mspe,1.2472734451293945,4,1600
base,fz,bias2,1.2472734451293945,4,1600
base,fz,var,0.0,4,1600
posthoc,y,mspe,1.0191824436187744,4,1600
posthoc,y,bias2,1.0059747695922852,4,1600
posthoc,y,var,0.013207707554101944,4,1600
posthoc,fx,mspe,0.04639013111591339,4,1600
posthoc,fx,bias2,0.009834371507167816,4,1600
posthoc,fx,var,0.03655576333403587,4,1600
posthoc,fr,mspe,0.09052734076976776,4,1600
posthoc,fr,bias2,0.05397157743573189,4,1600
posthoc,fr,var,0.03655576333403587,4,1600
posthoc,fz,mspe,0.040290165692567825,4,1600
posthoc,fz,bias2,0.006482725031673908,4,1600
posthoc,fz,var,0.03380743786692619,4,1600
posthoc_lam0,y,mspe,2.0185635089874268,4,1600
posthoc_lam0,y,bias2,1.0233798027038574,4,1600
posthoc_lam0,y,var,0.9951835870742798,4,1600
posthoc_lam0,fx,mspe,1.0914678573608398,4,1600
posthoc_lam0,fx,bias2,0.02138805389404297,4,1600
posthoc_lam0,fx,var,1.0700798034667969,4,1600
posthoc_lam0,fr,mspe,1.1248189210891724,4,1600
posthoc_lam0,fr,bias2,0.05473899841308594,4,1600
posthoc_lam0,fr,var,1.0700798034667969,4,1600
posthoc_lam0,fz,mspe,0.0751509964466095,4,1600
posthoc_lam0,fz,bias2,0.0015465504257008433,4,1600
posthoc_lam0,fz,var,0.07360444217920303,4,1600
posthoc_orth,y,mspe,1.0192251205444336,4,1600
posthoc_orth,y,bias2,1.005944848060608,4,1600
posthoc_orth,y,var,0.013280292972922325,4,1600
posthoc_orth,fx,mspe,0.03060782514512539,4,1600
posthoc_orth,fx,bias2,0.021386953070759773,4,1600
posthoc_orth,fx,var,0.009220872074365616,4,1600
posthoc_orth,fr,mspe,0.342248797416687,4,1600
posthoc_orth,fr,bias2,0.2148568481206894,4,1600
posthoc_orth,fr,var,0.1273919641971588,4,1600
posthoc_orth,fz,mspe,0.029056429862976074,4,1600
posthoc_orth,fz,bias2,0.021681275218725204,4,1600
posthoc_orth,fz,var,0.007375155109912157,4,1600
posthoc_orth_lam0,y,mspe,106.44078063964844,4,1600
posthoc_orth_lam0,y,bias2,3.1135363578796387,4,1600
posthoc_orth_lam0,y,var,103.3272476196289,4,1600
posthoc_orth_lam0,fx,mspe,105.48206329345703,4,1600
posthoc_orth_lam0,fx,bias2,2.1575582027435303,4,1600
posthoc_orth_lam0,fx,var,103.32450866699219,4,1600
posthoc_orth_lam0,fr,mspe,139.9906463623047,4,1600
posthoc_orth_lam0,fr,bias2,2.3282582759857178,4,1600
posthoc_orth_lam0,fr,var,137.66238403320312,4,1600
posthoc_orth_lam0,fz,mspe,0.029100852087140083,4,1600
posthoc_orth_lam0,fz,bias2,0.021724268794059753,4,1600
posthoc_orth_lam0,fz,var,0.007376581430435181,4,1600
posthoc_web,y,mspe,6.915046215057373,4,1600
posthoc_web,y,bias2,6.79780387878418,4,1600
posthoc_web,y,var,0.11724311858415604,4,1600
posthoc_web,fx,mspe,0.11052222549915314,4,1600
posthoc_web,fx,bias2,0.09294392913579941,4,1600
posthoc_web,fx,var,0.01757829636335373,4,1600
posthoc_web,fr,mspe,5.526336669921875,4,1600
posthoc_web,fr,bias2,5.3902974128723145,4,1600
posthoc_web,fr,var,0.13603897392749786,4,1600
posthoc_web,fz,mspe,1.2472734451293945,4,1600
posthoc_web,fz,bias2,1.2472734451293945,4,1600
posthoc_web,fz,var,0.0,4,1600
base,y,mspe,1.0035042762756348,0,25600
base,y,bias2,1.0028783082962036,0,25600
base,y,var,0.0006260486552491784,0,25600
base,fx,mspe,0.0007504067034460604,0,25600
base,fx,bias2,0.00027869894984178245,0,25600
base,fx,var,0.0004717077827081084,0,25600
base,fr,mspe,0.02074531465768814,0,25600
base,fr,bias2,0.020273607224225998,0,25600
base,fr,var,0.0004717077827081084,0,25600
base,fz,mspe,0.0,0,25600
base,fz,bias2,0.0,0,25600
base,fz,var,0.0,0,25600
posthoc,y,mspe,1.0034772157669067,0,25600
posthoc,y,bias2,1.002465844154358,0,25600
posthoc,y,var,0.0010113733587786555,0,25600
posthoc,fx,mspe,0.0021457658149302006,0,25600
posthoc,fx,bias2,0.000163685399456881,0,25600
posthoc,fx,var,0.0019820802845060825,0,25600
posthoc,fr,mspe,0.02305452898144722,0,25600
posthoc,fr,bias2,0.021072447299957275,0,25600
posthoc,fr,var,0.0019820802845060825,0,25600
posthoc,fz,mspe,0.0015222940128296614,0,25600
posthoc,fz,bias2,2.0873474568361416e-05,0,25600
posthoc,fz,var,0.0015014202799648046,0,25600
posthoc_lam0,y,mspe,1.3274917602539062,0,25600
posthoc_lam0,y,bias2,1.0103788375854492,0,25600
posthoc_lam0,y,var,0.31711283326148987,0,25600
posthoc_lam0,fx,mspe,0.3262035846710205,0,25600
posthoc_lam0,fx,bias2,0.007395415101200342,0,25600
posthoc_lam0,fx,var,0.3188081681728363,0,25600
posthoc_lam0,fr,mspe,0.3487827181816101,0,25600
posthoc_lam0,fr,bias2,0.0299745611846447,0,25600
posthoc_lam0,fr,var,0.3188081681728363,0,25600
posthoc_lam0,fz,mspe,0.0025983310770243406,0,25600
posthoc_lam0,fz,bias2,6.643009692197666e-05,0,25600
posthoc_lam0,fz,var,0.002531900769099593,0,25600
posthoc_orth,y,mspe,1.0034152269363403,0,25600
posthoc_orth,y,bias2,1.0024142265319824,0,25600
posthoc_orth,y,var,0.0010010628029704094,0,25600
posthoc_orth,fx,mspe,0.020475830882787704,0,25600
posthoc_orth,fx,bias2,0.019685368984937668,0,25600
posthoc_orth,fx,var,0.0007904639933258295,0,25600
posthoc_orth,fr,mspe,0.09353866428136826,0,25600
posthoc_orth,fr,bias2,0.08766409009695053,0,25600
posthoc_orth,fr,var,0.005874586291611195,0,25600
posthoc_orth,fz,mspe,0.01981753669679165,0,25600
posthoc_orth,fz,bias2,0.019698332995176315,0,25600
posthoc_orth,fz,var,0.00011920431279577315,0,25600
posthoc_orth_lam0,y,mspe,1.0256123542785645,0,25600
posthoc_orth_lam0,y,bias2,1.0043120384216309,0,25600
posthoc_orth_lam0,y,var,0.021300356835126877,0,25600
posthoc_orth_lam0,fx,mspe,0.04102097451686859,0,25600
posthoc_orth_lam0,fx,bias2,0.019938450306653976,0,25600
posthoc_orth_lam0,fx,var,0.021082520484924316,0,25600
posthoc_orth_lam0,fr,mspe,0.12296270579099655,0,25600
posthoc_orth_lam0,fr,bias2,0.09072165191173553,0,25600
posthoc_orth_lam0,fr,var,0.03224105015397072,0,25600
posthoc_orth_lam0,fz,mspe,0.019817601889371872,0,25600
posthoc_orth_lam0,fz,bias2,0.01969839446246624,0,25600
posthoc_orth_lam0,fz,var,0.00011920828546863049,0,25600
posthoc_web,y,mspe,1.0933027267456055,0,25600
posthoc_web,y,bias2,1.0913903713226318,0,25600
posthoc_web,y,var,0.0019124012906104326,0,25600
posthoc_web,fx,mspe,0.020260697230696678,0,25600
posthoc_web,fx,bias2,0.019675644114613533,0,25600
posthoc_web,fx,var,0.000585050554946065,0,25600
posthoc_web,fr,mspe,0.08526988327503204,0,25600
posthoc_web,fr,bias2,0.08417193591594696,0,25600
posthoc_web,fr,var,0.0010979452636092901,0,25600
posthoc_web,fz,mspe,0.0,0,25600
posthoc_web,fz,bias2,0.0,0,25600
posthoc_web,fz,var,0.0,0,25600
base,y,mspe,1.0089973211288452,0.5,25600
base,y,bias2,1.0083400011062622,0.5,25600
base,y,var,0.0006573584396392107,0.5,25600
base,fx,mspe,0.019541608169674873,0.5,25600
base,fx,bias2,0.019113561138510704,0.5,25600
base,fx,var,0.00042804746772162616,0.5,25600
base,fr,mspe,0.07628727704286575,0.5,25600
base,fr,bias2,0.07585923373699188,0.5,25600
base,fr,var,0.00042804746772162616,0.5,25600
base,fz,mspe,0.01948864758014679,0.5,25600
base,fz,bias2,0.01948864758014679,0.5,25600
base,fz,var,0.0,0.5,25600
posthoc,y,mspe,1.0045671463012695,0.5,25600
posthoc,y,bias2,1.0033843517303467,0.5,25600
posthoc,y,var,0.0011826984118670225,0.5,25600
posthoc,fx,mspe,0.004542016889899969,0.5,25600
posthoc,fx,bias2,0.0012136345030739903,0.5,25600
posthoc,fx,var,0.003328382270410657,0.5,25600
posthoc,fr,mspe,0.0329706110060215,0.5,25600
posthoc,fr,bias2,0.02964222989976406,0.5,25600
posthoc,fr,var,0.003328382270410657,0.5,25600
posthoc,fz,mspe,0.003694789716973901,0.5,25600
posthoc,fz,bias2,0.000989801250398159,0.5,25600
posthoc,fz,var,0.0027049884665757418,0.5,25600
posthoc_lam0,y,mspe,135.2437286376953,0.5,25600
posthoc_lam0,y,bias2,3.624105215072632,0.5,25600
posthoc_lam0,y,var,131.61961364746094,0.5,25600
posthoc_lam0,fx,mspe,134.24134826660156,0.5,25600
posthoc_lam0,fx,bias2,2.703202724456787,0.5,25600
posthoc_lam0,fx,var,131.53814697265625,0.5,25600
posthoc_lam0,fr,mspe,134.294677734375,0.5,25600
posthoc_lam0,fr,bias2,2.756524085998535,0.5,25600
posthoc_lam0,fr,var,131.53814697265625,0.5,25600
posthoc_lam0,fz,mspe,2.4547743797302246,0.5,25600
posthoc_lam0,fz,bias2,0.05443822965025902,0.5,25600
posthoc_lam0,fz,var,2.400336265563965,0.5,25600
posthoc_orth,y,mspe,1.0045676231384277,0.5,25600
posthoc_orth,y,bias2,1.0033847093582153,0.5,25600
posthoc_orth,y,var,0.0011829977156594396,0.5,25600
posthoc_orth,fx,mspe,0.02070552296936512,0.5,25600
posthoc_orth,fx,bias2,0.019727900624275208,0.5,25600
posthoc_orth,fx,var,0.0009776224615052342,0.5,25600
posthoc_orth,fr,mspe,0.13411793112754822,0.5,25600
posthoc_orth,fr,bias2,0.12308468669652939,0.5,25600
posthoc_orth,fr,var,0.011033246293663979,0.5,25600
posthoc_orth,fz,mspe,0.019824469462037086,0.5,25600
posthoc_orth,fz,bias2,0.019697370007634163,0.5,25600
posthoc_orth,fz,var,0.00012709958537016064,0.5,25600
posthoc_orth_lam0,y,mspe,1.4183317422866821,0.5,25600
posthoc_orth_lam0,y,bias2,1.0061291456222534,0.5,25600
posthoc_orth_lam0,y,var,0.4122026860713959,0.5,25600
posthoc_orth_lam0,fx,mspe,0.4408625066280365,0.5,25600
posthoc_orth_lam0,fx,bias2,0.029110781848430634,0.5,25600
posthoc_orth_lam0,fx,var,0.41175171732902527,0.5,25600
posthoc_orth_lam0,fr,mspe,0.5233690142631531,0.5,25600
posthoc_orth_lam0,fr,bias2,0.10014652460813522,0.5,25600
posthoc_orth_lam0,fr,var,0.42322245240211487,0.5,25600
posthoc_orth_lam0,fz,mspe,0.019822943955659866,0.5,25600
posthoc_orth_lam0,fz,bias2,0.01969570480287075,0.5,25600
posthoc_orth_lam0,fz,var,0.0001272374065592885,0.5,25600
posthoc_web,y,mspe,1.3398419618606567,0.5,25600
posthoc_web,y,bias2,1.337803602218628,0.5,25600
posthoc_web,y,var,0.002038185950368643,0.5,25600
posthoc_web,fx,mspe,0.021475113928318024,0.5,25600
posthoc_web,fx,bias2,0.020866136997938156,0.5,25600
posthoc_web,fx,var,0.0006089789094403386,0.5,25600
posthoc_web,fr,mspe,0.31446343660354614,0.5,25600
posthoc_web,fr,bias2,0.31331971287727356,0.5,25600
posthoc_web,fr,var,0.0011437387438490987,0.5,25600
posthoc_web,fz,mspe,0.01948864758014679,0.5,25600
posthoc_web,fz,bias2,0.01948864758014679,0.5,25600
posthoc_web,fz,var,0.0,0.5,25600
base,y,mspe,1.0167450904846191,1,25600
base,y,bias2,1.0161412954330444,1,25600
base,y,var,0.0006037488346919417,1,25600
base,fx,mspe,0.07631149888038635,1,25600
base,fx,bias2,0.07587143033742905,1,25600
base,fx,var,0.000440072180936113,1,25600
base,fr,mspe,0.17038875818252563,1,25600
base,fr,bias2,0.16994869709014893,1,25600
base,fr,var,0.000440072180936113,1,25600
base,fz,mspe,0.07795459032058716,1,25600
base,fz,bias2,0.07795459032058716,1,25600
base,fz,var,0.0,1,25600
posthoc,y,mspe,1.0047485828399658,1,25600
posthoc,y,bias2,1.0034757852554321,1,25600
posthoc,y,var,0.0012727376306429505,1,25600
posthoc,fx,mspe,0.004987407475709915,1,25600
posthoc,fx,bias2,0.0011409353464841843,1,25600
posthoc,fx,var,0.0038464718963950872,1,25600
posthoc,fr,mspe,0.03297308459877968,1,25600
posthoc,fr,bias2,0.029126612469553947,1,25600
posthoc,fr,var,0.0038464718963950872,1,25600
posthoc,fz,mspe,0.003975116182118654,1,25600
posthoc,fz,bias2,0.0008943608263507485,1,25600
posthoc,fz,var,0.0030807547736912966,1,25600
posthoc_lam0,y,mspe,1.2294700145721436,1,25600
posthoc_lam0,y,bias2,0.9986330270767212,1,25600
posthoc_lam0,y,var,0.23083704710006714,1,25600
posthoc_lam0,fx,mspe,0.23835888504981995,1,25600
posthoc_lam0,fx,bias2,0.005189440678805113,1,25600
posthoc_lam0,fx,var,0.23316942155361176,1,25600
posthoc_lam0,fr,mspe,0.2604246139526367,1,25600
posthoc_lam0,fr,bias2,0.02725519984960556,1,25600
posthoc_lam0,fr,var,0.23316942155361176,1,25600
posthoc_lam0,fz,mspe,0.0031824081670492887,1,25600
posthoc_lam0,fz,bias2,0.0001262843725271523,1,25600
posthoc_lam0,fz,var,0.0030561238527297974,1,25600
posthoc_orth,y,mspe,1.004752278327942,1,25600
posthoc_orth,y,bias2,1.0034791231155396,1,25600
posthoc_orth,y,var,0.001273169182240963,1,25600
posthoc_orth,fx,mspe,0.0208344217389822,1,25600
posthoc_orth,fx,bias2,0.019760921597480774,1,25600
posthoc_orth,fx,var,0.0010735010728240013,1,25600
posthoc_orth,fr,mspe,0.1337553858757019,1,25600
posthoc_orth,fr,bias2,0.12084732204675674,1,25600
posthoc_orth,fr,var,0.012908062897622585,1,25600
posthoc_orth,fz,mspe,0.01983680948615074,1,25600
posthoc_orth,fz,bias2,0.019696595147252083,1,25600
posthoc_orth,fz,var,0.00014021608512848616,1,25600
posthoc_orth_lam0,y,mspe,1.0455440282821655,1,25600
posthoc_orth_lam0,y,bias2,1.0021233558654785,1,25600
posthoc_orth_lam0,y,var,0.04342057183384895,1,25600
posthoc_orth_lam0,fx,mspe,0.06413832306861877,1,25600
posthoc_orth_lam0,fx,bias2,0.02089439332485199,1,25600
posthoc_orth_lam0,fx,var,0.04324393346905708,1,25600
posthoc_orth_lam0,fr,mspe,0.14717933535575867,1,25600
posthoc_orth_lam0,fr,bias2,0.09324764460325241,1,25600
posthoc_orth_lam0,fr,var,0.05393168330192566,1,25600
posthoc_orth_lam0,fz,mspe,0.019837163388729095,1,25600
posthoc_orth_lam0,fz,bias2,0.019696945324540138,1,25600
posthoc_orth_lam0,fz,var,0.00014021519746165723,1,25600
posthoc_web,y,mspe,1.7280714511871338,1,25600
posthoc_web,y,bias2,1.7259292602539062,1,25600
posthoc_web,y,var,0.0021421792916953564,1,25600
posthoc_web,fx,mspe,0.02472253330051899,1,25600
posthoc_web,fx,bias2,0.02416883409023285,1,25600
posthoc_web,fx,var,0.0005536990356631577,1,25600
posthoc_web,fr,mspe,0.6820457577705383,1,25600
posthoc_web,fr,bias2,0.681006669998169,1,25600
posthoc_web,fr,var,0.001038990798406303,1,25600
posthoc_web,fz,mspe,0.07795459032058716,1,25600
posthoc_web,fz,bias2,0.07795459032058716,1,25600
posthoc_web,fz,var,0.0,1,25600
base,y,mspe,1.0265158414840698,1.5,25600
base,y,bias2,1.0258474349975586,1.5,25600
base,y,var,0.0006682692328467965,1.5,25600
base,fx,mspe,0.16688883304595947,1.5,25600
base,fx,bias2,0.1663893163204193,1.5,25600
base,fx,var,0.0004995106137357652,1.5,25600
base,fr,mspe,0.296949177980423,1.5,25600
base,fr,bias2,0.2964496612548828,1.5,25600
base,fr,var,0.0004995106137357652,1.5,25600
base,fz,mspe,0.1753978282213211,1.5,25600
base,fz,bias2,0.1753978282213211,1.5,25600
base,fz,var,0.0,1.5,25600
posthoc,y,mspe,1.0050756931304932,1.5,25600
posthoc,y,bias2,1.0037881135940552,1.5,25600
posthoc,y,var,0.001287558930926025,1.5,25600
posthoc,fx,mspe,0.004412518348544836,1.5,25600
posthoc,fx,bias2,0.0008750371052883565,1.5,25600
posthoc,fx,var,0.0035374807193875313,1.5,25600
posthoc,fr,mspe,0.03124629333615303,1.5,25600
posthoc,fr,bias2,0.027708811685442924,1.5,25600
posthoc,fr,var,0.0035374807193875313,1.5,25600
posthoc,fz,mspe,0.0035572138149291277,1.5,25600
posthoc,fz,bias2,0.0006811158382333815,1.5,25600
posthoc,fz,var,0.0028760985005646944,1.5,25600
posthoc_lam0,y,mspe,1.078117847442627,1.5,25600
posthoc_lam0,y,bias2,1.0079022645950317,1.5,25600
posthoc_lam0,y,var,0.07021572440862656,1.5,25600
posthoc_lam0,fx,mspe,0.07404320687055588,1.5,25600
posthoc_lam0,fx,bias2,0.00111448357347399,1.5,25600
posthoc_lam0,fx,var,0.07292871922254562,1.5,25600
posthoc_lam0,fr,mspe,0.09548814594745636,1.5,25600
posthoc_lam0,fr,bias2,0.022559432312846184,1.5,25600
posthoc_lam0,fr,var,0.07292871922254562,1.5,25600
posthoc_lam0,fz,mspe,0.0031347335316240788,1.5,25600
posthoc_lam0,fz,bias2,6.256251799641177e-05,1.5,25600
posthoc_lam0,fz,var,0.003072171239182353,1.5,25600
posthoc_orth,y,mspe,1.0050567388534546,1.5,25600
posthoc_orth,y,bias2,1.0037555694580078,1.5,25600
posthoc_orth,y,var,0.0013011661358177662,1.5,25600
posthoc_orth,fx,mspe,0.020911455154418945,1.5,25600
posthoc_orth,fx,bias2,0.01981317810714245,1.5,25600
posthoc_orth,fx,var,0.0010982780950143933,1.5,25600
posthoc_orth,fr,mspe,0.12733261287212372,1.5,25600
posthoc_orth,fr,bias2,0.11573395133018494,1.5,25600
posthoc_orth,fr,var,0.011598657816648483,1.5,25600
posthoc_orth,fz,mspe,0.019854560494422913,1.5,25600
posthoc_orth,fz,bias2,0.019696008414030075,1.5,25600
posthoc_orth,fz,var,0.00015855366655159742,1.5,25600
posthoc_orth_lam0,y,mspe,1.0884950160980225,1.5,25600
posthoc_orth_lam0,y,bias2,0.9994373321533203,1.5,25600
posthoc_orth_lam0,y,var,0.08905775099992752,1.5,25600
posthoc_orth_lam0,fx,mspe,0.10920011252164841,1.5,25600
posthoc_orth_lam0,fx,bias2,0.020424271002411842,1.5,25600
posthoc_orth_lam0,fx,var,0.08877583593130112,1.5,25600
posthoc_orth_lam0,fr,mspe,0.19504082202911377,1.5,25600
posthoc_orth_lam0,fr,bias2,0.09332317113876343,1.5,25600
posthoc_orth_lam0,fr,var,0.10171765089035034,1.5,25600
posthoc_orth_lam0,fz,mspe,0.019854873418807983,1.5,25600
posthoc_orth_lam0,fz,bias2,0.0196963082998991,1.5,25600
posthoc_orth_lam0,fz,var,0.00015856650134082884,1.5,25600
posthoc_web,y,mspe,2.2540459632873535,1.5,25600
posthoc_web,y,bias2,2.2520203590393066,1.5,25600
posthoc_web,y,var,0.002025692258030176,1.5,25600
posthoc_web,fx,mspe,0.030051041394472122,1.5,25600
posthoc_web,fx,bias2,0.0293638464063406,1.5,25600
posthoc_web,fx,var,0.0006871938239783049,1.5,25600
posthoc_web,fr,mspe,1.1921184062957764,1.5,25600
posthoc_web,fr,bias2,1.190904974937439,1.5,25600
posthoc_web,fr,var,0.0012134234420955181,1.5,25600
posthoc_web,fz,mspe,0.1753978282213211,1.5,25600
posthoc_web,fz,bias2,0.1753978282213211,1.5,25600
posthoc_web,fz,var,0.0,1.5,25600
base,y,mspe,1.0386327505111694,2,25600
base,y,bias2,1.037744402885437,2,25600
base,y,var,0.0008883208502084017,2,25600
base,fx,mspe,0.2953946590423584,2,25600
base,fx,bias2,0.29475975036621094,2,25600
base,fx,var,0.0006349321338348091,2,25600
base,fr,mspe,0.4621151089668274,2,25600
base,fr,bias2,0.46148014068603516,2,25600
base,fr,var,0.0006349321338348091,2,25600
base,fz,mspe,0.31181836128234863,2,25600
base,fz,bias2,0.31181836128234863,2,25600
base,fz,var,0.0,2,25600
posthoc,y,mspe,1.0044703483581543,2,25600
posthoc,y,bias2,1.0033143758773804,2,25600
posthoc,y,var,0.0011559877311810851,2,25600
posthoc,fx,mspe,0.004382030572742224,2,25600
posthoc,fx,bias2,0.0007954646716825664,2,25600
posthoc,fx,var,0.0035865658428519964,2,25600
posthoc,fr,mspe,0.03078312799334526,2,25600
posthoc,fr,bias2,0.02719656378030777,2,25600
posthoc,fr,var,0.0035865658428519964,2,25600
posthoc,fz,mspe,0.003684769617393613,2,25600
posthoc,fz,bias2,0.0005945498705841601,2,25600
posthoc,fz,var,0.0030902200378477573,2,25600
posthoc_lam0,y,mspe,1.0963314771652222,2,25600
posthoc_lam0,y,bias2,1.0084995031356812,2,25600
posthoc_lam0,y,var,0.08783198148012161,2,25600
posthoc_lam0,fx,mspe,0.09199892729520798,2,25600
posthoc_lam0,fx,bias2,0.0018434637458994985,2,25600
posthoc_lam0,fx,var,0.0901554673910141,2,25600
posthoc_lam0,fr,mspe,0.11226008087396622,2,25600
posthoc_lam0,fr,bias2,0.022104615345597267,2,25600
posthoc_lam0,fr,var,0.0901554673910141,2,25600
posthoc_lam0,fz,mspe,0.002755299909040332,2,25600
posthoc_lam0,fz,bias2,1.5196100321190897e-05,2,25600
posthoc_lam0,fz,var,0.002740103518590331,2,25600
posthoc_orth,y,mspe,1.0044746398925781,2,25600
posthoc_orth,y,bias2,1.0033172369003296,2,25600
posthoc_orth,y,var,0.001157425227575004,2,25600
posthoc_orth,fx,mspe,0.020719921216368675,2,25600
posthoc_orth,fx,bias2,0.019765211269259453,2,25600
posthoc_orth,fx,var,0.000954710238147527,2,25600
posthoc_orth,fr,mspe,0.12527164816856384,2,25600
posthoc_orth,fr,bias2,0.1130526140332222,2,25600
posthoc_orth,fr,var,0.012219047173857689,2,25600
posthoc_orth,fz,mspe,0.01987769640982151,2,25600
posthoc_orth,fz,bias2,0.0196955855935812,2,25600
posthoc_orth,fz,var,0.00018211215501651168,2,25600
posthoc_orth_lam0,y,mspe,1.0220398902893066,2,25600
posthoc_orth_lam0,y,bias2,1.002435564994812,2,25600
posthoc_orth_lam0,y,var,0.019604265689849854,2,25600
posthoc_orth_lam0,fx,mspe,0.039566971361637115,2,25600
posthoc_orth_lam0,fx,bias2,0.020138101652264595,2,25600
posthoc_orth_lam0,fx,var,0.019428865984082222,2,25600
posthoc_orth_lam0,fr,mspe,0.12130171060562134,2,25600
posthoc_orth_lam0,fr,bias2,0.09208536148071289,2,25600
posthoc_orth_lam0,fr,var,0.02921634167432785,2,25600
posthoc_orth_lam0,fz,mspe,0.019877929240465164,2,25600
posthoc_orth_lam0,fz,bias2,0.019695822149515152,2,25600
posthoc_orth_lam0,fz,var,0.0001821066834963858,2,25600
posthoc_web,y,mspe,2.964456796646118,2,25600
posthoc_web,y,bias2,2.9620368480682373,2,25600
posthoc_web,y,var,0.0024198764003813267,2,25600
posthoc_web,fx,mspe,0.03729397803544998,2,25600
posthoc_web,fx,bias2,0.03652090206742287,2,25600
posthoc_web,fx,var,0.0007730767247267067,2,25600
posthoc_web,fr,mspe,1.8553929328918457,2,25600
posthoc_web,fr,bias2,1.8541767597198486,2,25600
posthoc_web,fr,var,0.0012161309132352471,2,25600
posthoc_web,fz,mspe,0.31181836128234863,2,25600
posthoc_web,fz,bias2,0.31181836128234863,2,25600
posthoc_web,fz,var,0.0,2,25600
base,y,mspe,1.0529600381851196,2.5,25600
base,y,bias2,1.0519970655441284,2.5,25600
base,y,var,0.0009629674023017287,2.5,25600
base,fx,mspe,0.4611075520515442,2.5,25600
base,fx,bias2,0.46036940813064575,2.5,25600
base,fx,var,0.0007381059695035219,2.5,25600
base,fr,mspe,0.6646217107772827,2.5,25600
base,fr,bias2,0.6638836860656738,2.5,25600
base,fr,var,0.0007381059695035219,2.5,25600
base,fz,mspe,0.48721617460250854,2.5,25600
base,fz,bias2,0.48721617460250854,2.5,25600
base,fz,var,0.0,2.5,25600
posthoc,y,mspe,1.0045385360717773,2.5,25600
posthoc,y,bias2,1.0033718347549438,2.5,25600
posthoc,y,var,0.0011667815269902349,2.5,25600
posthoc,fx,mspe,0.004387053195387125,2.5,25600
posthoc,fx,bias2,0.0008513392531313002,2.5,25600
posthoc,fx,var,0.003535713767632842,2.5,25600
posthoc,fr,mspe,0.03110017254948616,2.5,25600
posthoc,fr,bias2,0.027564460411667824,2.5,25600
posthoc,fr,var,0.003535713767632842,2.5,25600
posthoc,fz,mspe,0.0036285948008298874,2.5,25600
posthoc,fz,bias2,0.0006443771999329329,2.5,25600
posthoc,fz,var,0.0029842176008969545,2.5,25600
posthoc_lam0,y,mspe,1.027822732925415,2.5,25600
posthoc_lam0,y,bias2,1.0040401220321655,2.5,25600
posthoc_lam0,y,var,0.023782595992088318,2.5,25600
posthoc_lam0,fx,mspe,0.026477446779608727,2.5,25600
posthoc_lam0,fx,bias2,0.0006017718696966767,2.5,25600
posthoc_lam0,fx,var,0.025875676423311234,2.5,25600
posthoc_lam0,fr,mspe,0.0484536848962307,2.5,25600
posthoc_lam0,fr,bias2,0.022578006610274315,2.5,25600
posthoc_lam0,fr,var,0.025875676423311234,2.5,25600
posthoc_lam0,fz,mspe,0.0028311586938798428,2.5,25600
posthoc_lam0,fz,bias2,7.603436824865639e-05,2.5,25600
posthoc_lam0,fz,var,0.0027551238890737295,2.5,25600
posthoc_orth,y,mspe,1.0045348405838013,2.5,25600
posthoc_orth,y,bias2,1.0033687353134155,2.5,25600
posthoc_orth,y,var,0.001166191534139216,2.5,25600
posthoc_orth,fx,mspe,0.020685330033302307,2.5,25600
posthoc_orth,fx,bias2,0.019726146012544632,2.5,25600
posthoc_orth,fx,var,0.000959183496888727,2.5,25600
posthoc_orth,fr,mspe,0.1263497918844223,2.5,25600
posthoc_orth,fr,bias2,0.11435123533010483,2.5,25600
posthoc_orth,fr,var,0.0119985556229949,2.5,25600
posthoc_orth,fz,mspe,0.019906241446733475,2.5,25600
posthoc_orth,fz,bias2,0.019695349037647247,2.5,25600
posthoc_orth,fz,var,0.0002108921471517533,2.5,25600
posthoc_orth_lam0,y,mspe,2.2199621200561523,2.5,25600
posthoc_orth_lam0,y,bias2,1.0197350978851318,2.5,25600
posthoc_orth_lam0,y,var,1.2002270221710205,2.5,25600
posthoc_orth_lam0,fx,mspe,1.2435063123703003,2.5,25600
posthoc_orth_lam0,fx,bias2,0.04342203587293625,2.5,25600
posthoc_orth_lam0,fx,var,1.2000842094421387,2.5,25600
posthoc_orth_lam0,fr,mspe,1.346860647201538,2.5,25600
posthoc_orth_lam0,fr,bias2,0.12208947539329529,2.5,25600
posthoc_orth_lam0,fr,var,1.2247711420059204,2.5,25600
posthoc_orth_lam0,fz,mspe,0.019904792308807373,2.5,25600
posthoc_orth_lam0,fz,bias2,0.019694168120622635,2.5,25600
posthoc_orth_lam0,fz,var,0.0002106246683979407,2.5,25600
posthoc_web,y,mspe,3.7980735301971436,2.5,25600
posthoc_web,y,bias2,3.795553684234619,2.5,25600
posthoc_web,y,var,0.00252001010812819,2.5,25600
posthoc_web,fx,mspe,0.04668891802430153,2.5,25600
posthoc_web,fx,bias2,0.04575091972947121,2.5,25600
posthoc_web,fx,var,0.0009380023111589253,2.5,25600
posthoc_web,fr,mspe,2.6580123901367188,2.5,25600
posthoc_web,fr,bias2,2.6561224460601807,2.5,25600
posthoc_web,fr,var,0.0018900760915130377,2.5,25600
posthoc_web,fz,mspe,0.48721617460250854,2.5,25600
posthoc_web,fz,bias2,0.48721617460250854,2.5,25600
posthoc_web,fz,var,0.0,2.5,25600
base,y,mspe,1.0692135095596313,3,25600
base,y,bias2,1.06804621219635,3,25600
base,y,var,0.001167370704934001,3,25600
base,fx,mspe,0.6676526069641113,3,25600
base,fx,bias2,0.6667546629905701,3,25600
base,fx,var,0.0008978788391686976,3,25600
base,fr,mspe,0.9086440205574036,3,25600
base,fr,bias2,0.9077461361885071,3,25600
base,fr,var,0.0008978788391686976,3,25600
base,fz,mspe,0.7015913128852844,3,25600
base,fz,bias2,0.7015913128852844,3,25600
base,fz,var,0.0,3,25600
posthoc,y,mspe,1.0046576261520386,3,25600
posthoc,y,bias2,1.0035083293914795,3,25600
posthoc,y,var,0.0011493711499497294,3,25600
posthoc,fx,mspe,0.004399916157126427,3,25600
posthoc,fx,bias2,0.0008279145695269108,3,25600
posthoc,fx,var,0.003572000889107585,3,25600
posthoc,fr,mspe,0.030863452702760696,3,25600
posthoc,fr,bias2,0.027291450649499893,3,25600
posthoc,fr,var,0.003572000889107585,3,25600
posthoc,fz,mspe,0.00369018386118114,3,25600
posthoc,fz,bias2,0.000606504559982568,3,25600
posthoc,fz,var,0.003083679126575589,3,25600
posthoc_lam0,y,mspe,1.2788021564483643,3,25600
posthoc_lam0,y,bias2,1.0101628303527832,3,25600
posthoc_lam0,y,var,0.26863932609558105,3,25600
posthoc_lam0,fx,mspe,0.27561330795288086,3,25600
posthoc_lam0,fx,bias2,0.00526661891490221,3,25600
posthoc_lam0,fx,var,0.27034667134284973,3,25600
posthoc_lam0,fr,mspe,0.2966514229774475,3,25600
posthoc_lam0,fr,bias2,0.02630474790930748,3,25600
posthoc_lam0,fr,var,0.27034667134284973,3,25600
posthoc_lam0,fz,mspe,0.0026431516744196415,3,25600
posthoc_lam0,fz,bias2,1.357884411845589e-05,3,25600
posthoc_lam0,fz,var,0.002629572758451104,3,25600
posthoc_orth,y,mspe,1.0046523809432983,3,25600
posthoc_orth,y,bias2,1.003513216972351,3,25600
posthoc_orth,y,var,0.0011392097221687436,3,25600
posthoc_orth,fx,mspe,0.020710688084363937,3,25600
posthoc_orth,fx,bias2,0.019776202738285065,3,25600
posthoc_orth,fx,var,0.0009344853460788727,3,25600
posthoc_orth,fr,mspe,0.1253022402524948,3,25600
posthoc_orth,fr,bias2,0.11330106854438782,3,25600
posthoc_orth,fr,var,0.012001166120171547,3,25600
posthoc_orth,fz,mspe,0.019940203055739403,3,25600
posthoc_orth,fz,bias2,0.019695308059453964,3,25600
posthoc_orth,fz,var,0.0002448931918479502,3,25600
posthoc_orth_lam0,y,mspe,3.04496431350708,3,25600
posthoc_orth_lam0,y,bias2,1.0623232126235962,3,25600
posthoc_orth_lam0,y,var,1.9826409816741943,3,25600
posthoc_orth_lam0,fx,mspe,2.047574758529663,3,25600
posthoc_orth_lam0,fx,bias2,0.06484205275774002,3,25600
posthoc_orth_lam0,fx,var,1.9827325344085693,3,25600
posthoc_orth_lam0,fr,mspe,2.17325496673584,3,25600
posthoc_orth_lam0,fr,bias2,0.1607876569032669,3,25600
posthoc_orth_lam0,fr,var,2.012467384338379,3,25600
posthoc_orth_lam0,fz,mspe,0.019938530400395393,3,25600
posthoc_orth_lam0,fz,bias2,0.0196932852268219,3,25600
posthoc_orth_lam0,fz,var,0.00024524476611986756,3,25600
posthoc_web,y,mspe,4.803532123565674,3,25600
posthoc_web,y,bias2,4.800478935241699,3,25600
posthoc_web,y,var,0.0030531890224665403,3,25600
posthoc_web,fx,mspe,0.05817883834242821,3,25600
posthoc_web,fx,bias2,0.057153865694999695,3,25600
posthoc_web,fx,var,0.0010249812621623278,3,25600
posthoc_web,fr,mspe,3.6222338676452637,3,25600
posthoc_web,fr,bias2,3.6203110218048096,3,25600
posthoc_web,fr,var,0.0019229757599532604,3,25600
posthoc_web,fz,mspe,0.7015913128852844,3,25600
posthoc_web,fz,bias2,0.7015913128852844,3,25600
posthoc_web,fz,var,0.0,3,25600
base,y,mspe,1.0874792337417603,3.5,25600
base,y,bias2,1.0863484144210815,3.5,25600
base,y,var,0.0011307494714856148,3.5,25600
base,fx,mspe,0.9060507416725159,3.5,25600
base,fx,bias2,0.9051133990287781,3.5,25600
base,fx,var,0.0009373599314130843,3.5,25600
base,fr,mspe,1.1836296319961548,3.5,25600
base,fr,bias2,1.1826924085617065,3.5,25600
base,fr,var,0.0009373599314130843,3.5,25600
base,fz,mspe,0.9549437165260315,3.5,25600
base,fz,bias2,0.954943835735321,3.5,25600
base,fz,var,0.0,3.5,25600
posthoc,y,mspe,1.0045086145401,3.5,25600
posthoc,y,bias2,1.0033763647079468,3.5,25600
posthoc,y,var,0.0011324079241603613,3.5,25600
posthoc,fx,mspe,0.004251171834766865,3.5,25600
posthoc,fx,bias2,0.0007332754321396351,3.5,25600
posthoc,fx,var,0.0035178966354578733,3.5,25600
posthoc,fr,mspe,0.030140066519379616,3.5,25600
posthoc,fr,bias2,0.026622170582413673,3.5,25600
posthoc,fr,var,0.0035178966354578733,3.5,25600
posthoc,fz,mspe,0.0035398039035499096,3.5,25600
posthoc,fz,bias2,0.0005054945359006524,3.5,25600
posthoc,fz,var,0.003034309484064579,3.5,25600
posthoc_lam0,y,mspe,1.2844302654266357,3.5,25600
posthoc_lam0,y,bias2,1.0033302307128906,3.5,25600
posthoc_lam0,y,var,0.28109994530677795,3.5,25600
posthoc_lam0,fx,mspe,0.2886894941329956,3.5,25600
posthoc_lam0,fx,bias2,0.005352143198251724,3.5,25600
posthoc_lam0,fx,var,0.2833373546600342,3.5,25600
posthoc_lam0,fr,mspe,0.310037225484848,3.5,25600
posthoc_lam0,fr,bias2,0.026699891313910484,3.5,25600
posthoc_lam0,fr,var,0.2833373546600342,3.5,25600
posthoc_lam0,fz,mspe,0.0036959978751838207,3.5,25600
posthoc_lam0,fz,bias2,2.0617339032469317e-05,3.5,25600
posthoc_lam0,fz,var,0.0036753802560269833,3.5,25600
posthoc_orth,y,mspe,1.0044069290161133,3.5,25600
posthoc_orth,y,bias2,1.003300428390503,3.5,25600
posthoc_orth,y,var,0.0011066008592024446,3.5,25600
posthoc_orth,fx,mspe,0.020649928599596024,3.5,25600
posthoc_orth,fx,bias2,0.01975092478096485,3.5,25600
posthoc_orth,fx,var,0.0008990040514618158,3.5,25600
posthoc_orth,fr,mspe,0.12219486385583878,3.5,25600
posthoc_orth,fr,bias2,0.11022630333900452,3.5,25600
posthoc_orth,fr,var,0.01196855679154396,3.5,25600
posthoc_orth,fz,mspe,0.01997954770922661,3.5,25600
posthoc_orth,fz,bias2,0.019695432856678963,3.5,25600
posthoc_orth,fz,var,0.00028411587118171155,3.5,25600
posthoc_orth_lam0,y,mspe,1.0859875679016113,3.5,25600
posthoc_orth_lam0,y,bias2,1.0040898323059082,3.5,25600
posthoc_orth_lam0,y,var,0.08189766108989716,3.5,25600
posthoc_orth_lam0,fx,mspe,0.10189446806907654,3.5,25600
posthoc_orth_lam0,fx,bias2,0.020271362736821175,3.5,25600
posthoc_orth_lam0,fx,var,0.08162309974431992,3.5,25600
posthoc_orth_lam0,fr,mspe,0.18278266489505768,3.5,25600
posthoc_orth_lam0,fr,bias2,0.08812408149242401,3.5,25600
posthoc_orth_lam0,fr,var,0.09465858340263367,3.5,25600
posthoc_orth_lam0,fz,mspe,0.019979577511548996,3.5,25600
posthoc_orth_lam0,fz,bias2,0.019695306196808815,3.5,25600
posthoc_orth_lam0,fz,var,0.00028427114011719823,3.5,25600
posthoc_web,y,mspe,5.960163593292236,3.5,25600
posthoc_web,y,bias2,5.956259727478027,3.5,25600
posthoc_web,y,var,0.0039042141288518906,3.5,25600
posthoc_web,fx,mspe,0.07167300581932068,3.5,25600
posthoc_web,fx,bias2,0.07058405131101608,3.5,25600
posthoc_web,fx,var,0.0010889602126553655,3.5,25600
posthoc_web,fr,mspe,4.739656925201416,3.5,25600
posthoc_web,fr,bias2,4.737603187561035,3.5,25600
posthoc_web,fr,var,0.0020542219281196594,3.5,25600
posthoc_web,fz,mspe,0.9549437165260315,3.5,25600
posthoc_web,fz,bias2,0.954943835735321,3.5,25600
posthoc_web,fz,var,0.0,3.5,25600
base,y,mspe,1.1082252264022827,4,25600
base,y,bias2,1.1068649291992188,4,25600
base,y,var,0.001360364374704659,4,25600
base,fx,mspe,1.1755229234695435,4,25600
base,fx,bias2,1.174446940422058,4,25600
base,fx,var,0.0010759126162156463,4,25600
base,fr,mspe,1.489017128944397,4,25600
base,fr,bias2,1.4879412651062012,4,25600
base,fr,var,0.0010759126162156463,4,25600
base,fz,mspe,1.2472734451293945,4,25600
base,fz,bias2,1.2472734451293945,4,25600
base,fz,var,0.0,4,25600
posthoc,y,mspe,1.0044715404510498,4,25600
posthoc,y,bias2,1.003420352935791,4,25600
posthoc,y,var,0.0010511985747143626,4,25600
posthoc,fx,mspe,0.0037941408809274435,4,25600
posthoc,fx,bias2,0.0005531765054911375,4,25600
posthoc,fx,var,0.0032409641426056623,4,25600
posthoc,fr,mspe,0.02857511304318905,4,25600
posthoc,fr,bias2,0.025334147736430168,4,25600
posthoc,fr,var,0.0032409641426056623,4,25600
posthoc,fz,mspe,0.003263147547841072,4,25600
posthoc,fz,bias2,0.0003505860222503543,4,25600
posthoc,fz,var,0.002912561409175396,4,25600
posthoc_lam0,y,mspe,1.3113465309143066,4,25600
posthoc_lam0,y,bias2,1.004010558128357,4,25600
posthoc_lam0,y,var,0.30733606219291687,4,25600
posthoc_lam0,fx,mspe,0.3160027265548706,4,25600
posthoc_lam0,fx,bias2,0.006763689685612917,4,25600
posthoc_lam0,fx,var,0.3092390298843384,4,25600
posthoc_lam0,fr,mspe,0.337143212556839,4,25600
posthoc_lam0,fr,bias2,0.027904152870178223,4,25600
posthoc_lam0,fr,var,0.3092390298843384,4,25600
posthoc_lam0,fz,mspe,0.003273674752563238,4,25600
posthoc_lam0,fz,bias2,7.42052579880692e-05,4,25600
posthoc_lam0,fz,var,0.003199469530954957,4,25600
posthoc_orth,y,mspe,1.0044715404510498,4,25600
posthoc_orth,y,bias2,1.0034205913543701,4,25600
posthoc_orth,y,var,0.0010509176645427942,4,25600
posthoc_orth,fx,mspe,0.02062779664993286,4,25600
posthoc_orth,fx,bias2,0.019780520349740982,4,25600
posthoc_orth,fx,var,0.0008472765912301838,4,25600
posthoc_orth,fr,mspe,0.11633478105068207,4,25600
posthoc_orth,fr,bias2,0.10529712587594986,4,25600
posthoc_orth,fr,var,0.011037642136216164,4,25600
posthoc_orth,fz,mspe,0.020024310797452927,4,25600
posthoc_orth,fz,bias2,0.01969575136899948,4,25600
posthoc_orth,fz,var,0.0003285585262347013,4,25600
posthoc_orth_lam0,y,mspe,1.0479609966278076,4,25600
posthoc_orth_lam0,y,bias2,1.0025241374969482,4,25600
posthoc_orth_lam0,y,var,0.04543674364686012,4,25600
posthoc_orth_lam0,fx,mspe,0.06558270752429962,4,25600
posthoc_orth_lam0,fx,bias2,0.020380157977342606,4,25600
posthoc_orth_lam0,fx,var,0.045202549546957016,4,25600
posthoc_orth_lam0,fr,mspe,0.15040865540504456,4,25600
posthoc_orth_lam0,fr,bias2,0.09250575304031372,4,25600
posthoc_orth_lam0,fr,var,0.05790288746356964,4,25600
posthoc_orth_lam0,fz,mspe,0.02002369612455368,4,25600
posthoc_orth_lam0,fz,bias2,0.01969502493739128,4,25600
posthoc_orth_lam0,fz,var,0.00032867141999304295,4,25600
posthoc_web,y,mspe,7.260871410369873,4,25600
posthoc_web,y,bias2,7.256705284118652,4,25600
posthoc_web,y,var,0.004166785161942244,4,25600
posthoc_web,fx,mspe,0.08728746324777603,4,25600
posthoc_web,fx,bias2,0.08608214557170868,4,25600
posthoc_web,fx,var,0.0012053247774019837,4,25600
posthoc_web,fr,mspe,5.987954139709473,4,25600
posthoc_web,fr,bias2,5.985710620880127,4,25600
posthoc_web,fr,var,0.002243095077574253,4,25600
posthoc_web,fz,mspe,1.2472734451293945,4,25600
posthoc_web,fz,bias2,1.2472734451293945,4,25600
posthoc_web,fz,var,0.0,4,25600
base,y,mspe,1.0067840814590454,0,3200
base,y,bias2,1.0035736560821533,0,3200
base,y,var,0.0032103967387229204,0,3200
base,fx,mspe,0.003980555105954409,0,3200
base,fx,bias2,0.0012660030042752624,0,3200
base,fx,var,0.002714552218094468,0,3200
base,fr,mspe,0.026280028745532036,0,3200
base,fr,bias2,0.02356547862291336,0,3200
base,fr,var,0.002714552218094468,0,3200
base,fz,mspe,0.0,0,3200
base,fz,bias2,0.0,0,3200
base,fz,var,0.0,0,3200
posthoc,y,mspe,1.0085270404815674,0,3200
posthoc,y,bias2,1.003258228302002,0,3200
posthoc,y,var,0.005268817767500877,0,3200
posthoc,fx,mspe,0.008514865301549435,0,3200
posthoc,fx,bias2,0.0017109044129028916,0,3200
posthoc,fx,var,0.0068039619363844395,0,3200
posthoc,fr,mspe,0.03582216054201126,0,3200
posthoc,fr,bias2,0.02901819720864296,0,3200
posthoc,fr,var,0.0068039619363844395,0,3200
posthoc,fz,mspe,0.004927830304950476,0,3200
posthoc,fz,bias2,0.00028973177541047335,0,3200
posthoc,fz,var,0.004638098180294037,0,3200
posthoc_lam0,y,mspe,15.985173225402832,0,3200
posthoc_lam0,y,bias2,1.2860347032546997,0,3200
posthoc_lam0,y,var,14.699138641357422,0,3200
posthoc_lam0,fx,mspe,15.348515510559082,0,3200
posthoc_lam0,fx,bias2,0.3633056581020355,0,3200
posthoc_lam0,fx,var,14.985208511352539,0,3200
posthoc_lam0,fr,mspe,15.396854400634766,0,3200
posthoc_lam0,fr,bias2,0.4116452932357788,0,3200
posthoc_lam0,fr,var,14.985208511352539,0,3200
posthoc_lam0,fz,mspe,0.6003914475440979,0,3200
posthoc_lam0,fz,bias2,0.009620909579098225,0,3200
posthoc_lam0,fz,var,0.5907705426216125,0,3200
posthoc_orth,y,mspe,1.0085262060165405,0,3200
posthoc_orth,y,bias2,1.0032578706741333,0,3200
posthoc_orth,y,var,0.005268272012472153,0,3200
posthoc_orth,fx,mspe,0.023553432896733284,0,3200
posthoc_orth,fx,bias2,0.020209822803735733,0,3200
posthoc_orth,fx,var,0.0033436142839491367,0,3200
posthoc_orth,fr,mspe,0.13587960600852966,0,3200
posthoc_orth,fr,bias2,0.11756233125925064,0,3200
posthoc_orth,fr,var,0.018317289650440216,0,3200
posthoc_orth,fz,mspe,0.023544160649180412,0,3200
posthoc_orth,fz,bias2,0.02245466783642769,0,3200
posthoc_orth,fz,var,0.0010894956067204475,0,3200
posthoc_orth_lam0,y,mspe,18.268949508666992,0,3200
posthoc_orth_lam0,y,bias2,1.3393583297729492,0,3200
posthoc_orth_lam0,y,var,16.929594039916992,0,3200
posthoc_orth_lam0,fx,mspe,17.273975372314453,0,3200
posthoc_orth_lam0,fx,bias2,0.35125336050987244,0,3200
posthoc_orth_lam0,fx,var,16.92272186279297,0,3200
posthoc_orth_lam0,fr,mspe,17.48546600341797,0,3200
posthoc_orth_lam0,fr,bias2,0.4165969789028168,0,3200
posthoc_orth_lam0,fr,var,17.068870544433594,0,3200
posthoc_orth_lam0,fz,mspe,0.023538822308182716,0,3200
posthoc_orth_lam0,fz,bias2,0.022450365126132965,0,3200
posthoc_orth_lam0,fz,var,0.0010884595103561878,0,3200
posthoc_web,y,mspe,1.1180540323257446,0,3200
posthoc_web,y,bias2,1.107773780822754,0,3200
posthoc_web,y,var,0.010280199348926544,0,3200
posthoc_web,fx,mspe,0.02360139787197113,0,3200
posthoc_web,fx,bias2,0.02091374807059765,0,3200
posthoc_web,fx,var,0.0026876465417444706,0,3200
posthoc_web,fr,mspe,0.10826096683740616,0,3200
posthoc_web,fr,bias2,0.10011813789606094,0,3200
posthoc_web,fr,var,0.008142823353409767,0,3200
posthoc_web,fz,mspe,0.0,0,3200
posthoc_web,fz,bias2,0.0,0,3200
posthoc_web,fz,var,0.0,0,3200
base,y,mspe,1.0125735998153687,0.5,3200
base,y,bias2,1.0094468593597412,0.5,3200
base,y,var,0.003126761643216014,0.5,3200
base,fx,mspe,0.024689512327313423,0.5,3200
base,fx,bias2,0.02230321429669857,0.5,3200
base,fx,var,0.0023862977977842093,0.5,3200
base,fr,mspe,0.0837099552154541,0.5,3200
base,fr,bias2,0.08132366091012955,0.5,3200
base,fr,var,0.0023862977977842093,0.5,3200
base,fz,mspe,0.01948864758014679,0.5,3200
base,fz,bias2,0.01948864758014679,0.5,3200
base,fz,var,0.0,0.5,3200
posthoc,y,mspe,1.0105907917022705,0.5,3200
posthoc,y,bias2,1.0051357746124268,0.5,3200
posthoc,y,var,0.005455106031149626,0.5,3200
posthoc,fx,mspe,0.016815241426229477,0.5,3200
posthoc,fx,bias2,0.008314957842230797,0.5,3200
posthoc,fx,var,0.00850028358399868,0.5,3200
posthoc,fr,mspe,0.05916114151477814,0.5,3200
posthoc,fr,bias2,0.050660859793424606,0.5,3200
posthoc,fr,var,0.00850028358399868,0.5,3200
posthoc,fz,mspe,0.0108180595561862,0.5,3200
posthoc,fz,bias2,0.005031729117035866,0.5,3200
posthoc,fz,var,0.005786329973489046,0.5,3200
posthoc_lam0,y,mspe,1.2891464233398438,0.5,3200
posthoc_lam0,y,bias2,1.016587734222412,0.5,3200
posthoc_lam0,y,var,0.27255865931510925,0.5,3200
posthoc_lam0,fx,mspe,0.2934858798980713,0.5,3200
posthoc_lam0,fx,bias2,0.0066632903181016445,0.5,3200
posthoc_lam0,fx,var,0.2868225574493408,0.5,3200
posthoc_lam0,fr,mspe,0.31443893909454346,0.5,3200
posthoc_lam0,fr,bias2,0.02761637233197689,0.5,3200
posthoc_lam0,fr,var,0.2868225574493408,0.5,3200
posthoc_lam0,fz,mspe,0.01941663958132267,0.5,3200
posthoc_lam0,fz,bias2,3.321715121273883e-05,0.5,3200
posthoc_lam0,fz,var,0.019383423030376434,0.5,3200
posthoc_orth,y,mspe,1.010594129562378,0.5,3200
posthoc_orth,y,bias2,1.0051357746124268,0.5,3200
posthoc_orth,y,var,0.00545835355296731,0.5,3200
posthoc_orth,fx,mspe,0.02443164400756359,0.5,3200
posthoc_orth,fx,bias2,0.02090909518301487,0.5,3200
posthoc_orth,fx,var,0.0035225471947342157,0.5,3200
posthoc_orth,fr,mspe,0.22994749248027802,0.5,3200
posthoc_orth,fr,bias2,0.2052864134311676,0.5,3200
posthoc_orth,fr,var,0.02466105856001377,0.5,3200
posthoc_orth,fz,mspe,0.023603806272149086,0.5,3200
posthoc_orth,fz,bias2,0.02245568297803402,0.5,3200
posthoc_orth,fz,var,0.0011481279507279396,0.5,3200
posthoc_orth_lam0,y,mspe,3.727860450744629,0.5,3200
posthoc_orth_lam0,y,bias2,1.076804757118225,0.5,3200
posthoc_orth_lam0,y,var,2.6510558128356934,0.5,3200
posthoc_orth_lam0,fx,mspe,2.718344211578369,0.5,3200
posthoc_orth_lam0,fx,bias2,0.06855330616235733,0.5,3200
posthoc_orth_lam0,fx,var,2.6497907638549805,0.5,3200
posthoc_orth_lam0,fr,mspe,3.2418646812438965,0.5,3200
posthoc_orth_lam0,fr,bias2,0.14873193204402924,0.5,3200
posthoc_orth_lam0,fr,var,3.093132734298706,0.5,3200
posthoc_orth_lam0,fz,mspe,0.023601531982421875,0.5,3200
posthoc_orth_lam0,fz,bias2,0.022453270852565765,0.5,3200
posthoc_orth_lam0,fz,var,0.0011482626432552934,0.5,3200
posthoc_web,y,mspe,1.370802879333496,0.5,3200
posthoc_web,y,bias2,1.360159158706665,0.5,3200
posthoc_web,y,var,0.010643775574862957,0.5,3200
posthoc_web,fx,mspe,0.02427542395889759,0.5,3200
posthoc_web,fx,bias2,0.021795902401208878,0.5,3200
posthoc_web,fx,var,0.0024795199278742075,0.5,3200
posthoc_web,fr,mspe,0.3473736643791199,0.5,3200
posthoc_web,fr,bias2,0.3401750326156616,0.5,3200
posthoc_web,fr,var,0.00719867367297411,0.5,3200
posthoc_web,fz,mspe,0.01948864758014679,0.5,3200
posthoc_web,fz,bias2,0.01948864758014679,0.5,3200
posthoc_web,fz,var,0.0,0.5,3200
base,y,mspe,1.0207427740097046,1,3200
base,y,bias2,1.0174498558044434,1,3200
base,y,var,0.003292905632406473,1,3200
base,fx,mspe,0.07846032828092575,1,3200
base,fx,bias2,0.07578904926776886,1,3200
base,fx,var,0.002671274822205305,1,3200
base,fr,mspe,0.17227931320667267,1,3200
base,fr,bias2,0.16960804164409637,1,3200
base,fr,var,0.002671274822205305,1,3200
base,fz,mspe,0.07795459032058716,1,3200
base,fz,bias2,0.07795459032058716,1,3200
base,fz,var,0.0,1,3200
posthoc,y,mspe,1.0127782821655273,1,3200
posthoc,y,bias2,1.0063153505325317,1,3200
posthoc,y,var,0.006462983321398497,1,3200
posthoc,fx,mspe,0.022834567353129387,1,3200
posthoc,fx,bias2,0.010844753123819828,1,3200
posthoc,fx,var,0.011989817954599857,1,3200
posthoc,fr,mspe,0.06904292851686478,1,3200
posthoc,fr,bias2,0.057053111493587494,1,3200
posthoc,fr,var,0.011989817954599857,1,3200
posthoc,fz,mspe,0.015393559820950031,1,3200
posthoc,fz,bias2,0.007301656063646078,1,3200
posthoc,fz,var,0.00809190422296524,1,3200
posthoc_lam0,y,mspe,3.239889621734619,1,3200
posthoc_lam0,y,bias2,1.0606426000595093,1,3200
posthoc_lam0,y,var,2.1792471408843994,1,3200
posthoc_lam0,fx,mspe,2.247419834136963,1,3200
posthoc_lam0,fx,bias2,0.051199983805418015,1,3200
posthoc_lam0,fx,var,2.1962196826934814,1,3200
posthoc_lam0,fr,mspe,2.2778584957122803,1,3200
posthoc_lam0,fr,bias2,0.08163878321647644,1,3200
posthoc_lam0,fr,var,2.1962196826934814,1,3200
posthoc_lam0,fz,mspe,0.03798501193523407,1,3200
posthoc_lam0,fz,bias2,0.0004373567644506693,1,3200
posthoc_lam0,fz,var,0.037547655403614044,1,3200
posthoc_orth,y,mspe,1.0127878189086914,1,3200
posthoc_orth,y,bias2,1.0063189268112183,1,3200
posthoc_orth,y,var,0.006468818988651037,1,3200
posthoc_orth,fx,mspe,0.025684544816613197,1,3200
posthoc_orth,fx,bias2,0.02117222733795643,1,3200
posthoc_orth,fx,var,0.004512316081672907,1,3200
posthoc_orth,fr,mspe,0.27012643218040466,1,3200
posthoc_orth,fr,bias2,0.23343658447265625,1,3200
posthoc_orth,fr,var,0.03668982908129692,1,3200
posthoc_orth,fz,mspe,0.023701753467321396,1,3200
posthoc_orth,fz,bias2,0.022456994280219078,1,3200
posthoc_orth,fz,var,0.0012447588378563523,1,3200
posthoc_orth_lam0,y,mspe,6.755867958068848,1,3200
posthoc_orth_lam0,y,bias2,1.1246135234832764,1,3200
posthoc_orth_lam0,y,var,5.631253719329834,1,3200
posthoc_orth_lam0,fx,mspe,5.754492282867432,1,3200
posthoc_orth_lam0,fx,bias2,0.12616318464279175,1,3200
posthoc_orth_lam0,fx,var,5.628328800201416,1,3200
posthoc_orth_lam0,fr,mspe,6.159720420837402,1,3200
posthoc_orth_lam0,fr,bias2,0.17014014720916748,1,3200
posthoc_orth_lam0,fr,var,5.9895806312561035,1,3200
posthoc_orth_lam0,fz,mspe,0.023704444989562035,1,3200
posthoc_orth_lam0,fz,bias2,0.022459661588072777,1,3200
posthoc_orth_lam0,fz,var,0.0012447828194126487,1,3200
posthoc_web,y,mspe,1.7254687547683716,1,3200
posthoc_web,y,bias2,1.713637351989746,1,3200
posthoc_web,y,var,0.011831425130367279,1,3200
posthoc_web,fx,mspe,0.02714434079825878,1,3200
posthoc_web,fx,bias2,0.02446368709206581,1,3200
posthoc_web,fx,var,0.002680653240531683,1,3200
posthoc_web,fr,mspe,0.6802416443824768,1,3200
posthoc_web,fr,bias2,0.6720975637435913,1,3200
posthoc_web,fr,var,0.008144054561853409,1,3200
posthoc_web,fz,mspe,0.07795459032058716,1,3200
posthoc_web,fz,bias2,0.07795459032058716,1,3200
posthoc_web,fz,var,0.0,1,3200
base,y,mspe,1.0314812660217285,1.5,3200
base,y,bias2,1.027908205986023,1.5,3200
base,y,var,0.0035732530523091555,1.5,3200
base,fx,mspe,0.1681571751832962,1.5,3200
base,fx,bias2,0.1651282161474228,1.5,3200
base,fx,var,0.003028969280421734,1.5,3200
base,fr,mspe,0.29760849475860596,1.5,3200
base,fr,bias2,0.29457950592041016,1.5,3200
base,fr,var,0.003028969280421734,1.5,3200
base,fz,mspe,0.1753978282213211,1.5,3200
base,fz,bias2,0.1753978282213211,1.5,3200
base,fz,var,0.0,1.5,3200
posthoc,y,mspe,1.0139256715774536,1.5,3200
posthoc,y,bias2,1.0069106817245483,1.5,3200
posthoc,y,var,0.007014973554760218,1.5,3200
posthoc,fx,mspe,0.026480818167328835,1.5,3200
posthoc,fx,bias2,0.011753711849451065,1.5,3200
posthoc,fx,var,0.01472710631787777,1.5,3200
posthoc,fr,mspe,0.07354555279016495,1.5,3200
posthoc,fr,bias2,0.05881844460964203,1.5,3200
posthoc,fr,var,0.01472710631787777,1.5,3200
posthoc,fz,mspe,0.018282050266861916,1.5,3200
posthoc,fz,bias2,0.00782972201704979,1.5,3200
posthoc,fz,var,0.01045233104377985,1.5,3200
posthoc_lam0,y,mspe,1.2237223386764526,1.5,3200
posthoc_lam0,y,bias2,1.013425350189209,1.5,3200
posthoc_lam0,y,var,0.21029703319072723,1.5,3200
posthoc_lam0,fx,mspe,0.2356712371110916,1.5,3200
posthoc_lam0,fx,bias2,0.005896673072129488,1.5,3200
posthoc_lam0,fx,var,0.2297745645046234,1.5,3200
posthoc_lam0,fr,mspe,0.2602528929710388,1.5,3200
posthoc_lam0,fr,bias2,0.030478322878479958,1.5,3200
posthoc_lam0,fr,var,0.2297745645046234,1.5,3200
posthoc_lam0,fz,mspe,0.021604131907224655,1.5,3200
posthoc_lam0,fz,bias2,8.187165803974494e-06,1.5,3200
posthoc_lam0,fz,var,0.021595945581793785,1.5,3200
posthoc_orth,y,mspe,1.0139403343200684,1.5,3200
posthoc_orth,y,bias2,1.0068968534469604,1.5,3200
posthoc_orth,y,var,0.007043506018817425,1.5,3200
posthoc_orth,fx,mspe,0.026571307331323624,1.5,3200
posthoc_orth,fx,bias2,0.02147696539759636,1.5,3200
posthoc_orth,fx,var,0.005094343330711126,1.5,3200
posthoc_orth,fr,mspe,0.2873934805393219,1.5,3200
posthoc_orth,fr,bias2,0.2394949197769165,1.5,3200
posthoc_orth,fr,var,0.04789857938885689,1.5,3200
posthoc_orth,fz,mspe,0.023837994784116745,1.5,3200
posthoc_orth,fz,bias2,0.02245861478149891,1.5,3200
posthoc_orth,fz,var,0.001379381981678307,1.5,3200
posthoc_orth_lam0,y,mspe,1.982925295829773,1.5,3200
posthoc_orth_lam0,y,bias2,1.0279209613800049,1.5,3200
posthoc_orth_lam0,y,var,0.9550042748451233,1.5,3200
posthoc_orth_lam0,fx,mspe,0.9940928816795349,1.5,3200
posthoc_orth_lam0,fx,bias2,0.04234002158045769,1.5,3200
posthoc_orth_lam0,fx,var,0.9517528414726257,1.5,3200
posthoc_orth_lam0,fr,mspe,1.1438407897949219,1.5,3200
posthoc_orth_lam0,fr,bias2,0.09438735991716385,1.5,3200
posthoc_orth_lam0,fr,var,1.0494533777236938,1.5,3200
posthoc_orth_lam0,fz,mspe,0.02382730506360531,1.5,3200
posthoc_orth_lam0,fz,bias2,0.022447166964411736,1.5,3200
posthoc_orth_lam0,fz,var,0.001380138797685504,1.5,3200
posthoc_web,y,mspe,2.2605066299438477,1.5,3200
posthoc_web,y,bias2,2.2519965171813965,1.5,3200
posthoc_web,y,var,0.008510231040418148,1.5,3200
posthoc_web,fx,mspe,0.033939067274332047,1.5,3200
posthoc_web,fx,bias2,0.031025642529129982,1.5,3200
posthoc_web,fx,var,0.0029134228825569153,1.5,3200
posthoc_web,fr,mspe,1.1920984983444214,1.5,3200
posthoc_web,fr,bias2,1.184200406074524,1.5,3200
posthoc_web,fr,var,0.007898199371993542,1.5,3200
posthoc_web,fz,mspe,0.1753978282213211,1.5,3200
posthoc_web,fz,bias2,0.1753978282213211,1.5,3200
posthoc_web,fz,var,0.0,1.5,3200
base,y,mspe,1.0436339378356934,2,3200
base,y,bias2,1.039952039718628,2,3200
base,y,var,0.0036818671505898237,2,3200
base,fx,mspe,0.29241812229156494,2,3200
base,fx,bias2,0.2892259657382965,2,3200
base,fx,var,0.0031921551562845707,2,3200
base,fr,mspe,0.45756012201309204,2,3200
base,fr,bias2,0.454367995262146,2,3200
base,fr,var,0.0031921551562845707,2,3200
base,fz,mspe,0.31181836128234863,2,3200
base,fz,bias2,0.31181836128234863,2,3200
base,fz,var,0.0,2,3200
posthoc,y,mspe,1.0128788948059082,2,3200
posthoc,y,bias2,1.005815863609314,2,3200
posthoc,y,var,0.007062922231853008,2,3200
posthoc,fx,mspe,0.029314827173948288,2,3200
posthoc,fx,bias2,0.01260499469935894,2,3200
posthoc,fx,var,0.0167098306119442,2,3200
posthoc,fr,mspe,0.07774115353822708,2,3200
posthoc,fr,bias2,0.061031319200992584,2,3200
posthoc,fr,var,0.0167098306119442,2,3200
posthoc,fz,mspe,0.020930849015712738,2,3200
posthoc,fz,bias2,0.008666343986988068,2,3200
posthoc,fz,var,0.012264503166079521,2,3200
posthoc_lam0,y,mspe,2.2649590969085693,2,3200
posthoc_lam0,y,bias2,1.0269482135772705,2,3200
posthoc_lam0,y,var,1.2380107641220093,2,3200
posthoc_lam0,fx,mspe,1.2890125513076782,2,3200
posthoc_lam0,fx,bias2,0.023516736924648285,2,3200
posthoc_lam0,fx,var,1.2654958963394165,2,3200
posthoc_lam0,fr,mspe,1.3083977699279785,2,3200
posthoc_lam0,fr,bias2,0.0429019033908844,2,3200
posthoc_lam0,fr,var,1.2654958963394165,2,3200
posthoc_lam0,fz,mspe,0.025999169796705246,2,3200
posthoc_lam0,fz,bias2,1.2234681889822241e-05,2,3200
posthoc_lam0,fz,var,0.025986934080719948,2,3200
posthoc_orth,y,mspe,1.0128810405731201,2,3200
posthoc_orth,y,bias2,1.0058166980743408,2,3200
posthoc_orth,y,var,0.007064380217343569,2,3200
posthoc_orth,fx,mspe,0.026349568739533424,2,3200
posthoc_orth,fx,bias2,0.021267641335725784,2,3200
posthoc_orth,fx,var,0.005081927869468927,2,3200
posthoc_orth,fr,mspe,0.30370238423347473,2,3200
posthoc_orth,fr,bias2,0.24867267906665802,2,3200
posthoc_orth,fr,var,0.0550297349691391,2,3200
posthoc_orth,fz,mspe,0.02401256375014782,2,3200
posthoc_orth,fz,bias2,0.022460555657744408,2,3200
posthoc_orth,fz,var,0.0015520055312663317,2,3200
posthoc_orth_lam0,y,mspe,1.604548692703247,2,3200
posthoc_orth_lam0,y,bias2,1.0138089656829834,2,3200
posthoc_orth_lam0,y,var,0.5907397270202637,2,3200
posthoc_orth_lam0,fx,mspe,0.6205316185951233,2,3200
posthoc_orth_lam0,fx,bias2,0.031841978430747986,2,3200
posthoc_orth_lam0,fx,var,0.5886896252632141,2,3200
posthoc_orth_lam0,fr,mspe,0.7496607899665833,2,3200
posthoc_orth_lam0,fr,bias2,0.09925015270709991,2,3200
posthoc_orth_lam0,fr,var,0.6504107117652893,2,3200
posthoc_orth_lam0,fz,mspe,0.024014906957745552,2,3200
posthoc_orth_lam0,fz,bias2,0.022461796179413795,2,3200
posthoc_orth_lam0,fz,var,0.0015531114768236876,2,3200
posthoc_web,y,mspe,2.917060613632202,2,3200
posthoc_web,y,bias2,2.9059996604919434,2,3200
posthoc_web,y,var,0.011060452088713646,2,3200
posthoc_web,fx,mspe,0.041861213743686676,2,3200
posthoc_web,fx,bias2,0.03836464881896973,2,3200
posthoc_web,fx,var,0.0034965649247169495,2,3200
posthoc_web,fr,mspe,1.8181695938110352,2,3200
posthoc_web,fr,bias2,1.8079173564910889,2,3200
posthoc_web,fr,var,0.010252213105559349,2,3200
posthoc_web,fz,mspe,0.31181836128234863,2,3200
posthoc_web,fz,bias2,0.31181836128234863,2,3200
posthoc_web,fz,var,0.0,2,3200
base,y,mspe,1.0579073429107666,2.5,3200
base,y,bias2,1.0539581775665283,2.5,3200
base,y,var,0.00394917419180274,2.5,3200
base,fx,mspe,0.4575600326061249,2.5,3200
base,fx,bias2,0.4538463354110718,2.5,3200
base,fx,var,0.003713713027536869,2.5,3200
base,fr,mspe,0.659625768661499,2.5,3200
base,fr,bias2,0.6559120416641235,2.5,3200
base,fr,var,0.003713713027536869,2.5,3200
base,fz,mspe,0.48721617460250854,2.5,3200
base,fz,bias2,0.48721617460250854,2.5,3200
base,fz,var,0.0,2.5,3200
posthoc,y,mspe,1.0133041143417358,2.5,3200
posthoc,y,bias2,1.0059866905212402,2.5,3200
posthoc,y,var,0.007317462936043739,2.5,3200
posthoc,fx,mspe,0.02981455810368061,2.5,3200
posthoc,fx,bias2,0.012450712732970715,2.5,3200
posthoc,fx,var,0.01736384443938732,2.5,3200
posthoc,fr,mspe,0.07827932387590408,2.5,3200
posthoc,fr,bias2,0.06091548129916191,2.5,3200
posthoc,fr,var,0.01736384443938732,2.5,3200
posthoc,fz,mspe,0.022391226142644882,2.5,3200
posthoc,fz,bias2,0.008739941753447056,2.5,3200
posthoc,fz,var,0.013651284389197826,2.5,3200
posthoc_lam0,y,mspe,1.3439849615097046,2.5,3200
posthoc_lam0,y,bias2,1.007764458656311,2.5,3200
posthoc_lam0,y,var,0.33622050285339355,2.5,3200
posthoc_lam0,fx,mspe,0.3561598062515259,2.5,3200
posthoc_lam0,fx,bias2,0.006912626791745424,2.5,3200
posthoc_lam0,fx,var,0.3492472171783447,2.5,3200
posthoc_lam0,fr,mspe,0.37685874104499817,2.5,3200
posthoc_lam0,fr,bias2,0.02761152759194374,2.5,3200
posthoc_lam0,fr,var,0.3492472171783447,2.5,3200
posthoc_lam0,fz,mspe,0.018147911876440048,2.5,3200
posthoc_lam0,fz,bias2,0.0001518166100140661,2.5,3200
posthoc_lam0,fz,var,0.01799609698355198,2.5,3200
posthoc_orth,y,mspe,1.0133126974105835,2.5,3200
posthoc_orth,y,bias2,1.0060075521469116,2.5,3200
posthoc_orth,y,var,0.00730513921007514,2.5,3200
posthoc_orth,fx,mspe,0.026533542200922966,2.5,3200
posthoc_orth,fx,bias2,0.02115144208073616,2.5,3200
posthoc_orth,fx,var,0.005382096394896507,2.5,3200
posthoc_orth,fr,mspe,0.30614569783210754,2.5,3200
posthoc_orth,fr,bias2,0.2496873438358307,2.5,3200
posthoc_orth,fr,var,0.05645838752388954,2.5,3200
posthoc_orth,fz,mspe,0.024225406348705292,2.5,3200
posthoc_orth,fz,bias2,0.022462785243988037,2.5,3200
posthoc_orth,fz,var,0.0017626234330236912,2.5,3200
posthoc_orth_lam0,y,mspe,5.325338363647461,2.5,3200
posthoc_orth_lam0,y,bias2,1.131117343902588,2.5,3200
posthoc_orth_lam0,y,var,4.194220542907715,2.5,3200
posthoc_orth_lam0,fx,mspe,4.302468776702881,2.5,3200
posthoc_orth_lam0,fx,bias2,0.10773732513189316,2.5,3200
posthoc_orth_lam0,fx,var,4.194732189178467,2.5,3200
posthoc_orth_lam0,fr,mspe,4.957493305206299,2.5,3200
posthoc_orth_lam0,fr,bias2,0.19980967044830322,2.5,3200
posthoc_orth_lam0,fr,var,4.757684230804443,2.5,3200
posthoc_orth_lam0,fz,mspe,0.024248676374554634,2.5,3200
posthoc_orth_lam0,fz,bias2,0.022478943690657616,2.5,3200
posthoc_orth_lam0,fz,var,0.001769734313711524,2.5,3200
posthoc_web,y,mspe,3.7275595664978027,2.5,3200
posthoc_web,y,bias2,3.7097012996673584,2.5,3200
posthoc_web,y,var,0.017858397215604782,2.5,3200
posthoc_web,fx,mspe,0.054368920624256134,2.5,3200
posthoc_web,fx,bias2,0.04859562963247299,2.5,3200
posthoc_web,fx,var,0.005773292388767004,2.5,3200
posthoc_web,fr,mspe,2.590395212173462,2.5,3200
posthoc_web,fr,bias2,2.5770978927612305,2.5,3200
posthoc_web,fr,var,0.01329750381410122,2.5,3200
posthoc_web,fz,mspe,0.48721617460250854,2.5,3200
posthoc_web,fz,bias2,0.48721617460250854,2.5,3200
posthoc_web,fz,var,0.0,2.5,3200
base,y,mspe,1.0740153789520264,3,3200
base,y,bias2,1.0695687532424927,3,3200
base,y,var,0.004446609411388636,3,3200
base,fx,mspe,0.6619887351989746,3,3200
base,fx,bias2,0.6577290296554565,3,3200
base,fx,var,0.004259742330759764,3,3200
base,fr,mspe,0.9013691544532776,3,3200
base,fr,bias2,0.8971093893051147,3,3200
base,fr,var,0.004259742330759764,3,3200
base,fz,mspe,0.7015913128852844,3,3200
base,fz,bias2,0.7015913128852844,3,3200
base,fz,var,0.0,3,3200
posthoc,y,mspe,1.0127151012420654,3,3200
posthoc,y,bias2,1.0056135654449463,3,3200
posthoc,y,var,0.0071014235727488995,3,3200
posthoc,fx,mspe,0.026345744729042053,3,3200
posthoc,fx,bias2,0.00903376005589962,3,3200
posthoc,fx,var,0.017311986535787582,3,3200
posthoc,fr,mspe,0.07063750922679901,3,3200
posthoc,fr,bias2,0.053325530141592026,3,3200
posthoc,fr,var,0.017311986535787582,3,3200
posthoc,fz,mspe,0.019387340173125267,3,3200
posthoc,fz,bias2,0.006147743668407202,3,3200
posthoc,fz,var,0.013239597901701927,3,3200
posthoc_lam0,y,mspe,22.17755699157715,3,3200
posthoc_lam0,y,bias2,1.412214756011963,3,3200
posthoc_lam0,y,var,20.765342712402344,3,3200
posthoc_lam0,fx,mspe,21.96469497680664,3,3200
posthoc_lam0,fx,bias2,0.41815757751464844,3,3200
posthoc_lam0,fx,var,21.546541213989258,3,3200
posthoc_lam0,fr,mspe,22.015819549560547,3,3200
posthoc_lam0,fr,bias2,0.46928268671035767,3,3200
posthoc_lam0,fr,var,21.546541213989258,3,3200
posthoc_lam0,fz,mspe,0.7510362863540649,3,3200
posthoc_lam0,fz,bias2,0.009925018064677715,3,3200
posthoc_lam0,fz,var,0.7411112785339355,3,3200
posthoc_orth,y,mspe,1.0127192735671997,3,3200
posthoc_orth,y,bias2,1.005617380142212,3,3200
posthoc_orth,y,var,0.00710197351872921,3,3200
posthoc_orth,fx,mspe,0.025753796100616455,3,3200
posthoc_orth,fx,bias2,0.020579075440764427,3,3200
posthoc_orth,fx,var,0.005174720194190741,3,3200
posthoc_orth,fr,mspe,0.27521300315856934,3,3200
posthoc_orth,fr,bias2,0.21933189034461975,3,3200
posthoc_orth,fr,var,0.055881109088659286,3,3200
posthoc_orth,fz,mspe,0.024476559832692146,3,3200
posthoc_orth,fz,bias2,0.02246532030403614,3,3200
posthoc_orth,fz,var,0.002011236734688282,3,3200
posthoc_orth_lam0,y,mspe,249.3842315673828,3,3200
posthoc_orth_lam0,y,bias2,6.042476654052734,3,3200
posthoc_orth_lam0,y,var,243.3417510986328,3,3200
posthoc_orth_lam0,fx,mspe,248.42132568359375,3,3200
posthoc_orth_lam0,fx,bias2,5.087542533874512,3,3200
posthoc_orth_lam0,fx,var,243.3337860107422,3,3200
posthoc_orth_lam0,fr,mspe,251.2176971435547,3,3200
posthoc_orth_lam0,fr,bias2,5.062478065490723,3,3200
posthoc_orth_lam0,fr,var,246.15521240234375,3,3200
posthoc_orth_lam0,fz,mspe,0.024517780169844627,3,3200
posthoc_orth_lam0,fz,bias2,0.022508416324853897,3,3200
posthoc_orth_lam0,fz,var,0.002009360818192363,3,3200
posthoc_web,y,mspe,4.703021049499512,3,3200
posthoc_web,y,bias2,4.686645984649658,3,3200
posthoc_web,y,var,0.016374927014112473,3,3200
posthoc_web,fx,mspe,0.0648670494556427,3,3200
posthoc_web,fx,bias2,0.058534398674964905,3,3200
posthoc_web,fx,var,0.006332657299935818,3,3200
posthoc_web,fr,mspe,3.5295140743255615,3,3200
posthoc_web,fr,bias2,3.5161187648773193,3,3200
posthoc_web,fr,var,0.013395440764725208,3,3200
posthoc_web,fz,mspe,0.7015913128852844,3,3200
posthoc_web,fz,bias2,0.7015913128852844,3,3200
posthoc_web,fz,var,0.0,3,3200
base,y,mspe,1.0920010805130005,3.5,3200
base,y,bias2,1.0877604484558105,3.5,3200
base,y,var,0.004240588750690222,3.5,3200
base,fx,mspe,0.9015710353851318,3.5,3200
base,fx,bias2,0.8972857594490051,3.5,3200
base,fx,var,0.004285311326384544,3.5,3200
base,fr,mspe,1.1779475212097168,3.5,3200
base,fr,bias2,1.1736623048782349,3.5,3200
base,fr,var,0.004285311326384544,3.5,3200
base,fz,mspe,0.9549437165260315,3.5,3200
base,fz,bias2,0.954943835735321,3.5,3200
base,fz,var,0.0,3.5,3200
posthoc,y,mspe,1.012031078338623,3.5,3200
posthoc,y,bias2,1.0056648254394531,3.5,3200
posthoc,y,var,0.006366348825395107,3.5,3200
posthoc,fx,mspe,0.02261260710656643,3.5,3200
posthoc,fx,bias2,0.008748735301196575,3.5,3200
posthoc,fx,var,0.01386387087404728,3.5,3200
posthoc,fr,mspe,0.0661802813410759,3.5,3200
posthoc,fr,bias2,0.05231640860438347,3.5,3200
posthoc,fr,var,0.01386387087404728,3.5,3200
posthoc,fz,mspe,0.016487235203385353,3.5,3200
posthoc,fz,bias2,0.00573084456846118,3.5,3200
posthoc,fz,var,0.01075639110058546,3.5,3200
posthoc_lam0,y,mspe,5.358736515045166,3.5,3200
posthoc_lam0,y,bias2,1.135393500328064,3.5,3200
posthoc_lam0,y,var,4.223343372344971,3.5,3200
posthoc_lam0,fx,mspe,4.311500072479248,3.5,3200
posthoc_lam0,fx,bias2,0.07591492682695389,3.5,3200
posthoc_lam0,fx,var,4.2355852127075195,3.5,3200
posthoc_lam0,fr,mspe,4.334766387939453,3.5,3200
posthoc_lam0,fr,bias2,0.09918099641799927,3.5,3200
posthoc_lam0,fr,var,4.2355852127075195,3.5,3200
posthoc_lam0,fz,mspe,0.03247993066906929,3.5,3200
posthoc_lam0,fz,bias2,0.00026004374376498163,3.5,3200
posthoc_lam0,fz,var,0.032219886779785156,3.5,3200
posthoc_orth,y,mspe,1.012039065361023,3.5,3200
posthoc_orth,y,bias2,1.005664348602295,3.5,3200
posthoc_orth,y,var,0.006374741904437542,3.5,3200
posthoc_orth,fx,mspe,0.025171225890517235,3.5,3200
posthoc_orth,fx,bias2,0.020711498335003853,3.5,3200
posthoc_orth,fx,var,0.004459727555513382,3.5,3200
posthoc_orth,fr,mspe,0.25834372639656067,3.5,3200
posthoc_orth,fr,bias2,0.21415916085243225,3.5,3200
posthoc_orth,fr,var,0.04418456181883812,3.5,3200
posthoc_orth,fz,mspe,0.02476600557565689,3.5,3200
posthoc_orth,fz,bias2,0.02246815524995327,3.5,3200
posthoc_orth,fz,var,0.00229784962721169,3.5,3200
posthoc_orth_lam0,y,mspe,1.2105904817581177,3.5,3200
posthoc_orth_lam0,y,bias2,1.0151768922805786,3.5,3200
posthoc_orth_lam0,y,var,0.1954137235879898,3.5,3200
posthoc_orth_lam0,fx,mspe,0.21624219417572021,3.5,3200
posthoc_orth_lam0,fx,bias2,0.022928588092327118,3.5,3200
posthoc_orth_lam0,fx,var,0.1933136135339737,3.5,3200
posthoc_orth_lam0,fr,mspe,0.374776691198349,3.5,3200
posthoc_orth_lam0,fr,bias2,0.10864820331335068,3.5,3200
posthoc_orth_lam0,fr,var,0.26612845063209534,3.5,3200
posthoc_orth_lam0,fz,mspe,0.02476487122476101,3.5,3200
posthoc_orth_lam0,fz,bias2,0.02246755361557007,3.5,3200
posthoc_orth_lam0,fz,var,0.002297320868819952,3.5,3200
posthoc_web,y,mspe,5.8942389488220215,3.5,3200
posthoc_web,y,bias2,5.879063606262207,3.5,3200
posthoc_web,y,var,0.015175078064203262,3.5,3200
posthoc_web,fx,mspe,0.07874035090208054,3.5,3200
posthoc_web,fx,bias2,0.07231277227401733,3.5,3200
posthoc_web,fx,var,0.006427583284676075,3.5,3200
posthoc_web,fr,mspe,4.660208225250244,3.5,3200
posthoc_web,fr,bias2,4.646173477172852,3.5,3200
posthoc_web,fr,var,0.014034812338650227,3.5,3200
posthoc_web,fz,mspe,0.9549437165260315,3.5,3200
posthoc_web,fz,bias2,0.954943835735321,3.5,3200
posthoc_web,fz,var,0.0,3.5,3200
base,y,mspe,1.1135445833206177,4,3200
base,y,bias2,1.1085169315338135,4,3200
base,y,var,0.005027640610933304,4,3200
base,fx,mspe,1.1794151067733765,4,3200
base,fx,bias2,1.1745208501815796,4,3200
base,fx,var,0.004894353915005922,4,3200
base,fr,mspe,1.4928125143051147,4,3200
base,fr,bias2,1.4879182577133179,4,3200
base,fr,var,0.004894353915005922,4,3200
base,fz,mspe,1.2472734451293945,4,3200
base,fz,bias2,1.2472734451293945,4,3200
base,fz,var,0.0,4,3200
posthoc,y,mspe,1.0116491317749023,4,3200
posthoc,y,bias2,1.0050731897354126,4,3200
posthoc,y,var,0.00657598115503788,4,3200
posthoc,fx,mspe,0.022973744198679924,4,3200
posthoc,fx,bias2,0.007506683003157377,4,3200
posthoc,fx,var,0.015467063523828983,4,3200
posthoc,fr,mspe,0.06461300700902939,4,3200
posthoc,fr,bias2,0.04914594069123268,4,3200
posthoc,fr,var,0.015467063523828983,4,3200
posthoc,fz,mspe,0.017447201535105705,4,3200
posthoc,fz,bias2,0.0047121113166213036,4,3200
posthoc,fz,var,0.012735087424516678,4,3200
posthoc_lam0,y,mspe,1.745346188545227,4,3200
posthoc_lam0,y,bias2,1.0164932012557983,4,3200
posthoc_lam0,y,var,0.7288529872894287,4,3200
posthoc_lam0,fx,mspe,0.7719902992248535,4,3200
posthoc_lam0,fx,bias2,0.01716434955596924,4,3200
posthoc_lam0,fx,var,0.7548258900642395,4,3200
posthoc_lam0,fr,mspe,0.7940360903739929,4,3200
posthoc_lam0,fr,bias2,0.03921020030975342,4,3200
posthoc_lam0,fr,var,0.7548258900642395,4,3200
posthoc_lam0,fz,mspe,0.04122249782085419,4,3200
posthoc_lam0,fz,bias2,2.317779762961436e-05,4,3200
posthoc_lam0,fz,var,0.04119931533932686,4,3200
posthoc_orth,y,mspe,1.011649250984192,4,3200
posthoc_orth,y,bias2,1.0050731897354126,4,3200
posthoc_orth,y,var,0.006576092913746834,4,3200
posthoc_orth,fx,mspe,0.025191765278577805,4,3200
posthoc_orth,fx,bias2,0.02056398242712021,4,3200
posthoc_orth,fx,var,0.004627786111086607,4,3200
posthoc_orth,fr,mspe,0.25136566162109375,4,3200
posthoc_orth,fr,bias2,0.20067207515239716,4,3200
posthoc_orth,fr,var,0.05069359764456749,4,3200
posthoc_orth,fz,mspe,0.02509376034140587,4,3200
posthoc_orth,fz,bias2,0.02247130125761032,4,3200
posthoc_orth,fz,var,0.0026224604807794094,4,3200
posthoc_orth_lam0,y,mspe,13.191871643066406,4,3200
posthoc_orth_lam0,y,bias2,1.2319223880767822,4,3200
posthoc_orth_lam0,y,var,11.959948539733887,4,3200
posthoc_orth_lam0,fx,mspe,12.226853370666504,4,3200
posthoc_orth_lam0,fx,bias2,0.27001842856407166,4,3200
posthoc_orth_lam0,fx,var,11.956833839416504,4,3200
posthoc_orth_lam0,fr,mspe,15.786612510681152,4,3200
posthoc_orth_lam0,fr,bias2,0.5030209422111511,4,3200
posthoc_orth_lam0,fr,var,15.283591270446777,4,3200
posthoc_orth_lam0,fz,mspe,0.02509838156402111,4,3200
posthoc_orth_lam0,fz,bias2,0.022474749013781548,4,3200
posthoc_orth_lam0,fz,var,0.0026236344128847122,4,3200
posthoc_web,y,mspe,7.206111907958984,4,3200
posthoc_web,y,bias2,7.1877641677856445,4,3200
posthoc_web,y,var,0.018347986042499542,4,3200
posthoc_web,fx,mspe,0.09245740622282028,4,3200
posthoc_web,fx,bias2,0.08655934035778046,4,3200
posthoc_web,fx,var,0.005898062139749527,4,3200
posthoc_web,fr,mspe,5.958673000335693,4,3200
posthoc_web,fr,bias2,5.945136070251465,4,3200
posthoc_web,fr,var,0.013536461628973484,4,3200
posthoc_web,fz,mspe,1.2472734451293945,4,3200
posthoc_web,fz,bias2,1.2472734451293945,4,3200
posthoc_web,fz,var,0.0,4,3200
base,y,mspe,1.0432180166244507,0,400
base,y,bias2,1.013301134109497,0,400
base,y,var,0.02991691790521145,0,400
base,fx,mspe,0.04530647397041321,0,400
base,fx,bias2,0.017498495057225227,0,400
base,fx,var,0.027807975187897682,0,400
base,fr,mspe,0.05547666549682617,0,400
base,fr,bias2,0.02766869030892849,0,400
base,fr,var,0.027807975187897682,0,400
base,fz,mspe,0.0,0,400
base,fz,bias2,0.0,0,400
base,fz,var,0.0,0,400
posthoc,y,mspe,1.0431965589523315,0,400
posthoc,y,bias2,1.0040949583053589,0,400
posthoc,y,var,0.039101582020521164,0,400
posthoc,fx,mspe,0.06619434058666229,0,400
posthoc,fx,bias2,0.005583472084254026,0,400
posthoc,fx,var,0.06061087176203728,0,400
posthoc,fr,mspe,0.07797376811504364,0,400
posthoc,fr,bias2,0.017362892627716064,0,400
posthoc,fr,var,0.06061087176203728,0,400
posthoc,fz,mspe,0.044480618089437485,0,400
posthoc,fz,bias2,0.00035145541187375784,0,400
posthoc,fz,var,0.04412916302680969,0,400
posthoc_lam0,y,mspe,7.600056171417236,0,400
posthoc_lam0,y,bias2,1.0775800943374634,0,400
posthoc_lam0,y,var,6.5224761962890625,0,400
posthoc_lam0,fx,mspe,6.984808444976807,0,400
posthoc_lam0,fx,bias2,0.079393170773983,0,400
posthoc_lam0,fx,var,6.905415058135986,0,400
posthoc_lam0,fr,mspe,7.014869213104248,0,400
posthoc_lam0,fr,bias2,0.10945528000593185,0,400
posthoc_lam0,fr,var,6.905415058135986,0,400
posthoc_lam0,fz,mspe,0.5621806979179382,0,400
posthoc_lam0,fz,bias2,0.008032377809286118,0,400
posthoc_lam0,fz,var,0.5541483163833618,0,400
posthoc_orth,y,mspe,1.0431982278823853,0,400
posthoc_orth,y,bias2,1.0040942430496216,0,400
posthoc_orth,y,var,0.03910389542579651,0,400
posthoc_orth,fx,mspe,0.046199750155210495,0,400
posthoc_orth,fx,bias2,0.022932052612304688,0,400
posthoc_orth,fx,var,0.023267697542905807,0,400
posthoc_orth,fr,mspe,0.23835311830043793,0,400
posthoc_orth,fr,bias2,0.051886387169361115,0,400
posthoc_orth,fr,var,0.18646670877933502,0,400
posthoc_orth,fz,mspe,0.025326156988739967,0,400
posthoc_orth,fz,bias2,0.01576591469347477,0,400
posthoc_orth,fz,var,0.009560240432620049,0,400
posthoc_orth_lam0,y,mspe,2.7998039722442627,0,400
posthoc_orth_lam0,y,bias2,1.0606906414031982,0,400
posthoc_orth_lam0,y,var,1.739113211631775,0,400
posthoc_orth_lam0,fx,mspe,1.7856144905090332,0,400
posthoc_orth_lam0,fx,bias2,0.05531051754951477,0,400
posthoc_orth_lam0,fx,var,1.7303041219711304,0,400
posthoc_orth_lam0,fr,mspe,3.1893723011016846,0,400
posthoc_orth_lam0,fr,bias2,0.218562051653862,0,400
posthoc_orth_lam0,fr,var,2.9708101749420166,0,400
posthoc_orth_lam0,fz,mspe,0.025325840339064598,0,400
posthoc_orth_lam0,fz,bias2,0.01576603204011917,0,400
posthoc_orth_lam0,fz,var,0.009559807367622852,0,400
posthoc_web,y,mspe,1.1258244514465332,0,400
posthoc_web,y,bias2,1.0626415014266968,0,400
posthoc_web,y,var,0.0631830245256424,0,400
posthoc_web,fx,mspe,0.07743950188159943,0,400
posthoc_web,fx,bias2,0.05763820558786392,0,400
posthoc_web,fx,var,0.019801294431090355,0,400
posthoc_web,fr,mspe,0.11472641676664352,0,400
posthoc_web,fr,bias2,0.056586798280477524,0,400
posthoc_web,fr,var,0.0581396147608757,0,400
posthoc_web,fz,mspe,0.0,0,400
posthoc_web,fz,bias2,0.0,0,400
posthoc_web,fz,var,0.0,0,400
base,y,mspe,1.0605381727218628,0.5,400
base,y,bias2,1.0223100185394287,0.5,400
base,y,var,0.03822820261120796,0.5,400
base,fx,mspe,0.054259758442640305,0.5,400
base,fx,bias2,0.018599502742290497,0.5,400
base,fx,var,0.03566025570034981,0.5,400
base,fr,mspe,0.09073948115110397,0.5,400
base,fr,bias2,0.05507922172546387,0.5,400
base,fr,var,0.03566025570034981,0.5,400
base,fz,mspe,0.01948864758014679,0.5,400
base,fz,bias2,0.01948864758014679,0.5,400
base,fz,var,0.0,0.5,400
posthoc,y,mspe,1.0523552894592285,0.5,400
posthoc,y,bias2,1.0065304040908813,0.5,400
posthoc,y,var,0.04582489654421806,0.5,400
posthoc,fx,mspe,0.09668838232755661,0.5,400
posthoc,fx,bias2,0.00410750275477767,0.5,400
posthoc,fx,var,0.0925808921456337,0.5,400
posthoc,fr,mspe,0.1212993785738945,0.5,400
posthoc,fr,bias2,0.0287184901535511,0.5,400
posthoc,fr,var,0.0925808921456337,0.5,400
posthoc,fz,mspe,0.06924033164978027,0.5,400
posthoc,fz,bias2,0.0008568239281885326,0.5,400
posthoc,fz,var,0.06838350743055344,0.5,400
posthoc_lam0,y,mspe,3063.369384765625,0.5,400
posthoc_lam0,y,bias2,61.24568176269531,0.5,400
posthoc_lam0,y,var,3002.123779296875,0.5,400
posthoc_lam0,fx,mspe,2991.194091796875,0.5,400
posthoc_lam0,fx,bias2,59.43954086303711,0.5,400
posthoc_lam0,fx,var,2931.754638671875,0.5,400
posthoc_lam0,fr,mspe,2991.514404296875,0.5,400
posthoc_lam0,fr,bias2,59.75996398925781,0.5,400
posthoc_lam0,fr,var,2931.754638671875,0.5,400
posthoc_lam0,fz,mspe,17.082258224487305,0.5,400
posthoc_lam0,fz,bias2,0.20973435044288635,0.5,400
posthoc_lam0,fz,var,16.87252426147461,0.5,400
posthoc_orth,y,mspe,1.0524067878723145,0.5,400
posthoc_orth,y,bias2,1.0065290927886963,0.5,400
posthoc_orth,y,var,0.04587766155600548,0.5,400
posthoc_orth,fx,mspe,0.05293901264667511,0.5,400
posthoc_orth,fx,bias2,0.0223868265748024,0.5,400
posthoc_orth,fx,var,0.03055218607187271,0.5,400
posthoc_orth,fr,mspe,0.394507497549057,0.5,400
posthoc_orth,fr,bias2,0.10187788307666779,0.5,400
posthoc_orth,fr,var,0.292629599571228,0.5,400
posthoc_orth,fz,mspe,0.025823207572102547,0.5,400
posthoc_orth,fz,bias2,0.015766961500048637,0.5,400
posthoc_orth,fz,var,0.01005624607205391,0.5,400
posthoc_orth_lam0,y,mspe,111.09109497070312,0.5,400
posthoc_orth_lam0,y,bias2,3.9039111137390137,0.5,400
posthoc_orth_lam0,y,var,107.18717956542969,0.5,400
posthoc_orth_lam0,fx,mspe,110.1064224243164,0.5,400
posthoc_orth_lam0,fx,bias2,2.923457145690918,0.5,400
posthoc_orth_lam0,fx,var,107.18296813964844,0.5,400
posthoc_orth_lam0,fr,mspe,116.34954833984375,0.5,400
posthoc_orth_lam0,fr,bias2,3.086122751235962,0.5,400
posthoc_orth_lam0,fr,var,113.26342010498047,0.5,400
posthoc_orth_lam0,fz,mspe,0.025884415954351425,0.5,400
posthoc_orth_lam0,fz,bias2,0.015818189829587936,0.5,400
posthoc_orth_lam0,fz,var,0.010066225193440914,0.5,400
posthoc_web,y,mspe,1.3105279207229614,0.5,400
posthoc_web,y,bias2,1.1905498504638672,0.5,400
posthoc_web,y,var,0.11997804045677185,0.5,400
posthoc_web,fx,mspe,0.06537551432847977,0.5,400
posthoc_web,fx,bias2,0.04212455824017525,0.5,400
posthoc_web,fx,var,0.02325095608830452,0.5,400
posthoc_web,fr,mspe,0.23563680052757263,0.5,400
posthoc_web,fr,bias2,0.13139118254184723,0.5,400
posthoc_web,fr,var,0.104245625436306,0.5,400
posthoc_web,fz,mspe,0.01948864758014679,0.5,400
posthoc_web,fz,bias2,0.01948864758014679,0.5,400
posthoc_web,fz,var,0.0,0.5,400
base,y,mspe,1.0780644416809082,1,400
base,y,bias2,1.0303092002868652,1,400
base,y,var,0.047755345702171326,1,400
base,fx,mspe,0.08182403445243835,1,400
base,fx,bias2,0.036676641553640366,1,400
base,fx,var,0.04514739662408829,1,400
base,fr,mspe,0.14789125323295593,1,400
base,fr,bias2,0.10274385660886765,1,400
base,fr,var,0.04514739662408829,1,400
base,fz,mspe,0.07795459032058716,1,400
base,fz,bias2,0.07795459032058716,1,400
base,fz,var,0.0,1,400
posthoc,y,mspe,1.0493987798690796,1,400
posthoc,y,bias2,1.0069211721420288,1,400
posthoc,y,var,0.04247764125466347,1,400
posthoc,fx,mspe,0.09316982328891754,1,400
posthoc,fx,bias2,0.005059925839304924,1,400
posthoc,fx,var,0.08810991048812866,1,400
posthoc,fr,mspe,0.12075719982385635,1,400
posthoc,fr,bias2,0.03264730051159859,1,400
posthoc,fr,var,0.08810991048812866,1,400
posthoc,fz,mspe,0.06826459616422653,1,400
posthoc,fz,bias2,0.0016607055440545082,1,400
posthoc,fz,var,0.0666038915514946,1,400
posthoc_lam0,y,mspe,515.687744140625,1,400
posthoc_lam0,y,bias2,11.065439224243164,1,400
posthoc_lam0,y,var,504.622314453125,1,400
posthoc_lam0,fx,mspe,577.9301147460938,1,400
posthoc_lam0,fx,bias2,11.207179069519043,1,400
posthoc_lam0,fx,var,566.7229614257812,1,400
posthoc_lam0,fr,mspe,577.6707763671875,1,400
posthoc_lam0,fr,bias2,10.947842597961426,1,400
posthoc_lam0,fr,var,566.7229614257812,1,400
posthoc_lam0,fz,mspe,85.50679779052734,1,400
posthoc_lam0,fz,bias2,1.4616503715515137,1,400
posthoc_lam0,fz,var,84.04513549804688,1,400
posthoc_orth,y,mspe,1.0494171380996704,1,400
posthoc_orth,y,bias2,1.006920576095581,1,400
posthoc_orth,y,var,0.0424964539706707,1,400
posthoc_orth,fx,mspe,0.05031580850481987,1,400
posthoc_orth,fx,bias2,0.023074578493833542,1,400
posthoc_orth,fx,var,0.027241230010986328,1,400
posthoc_orth,fr,mspe,0.39091330766677856,1,400
posthoc_orth,fr,bias2,0.1170530766248703,1,400
posthoc_orth,fr,var,0.27386021614074707,1,400
posthoc_orth,fz,mspe,0.02666274458169937,1,400
posthoc_orth,fz,bias2,0.015768609941005707,1,400
posthoc_orth,fz,var,0.010894138365983963,1,400
posthoc_orth_lam0,y,mspe,14.415019989013672,1,400
posthoc_orth_lam0,y,bias2,1.2342650890350342,1,400
posthoc_orth_lam0,y,var,13.180755615234375,1,400
posthoc_orth_lam0,fx,mspe,13.38153076171875,1,400
posthoc_orth_lam0,fx,bias2,0.25630179047584534,1,400
posthoc_orth_lam0,fx,var,13.125229835510254,1,400
posthoc_orth_lam0,fr,mspe,15.411237716674805,1,400
posthoc_orth_lam0,fr,bias2,0.4017394185066223,1,400
posthoc_orth_lam0,fr,var,15.009498596191406,1,400
posthoc_orth_lam0,fz,mspe,0.02668437547981739,1,400
posthoc_orth_lam0,fz,bias2,0.015773095190525055,1,400
posthoc_orth_lam0,fz,var,0.010911280289292336,1,400
posthoc_web,y,mspe,1.5664361715316772,1,400
posthoc_web,y,bias2,1.3934658765792847,1,400
posthoc_web,y,var,0.17297004163265228,1,400
posthoc_web,fx,mspe,0.061942122876644135,1,400
posthoc_web,fx,bias2,0.0343402735888958,1,400
posthoc_web,fx,var,0.027601847425103188,1,400
posthoc_web,fr,mspe,0.4338942766189575,1,400
posthoc_web,fr,bias2,0.2659398019313812,1,400
posthoc_web,fr,var,0.1679544895887375,1,400
posthoc_web,fz,mspe,0.07795459032058716,1,400
posthoc_web,fz,bias2,0.07795459032058716,1,400
posthoc_web,fz,var,0.0,1,400
base,y,mspe,1.1173968315124512,1.5,400
base,y,bias2,1.04953932762146,1.5,400
base,y,var,0.06785755604505539,1.5,400
base,fx,mspe,0.14114204049110413,1.5,400
base,fx,bias2,0.07586665451526642,1.5,400
base,fx,var,0.0652753934264183,1.5,400
base,fr,mspe,0.23298078775405884,1.5,400
base,fr,bias2,0.16770538687705994,1.5,400
base,fr,var,0.0652753934264183,1.5,400
base,fz,mspe,0.1753978282213211,1.5,400
base,fz,bias2,0.1753978282213211,1.5,400
base,fz,var,0.0,1.5,400
posthoc,y,mspe,1.0509296655654907,1.5,400
posthoc,y,bias2,1.0054000616073608,1.5,400
posthoc,y,var,0.045529529452323914,1.5,400
posthoc,fx,mspe,0.10758833587169647,1.5,400
posthoc,fx,bias2,0.005789467133581638,1.5,400
posthoc,fx,var,0.101798877120018,1.5,400
posthoc,fr,mspe,0.13951702415943146,1.5,400
posthoc,fr,bias2,0.03771815821528435,1.5,400
posthoc,fr,var,0.101798877120018,1.5,400
posthoc,fz,mspe,0.0754365548491478,1.5,400
posthoc,fz,bias2,0.003109642304480076,1.5,400
posthoc,fz,var,0.0723269134759903,1.5,400
posthoc_lam0,y,mspe,12.360896110534668,1.5,400
posthoc_lam0,y,bias2,1.2681200504302979,1.5,400
posthoc_lam0,y,var,11.09277629852295,1.5,400
posthoc_lam0,fx,mspe,12.376684188842773,1.5,400
posthoc_lam0,fx,bias2,0.2839663624763489,1.5,400
posthoc_lam0,fx,var,12.092720031738281,1.5,400
posthoc_lam0,fr,mspe,12.40674114227295,1.5,400
posthoc_lam0,fr,bias2,0.3140217363834381,1.5,400
posthoc_lam0,fr,var,12.092720031738281,1.5,400
posthoc_lam0,fz,mspe,1.1143677234649658,1.5,400
posthoc_lam0,fz,bias2,0.0004602830158546567,1.5,400
posthoc_lam0,fz,var,1.1139074563980103,1.5,400
posthoc_orth,y,mspe,1.0509364604949951,1.5,400
posthoc_orth,y,bias2,1.0054007768630981,1.5,400
posthoc_orth,y,var,0.04553559795022011,1.5,400
posthoc_orth,fx,mspe,0.05276540666818619,1.5,400
posthoc_orth,fx,bias2,0.022516056895256042,1.5,400
posthoc_orth,fx,var,0.030249349772930145,1.5,400
posthoc_orth,fr,mspe,0.4491514563560486,1.5,400
posthoc_orth,fr,bias2,0.13834254443645477,1.5,400
posthoc_orth,fr,var,0.3108089566230774,1.5,400
posthoc_orth,fz,mspe,0.027844786643981934,1.5,400
posthoc_orth,fz,bias2,0.015770891681313515,1.5,400
posthoc_orth,fz,var,0.01207389310002327,1.5,400
posthoc_orth_lam0,y,mspe,9.575750350952148,1.5,400
posthoc_orth_lam0,y,bias2,1.1847553253173828,1.5,400
posthoc_orth_lam0,y,var,8.390995025634766,1.5,400
posthoc_orth_lam0,fx,mspe,8.515263557434082,1.5,400
posthoc_orth_lam0,fx,bias2,0.1647915244102478,1.5,400
posthoc_orth_lam0,fx,var,8.350472450256348,1.5,400
posthoc_orth_lam0,fr,mspe,11.864289283752441,1.5,400
posthoc_orth_lam0,fr,bias2,0.6856615543365479,1.5,400
posthoc_orth_lam0,fr,var,11.178627967834473,1.5,400
posthoc_orth_lam0,fz,mspe,0.02783830091357231,1.5,400
posthoc_orth_lam0,fz,bias2,0.015766989439725876,1.5,400
posthoc_orth_lam0,fz,var,0.01207131426781416,1.5,400
posthoc_web,y,mspe,2.015831232070923,1.5,400
posthoc_web,y,bias2,1.7420129776000977,1.5,400
posthoc_web,y,var,0.27381816506385803,1.5,400
posthoc_web,fx,mspe,0.06494348496198654,1.5,400
posthoc_web,fx,bias2,0.030771460384130478,1.5,400
posthoc_web,fx,var,0.034172024577856064,1.5,400
posthoc_web,fr,mspe,0.7493948340415955,1.5,400
posthoc_web,fr,bias2,0.5039075613021851,1.5,400
posthoc_web,fr,var,0.24548716843128204,1.5,400
posthoc_web,fz,mspe,0.1753978282213211,1.5,400
posthoc_web,fz,bias2,0.1753978282213211,1.5,400
posthoc_web,fz,var,0.0,1.5,400
base,y,mspe,1.1583592891693115,2,400
base,y,bias2,1.069381594657898,2,400
base,y,var,0.0889776423573494,2,400
base,fx,mspe,0.23420634865760803,2,400
base,fx,bias2,0.14777317643165588,2,400
base,fx,var,0.08643319457769394,2,400
base,fr,mspe,0.3566480278968811,2,400
base,fr,bias2,0.27021488547325134,2,400
base,fr,var,0.08643319457769394,2,400
base,fz,mspe,0.31181836128234863,2,400
base,fz,bias2,0.31181836128234863,2,400
base,fz,var,0.0,2,400
posthoc,y,mspe,1.06182062625885,2,400
posthoc,y,bias2,1.0082097053527832,2,400
posthoc,y,var,0.05361081287264824,2,400
posthoc,fx,mspe,0.12516428530216217,2,400
posthoc,fx,bias2,0.01314452663064003,2,400
posthoc,fx,var,0.11201974749565125,2,400
posthoc,fr,mspe,0.16967281699180603,2,400
posthoc,fr,bias2,0.057653047144412994,2,400
posthoc,fr,var,0.11201974749565125,2,400
posthoc,fz,mspe,0.09293735772371292,2,400
posthoc,fz,bias2,0.010008023120462894,2,400
posthoc,fz,var,0.082929328083992,2,400
posthoc_lam0,y,mspe,27.202299118041992,2,400
posthoc_lam0,y,bias2,1.7520426511764526,2,400
posthoc_lam0,y,var,25.450258255004883,2,400
posthoc_lam0,fx,mspe,39.197959899902344,2,400
posthoc_lam0,fx,bias2,0.978111982345581,2,400
posthoc_lam0,fx,var,38.2198486328125,2,400
posthoc_lam0,fr,mspe,39.37868118286133,2,400
posthoc_lam0,fr,bias2,1.1588352918624878,2,400
posthoc_lam0,fr,var,38.2198486328125,2,400
posthoc_lam0,fz,mspe,13.145904541015625,2,400
posthoc_lam0,fz,bias2,0.31273946166038513,2,400
posthoc_lam0,fz,var,12.833165168762207,2,400
posthoc_orth,y,mspe,1.0617691278457642,2,400
posthoc_orth,y,bias2,1.0082119703292847,2,400
posthoc_orth,y,var,0.05355715751647949,2,400
posthoc_orth,fx,mspe,0.06213384494185448,2,400
posthoc_orth,fx,bias2,0.023623639717698097,2,400
posthoc_orth,fx,var,0.03851020708680153,2,400
posthoc_orth,fr,mspe,0.5442273020744324,2,400
posthoc_orth,fr,bias2,0.21271567046642303,2,400
posthoc_orth,fr,var,0.33151161670684814,2,400
posthoc_orth,fz,mspe,0.02936926856637001,2,400
posthoc_orth,fz,bias2,0.015773728489875793,2,400
posthoc_orth,fz,var,0.013595538213849068,2,400
posthoc_orth_lam0,y,mspe,8.856803894042969,2,400
posthoc_orth_lam0,y,bias2,1.2267203330993652,2,400
posthoc_orth_lam0,y,var,7.630084037780762,2,400
posthoc_orth_lam0,fx,mspe,7.880071640014648,2,400
posthoc_orth_lam0,fx,bias2,0.2681424617767334,2,400
posthoc_orth_lam0,fx,var,7.611928939819336,2,400
posthoc_orth_lam0,fr,mspe,11.572580337524414,2,400
posthoc_orth_lam0,fr,bias2,0.5293195843696594,2,400
posthoc_orth_lam0,fr,var,11.043261528015137,2,400
posthoc_orth_lam0,fz,mspe,0.029357945546507835,2,400
posthoc_orth_lam0,fz,bias2,0.01576823554933071,2,400
posthoc_orth_lam0,fz,var,0.013589710928499699,2,400
posthoc_web,y,mspe,2.60908842086792,2,400
posthoc_web,y,bias2,2.229231357574463,2,400
posthoc_web,y,var,0.37985703349113464,2,400
posthoc_web,fx,mspe,0.06813447177410126,2,400
posthoc_web,fx,bias2,0.029964487999677658,2,400
posthoc_web,fx,var,0.0381699874997139,2,400
posthoc_web,fr,mspe,1.2423945665359497,2,400
posthoc_web,fr,bias2,0.899852991104126,2,400
posthoc_web,fr,var,0.34254151582717896,2,400
posthoc_web,fz,mspe,0.31181836128234863,2,400
posthoc_web,fz,bias2,0.31181836128234863,2,400
posthoc_web,fz,var,0.0,2,400
base,y,mspe,1.1988301277160645,2.5,400
base,y,bias2,1.0913801193237305,2.5,400
base,y,var,0.1074499636888504,2.5,400
base,fx,mspe,0.35960471630096436,2.5,400
base,fx,bias2,0.2544125020503998,2.5,400
base,fx,var,0.10519225150346756,2.5,400
base,fr,mspe,0.5146052837371826,2.5,400
base,fr,bias2,0.40941303968429565,2.5,400
base,fr,var,0.10519225150346756,2.5,400
base,fz,mspe,0.48721617460250854,2.5,400
base,fz,bias2,0.48721617460250854,2.5,400
base,fz,var,0.0,2.5,400
posthoc,y,mspe,1.0529539585113525,2.5,400
posthoc,y,bias2,1.008277416229248,2.5,400
posthoc,y,var,0.04467669874429703,2.5,400
posthoc,fx,mspe,0.119183748960495,2.5,400
posthoc,fx,bias2,0.010769885964691639,2.5,400
posthoc,fx,var,0.10841386020183563,2.5,400
posthoc,fr,mspe,0.16034263372421265,2.5,400
posthoc,fr,bias2,0.05192878097295761,2.5,400
posthoc,fr,var,0.10841386020183563,2.5,400
posthoc,fz,mspe,0.09042187035083771,2.5,400
posthoc,fz,bias2,0.007608564104884863,2.5,400
posthoc,fz,var,0.08281330019235611,2.5,400
posthoc_lam0,y,mspe,7.3530731201171875,2.5,400
posthoc_lam0,y,bias2,1.167742133140564,2.5,400
posthoc_lam0,y,var,6.185330867767334,2.5,400
posthoc_lam0,fx,mspe,6.889736175537109,2.5,400
posthoc_lam0,fx,bias2,0.13772748410701752,2.5,400
posthoc_lam0,fx,var,6.752009391784668,2.5,400
posthoc_lam0,fr,mspe,6.904309272766113,2.5,400
posthoc_lam0,fr,bias2,0.15230025351047516,2.5,400
posthoc_lam0,fr,var,6.752009391784668,2.5,400
posthoc_lam0,fz,mspe,0.5013146996498108,2.5,400
posthoc_lam0,fz,bias2,0.00024320336524397135,2.5,400
posthoc_lam0,fz,var,0.5010714530944824,2.5,400
posthoc_orth,y,mspe,1.0529214143753052,2.5,400
posthoc_orth,y,bias2,1.0082775354385376,2.5,400
posthoc_orth,y,var,0.04464387521147728,2.5,400
posthoc_orth,fx,mspe,0.05243738740682602,2.5,400
posthoc_orth,fx,bias2,0.023018941283226013,2.5,400
posthoc_orth,fx,var,0.029418449848890305,2.5,400
posthoc_orth,fr,mspe,0.5266394019126892,2.5,400
posthoc_orth,fr,bias2,0.18854618072509766,2.5,400
posthoc_orth,fr,var,0.33809319138526917,2.5,400
posthoc_orth,fz,mspe,0.03123631700873375,2.5,400
posthoc_orth,fz,bias2,0.015777278691530228,2.5,400
posthoc_orth,fz,var,0.015459038317203522,2.5,400
posthoc_orth_lam0,y,mspe,80.83036804199219,2.5,400
posthoc_orth_lam0,y,bias2,2.8050200939178467,2.5,400
posthoc_orth_lam0,y,var,78.02535247802734,2.5,400
posthoc_orth_lam0,fx,mspe,79.7856674194336,2.5,400
posthoc_orth_lam0,fx,bias2,1.7565786838531494,2.5,400
posthoc_orth_lam0,fx,var,78.02908325195312,2.5,400
posthoc_orth_lam0,fr,mspe,137.780029296875,2.5,400
posthoc_orth_lam0,fr,bias2,5.297510147094727,2.5,400
posthoc_orth_lam0,fr,var,132.48251342773438,2.5,400
posthoc_orth_lam0,fz,mspe,0.03123898059129715,2.5,400
posthoc_orth_lam0,fz,bias2,0.01577845588326454,2.5,400
posthoc_orth_lam0,fz,var,0.015460524708032608,2.5,400
posthoc_web,y,mspe,3.2751052379608154,2.5,400
posthoc_web,y,bias2,2.794501543045044,2.5,400
posthoc_web,y,var,0.48060348629951477,2.5,400
posthoc_web,fx,mspe,0.07798191159963608,2.5,400
posthoc_web,fx,bias2,0.03536396101117134,2.5,400
posthoc_web,fx,var,0.04261796176433563,2.5,400
posthoc_web,fr,mspe,1.7973376512527466,2.5,400
posthoc_web,fr,bias2,1.351976752281189,2.5,400
posthoc_web,fr,var,0.4453609585762024,2.5,400
posthoc_web,fz,mspe,0.48721617460250854,2.5,400
posthoc_web,fz,bias2,0.48721617460250854,2.5,400
posthoc_web,fz,var,0.0,2.5,400
base,y,mspe,1.221356987953186,3,400
base,y,bias2,1.1059963703155518,3,400
base,y,var,0.11536070704460144,3,400
base,fx,mspe,0.5424991846084595,3,400
base,fx,bias2,0.4283190071582794,3,400
base,fx,var,0.11418019980192184,3,400
base,fr,mspe,0.7381041049957275,3,400
base,fr,bias2,0.6239238977432251,3,400
base,fr,var,0.11418019980192184,3,400
base,fz,mspe,0.7015913128852844,3,400
base,fz,bias2,0.7015913128852844,3,400
base,fz,var,0.0,3,400
posthoc,y,mspe,1.0512874126434326,3,400
posthoc,y,bias2,1.007540225982666,3,400
posthoc,y,var,0.04374723508954048,3,400
posthoc,fx,mspe,0.1207859069108963,3,400
posthoc,fx,bias2,0.01318262703716755,3,400
posthoc,fx,var,0.1076032817363739,3,400
posthoc,fr,mspe,0.16425201296806335,3,400
posthoc,fr,bias2,0.05664873495697975,3,400
posthoc,fr,var,0.1076032817363739,3,400
posthoc,fz,mspe,0.09592445194721222,3,400
posthoc,fz,bias2,0.009301269426941872,3,400
posthoc,fz,var,0.0866231918334961,3,400
posthoc_lam0,y,mspe,103.41657257080078,3,400
posthoc_lam0,y,bias2,3.556594133377075,3,400
posthoc_lam0,y,var,99.85997772216797,3,400
posthoc_lam0,fx,mspe,105.9544448852539,3,400
posthoc_lam0,fx,bias2,2.5720512866973877,3,400
posthoc_lam0,fx,var,103.38238525390625,3,400
posthoc_lam0,fr,mspe,105.85306549072266,3,400
posthoc_lam0,fr,bias2,2.470672369003296,3,400
posthoc_lam0,fr,var,103.38238525390625,3,400
posthoc_lam0,fz,mspe,1.5176582336425781,3,400
posthoc_lam0,fz,bias2,0.006184577941894531,3,400
posthoc_lam0,fz,var,1.5114736557006836,3,400
posthoc_orth,y,mspe,1.051247000694275,3,400
posthoc_orth,y,bias2,1.007544994354248,3,400
posthoc_orth,y,var,0.04370185360312462,3,400
posthoc_orth,fx,mspe,0.0526217557489872,3,400
posthoc_orth,fx,bias2,0.02432841621339321,3,400
posthoc_orth,fx,var,0.028293337672948837,3,400
posthoc_orth,fr,mspe,0.5585188269615173,3,400
posthoc_orth,fr,bias2,0.20842355489730835,3,400
posthoc_orth,fr,var,0.35009530186653137,3,400
posthoc_orth,fz,mspe,0.033445797860622406,3,400
posthoc_orth,fz,bias2,0.015781376510858536,3,400
posthoc_orth,fz,var,0.017664417624473572,3,400
posthoc_orth_lam0,y,mspe,18.521120071411133,3,400
posthoc_orth_lam0,y,bias2,1.3859269618988037,3,400
posthoc_orth_lam0,y,var,17.135194778442383,3,400
posthoc_orth_lam0,fx,mspe,17.424280166625977,3,400
posthoc_orth_lam0,fx,bias2,0.3290362060070038,3,400
posthoc_orth_lam0,fx,var,17.095243453979492,3,400
posthoc_orth_lam0,fr,mspe,20.35149383544922,3,400
posthoc_orth_lam0,fr,bias2,0.6219501495361328,3,400
posthoc_orth_lam0,fr,var,19.729543685913086,3,400
posthoc_orth_lam0,fz,mspe,0.03341943770647049,3,400
posthoc_orth_lam0,fz,bias2,0.01576433703303337,3,400
posthoc_orth_lam0,fz,var,0.01765509881079197,3,400
posthoc_web,y,mspe,4.190297603607178,3,400
posthoc_web,y,bias2,3.5833539962768555,3,400
posthoc_web,y,var,0.6069438457489014,3,400
posthoc_web,fx,mspe,0.09044355154037476,3,400
posthoc_web,fx,bias2,0.044814396649599075,3,400
posthoc_web,fx,var,0.04562915861606598,3,400
posthoc_web,fr,mspe,2.5604212284088135,3,400
posthoc_web,fr,bias2,1.9954407215118408,3,400
posthoc_web,fr,var,0.5649805665016174,3,400
posthoc_web,fz,mspe,0.7015913128852844,3,400
posthoc_web,fz,bias2,0.7015913128852844,3,400
posthoc_web,fz,var,0.0,3,400
base,y,mspe,1.2563258409500122,3.5,400
base,y,bias2,1.1303374767303467,3.5,400
base,y,var,0.12598839402198792,3.5,400
base,fx,mspe,0.7471367120742798,3.5,400
base,fx,bias2,0.6217464208602905,3.5,400
base,fx,var,0.12539026141166687,3.5,400
base,fr,mspe,0.978667676448822,3.5,400
base,fr,bias2,0.8532775044441223,3.5,400
base,fr,var,0.12539026141166687,3.5,400
base,fz,mspe,0.9549437165260315,3.5,400
base,fz,bias2,0.954943835735321,3.5,400
base,fz,var,0.0,3.5,400
posthoc,y,mspe,1.0493205785751343,3.5,400
posthoc,y,bias2,1.0099743604660034,3.5,400
posthoc,y,var,0.039346229285001755,3.5,400
posthoc,fx,mspe,0.11779126524925232,3.5,400
posthoc,fx,bias2,0.019557222723960876,3.5,400
posthoc,fx,var,0.09823404252529144,3.5,400
posthoc,fr,mspe,0.16907835006713867,3.5,400
posthoc,fr,bias2,0.07084430009126663,3.5,400
posthoc,fr,var,0.09823404252529144,3.5,400
posthoc,fz,mspe,0.1016063243150711,3.5,400
posthoc,fz,bias2,0.01540652010589838,3.5,400
posthoc,fz,var,0.0861998051404953,3.5,400
posthoc_lam0,y,mspe,25.984468460083008,3.5,400
posthoc_lam0,y,bias2,1.4991368055343628,3.5,400
posthoc_lam0,y,var,24.485332489013672,3.5,400
posthoc_lam0,fx,mspe,28.501220703125,3.5,400
posthoc_lam0,fx,bias2,0.49901139736175537,3.5,400
posthoc_lam0,fx,var,28.002206802368164,3.5,400
posthoc_lam0,fr,mspe,28.453969955444336,3.5,400
posthoc_lam0,fr,bias2,0.45176222920417786,3.5,400
posthoc_lam0,fr,var,28.002206802368164,3.5,400
posthoc_lam0,fz,mspe,1.8153982162475586,3.5,400
posthoc_lam0,fz,bias2,0.011936898343265057,3.5,400
posthoc_lam0,fz,var,1.8034613132476807,3.5,400
posthoc_orth,y,mspe,1.0493197441101074,3.5,400
posthoc_orth,y,bias2,1.0099815130233765,3.5,400
posthoc_orth,y,var,0.03933821618556976,3.5,400
posthoc_orth,fx,mspe,0.04975227266550064,3.5,400
posthoc_orth,fx,bias2,0.02501632459461689,3.5,400
posthoc_orth,fx,var,0.02473595179617405,3.5,400
posthoc_orth,fr,mspe,0.6001058220863342,3.5,400
posthoc_orth,fr,bias2,0.26260414719581604,3.5,400
posthoc_orth,fr,var,0.3375016748905182,3.5,400
posthoc_orth,fz,mspe,0.03599778562784195,3.5,400
posthoc_orth,fz,bias2,0.015786077827215195,3.5,400
posthoc_orth,fz,var,0.020211705937981606,3.5,400
posthoc_orth_lam0,y,mspe,4.949804306030273,3.5,400
posthoc_orth_lam0,y,bias2,1.074057698249817,3.5,400
posthoc_orth_lam0,y,var,3.875746250152588,3.5,400
posthoc_orth_lam0,fx,mspe,3.9507782459259033,3.5,400
posthoc_orth_lam0,fx,bias2,0.1041431874036789,3.5,400
posthoc_orth_lam0,fx,var,3.846635103225708,3.5,400
posthoc_orth_lam0,fr,mspe,7.0418291091918945,3.5,400
posthoc_orth_lam0,fr,bias2,0.15716855227947235,3.5,400
posthoc_orth_lam0,fr,var,6.884660720825195,3.5,400
posthoc_orth_lam0,fz,mspe,0.03600313887000084,3.5,400
posthoc_orth_lam0,fz,bias2,0.015793589875102043,3.5,400
posthoc_orth_lam0,fz,var,0.020209550857543945,3.5,400
posthoc_web,y,mspe,5.154429912567139,3.5,400
posthoc_web,y,bias2,4.426940441131592,3.5,400
posthoc_web,y,var,0.727489173412323,3.5,400
posthoc_web,fx,mspe,0.10908906906843185,3.5,400
posthoc_web,fx,bias2,0.057390790432691574,3.5,400
posthoc_web,fx,var,0.05169827491044998,3.5,400
posthoc_web,fr,mspe,3.4661636352539062,3.5,400
posthoc_web,fr,bias2,2.7124109268188477,3.5,400
posthoc_web,fr,var,0.7537527680397034,3.5,400
posthoc_web,fz,mspe,0.9549437165260315,3.5,400
posthoc_web,fz,bias2,0.954943835735321,3.5,400
posthoc_web,fz,var,0.0,3.5,400
base,y,mspe,1.3152459859848022,4,400
base,y,bias2,1.1627414226531982,4,400
base,y,var,0.15250450372695923,4,400
base,fx,mspe,0.969636857509613,4,400
base,fx,bias2,0.816669225692749,4,400
base,fx,var,0.15296754240989685,4,400
base,fr,mspe,1.232070803642273,4,400
base,fr,bias2,1.0791033506393433,4,400
base,fr,var,0.15296754240989685,4,400
base,fz,mspe,1.2472734451293945,4,400
base,fz,bias2,1.2472734451293945,4,400
base,fz,var,0.0,4,400
posthoc,y,mspe,1.0573769807815552,4,400
posthoc,y,bias2,1.0102483034133911,4,400
posthoc,y,var,0.0471288301050663,4,400
posthoc,fx,mspe,0.13870984315872192,4,400
posthoc,fx,bias2,0.019316434860229492,4,400
posthoc,fx,var,0.11939341574907303,4,400
posthoc,fr,mspe,0.18955543637275696,4,400
posthoc,fr,bias2,0.07016202807426453,4,400
posthoc,fr,var,0.11939341574907303,4,400
posthoc,fz,mspe,0.11415760219097137,4,400
posthoc,fz,bias2,0.015480944886803627,4,400
posthoc,fz,var,0.0986766591668129,4,400
posthoc_lam0,y,mspe,51.34385681152344,4,400
posthoc_lam0,y,bias2,1.8809701204299927,4,400
posthoc_lam0,y,var,49.4628791809082,4,400
posthoc_lam0,fx,mspe,72.60139465332031,4,400
posthoc_lam0,fx,bias2,1.473464012145996,4,400
posthoc_lam0,fx,var,71.12793731689453,4,400
posthoc_lam0,fr,mspe,72.84004974365234,4,400
posthoc_lam0,fr,bias2,1.7121142148971558,4,400
posthoc_lam0,fr,var,71.12793731689453,4,400
posthoc_lam0,fz,mspe,25.636377334594727,4,400
posthoc_lam0,fz,bias2,0.6489717960357666,4,400
posthoc_lam0,fz,var,24.987407684326172,4,400
posthoc_orth,y,mspe,1.0572589635849,4,400
posthoc_orth,y,bias2,1.0102540254592896,4,400
posthoc_orth,y,var,0.04700493440032005,4,400
posthoc_orth,fx,mspe,0.057306598871946335,4,400
posthoc_orth,fx,bias2,0.025532007217407227,4,400
posthoc_orth,fx,var,0.03177459165453911,4,400
posthoc_orth,fr,mspe,0.6617996692657471,4,400
posthoc_orth,fr,bias2,0.2618849277496338,4,400
posthoc_orth,fr,var,0.39991477131843567,4,400
posthoc_orth,fz,mspe,0.03889228031039238,4,400
posthoc_orth,fz,bias2,0.015791410580277443,4,400
posthoc_orth,fz,var,0.023100871592760086,4,400
posthoc_orth_lam0,y,mspe,270.1944580078125,4,400
posthoc_orth_lam0,y,bias2,5.90798807144165,4,400
posthoc_orth_lam0,y,var,264.286376953125,4,400
posthoc_orth_lam0,fx,mspe,269.1136169433594,4,400
posthoc_orth_lam0,fx,bias2,4.851215362548828,4,400
posthoc_orth_lam0,fx,var,264.26239013671875,4,400
posthoc_orth_lam0,fr,mspe,278.5892639160156,4,400
posthoc_orth_lam0,fr,bias2,5.443303108215332,4,400
posthoc_orth_lam0,fr,var,273.14593505859375,4,400
posthoc_orth_lam0,fz,mspe,0.038920480757951736,4,400
posthoc_orth_lam0,fz,bias2,0.015844887122511864,4,400
posthoc_orth_lam0,fz,var,0.023075591772794724,4,400
posthoc_web,y,mspe,5.997818470001221,4,400
posthoc_web,y,bias2,4.996770858764648,4,400
posthoc_web,y,var,1.0010478496551514,4,400
posthoc_web,fx,mspe,0.12219997495412827,4,400
posthoc_web,fx,bias2,0.06260121613740921,4,400
posthoc_web,fx,var,0.059598758816719055,4,400
posthoc_web,fr,mspe,4.123473644256592,4,400
posthoc_web,fr,bias2,3.0802037715911865,4,400
posthoc_web,fr,var,1.0432701110839844,4,400
posthoc_web,fz,mspe,1.2472734451293945,4,400
posthoc_web,fz,bias2,1.2472734451293945,4,400
posthoc_web,fz,var,0.0,4,400
base,y,mspe,1.0047050714492798,0,6400
base,y,bias2,1.003146767616272,0,6400
base,y,var,0.0015582895139232278,0,6400
base,fx,mspe,0.0018047470366582274,0,6400
base,fx,bias2,0.0005691773258149624,0,6400
base,fx,var,0.001235569710843265,0,6400
base,fr,mspe,0.022432226687669754,0,6400
base,fr,bias2,0.021196657791733742,0,6400
base,fr,var,0.001235569710843265,0,6400
base,fz,mspe,0.0,0,6400
base,fz,bias2,0.0,0,6400
base,fz,var,0.0,0,6400
posthoc,y,mspe,1.0064127445220947,0,6400
posthoc,y,bias2,1.002975344657898,0,6400
posthoc,y,var,0.0034374427050352097,0,6400
posthoc,fx,mspe,0.005929613020271063,0,6400
posthoc,fx,bias2,0.0009770456235855818,0,6400
posthoc,fx,var,0.00495256669819355,0,6400
posthoc,fr,mspe,0.031244276091456413,0,6400
posthoc,fr,bias2,0.026291709393262863,0,6400
posthoc,fr,var,0.00495256669819355,0,6400
posthoc,fz,mspe,0.003975055180490017,0,6400
posthoc,fz,bias2,0.0007436274900101125,0,6400
posthoc,fz,var,0.0032314276322722435,0,6400
posthoc_lam0,y,mspe,1.3102720975875854,0,6400
posthoc_lam0,y,bias2,1.0021916627883911,0,6400
posthoc_lam0,y,var,0.3080803453922272,0,6400
posthoc_lam0,fx,mspe,0.3237091898918152,0,6400
posthoc_lam0,fx,bias2,0.006515948101878166,0,6400
posthoc_lam0,fx,var,0.3171932101249695,0,6400
posthoc_lam0,fr,mspe,0.3479629456996918,0,6400
posthoc_lam0,fr,bias2,0.030769728124141693,0,6400
posthoc_lam0,fr,var,0.3171932101249695,0,6400
posthoc_lam0,fz,mspe,0.019503280520439148,0,6400
posthoc_lam0,fz,bias2,0.0002745157398749143,0,6400
posthoc_lam0,fz,var,0.01922876387834549,0,6400
posthoc_orth,y,mspe,1.0064082145690918,0,6400
posthoc_orth,y,bias2,1.0029690265655518,0,6400
posthoc_orth,y,var,0.0034391165245324373,0,6400
posthoc_orth,fx,mspe,0.02190970815718174,0,6400
posthoc_orth,fx,bias2,0.019686538726091385,0,6400
posthoc_orth,fx,var,0.0022231722250580788,0,6400
posthoc_orth,fr,mspe,0.1226058378815651,0,6400
posthoc_orth,fr,bias2,0.10708266496658325,0,6400
posthoc_orth,fr,var,0.015523182228207588,0,6400
posthoc_orth,fz,mspe,0.01798238977789879,0,6400
posthoc_orth,fz,bias2,0.017413951456546783,0,6400
posthoc_orth,fz,var,0.0005684371571987867,0,6400
posthoc_orth_lam0,y,mspe,1.8446038961410522,0,6400
posthoc_orth_lam0,y,bias2,1.028205394744873,0,6400
posthoc_orth_lam0,y,var,0.8163984417915344,0,6400
posthoc_orth_lam0,fx,mspe,0.8553359508514404,0,6400
posthoc_orth_lam0,fx,bias2,0.04000488296151161,0,6400
posthoc_orth_lam0,fx,var,0.815330982208252,0,6400
posthoc_orth_lam0,fr,mspe,1.1330655813217163,0,6400
posthoc_orth_lam0,fr,bias2,0.17039108276367188,0,6400
posthoc_orth_lam0,fr,var,0.9626743793487549,0,6400
posthoc_orth_lam0,fz,mspe,0.017982985824346542,0,6400
posthoc_orth_lam0,fz,bias2,0.017414577305316925,0,6400
posthoc_orth_lam0,fz,var,0.0005684086936526,0,6400
posthoc_web,y,mspe,1.1101988554000854,0,6400
posthoc_web,y,bias2,1.1022757291793823,0,6400
posthoc_web,y,var,0.007923181168735027,0,6400
posthoc_web,fx,mspe,0.02214638702571392,0,6400
posthoc_web,fx,bias2,0.02023973874747753,0,6400
posthoc_web,fx,var,0.0019066444365307689,0,6400
posthoc_web,fr,mspe,0.09795993566513062,0,6400
posthoc_web,fr,bias2,0.09357701241970062,0,6400
posthoc_web,fr,var,0.004382920451462269,0,6400
posthoc_web,fz,mspe,0.0,0,6400
posthoc_web,fz,bias2,0.0,0,6400
posthoc_web,fz,var,0.0,0,6400
base,y,mspe,1.010369062423706,0.5,6400
base,y,bias2,1.0088590383529663,0.5,6400
base,y,var,0.0015100394375622272,0.5,6400
base,fx,mspe,0.02115422673523426,0.5,6400
base,fx,bias2,0.019930874928832054,0.5,6400
base,fx,var,0.0012233523884788156,0.5,6400
base,fr,mspe,0.07836603373289108,0.5,6400
base,fr,bias2,0.07714267820119858,0.5,6400
base,fr,var,0.0012233523884788156,0.5,6400
base,fz,mspe,0.01948864758014679,0.5,6400
base,fz,bias2,0.01948864758014679,0.5,6400
base,fz,var,0.0,0.5,6400
posthoc,y,mspe,1.0079338550567627,0.5,6400
posthoc,y,bias2,1.004543662071228,0.5,6400
posthoc,y,var,0.0033902789000421762,0.5,6400
posthoc,fx,mspe,0.0116454241797328,0.5,6400
posthoc,fx,bias2,0.0046501667238771915,0.5,6400
posthoc,fx,var,0.006995256990194321,0.5,6400
posthoc,fr,mspe,0.04849820211529732,0.5,6400
posthoc,fr,bias2,0.041502948850393295,0.5,6400
posthoc,fr,var,0.006995256990194321,0.5,6400
posthoc,fz,mspe,0.009737543761730194,0.5,6400
posthoc,fz,bias2,0.0047068228013813496,0.5,6400
posthoc,fz,var,0.005030721426010132,0.5,6400
posthoc_lam0,y,mspe,1.465726613998413,0.5,6400
posthoc_lam0,y,bias2,0.9941458106040955,0.5,6400
posthoc_lam0,y,var,0.47158074378967285,0.5,6400
posthoc_lam0,fx,mspe,0.4935111701488495,0.5,6400
posthoc_lam0,fx,bias2,0.011269723996520042,0.5,6400
posthoc_lam0,fx,var,0.4822414517402649,0.5,6400
posthoc_lam0,fr,mspe,0.5175597667694092,0.5,6400
posthoc_lam0,fr,bias2,0.03531825914978981,0.5,6400
posthoc_lam0,fr,var,0.4822414517402649,0.5,6400
posthoc_lam0,fz,mspe,0.014068576507270336,0.5,6400
posthoc_lam0,fz,bias2,0.0003261110105086118,0.5,6400
posthoc_lam0,fz,var,0.01374246459454298,0.5,6400
posthoc_orth,y,mspe,1.0079338550567627,0.5,6400
posthoc_orth,y,bias2,1.004543662071228,0.5,6400
posthoc_orth,y,var,0.0033902814611792564,0.5,6400
posthoc_orth,fx,mspe,0.022098112851381302,0.5,6400
posthoc_orth,fx,bias2,0.019930142909288406,0.5,6400
posthoc_orth,fx,var,0.002167970174923539,0.5,6400
posthoc_orth,fr,mspe,0.19337497651576996,0.5,6400
posthoc_orth,fr,bias2,0.1695931851863861,0.5,6400
posthoc_orth,fr,var,0.023781782016158104,0.5,6400
posthoc_orth,fz,mspe,0.01802566833794117,0.5,6400
posthoc_orth,fz,bias2,0.017413640394806862,0.5,6400
posthoc_orth,fz,var,0.0006120288162492216,0.5,6400
posthoc_orth_lam0,y,mspe,8.03559684753418,0.5,6400
posthoc_orth_lam0,y,bias2,1.1309218406677246,0.5,6400
posthoc_orth_lam0,y,var,6.904675483703613,0.5,6400
posthoc_orth_lam0,fx,mspe,7.063144683837891,0.5,6400
posthoc_orth_lam0,fx,bias2,0.1589919924736023,0.5,6400
posthoc_orth_lam0,fx,var,6.904152870178223,0.5,6400
posthoc_orth_lam0,fr,mspe,7.6700544357299805,0.5,6400
posthoc_orth_lam0,fr,bias2,0.3045140504837036,0.5,6400
posthoc_orth_lam0,fr,var,7.365540981292725,0.5,6400
posthoc_orth_lam0,fz,mspe,0.018021950498223305,0.5,6400
posthoc_orth_lam0,fz,bias2,0.017410295084118843,0.5,6400
posthoc_orth_lam0,fz,var,0.0006116556469351053,0.5,6400
posthoc_web,y,mspe,1.3514269590377808,0.5,6400
posthoc_web,y,bias2,1.343464970588684,0.5,6400
posthoc_web,y,var,0.007962209172546864,0.5,6400
posthoc_web,fx,mspe,0.023227419704198837,0.5,6400
posthoc_web,fx,bias2,0.02132256329059601,0.5,6400
posthoc_web,fx,var,0.0019048559479415417,0.5,6400
posthoc_web,fr,mspe,0.3329586684703827,0.5,6400
posthoc_web,fr,bias2,0.3284481465816498,0.5,6400
posthoc_web,fr,var,0.004510527942329645,0.5,6400
posthoc_web,fz,mspe,0.01948864758014679,0.5,6400
posthoc_web,fz,bias2,0.01948864758014679,0.5,6400
posthoc_web,fz,var,0.0,0.5,6400
base,y,mspe,1.0185797214508057,1,6400
base,y,bias2,1.0168322324752808,1,6400
base,y,var,0.0017475354252383113,1,6400
base,fx,mspe,0.07643911242485046,1,6400
base,fx,bias2,0.07502850890159607,1,6400
base,fx,var,0.0014105960726737976,1,6400
base,fr,mspe,0.16995769739151,1,6400
base,fr,bias2,0.16854709386825562,1,6400
base,fr,var,0.0014105960726737976,1,6400
base,fz,mspe,0.07795459032058716,1,6400
base,fz,bias2,0.07795459032058716,1,6400
base,fz,var,0.0,1,6400
posthoc,y,mspe,1.0089703798294067,1,6400
posthoc,y,bias2,1.0053882598876953,1,6400
posthoc,y,var,0.0035820542834699154,1,6400
posthoc,fx,mspe,0.017835671082139015,1,6400
posthoc,fx,bias2,0.007608445826917887,1,6400
posthoc,fx,var,0.010227224789559841,1,6400
posthoc,fr,mspe,0.06020365655422211,1,6400
posthoc,fr,bias2,0.04997643455862999,1,6400
posthoc,fr,var,0.010227224789559841,1,6400
posthoc,fz,mspe,0.015816807746887207,1,6400
posthoc,fz,bias2,0.007876882329583168,1,6400
posthoc,fz,var,0.007939924485981464,1,6400
posthoc_lam0,y,mspe,1.2931021451950073,1,6400
posthoc_lam0,y,bias2,1.0021766424179077,1,6400
posthoc_lam0,y,var,0.29092541337013245,1,6400
posthoc_lam0,fx,mspe,0.3081497251987457,1,6400
posthoc_lam0,fx,bias2,0.0053318520076572895,1,6400
posthoc_lam0,fx,var,0.3028178811073303,1,6400
posthoc_lam0,fr,mspe,0.3331865072250366,1,6400
posthoc_lam0,fr,bias2,0.03036862425506115,1,6400
posthoc_lam0,fr,var,0.3028178811073303,1,6400
posthoc_lam0,fz,mspe,0.015168883837759495,1,6400
posthoc_lam0,fz,bias2,0.0008093029027804732,1,6400
posthoc_lam0,fz,var,0.014359581284224987,1,6400
posthoc_orth,y,mspe,1.0089702606201172,1,6400
posthoc_orth,y,bias2,1.0053870677947998,1,6400
posthoc_orth,y,var,0.0035831318236887455,1,6400
posthoc_orth,fx,mspe,0.02252453751862049,1,6400
posthoc_orth,fx,bias2,0.02014925889670849,1,6400
posthoc_orth,fx,var,0.002375277690589428,1,6400
posthoc_orth,fr,mspe,0.24271053075790405,1,6400
posthoc_orth,fr,bias2,0.20513427257537842,1,6400
posthoc_orth,fr,var,0.03757624700665474,1,6400
posthoc_orth,fz,mspe,0.01809864677488804,1,6400
posthoc_orth,fz,bias2,0.017413338646292686,1,6400
posthoc_orth,fz,var,0.0006853092345409095,1,6400
posthoc_orth_lam0,y,mspe,6.98568868637085,1,6400
posthoc_orth_lam0,y,bias2,1.193159580230713,1,6400
posthoc_orth_lam0,y,var,5.79252815246582,1,6400
posthoc_orth_lam0,fx,mspe,5.940001010894775,1,6400
posthoc_orth_lam0,fx,bias2,0.14855219423770905,1,6400
posthoc_orth_lam0,fx,var,5.791449069976807,1,6400
posthoc_orth_lam0,fr,mspe,6.122517108917236,1,6400
posthoc_orth_lam0,fr,bias2,0.22067247331142426,1,6400
posthoc_orth_lam0,fr,var,5.901844501495361,1,6400
posthoc_orth_lam0,fz,mspe,0.018104715272784233,1,6400
posthoc_orth_lam0,fz,bias2,0.017419898882508278,1,6400
posthoc_orth_lam0,fz,var,0.0006848170887678862,1,6400
posthoc_web,y,mspe,1.737361192703247,1,6400
posthoc_web,y,bias2,1.727140188217163,1,6400
posthoc_web,y,var,0.010220859199762344,1,6400
posthoc_web,fx,mspe,0.02594027668237686,1,6400
posthoc_web,fx,bias2,0.02422901801764965,1,6400
posthoc_web,fx,var,0.0017112591303884983,1,6400
posthoc_web,fr,mspe,0.6912024021148682,1,6400
posthoc_web,fr,bias2,0.6866427659988403,1,6400
posthoc_web,fr,var,0.0045595974661409855,1,6400
posthoc_web,fz,mspe,0.07795459032058716,1,6400
posthoc_web,fz,bias2,0.07795459032058716,1,6400
posthoc_web,fz,var,0.0,1,6400
base,y,mspe,1.0284661054611206,1.5,6400
base,y,bias2,1.026495337486267,1.5,6400
base,y,var,0.001970934681594372,1.5,6400
base,fx,mspe,0.16455577313899994,1.5,6400
base,fx,bias2,0.16294044256210327,1.5,6400
base,fx,var,0.0016153472242876887,1.5,6400
base,fr,mspe,0.29339420795440674,1.5,6400
base,fr,bias2,0.2917788624763489,1.5,6400
base,fr,var,0.0016153472242876887,1.5,6400
base,fz,mspe,0.1753978282213211,1.5,6400
base,fz,bias2,0.1753978282213211,1.5,6400
base,fz,var,0.0,1.5,6400
posthoc,y,mspe,1.0094281435012817,1.5,6400
posthoc,y,bias2,1.005562663078308,1.5,6400
posthoc,y,var,0.0038654578384011984,1.5,6400
posthoc,fx,mspe,0.019276395440101624,1.5,6400
posthoc,fx,bias2,0.006911463104188442,1.5,6400
posthoc,fx,var,0.012364933267235756,1.5,6400
posthoc,fr,mspe,0.06067776679992676,1.5,6400
posthoc,fr,bias2,0.04831283539533615,1.5,6400
posthoc,fr,var,0.012364933267235756,1.5,6400
posthoc,fz,mspe,0.0171525739133358,1.5,6400
posthoc,fz,bias2,0.007306067738682032,1.5,6400
posthoc,fz,var,0.009846506640315056,1.5,6400
posthoc_lam0,y,mspe,5.70402717590332,1.5,6400
posthoc_lam0,y,bias2,1.1525129079818726,1.5,6400
posthoc_lam0,y,var,4.551515102386475,1.5,6400
posthoc_lam0,fx,mspe,4.676981449127197,1.5,6400
posthoc_lam0,fx,bias2,0.10666128993034363,1.5,6400
posthoc_lam0,fx,var,4.570320129394531,1.5,6400
posthoc_lam0,fr,mspe,4.710858345031738,1.5,6400
posthoc_lam0,fr,bias2,0.1405380368232727,1.5,6400
posthoc_lam0,fr,var,4.570320129394531,1.5,6400
posthoc_lam0,fz,mspe,0.022702088579535484,1.5,6400
posthoc_lam0,fz,bias2,0.0029330539982765913,1.5,6400
posthoc_lam0,fz,var,0.019769031554460526,1.5,6400
posthoc_orth,y,mspe,1.009425401687622,1.5,6400
posthoc_orth,y,bias2,1.005562663078308,1.5,6400
posthoc_orth,y,var,0.0038626340683549643,1.5,6400
posthoc_orth,fx,mspe,0.022714223712682724,1.5,6400
posthoc_orth,fx,bias2,0.020060136914253235,1.5,6400
posthoc_orth,fx,var,0.0026540865655988455,1.5,6400
posthoc_orth,fr,mspe,0.24488836526870728,1.5,6400
posthoc_orth,fr,bias2,0.1991191804409027,1.5,6400
posthoc_orth,fr,var,0.04576918110251427,1.5,6400
posthoc_orth,fz,mspe,0.018201302736997604,1.5,6400
posthoc_orth,fz,bias2,0.017413023859262466,1.5,6400
posthoc_orth,fz,var,0.0007882787031121552,1.5,6400
posthoc_orth_lam0,y,mspe,2.8520965576171875,1.5,6400
posthoc_orth_lam0,y,bias2,1.0403746366500854,1.5,6400
posthoc_orth_lam0,y,var,1.8117218017578125,1.5,6400
posthoc_orth_lam0,fx,mspe,1.8650821447372437,1.5,6400
posthoc_orth_lam0,fx,bias2,0.054804619401693344,1.5,6400
posthoc_orth_lam0,fx,var,1.8102775812149048,1.5,6400
posthoc_orth_lam0,fr,mspe,2.067065477371216,1.5,6400
posthoc_orth_lam0,fr,bias2,0.11057715117931366,1.5,6400
posthoc_orth_lam0,fr,var,1.9564884901046753,1.5,6400
posthoc_orth_lam0,fz,mspe,0.018200810998678207,1.5,6400
posthoc_orth_lam0,fz,bias2,0.017411990091204643,1.5,6400
posthoc_orth_lam0,fz,var,0.0007888206746429205,1.5,6400
posthoc_web,y,mspe,2.263007164001465,1.5,6400
posthoc_web,y,bias2,2.2538225650787354,1.5,6400
posthoc_web,y,var,0.009184149093925953,1.5,6400
posthoc_web,fx,mspe,0.03176424652338028,1.5,6400
posthoc_web,fx,bias2,0.029768919572234154,1.5,6400
posthoc_web,fx,var,0.0019953278824687004,1.5,6400
posthoc_web,fr,mspe,1.188379168510437,1.5,6400
posthoc_web,fr,bias2,1.1835801601409912,1.5,6400
posthoc_web,fr,var,0.004798875655978918,1.5,6400
posthoc_web,fz,mspe,0.1753978282213211,1.5,6400
posthoc_web,fz,bias2,0.1753978282213211,1.5,6400
posthoc_web,fz,var,0.0,1.5,6400
base,y,mspe,1.0407031774520874,2,6400
base,y,bias2,1.0384079217910767,2,6400
base,y,var,0.0022952170111238956,2,6400
base,fx,mspe,0.2914500832557678,2,6400
base,fx,bias2,0.28961262106895447,2,6400
base,fx,var,0.001837455783970654,2,6400
base,fr,mspe,0.45682090520858765,2,6400
base,fr,bias2,0.4549834430217743,2,6400
base,fr,var,0.001837455783970654,2,6400
base,fz,mspe,0.31181836128234863,2,6400
base,fz,bias2,0.31181836128234863,2,6400
base,fz,var,0.0,2,6400
posthoc,y,mspe,1.008968472480774,2,6400
posthoc,y,bias2,1.0050851106643677,2,6400
posthoc,y,var,0.00388333504088223,2,6400
posthoc,fx,mspe,0.018288355320692062,2,6400
posthoc,fx,bias2,0.005913641303777695,2,6400
posthoc,fx,var,0.012374715879559517,2,6400
posthoc,fr,mspe,0.05794686824083328,2,6400
posthoc,fr,bias2,0.045572150498628616,2,6400
posthoc,fr,var,0.012374715879559517,2,6400
posthoc,fz,mspe,0.015747549012303352,2,6400
posthoc,fz,bias2,0.006265291944146156,2,6400
posthoc,fz,var,0.009482257068157196,2,6400
posthoc_lam0,y,mspe,1.3681846857070923,2,6400
posthoc_lam0,y,bias2,1.0054309368133545,2,6400
posthoc_lam0,y,var,0.362753689289093,2,6400
posthoc_lam0,fx,mspe,0.37784329056739807,2,6400
posthoc_lam0,fx,bias2,0.006198380142450333,2,6400
posthoc_lam0,fx,var,0.37164488434791565,2,6400
posthoc_lam0,fr,mspe,0.4048825800418854,2,6400
posthoc_lam0,fr,bias2,0.03323771059513092,2,6400
posthoc_lam0,fr,var,0.37164488434791565,2,6400
posthoc_lam0,fz,mspe,0.011104902252554893,2,6400
posthoc_lam0,fz,bias2,0.0012541678734123707,2,6400
posthoc_lam0,fz,var,0.00985073484480381,2,6400
posthoc_orth,y,mspe,1.0089612007141113,2,6400
posthoc_orth,y,bias2,1.0050768852233887,2,6400
posthoc_orth,y,var,0.0038843678776174784,2,6400
posthoc_orth,fx,mspe,0.02265794761478901,2,6400
posthoc_orth,fx,bias2,0.019977878779172897,2,6400
posthoc_orth,fx,var,0.0026800662744790316,2,6400
posthoc_orth,fr,mspe,0.23278863728046417,2,6400
posthoc_orth,fr,bias2,0.18734073638916016,2,6400
posthoc_orth,fr,var,0.04544789344072342,2,6400
posthoc_orth,fz,mspe,0.01833365485072136,2,6400
posthoc_orth,fz,bias2,0.017412716522812843,2,6400
posthoc_orth,fz,var,0.0009209359996020794,2,6400
posthoc_orth_lam0,y,mspe,8.406220436096191,2,6400
posthoc_orth_lam0,y,bias2,1.1554228067398071,2,6400
posthoc_orth_lam0,y,var,7.250798225402832,2,6400
posthoc_orth_lam0,fx,mspe,7.407806396484375,2,6400
posthoc_orth_lam0,fx,bias2,0.15593518316745758,2,6400
posthoc_orth_lam0,fx,var,7.251871109008789,2,6400
posthoc_orth_lam0,fr,mspe,8.067434310913086,2,6400
posthoc_orth_lam0,fr,bias2,0.19172824919223785,2,6400
posthoc_orth_lam0,fr,var,7.875706195831299,2,6400
posthoc_orth_lam0,fz,mspe,0.018330030143260956,2,6400
posthoc_orth_lam0,fz,bias2,0.017406878992915154,2,6400
posthoc_orth_lam0,fz,var,0.0009231489966623485,2,6400
posthoc_web,y,mspe,2.9260480403900146,2,6400
posthoc_web,y,bias2,2.916760206222534,2,6400
posthoc_web,y,var,0.00928750541061163,2,6400
posthoc_web,fx,mspe,0.039144907146692276,2,6400
posthoc_web,fx,bias2,0.03688664361834526,2,6400
posthoc_web,fx,var,0.002258265158161521,2,6400
posthoc_web,fr,mspe,1.8437193632125854,2,6400
posthoc_web,fr,bias2,1.8381619453430176,2,6400
posthoc_web,fr,var,0.005557278171181679,2,6400
posthoc_web,fz,mspe,0.31181836128234863,2,6400
posthoc_web,fz,bias2,0.31181836128234863,2,6400
posthoc_web,fz,var,0.0,2,6400
base,y,mspe,1.0546950101852417,2.5,6400
base,y,bias2,1.0523011684417725,2.5,6400
base,y,var,0.0023937381338328123,2.5,6400
base,fx,mspe,0.45721885561943054,2.5,6400
base,fx,bias2,0.4552198648452759,2.5,6400
base,fx,var,0.0019989798311144114,2.5,6400
base,fr,mspe,0.6596546769142151,2.5,6400
base,fr,bias2,0.6576557159423828,2.5,6400
base,fr,var,0.0019989798311144114,2.5,6400
base,fz,mspe,0.48721617460250854,2.5,6400
base,fz,bias2,0.48721617460250854,2.5,6400
base,fz,var,0.0,2.5,6400
posthoc,y,mspe,1.0089935064315796,2.5,6400
posthoc,y,bias2,1.0051512718200684,2.5,6400
posthoc,y,var,0.0038424120284616947,2.5,6400
posthoc,fx,mspe,0.01895778253674507,2.5,6400
posthoc,fx,bias2,0.005893512163311243,2.5,6400
posthoc,fx,var,0.013064269907772541,2.5,6400
posthoc,fr,mspe,0.058495741337537766,2.5,6400
posthoc,fr,bias2,0.0454314649105072,2.5,6400
posthoc,fr,var,0.013064269907772541,2.5,6400
posthoc,fz,mspe,0.016669543460011482,2.5,6400
posthoc,fz,bias2,0.00619038799777627,2.5,6400
posthoc,fz,var,0.010479154996573925,2.5,6400
posthoc_lam0,y,mspe,2.4848833084106445,2.5,6400
posthoc_lam0,y,bias2,1.0227038860321045,2.5,6400
posthoc_lam0,y,var,1.46217942237854,2.5,6400
posthoc_lam0,fx,mspe,1.5078909397125244,2.5,6400
posthoc_lam0,fx,bias2,0.029110271483659744,2.5,6400
posthoc_lam0,fx,var,1.4787806272506714,2.5,6400
posthoc_lam0,fr,mspe,1.5322060585021973,2.5,6400
posthoc_lam0,fr,bias2,0.053425513207912445,2.5,6400
posthoc_lam0,fr,var,1.4787806272506714,2.5,6400
posthoc_lam0,fz,mspe,0.023262806236743927,2.5,6400
posthoc_lam0,fz,bias2,0.0015114733250811696,2.5,6400
posthoc_lam0,fz,var,0.02175133489072323,2.5,6400
posthoc_orth,y,mspe,1.0089936256408691,2.5,6400
posthoc_orth,y,bias2,1.0051512718200684,2.5,6400
posthoc_orth,y,var,0.0038424369413405657,2.5,6400
posthoc_orth,fx,mspe,0.02263905107975006,2.5,6400
posthoc_orth,fx,bias2,0.02000983990728855,2.5,6400
posthoc_orth,fx,var,0.002629213035106659,2.5,6400
posthoc_orth,fr,mspe,0.23618191480636597,2.5,6400
posthoc_orth,fr,bias2,0.1869826465845108,2.5,6400
posthoc_orth,fr,var,0.04919926077127457,2.5,6400
posthoc_orth,fz,mspe,0.01849569007754326,2.5,6400
posthoc_orth,fz,bias2,0.017412405461072922,2.5,6400
posthoc_orth,fz,var,0.0010832822881639004,2.5,6400
posthoc_orth_lam0,y,mspe,1.151816964149475,2.5,6400
posthoc_orth_lam0,y,bias2,1.010115385055542,2.5,6400
posthoc_orth_lam0,y,var,0.14170165359973907,2.5,6400
posthoc_orth_lam0,fx,mspe,0.16315986216068268,2.5,6400
posthoc_orth_lam0,fx,bias2,0.022711940109729767,2.5,6400
posthoc_orth_lam0,fx,var,0.14044791460037231,2.5,6400
posthoc_orth_lam0,fr,mspe,0.3122883141040802,2.5,6400
posthoc_orth_lam0,fr,bias2,0.1277695894241333,2.5,6400
posthoc_orth_lam0,fr,var,0.1845187246799469,2.5,6400
posthoc_orth_lam0,fz,mspe,0.018496526405215263,2.5,6400
posthoc_orth_lam0,fz,bias2,0.01741313748061657,2.5,6400
posthoc_orth_lam0,fz,var,0.0010833899723365903,2.5,6400
posthoc_web,y,mspe,3.772709846496582,2.5,6400
posthoc_web,y,bias2,3.7613162994384766,2.5,6400
posthoc_web,y,var,0.011394009925425053,2.5,6400
posthoc_web,fx,mspe,0.04933236166834831,2.5,6400
posthoc_web,fx,bias2,0.04645545035600662,2.5,6400
posthoc_web,fx,var,0.0028769057244062424,2.5,6400
posthoc_web,fr,mspe,2.6701159477233887,2.5,6400
posthoc_web,fr,bias2,2.6644086837768555,2.5,6400
posthoc_web,fr,var,0.0057072448544204235,2.5,6400
posthoc_web,fz,mspe,0.48721617460250854,2.5,6400
posthoc_web,fz,bias2,0.48721617460250854,2.5,6400
posthoc_web,fz,var,0.0,2.5,6400
base,y,mspe,1.0708764791488647,3,6400
base,y,bias2,1.0684399604797363,3,6400
base,y,var,0.002436604117974639,3,6400
base,fx,mspe,0.6598371267318726,3,6400
base,fx,bias2,0.6575738787651062,3,6400
base,fx,var,0.0022632209584116936,3,6400
base,fr,mspe,0.8992405533790588,3,6400
base,fr,bias2,0.8969773650169373,3,6400
base,fr,var,0.0022632209584116936,3,6400
base,fz,mspe,0.7015913128852844,3,6400
base,fz,bias2,0.7015913128852844,3,6400
base,fz,var,0.0,3,6400
posthoc,y,mspe,1.0086798667907715,3,6400
posthoc,y,bias2,1.0047972202301025,3,6400
posthoc,y,var,0.0038827338721603155,3,6400
posthoc,fx,mspe,0.01824033074080944,3,6400
posthoc,fx,bias2,0.004710763692855835,3,6400
posthoc,fx,var,0.01352956797927618,3,6400
posthoc,fr,mspe,0.055504731833934784,3,6400
posthoc,fr,bias2,0.04197515919804573,3,6400
posthoc,fr,var,0.01352956797927618,3,6400
posthoc,fz,mspe,0.016033949330449104,3,6400
posthoc,fz,bias2,0.004988314118236303,3,6400
posthoc,fz,var,0.011045637540519238,3,6400
posthoc_lam0,y,mspe,3.927485942840576,3,6400
posthoc_lam0,y,bias2,1.0566413402557373,3,6400
posthoc_lam0,y,var,2.870844841003418,3,6400
posthoc_lam0,fx,mspe,3.050726890563965,3,6400
posthoc_lam0,fx,bias2,0.05291229858994484,3,6400
posthoc_lam0,fx,var,2.997814893722534,3,6400
posthoc_lam0,fr,mspe,3.059232711791992,3,6400
posthoc_lam0,fr,bias2,0.0614175908267498,3,6400
posthoc_lam0,fr,var,2.997814893722534,3,6400
posthoc_lam0,fz,mspe,0.11800214648246765,3,6400
posthoc_lam0,fz,bias2,0.0011443846160545945,3,6400
posthoc_lam0,fz,var,0.11685775965452194,3,6400
posthoc_orth,y,mspe,1.008674144744873,3,6400
posthoc_orth,y,bias2,1.004793643951416,3,6400
posthoc_orth,y,var,0.003880549920722842,3,6400
posthoc_orth,fx,mspe,0.022642631083726883,3,6400
posthoc_orth,fx,bias2,0.019954001531004906,3,6400
posthoc_orth,fx,var,0.0026886274572461843,3,6400
posthoc_orth,fr,mspe,0.2240888923406601,3,6400
posthoc_orth,fr,bias2,0.17303523421287537,3,6400
posthoc_orth,fr,var,0.05105363950133324,3,6400
posthoc_orth,fz,mspe,0.01868741773068905,3,6400
posthoc_orth,fz,bias2,0.017412101849913597,3,6400
posthoc_orth,fz,var,0.00127531704492867,3,6400
posthoc_orth_lam0,y,mspe,194.65476989746094,3,6400
posthoc_orth_lam0,y,bias2,4.270411968231201,3,6400
posthoc_orth_lam0,y,var,190.38433837890625,3,6400
posthoc_orth_lam0,fx,mspe,193.68710327148438,3,6400
posthoc_orth_lam0,fx,bias2,3.307435989379883,3,6400
posthoc_orth_lam0,fx,var,190.37969970703125,3,6400
posthoc_orth_lam0,fr,mspe,196.69119262695312,3,6400
posthoc_orth_lam0,fr,bias2,3.509143590927124,3,6400
posthoc_orth_lam0,fr,var,193.18206787109375,3,6400
posthoc_orth_lam0,fz,mspe,0.018696146085858345,3,6400
posthoc_orth_lam0,fz,bias2,0.017419589683413506,3,6400
posthoc_orth_lam0,fz,var,0.001276557450182736,3,6400
posthoc_web,y,mspe,4.752925872802734,3,6400
posthoc_web,y,bias2,4.7414231300354,3,6400
posthoc_web,y,var,0.01150260679423809,3,6400
posthoc_web,fx,mspe,0.05985318124294281,3,6400
posthoc_web,fx,bias2,0.056974396109580994,3,6400
posthoc_web,fx,var,0.0028787862975150347,3,6400
posthoc_web,fr,mspe,3.5950560569763184,3,6400
posthoc_web,fr,bias2,3.589280366897583,3,6400
posthoc_web,fr,var,0.00577555550262332,3,6400
posthoc_web,fz,mspe,0.7015913128852844,3,6400
posthoc_web,fz,bias2,0.7015913128852844,3,6400
posthoc_web,fz,var,0.0,3,6400
base,y,mspe,1.0887013673782349,3.5,6400
base,y,bias2,1.086292028427124,3.5,6400
base,y,var,0.002409266773611307,3.5,6400
base,fx,mspe,0.9008793830871582,3.5,6400
base,fx,bias2,0.8984251618385315,3.5,6400
base,fx,var,0.002454244764521718,3.5,6400
base,fr,mspe,1.1774415969848633,3.5,6400
base,fr,bias2,1.1749874353408813,3.5,6400
base,fr,var,0.002454244764521718,3.5,6400
base,fz,mspe,0.9549437165260315,3.5,6400
base,fz,bias2,0.954943835735321,3.5,6400
base,fz,var,0.0,3.5,6400
posthoc,y,mspe,1.0085796117782593,3.5,6400
posthoc,y,bias2,1.004663109779358,3.5,6400
posthoc,y,var,0.0039163320325315,3.5,6400
posthoc,fx,mspe,0.018278762698173523,3.5,6400
posthoc,fx,bias2,0.004687291570007801,3.5,6400
posthoc,fx,var,0.013591472059488297,3.5,6400
posthoc,fr,mspe,0.05532779172062874,3.5,6400
posthoc,fr,bias2,0.04173632711172104,3.5,6400
posthoc,fr,var,0.013591472059488297,3.5,6400
posthoc,fz,mspe,0.015954220667481422,3.5,6400
posthoc,fz,bias2,0.004832366481423378,3.5,6400
posthoc,fz,var,0.011121856048703194,3.5,6400
posthoc_lam0,y,mspe,1.181878685951233,3.5,6400
posthoc_lam0,y,bias2,1.00273859500885,3.5,6400
posthoc_lam0,y,var,0.17914000153541565,3.5,6400
posthoc_lam0,fx,mspe,0.1977035105228424,3.5,6400
posthoc_lam0,fx,bias2,0.004527691286057234,3.5,6400
posthoc_lam0,fx,var,0.193175807595253,3.5,6400
posthoc_lam0,fr,mspe,0.22778938710689545,3.5,6400
posthoc_lam0,fr,bias2,0.03461354225873947,3.5,6400
posthoc_lam0,fr,var,0.193175807595253,3.5,6400
posthoc_lam0,fz,mspe,0.016689907759428024,3.5,6400
posthoc_lam0,fz,bias2,0.0020012783352285624,3.5,6400
posthoc_lam0,fz,var,0.014688631519675255,3.5,6400
posthoc_orth,y,mspe,1.0085798501968384,3.5,6400
posthoc_orth,y,bias2,1.0046632289886475,3.5,6400
posthoc_orth,y,var,0.0039164824411273,3.5,6400
posthoc_orth,fx,mspe,0.02264081872999668,3.5,6400
posthoc_orth,fx,bias2,0.01993406191468239,3.5,6400
posthoc_orth,fx,var,0.002706757513806224,3.5,6400
posthoc_orth,fr,mspe,0.22234883904457092,3.5,6400
posthoc_orth,fr,bias2,0.17096592485904694,3.5,6400
posthoc_orth,fr,var,0.051382921636104584,3.5,6400
posthoc_orth,fz,mspe,0.018908848986029625,3.5,6400
posthoc_orth,fz,bias2,0.01741180568933487,3.5,6400
posthoc_orth,fz,var,0.0014970415504649282,3.5,6400
posthoc_orth_lam0,y,mspe,2.1575324535369873,3.5,6400
posthoc_orth_lam0,y,bias2,1.0301694869995117,3.5,6400
posthoc_orth_lam0,y,var,1.127362847328186,3.5,6400
posthoc_orth_lam0,fx,mspe,1.1685712337493896,3.5,6400
posthoc_orth_lam0,fx,bias2,0.04340975359082222,3.5,6400
posthoc_orth_lam0,fx,var,1.1251614093780518,3.5,6400
posthoc_orth_lam0,fr,mspe,1.4001455307006836,3.5,6400
posthoc_orth_lam0,fr,bias2,0.1113165095448494,3.5,6400
posthoc_orth_lam0,fr,var,1.2888290882110596,3.5,6400
posthoc_orth_lam0,fz,mspe,0.018906038254499435,3.5,6400
posthoc_orth_lam0,fz,bias2,0.017409322783350945,3.5,6400
posthoc_orth_lam0,fz,var,0.0014967177994549274,3.5,6400
posthoc_web,y,mspe,5.882669448852539,3.5,6400
posthoc_web,y,bias2,5.872603893280029,3.5,6400
posthoc_web,y,var,0.010066129267215729,3.5,6400
posthoc_web,fx,mspe,0.07311838865280151,3.5,6400
posthoc_web,fx,bias2,0.07016322761774063,3.5,6400
posthoc_web,fx,var,0.0029551624320447445,3.5,6400
posthoc_web,fr,mspe,4.706214427947998,3.5,6400
posthoc_web,fr,bias2,4.700475692749023,3.5,6400
posthoc_web,fr,var,0.005738629028201103,3.5,6400
posthoc_web,fz,mspe,0.9549437165260315,3.5,6400
posthoc_web,fz,bias2,0.954943835735321,3.5,6400
posthoc_web,fz,var,0.0,3.5,6400
base,y,mspe,1.1095125675201416,4,6400
base,y,bias2,1.1067078113555908,4,6400
base,y,var,0.002804815536364913,4,6400
base,fx,mspe,1.1831862926483154,4,6400
base,fx,bias2,1.1805415153503418,4,6400
base,fx,var,0.0026447605341672897,4,6400
base,fr,mspe,1.4973739385604858,4,6400
base,fr,bias2,1.4947291612625122,4,6400
base,fr,var,0.0026447605341672897,4,6400
base,fz,mspe,1.2472734451293945,4,6400
base,fz,bias2,1.2472734451293945,4,6400
base,fz,var,0.0,4,6400
posthoc,y,mspe,1.0082364082336426,4,6400
posthoc,y,bias2,1.004306674003601,4,6400
posthoc,y,var,0.003929736092686653,4,6400
posthoc,fx,mspe,0.017689980566501617,4,6400
posthoc,fx,bias2,0.003625754499807954,4,6400
posthoc,fx,var,0.014064226299524307,4,6400
posthoc,fr,mspe,0.05252918601036072,4,6400
posthoc,fr,bias2,0.03846495971083641,4,6400
posthoc,fr,var,0.014064226299524307,4,6400
posthoc,fz,mspe,0.015426651574671268,4,6400
posthoc,fz,bias2,0.0038179359398782253,4,6400
posthoc,fz,var,0.011608715169131756,4,6400
posthoc_lam0,y,mspe,1.2582614421844482,4,6400
posthoc_lam0,y,bias2,1.0093257427215576,4,6400
posthoc_lam0,y,var,0.2489357441663742,4,6400
posthoc_lam0,fx,mspe,0.26122531294822693,4,6400
posthoc_lam0,fx,bias2,0.0037714368663728237,4,6400
posthoc_lam0,fx,var,0.2574538588523865,4,6400
posthoc_lam0,fr,mspe,0.2848251461982727,4,6400
posthoc_lam0,fr,bias2,0.027371292933821678,4,6400
posthoc_lam0,fr,var,0.2574538588523865,4,6400
posthoc_lam0,fz,mspe,0.013372569344937801,4,6400
posthoc_lam0,fz,bias2,0.0005783531814813614,4,6400
posthoc_lam0,fz,var,0.012794217094779015,4,6400
posthoc_orth,y,mspe,1.0082377195358276,4,6400
posthoc_orth,y,bias2,1.0043073892593384,4,6400
posthoc_orth,y,var,0.0039303237572312355,4,6400
posthoc_orth,fx,mspe,0.022576041519641876,4,6400
posthoc_orth,fx,bias2,0.019857829436659813,4,6400
posthoc_orth,fx,var,0.0027182111516594887,4,6400
posthoc_orth,fr,mspe,0.21121704578399658,4,6400
posthoc_orth,fr,bias2,0.15835729241371155,4,6400
posthoc_orth,fr,var,0.05285973474383354,4,6400
posthoc_orth,fz,mspe,0.019159941002726555,4,6400
posthoc_orth,fz,bias2,0.0174114890396595,4,6400
posthoc_orth,fz,var,0.0017484527779743075,4,6400
posthoc_orth_lam0,y,mspe,1.5403838157653809,4,6400
posthoc_orth_lam0,y,bias2,1.0233322381973267,4,6400
posthoc_orth_lam0,y,var,0.5170514583587646,4,6400
posthoc_orth_lam0,fx,mspe,0.5458570718765259,4,6400
posthoc_orth_lam0,fx,bias2,0.03027990832924843,4,6400
posthoc_orth_lam0,fx,var,0.5155771374702454,4,6400
posthoc_orth_lam0,fr,mspe,0.6928684711456299,4,6400
posthoc_orth_lam0,fr,bias2,0.10032181441783905,4,6400
posthoc_orth_lam0,fr,var,0.5925467014312744,4,6400
posthoc_orth_lam0,fz,mspe,0.019162507727742195,4,6400
posthoc_orth_lam0,fz,bias2,0.01741395890712738,4,6400
posthoc_orth_lam0,fz,var,0.0017485470743849874,4,6400
posthoc_web,y,mspe,7.174515247344971,4,6400
posthoc_web,y,bias2,7.161799430847168,4,6400
posthoc_web,y,var,0.012715991586446762,4,6400
posthoc_web,fx,mspe,0.08901374787092209,4,6400
posthoc_web,fx,bias2,0.0854542925953865,4,6400
posthoc_web,fx,var,0.0035594564396888018,4,6400
posthoc_web,fr,mspe,5.9590301513671875,4,6400
posthoc_web,fr,bias2,5.952507495880127,4,6400
posthoc_web,fr,var,0.006522306706756353,4,6400
posthoc_web,fz,mspe,1.2472734451293945,4,6400
posthoc_web,fz,bias2,1.2472734451293945,4,6400
posthoc_web,fz,var,0.0,4,6400
base,y,mspe,1.0135607719421387,0,800
base,y,bias2,1.0044870376586914,0,800
base,y,var,0.009073768742382526,0,800
base,fx,mspe,0.011741937138140202,0,800
base,fx,bias2,0.003560272976756096,0,800
base,fx,var,0.008181664161384106,0,800
base,fr,mspe,0.0336448960006237,0,800
base,fr,bias2,0.025463232770562172,0,800
base,fr,var,0.008181664161384106,0,800
base,fz,mspe,0.0,0,800
base,fz,bias2,0.0,0,800
base,fz,var,0.0,0,800
posthoc,y,mspe,1.0205554962158203,0,800
posthoc,y,bias2,1.0017627477645874,0,800
posthoc,y,var,0.018792739138007164,0,800
posthoc,fx,mspe,0.033939946442842484,0,800
posthoc,fx,bias2,0.0013398771407082677,0,800
posthoc,fx,var,0.03260006755590439,0,800
posthoc,fr,mspe,0.05321526527404785,0,800
posthoc,fr,bias2,0.02061520144343376,0,800
posthoc,fr,var,0.03260006755590439,0,800
posthoc,fz,mspe,0.027957355603575706,0,800
posthoc,fz,bias2,6.013849088049028e-06,0,800
posthoc,fz,var,0.02795134112238884,0,800
posthoc_lam0,y,mspe,2.701040744781494,0,800
posthoc_lam0,y,bias2,1.0292942523956299,0,800
posthoc_lam0,y,var,1.6717462539672852,0,800
posthoc_lam0,fx,mspe,1.8462737798690796,0,800
posthoc_lam0,fx,bias2,0.034427180886268616,0,800
posthoc_lam0,fx,var,1.8118466138839722,0,800
posthoc_lam0,fr,mspe,1.8874602317810059,0,800
posthoc_lam0,fr,bias2,0.07561377435922623,0,800
posthoc_lam0,fr,var,1.8118466138839722,0,800
posthoc_lam0,fz,mspe,0.16246306896209717,0,800
posthoc_lam0,fz,bias2,0.002004259033128619,0,800
posthoc_lam0,fz,var,0.16045883297920227,0,800
posthoc_orth,y,mspe,1.0205639600753784,0,800
posthoc_orth,y,bias2,1.0017611980438232,0,800
posthoc_orth,y,var,0.018802659586071968,0,800
posthoc_orth,fx,mspe,0.03165219724178314,0,800
posthoc_orth,fx,bias2,0.021294543519616127,0,800
posthoc_orth,fx,var,0.01035765279084444,0,800
posthoc_orth,fr,mspe,0.182613804936409,0,800
posthoc_orth,fr,bias2,0.08200675994157791,0,800
posthoc_orth,fr,var,0.10060704499483109,0,800
posthoc_orth,fz,mspe,0.024466248229146004,0,800
posthoc_orth,fz,bias2,0.02033090777695179,0,800
posthoc_orth,fz,var,0.0041353399865329266,0,800
posthoc_orth_lam0,y,mspe,3.4003875255584717,0,800
posthoc_orth_lam0,y,bias2,1.0431709289550781,0,800
posthoc_orth_lam0,y,var,2.3572165966033936,0,800
posthoc_orth_lam0,fx,mspe,2.4091145992279053,0,800
posthoc_orth_lam0,fx,bias2,0.06135217845439911,0,800
posthoc_orth_lam0,fx,var,2.3477623462677,0,800
posthoc_orth_lam0,fr,mspe,3.843471050262451,0,800
posthoc_orth_lam0,fr,bias2,0.16751161217689514,0,800
posthoc_orth_lam0,fr,var,3.6759591102600098,0,800
posthoc_orth_lam0,fz,mspe,0.024464333429932594,0,800
posthoc_orth_lam0,fz,bias2,0.020329805091023445,0,800
posthoc_orth_lam0,fz,var,0.0041345288045704365,0,800
posthoc_web,y,mspe,1.1444149017333984,0,800
posthoc_web,y,bias2,1.088192105293274,0,800
posthoc_web,y,var,0.05622272565960884,0,800
posthoc_web,fx,mspe,0.055395059287548065,0,800
posthoc_web,fx,bias2,0.0390649139881134,0,800
posthoc_web,fx,var,0.016330145299434662,0,800
posthoc_web,fr,mspe,0.12658171355724335,0,800
posthoc_web,fr,bias2,0.08172766864299774,0,800
posthoc_web,fr,var,0.04485404118895531,0,800
posthoc_web,fz,mspe,0.0,0,800
posthoc_web,fz,bias2,0.0,0,800
posthoc_web,fz,var,0.0,0,800
base,y,mspe,1.0189549922943115,0.5,800
base,y,bias2,1.0096228122711182,0.5,800
base,y,var,0.00933218002319336,0.5,800
base,fx,mspe,0.030637025833129883,0.5,800
base,fx,bias2,0.022082624956965446,0.5,800
base,fx,var,0.008554401807487011,0.5,800
base,fr,mspe,0.08831224590539932,0.5,800
base,fr,bias2,0.07975784689188004,0.5,800
base,fr,var,0.008554401807487011,0.5,800
base,fz,mspe,0.01948864758014679,0.5,800
base,fz,bias2,0.01948864758014679,0.5,800
base,fz,var,0.0,0.5,800
posthoc,y,mspe,1.022905707359314,0.5,800
posthoc,y,bias2,1.004438877105713,0.5,800
posthoc,y,var,0.01846667379140854,0.5,800
posthoc,fx,mspe,0.03908349573612213,0.5,800
posthoc,fx,bias2,0.003794190939515829,0.5,800
posthoc,fx,var,0.035289306193590164,0.5,800
posthoc,fr,mspe,0.07244806736707687,0.5,800
posthoc,fr,bias2,0.03715876117348671,0.5,800
posthoc,fr,var,0.035289306193590164,0.5,800
posthoc,fz,mspe,0.03305705636739731,0.5,800
posthoc,fz,bias2,0.0023553112987428904,0.5,800
posthoc,fz,var,0.030701741576194763,0.5,800
posthoc_lam0,y,mspe,64.62484741210938,0.5,800
posthoc_lam0,y,bias2,2.5217084884643555,0.5,800
posthoc_lam0,y,var,62.1031379699707,0.5,800
posthoc_lam0,fx,mspe,64.67462158203125,0.5,800
posthoc_lam0,fx,bias2,1.4925684928894043,0.5,800
posthoc_lam0,fx,var,63.18205261230469,0.5,800
posthoc_lam0,fr,mspe,64.67739868164062,0.5,800
posthoc_lam0,fr,bias2,1.4953434467315674,0.5,800
posthoc_lam0,fr,var,63.18205261230469,0.5,800
posthoc_lam0,fz,mspe,1.1792669296264648,0.5,800
posthoc_lam0,fz,bias2,0.0007914237794466317,0.5,800
posthoc_lam0,fz,var,1.1784754991531372,0.5,800
posthoc_orth,y,mspe,1.0229058265686035,0.5,800
posthoc_orth,y,bias2,1.004438877105713,0.5,800
posthoc_orth,y,var,0.018467014655470848,0.5,800
posthoc_orth,fx,mspe,0.03138317912817001,0.5,800
posthoc_orth,fx,bias2,0.021305108442902565,0.5,800
posthoc_orth,fx,var,0.010078071616590023,0.5,800
posthoc_orth,fr,mspe,0.2712611258029938,0.5,800
posthoc_orth,fr,bias2,0.15024928748607635,0.5,800
posthoc_orth,fr,var,0.12101183831691742,0.5,800
posthoc_orth,fz,mspe,0.024726703763008118,0.5,800
posthoc_orth,fz,bias2,0.020328493788838387,0.5,800
posthoc_orth,fz,var,0.004398207645863295,0.5,800
posthoc_orth_lam0,y,mspe,179.87460327148438,0.5,800
posthoc_orth_lam0,y,bias2,4.751086235046387,0.5,800
posthoc_orth_lam0,y,var,175.12353515625,0.5,800
posthoc_orth_lam0,fx,mspe,178.6348876953125,0.5,800
posthoc_orth_lam0,fx,bias2,3.515673875808716,0.5,800
posthoc_orth_lam0,fx,var,175.11920166015625,0.5,800
posthoc_orth_lam0,fr,mspe,237.21173095703125,0.5,800
posthoc_orth_lam0,fr,bias2,4.020851135253906,0.5,800
posthoc_orth_lam0,fr,var,233.1908721923828,0.5,800
posthoc_orth_lam0,fz,mspe,0.024750111624598503,0.5,800
posthoc_orth_lam0,fz,bias2,0.020351462066173553,0.5,800
posthoc_orth_lam0,fz,var,0.004398646764457226,0.5,800
posthoc_web,y,mspe,1.335978388786316,0.5,800
posthoc_web,y,bias2,1.2652888298034668,0.5,800
posthoc_web,y,var,0.0706895962357521,0.5,800
posthoc_web,fx,mspe,0.04676295444369316,0.5,800
posthoc_web,fx,bias2,0.03264293819665909,0.5,800
posthoc_web,fx,var,0.014120018109679222,0.5,800
posthoc_web,fr,mspe,0.2937464118003845,0.5,800
posthoc_web,fr,bias2,0.22669930756092072,0.5,800
posthoc_web,fr,var,0.06704709678888321,0.5,800
posthoc_web,fz,mspe,0.01948864758014679,0.5,800
posthoc_web,fz,bias2,0.01948864758014679,0.5,800
posthoc_web,fz,var,0.0,0.5,800
base,y,mspe,1.030003547668457,1,800
base,y,bias2,1.0177689790725708,1,800
base,y,var,0.012234593741595745,1,800
base,fx,mspe,0.081438809633255,1,800
base,fx,bias2,0.07002943754196167,1,800
base,fx,var,0.011409364640712738,1,800
base,fr,mspe,0.1720600575208664,1,800
base,fr,bias2,0.16065067052841187,1,800
base,fr,var,0.011409364640712738,1,800
base,fz,mspe,0.07795459032058716,1,800
base,fz,bias2,0.07795459032058716,1,800
base,fz,var,0.0,1,800
posthoc,y,mspe,1.0254932641983032,1,800
posthoc,y,bias2,1.0056519508361816,1,800
posthoc,y,var,0.019841216504573822,1,800
posthoc,fx,mspe,0.05470415577292442,1,800
posthoc,fx,bias2,0.006218086928129196,1,800
posthoc,fx,var,0.04848606884479523,1,800
posthoc,fr,mspe,0.09352660179138184,1,800
posthoc,fr,bias2,0.04504053294658661,1,800
posthoc,fr,var,0.04848606884479523,1,800
posthoc,fz,mspe,0.04566255211830139,1,800
posthoc,fz,bias2,0.004749880637973547,1,800
posthoc,fz,var,0.04091267287731171,1,800
posthoc_lam0,y,mspe,2.630756139755249,1,800
posthoc_lam0,y,bias2,1.0409921407699585,1,800
posthoc_lam0,y,var,1.58976411819458,1,800
posthoc_lam0,fx,mspe,1.8364500999450684,1,800
posthoc_lam0,fx,bias2,0.03639811649918556,1,800
posthoc_lam0,fx,var,1.8000519275665283,1,800
posthoc_lam0,fr,mspe,1.847205638885498,1,800
posthoc_lam0,fr,bias2,0.0471537783741951,1,800
posthoc_lam0,fr,var,1.8000519275665283,1,800
posthoc_lam0,fz,mspe,0.24185991287231445,1,800
posthoc_lam0,fz,bias2,0.0013396695721894503,1,800
posthoc_lam0,fz,var,0.24052022397518158,1,800
posthoc_orth,y,mspe,1.0254926681518555,1,800
posthoc_orth,y,bias2,1.0056519508361816,1,800
posthoc_orth,y,var,0.01984070986509323,1,800
posthoc_orth,fx,mspe,0.0328662246465683,1,800
posthoc_orth,fx,bias2,0.021642403677105904,1,800
posthoc_orth,fx,var,0.011223822832107544,1,800
posthoc_orth,fr,mspe,0.3587685525417328,1,800
posthoc_orth,fr,bias2,0.1840425431728363,1,800
posthoc_orth,fr,var,0.17472606897354126,1,800
posthoc_orth,fz,mspe,0.025147389620542526,1,800
posthoc_orth,fz,bias2,0.020328497514128685,1,800
posthoc_orth,fz,var,0.004818891175091267,1,800
posthoc_orth_lam0,y,mspe,2.6365299224853516,1,800
posthoc_orth_lam0,y,bias2,1.044750452041626,1,800
posthoc_orth_lam0,y,var,1.5917794704437256,1,800
posthoc_orth_lam0,fx,mspe,1.6463415622711182,1,800
posthoc_orth_lam0,fx,bias2,0.06441422551870346,1,800
posthoc_orth_lam0,fx,var,1.5819271802902222,1,800
posthoc_orth_lam0,fr,mspe,3.3506948947906494,1,800
posthoc_orth_lam0,fr,bias2,0.2957267761230469,1,800
posthoc_orth_lam0,fr,var,3.0549678802490234,1,800
posthoc_orth_lam0,fz,mspe,0.025145811960101128,1,800
posthoc_orth_lam0,fz,bias2,0.020327746868133545,1,800
posthoc_orth_lam0,fz,var,0.00481806555762887,1,800
posthoc_web,y,mspe,1.638676404953003,1,800
posthoc_web,y,bias2,1.5349737405776978,1,800
posthoc_web,y,var,0.10370258241891861,1,800
posthoc_web,fx,mspe,0.04598817974328995,1,800
posthoc_web,fx,bias2,0.029707184061408043,1,800
posthoc_web,fx,var,0.016280993819236755,1,800
posthoc_web,fr,mspe,0.5431049466133118,1,800
posthoc_web,fr,bias2,0.4383386969566345,1,800
posthoc_web,fr,var,0.10476623475551605,1,800
posthoc_web,fz,mspe,0.07795459032058716,1,800
posthoc_web,fz,bias2,0.07795459032058716,1,800
posthoc_web,fz,var,0.0,1,800
base,y,mspe,1.0456678867340088,1.5,800
base,y,bias2,1.0300372838974,1.5,800
base,y,var,0.015630528330802917,1.5,800
base,fx,mspe,0.16196666657924652,1.5,800
base,fx,bias2,0.14723826944828033,1.5,800
base,fx,var,0.014728378504514694,1.5,800
base,fr,mspe,0.2849842309951782,1.5,800
base,fr,bias2,0.2702558636665344,1.5,800
base,fr,var,0.014728378504514694,1.5,800
base,fz,mspe,0.1753978282213211,1.5,800
base,fz,bias2,0.1753978282213211,1.5,800
base,fz,var,0.0,1.5,800
posthoc,y,mspe,1.0280492305755615,1.5,800
posthoc,y,bias2,1.0065971612930298,1.5,800
posthoc,y,var,0.02145206183195114,1.5,800
posthoc,fx,mspe,0.0689578652381897,1.5,800
posthoc,fx,bias2,0.009929223917424679,1.5,800
posthoc,fx,var,0.05902864411473274,1.5,800
posthoc,fr,mspe,0.11346238851547241,1.5,800
posthoc,fr,bias2,0.05443374812602997,1.5,800
posthoc,fr,var,0.05902864411473274,1.5,800
posthoc,fz,mspe,0.05515996366739273,1.5,800
posthoc,fz,bias2,0.008142291568219662,1.5,800
posthoc,fz,var,0.047017671167850494,1.5,800
posthoc_lam0,y,mspe,5.696088790893555,1.5,800
posthoc_lam0,y,bias2,1.1176822185516357,1.5,800
posthoc_lam0,y,var,4.578406810760498,1.5,800
posthoc_lam0,fx,mspe,5.05778694152832,1.5,800
posthoc_lam0,fx,bias2,0.11696809530258179,1.5,800
posthoc_lam0,fx,var,4.940819263458252,1.5,800
posthoc_lam0,fr,mspe,5.098543643951416,1.5,800
posthoc_lam0,fr,bias2,0.15772469341754913,1.5,800
posthoc_lam0,fr,var,4.940819263458252,1.5,800
posthoc_lam0,fz,mspe,0.4544204771518707,1.5,800
posthoc_lam0,fz,bias2,0.007692745886743069,1.5,800
posthoc_lam0,fz,var,0.4467277228832245,1.5,800
posthoc_orth,y,mspe,1.0280693769454956,1.5,800
posthoc_orth,y,bias2,1.0065960884094238,1.5,800
posthoc_orth,y,var,0.021473294124007225,1.5,800
posthoc_orth,fx,mspe,0.03523322567343712,1.5,800
posthoc_orth,fx,bias2,0.022388042882084846,1.5,800
posthoc_orth,fx,var,0.012845180928707123,1.5,800
posthoc_orth,fr,mspe,0.4265105426311493,1.5,800
posthoc_orth,fr,bias2,0.22353030741214752,1.5,800
posthoc_orth,fr,var,0.20298023521900177,1.5,800
posthoc_orth,fz,mspe,0.02572830207645893,1.5,800
posthoc_orth,fz,bias2,0.02033091150224209,1.5,800
posthoc_orth,fz,var,0.005397392436861992,1.5,800
posthoc_orth_lam0,y,mspe,2.8185181617736816,1.5,800
posthoc_orth_lam0,y,bias2,1.0241671800613403,1.5,800
posthoc_orth_lam0,y,var,1.7943512201309204,1.5,800
posthoc_orth_lam0,fx,mspe,1.8414863348007202,1.5,800
posthoc_orth_lam0,fx,bias2,0.05488143116235733,1.5,800
posthoc_orth_lam0,fx,var,1.786604881286621,1.5,800
posthoc_orth_lam0,fr,mspe,2.469252824783325,1.5,800
posthoc_orth_lam0,fr,bias2,0.0814756453037262,1.5,800
posthoc_orth_lam0,fr,var,2.387777328491211,1.5,800
posthoc_orth_lam0,fz,mspe,0.02572479657828808,1.5,800
posthoc_orth_lam0,fz,bias2,0.02032739855349064,1.5,800
posthoc_orth_lam0,fz,var,0.00539739802479744,1.5,800
posthoc_web,y,mspe,2.070143938064575,1.5,800
posthoc_web,y,bias2,1.9222859144210815,1.5,800
posthoc_web,y,var,0.14785799384117126,1.5,800
posthoc_web,fx,mspe,0.050340209156274796,1.5,800
posthoc_web,fx,bias2,0.030338911339640617,1.5,800
posthoc_web,fx,var,0.020001299679279327,1.5,800
posthoc_web,fr,mspe,0.920775294303894,1.5,800
posthoc_web,fr,bias2,0.7673494219779968,1.5,800
posthoc_web,fr,var,0.15342587232589722,1.5,800
posthoc_web,fz,mspe,0.1753978282213211,1.5,800
posthoc_web,fz,bias2,0.1753978282213211,1.5,800
posthoc_web,fz,var,0.0,1.5,800
base,y,mspe,1.0654280185699463,2,800
base,y,bias2,1.0459562540054321,2,800
base,y,var,0.019471758976578712,2,800
base,fx,mspe,0.28009170293807983,2,800
base,fx,bias2,0.2610820531845093,2,800
base,fx,var,0.019009651616215706,2,800
base,fr,mspe,0.4371997117996216,2,800
base,fr,bias2,0.4181900918483734,2,800
base,fr,var,0.019009651616215706,2,800
base,fz,mspe,0.31181836128234863,2,800
base,fz,bias2,0.31181836128234863,2,800
base,fz,var,0.0,2,800
posthoc,y,mspe,1.0270159244537354,2,800
posthoc,y,bias2,1.0062791109085083,2,800
posthoc,y,var,0.020736785605549812,2,800
posthoc,fx,mspe,0.0641852393746376,2,800
posthoc,fx,bias2,0.009674438275396824,2,800
posthoc,fx,var,0.05451079457998276,2,800
posthoc,fr,mspe,0.10856714099645615,2,800
posthoc,fr,bias2,0.05405635014176369,2,800
posthoc,fr,var,0.05451079457998276,2,800
posthoc,fz,mspe,0.05349742993712425,2,800
posthoc,fz,bias2,0.008072962984442711,2,800
posthoc,fz,var,0.045424461364746094,2,800
posthoc_lam0,y,mspe,5.338893890380859,2,800
posthoc_lam0,y,bias2,1.1020197868347168,2,800
posthoc_lam0,y,var,4.236874580383301,2,800
posthoc_lam0,fx,mspe,4.568139553070068,2,800
posthoc_lam0,fx,bias2,0.08434809744358063,2,800
posthoc_lam0,fx,var,4.483791351318359,2,800
posthoc_lam0,fr,mspe,4.563643932342529,2,800
posthoc_lam0,fr,bias2,0.07985289394855499,2,800
posthoc_lam0,fr,var,4.483791351318359,2,800
posthoc_lam0,fz,mspe,0.514026939868927,2,800
posthoc_lam0,fz,bias2,0.014868538826704025,2,800
posthoc_lam0,fz,var,0.49915844202041626,2,800
posthoc_orth,y,mspe,1.027022123336792,2,800
posthoc_orth,y,bias2,1.0062856674194336,2,800
posthoc_orth,y,var,0.020736461505293846,2,800
posthoc_orth,fx,mspe,0.034538011997938156,2,800
posthoc_orth,fx,bias2,0.02221200428903103,2,800
posthoc_orth,fx,var,0.012326009571552277,2,800
posthoc_orth,fr,mspe,0.4138994514942169,2,800
posthoc_orth,fr,bias2,0.2238626927137375,2,800
posthoc_orth,fr,var,0.19003677368164062,2,800
posthoc_orth,fz,mspe,0.026469457894563675,2,800
posthoc_orth,fz,bias2,0.02033575065433979,2,800
posthoc_orth,fz,var,0.006133706774562597,2,800
posthoc_orth_lam0,y,mspe,64.2549819946289,2,800
posthoc_orth_lam0,y,bias2,2.252451181411743,2,800
posthoc_orth_lam0,y,var,62.00252914428711,2,800
posthoc_orth_lam0,fx,mspe,63.20161056518555,2,800
posthoc_orth_lam0,fx,bias2,1.2101728916168213,2,800
posthoc_orth_lam0,fx,var,61.99143600463867,2,800
posthoc_orth_lam0,fr,mspe,63.90518569946289,2,800
posthoc_orth_lam0,fr,bias2,1.2582799196243286,2,800
posthoc_orth_lam0,fr,var,62.646907806396484,2,800
posthoc_orth_lam0,fz,mspe,0.026477985084056854,2,800
posthoc_orth_lam0,fz,bias2,0.020339854061603546,2,800
posthoc_orth_lam0,fz,var,0.006138131022453308,2,800
posthoc_web,y,mspe,2.613365411758423,2,800
posthoc_web,y,bias2,2.350099802017212,2,800
posthoc_web,y,var,0.2632657587528229,2,800
posthoc_web,fx,mspe,0.06099964305758476,2,800
posthoc_web,fx,bias2,0.03430758789181709,2,800
posthoc_web,fx,var,0.02669205516576767,2,800
posthoc_web,fr,mspe,1.3552546501159668,2,800
posthoc_web,fr,bias2,1.0843291282653809,2,800
posthoc_web,fr,var,0.2709255516529083,2,800
posthoc_web,fz,mspe,0.31181836128234863,2,800
posthoc_web,fz,bias2,0.31181836128234863,2,800
posthoc_web,fz,var,0.0,2,800
base,y,mspe,1.073156714439392,2.5,800
base,y,bias2,1.0643014907836914,2.5,800
base,y,var,0.008855348452925682,2.5,800
base,fx,mspe,0.4430062770843506,2.5,800
base,fx,bias2,0.43365028500556946,2.5,800
base,fx,var,0.009355980902910233,2.5,800
base,fr,mspe,0.6395697593688965,2.5,800
base,fr,bias2,0.6302137970924377,2.5,800
base,fr,var,0.009355980902910233,2.5,800
base,fz,mspe,0.48721617460250854,2.5,800
base,fz,bias2,0.48721617460250854,2.5,800
base,fz,var,0.0,2.5,800
posthoc,y,mspe,1.0284115076065063,2.5,800
posthoc,y,bias2,1.0067265033721924,2.5,800
posthoc,y,var,0.021685022860765457,2.5,800
posthoc,fx,mspe,0.07179940491914749,2.5,800
posthoc,fx,bias2,0.010988885536789894,2.5,800
posthoc,fx,var,0.06081052124500275,2.5,800
posthoc,fr,mspe,0.11758140474557877,2.5,800
posthoc,fr,bias2,0.05677087604999542,2.5,800
posthoc,fr,var,0.06081052124500275,2.5,800
posthoc,fz,mspe,0.05986852943897247,2.5,800
posthoc,fz,bias2,0.008983369916677475,2.5,800
posthoc,fz,var,0.0508851557970047,2.5,800
posthoc_lam0,y,mspe,20.356006622314453,2.5,800
posthoc_lam0,y,bias2,1.4033759832382202,2.5,800
posthoc_lam0,y,var,18.95262908935547,2.5,800
posthoc_lam0,fx,mspe,19.755146026611328,2.5,800
posthoc_lam0,fx,bias2,0.38106414675712585,2.5,800
posthoc_lam0,fx,var,19.374082565307617,2.5,800
posthoc_lam0,fr,mspe,19.7409725189209,2.5,800
posthoc_lam0,fr,bias2,0.3668883442878723,2.5,800
posthoc_lam0,fr,var,19.374082565307617,2.5,800
posthoc_lam0,fz,mspe,0.30769866704940796,2.5,800
posthoc_lam0,fz,bias2,0.005702146328985691,2.5,800
posthoc_lam0,fz,var,0.30199649930000305,2.5,800
posthoc_orth,y,mspe,1.0284113883972168,2.5,800
posthoc_orth,y,bias2,1.0067267417907715,2.5,800
posthoc_orth,y,var,0.021684741601347923,2.5,800
posthoc_orth,fx,mspe,0.03560793027281761,2.5,800
posthoc_orth,fx,bias2,0.022563952952623367,2.5,800
posthoc_orth,fx,var,0.013043973594903946,2.5,800
posthoc_orth,fr,mspe,0.4495181143283844,2.5,800
posthoc_orth,fr,bias2,0.23322273790836334,2.5,800
posthoc_orth,fr,var,0.21629536151885986,2.5,800
posthoc_orth,fz,mspe,0.027370847761631012,2.5,800
posthoc_orth,fz,bias2,0.020343011245131493,2.5,800
posthoc_orth,fz,var,0.007027837447822094,2.5,800
posthoc_orth_lam0,y,mspe,3.4699835777282715,2.5,800
posthoc_orth_lam0,y,bias2,1.076886773109436,2.5,800
posthoc_orth_lam0,y,var,2.393096923828125,2.5,800
posthoc_orth_lam0,fx,mspe,2.457822799682617,2.5,800
posthoc_orth_lam0,fx,bias2,0.07255447655916214,2.5,800
posthoc_orth_lam0,fx,var,2.385268211364746,2.5,800
posthoc_orth_lam0,fr,mspe,3.6452999114990234,2.5,800
posthoc_orth_lam0,fr,bias2,0.06017347425222397,2.5,800
posthoc_orth_lam0,fr,var,3.5851263999938965,2.5,800
posthoc_orth_lam0,fz,mspe,0.027367591857910156,2.5,800
posthoc_orth_lam0,fz,bias2,0.020337047055363655,2.5,800
posthoc_orth_lam0,fz,var,0.0070305452682077885,2.5,800
posthoc_web,y,mspe,3.4423086643218994,2.5,800
posthoc_web,y,bias2,3.2127137184143066,2.5,800
posthoc_web,y,var,0.22959499061107635,2.5,800
posthoc_web,fx,mspe,0.06939084827899933,2.5,800
posthoc_web,fx,bias2,0.04640529677271843,2.5,800
posthoc_web,fx,var,0.022985544055700302,2.5,800
posthoc_web,fr,mspe,2.1648824214935303,2.5,800
posthoc_web,fr,bias2,1.9137721061706543,2.5,800
posthoc_web,fr,var,0.251110315322876,2.5,800
posthoc_web,fz,mspe,0.48721617460250854,2.5,800
posthoc_web,fz,bias2,0.48721617460250854,2.5,800
posthoc_web,fz,var,0.0,2.5,800
base,y,mspe,1.093367338180542,3,800
base,y,bias2,1.0836098194122314,3,800
base,y,var,0.009757463820278645,3,800
base,fx,mspe,0.6268302798271179,3,800
base,fx,bias2,0.6162851452827454,3,800
base,fx,var,0.010545088909566402,3,800
base,fr,mspe,0.8575805425643921,3,800
base,fr,bias2,0.8470354676246643,3,800
base,fr,var,0.010545088909566402,3,800
base,fz,mspe,0.7015913128852844,3,800
base,fz,bias2,0.7015913128852844,3,800
base,fz,var,0.0,3,800
posthoc,y,mspe,1.0298738479614258,3,800
posthoc,y,bias2,1.0081186294555664,3,800
posthoc,y,var,0.02175530418753624,3,800
posthoc,fx,mspe,0.08454420417547226,3,800
posthoc,fx,bias2,0.015545167960226536,3,800
posthoc,fx,var,0.0689990445971489,3,800
posthoc,fr,mspe,0.13576620817184448,3,800
posthoc,fr,bias2,0.06676716357469559,3,800
posthoc,fr,var,0.0689990445971489,3,800
posthoc,fz,mspe,0.07153055816888809,3,800
posthoc,fz,bias2,0.012895959429442883,3,800
posthoc,fz,var,0.05863460153341293,3,800
posthoc_lam0,y,mspe,2.457822561264038,3,800
posthoc_lam0,y,bias2,1.0112862586975098,3,800
posthoc_lam0,y,var,1.4465363025665283,3,800
posthoc_lam0,fx,mspe,1.6605172157287598,3,800
posthoc_lam0,fx,bias2,0.03248117119073868,3,800
posthoc_lam0,fx,var,1.6280361413955688,3,800
posthoc_lam0,fr,mspe,1.6828866004943848,3,800
posthoc_lam0,fr,bias2,0.054850444197654724,3,800
posthoc_lam0,fr,var,1.6280361413955688,3,800
posthoc_lam0,fz,mspe,0.20627492666244507,3,800
posthoc_lam0,fz,bias2,0.00030617075390182436,3,800
posthoc_lam0,fz,var,0.20596878230571747,3,800
posthoc_orth,y,mspe,1.0298742055892944,3,800
posthoc_orth,y,bias2,1.0081188678741455,3,800
posthoc_orth,y,var,0.02175542339682579,3,800
posthoc_orth,fx,mspe,0.03586466237902641,3,800
posthoc_orth,fx,bias2,0.022855408489704132,3,800
posthoc_orth,fx,var,0.013009254820644855,3,800
posthoc_orth,fr,mspe,0.5201575756072998,3,800
posthoc_orth,fr,bias2,0.2710978388786316,3,800
posthoc_orth,fr,var,0.24905972182750702,3,800
posthoc_orth,fz,mspe,0.028432469815015793,3,800
posthoc_orth,fz,bias2,0.02035268023610115,3,800
posthoc_orth,fz,var,0.008079783990979195,3,800
posthoc_orth_lam0,y,mspe,2.4817984104156494,3,800
posthoc_orth_lam0,y,bias2,1.009107232093811,3,800
posthoc_orth_lam0,y,var,1.472691297531128,3,800
posthoc_orth_lam0,fx,mspe,1.5187374353408813,3,800
posthoc_orth_lam0,fx,bias2,0.05963722616434097,3,800
posthoc_orth_lam0,fx,var,1.459100365638733,3,800
posthoc_orth_lam0,fr,mspe,2.933303117752075,3,800
posthoc_orth_lam0,fr,bias2,0.05840479955077171,3,800
posthoc_orth_lam0,fr,var,2.8748979568481445,3,800
posthoc_orth_lam0,fz,mspe,0.02843633107841015,3,800
posthoc_orth_lam0,fz,bias2,0.02035672403872013,3,800
posthoc_orth_lam0,fz,var,0.008079610764980316,3,800
posthoc_web,y,mspe,4.330862522125244,3,800
posthoc_web,y,bias2,4.0152058601379395,3,800
posthoc_web,y,var,0.3156569302082062,3,800
posthoc_web,fx,mspe,0.08671492338180542,3,800
posthoc_web,fx,bias2,0.06046612560749054,3,800
posthoc_web,fx,var,0.026248794049024582,3,800
posthoc_web,fr,mspe,2.949578285217285,3,800
posthoc_web,fr,bias2,2.624147891998291,3,800
posthoc_web,fr,var,0.32543042302131653,3,800
posthoc_web,fz,mspe,0.7015913128852844,3,800
posthoc_web,fz,bias2,0.7015913128852844,3,800
posthoc_web,fz,var,0.0,3,800
base,y,mspe,1.1161998510360718,3.5,800
base,y,bias2,1.1049985885620117,3.5,800
base,y,var,0.011201283894479275,3.5,800
base,fx,mspe,0.8388371467590332,3.5,800
base,fx,bias2,0.8262582421302795,3.5,800
base,fx,var,0.012579001486301422,3.5,800
base,fr,mspe,1.1031761169433594,3.5,800
base,fr,bias2,1.0905970335006714,3.5,800
base,fr,var,0.012579001486301422,3.5,800
base,fz,mspe,0.9549437165260315,3.5,800
base,fz,bias2,0.954943835735321,3.5,800
base,fz,var,0.0,3.5,800
posthoc,y,mspe,1.0290019512176514,3.5,800
posthoc,y,bias2,1.0059257745742798,3.5,800
posthoc,y,var,0.023076124489307404,3.5,800
posthoc,fx,mspe,0.06611265987157822,3.5,800
posthoc,fx,bias2,0.00852027628570795,3.5,800
posthoc,fx,var,0.05759238824248314,3.5,800
posthoc,fr,mspe,0.10845644772052765,3.5,800
posthoc,fr,bias2,0.050864070653915405,3.5,800
posthoc,fr,var,0.05759238824248314,3.5,800
posthoc,fz,mspe,0.05847087502479553,3.5,800
posthoc,fz,bias2,0.00672657135874033,3.5,800
posthoc,fz,var,0.05174429714679718,3.5,800
posthoc_lam0,y,mspe,101.53919982910156,3.5,800
posthoc_lam0,y,bias2,3.382391929626465,3.5,800
posthoc_lam0,y,var,98.15681457519531,3.5,800
posthoc_lam0,fx,mspe,104.17138671875,3.5,800
posthoc_lam0,fx,bias2,2.1085386276245117,3.5,800
posthoc_lam0,fx,var,102.06285095214844,3.5,800
posthoc_lam0,fr,mspe,104.2371597290039,3.5,800
posthoc_lam0,fr,bias2,2.1743013858795166,3.5,800
posthoc_lam0,fr,var,102.06285095214844,3.5,800
posthoc_lam0,fz,mspe,2.883725643157959,3.5,800
posthoc_lam0,fz,bias2,0.006319365929812193,3.5,800
posthoc_lam0,fz,var,2.877406597137451,3.5,800
posthoc_orth,y,mspe,1.0290462970733643,3.5,800
posthoc_orth,y,bias2,1.005918264389038,3.5,800
posthoc_orth,y,var,0.023128075525164604,3.5,800
posthoc_orth,fx,mspe,0.03654320538043976,3.5,800
posthoc_orth,fx,bias2,0.022083112969994545,3.5,800
posthoc_orth,fx,var,0.014460094273090363,3.5,800
posthoc_orth,fr,mspe,0.4109456539154053,3.5,800
posthoc_orth,fr,bias2,0.20668458938598633,3.5,800
posthoc_orth,fr,var,0.20426109433174133,3.5,800
posthoc_orth,fz,mspe,0.029654355719685555,3.5,800
posthoc_orth,fz,bias2,0.020364811643958092,3.5,800
posthoc_orth,fz,var,0.009289542213082314,3.5,800
posthoc_orth_lam0,y,mspe,1025.1326904296875,3.5,800
posthoc_orth_lam0,y,bias2,21.37116050720215,3.5,800
posthoc_orth_lam0,y,var,1003.7615356445312,3.5,800
posthoc_orth_lam0,fx,mspe,1024.2923583984375,3.5,800
posthoc_orth_lam0,fx,bias2,20.556821823120117,3.5,800
posthoc_orth_lam0,fx,var,1003.7354736328125,3.5,800
posthoc_orth_lam0,fr,mspe,1162.22216796875,3.5,800
posthoc_orth_lam0,fr,bias2,24.390296936035156,3.5,800
posthoc_orth_lam0,fr,var,1137.8319091796875,3.5,800
posthoc_orth_lam0,fz,mspe,0.02969714254140854,3.5,800
posthoc_orth_lam0,fz,bias2,0.020420128479599953,3.5,800
posthoc_orth_lam0,fz,var,0.009277013130486012,3.5,800
posthoc_web,y,mspe,5.293511390686035,3.5,800
posthoc_web,y,bias2,4.827635288238525,3.5,800
posthoc_web,y,var,0.46587616205215454,3.5,800
posthoc_web,fx,mspe,0.10852564871311188,3.5,800
posthoc_web,fx,bias2,0.07327671349048615,3.5,800
posthoc_web,fx,var,0.03524894267320633,3.5,800
posthoc_web,fr,mspe,3.786592483520508,3.5,800
posthoc_web,fr,bias2,3.296876907348633,3.5,800
posthoc_web,fr,var,0.4897158741950989,3.5,800
posthoc_web,fz,mspe,0.9549437165260315,3.5,800
posthoc_web,fz,bias2,0.954943835735321,3.5,800
posthoc_web,fz,var,0.0,3.5,800
base,y,mspe,1.1389018297195435,4,800
base,y,bias2,1.125063180923462,4,800
base,y,var,0.013838686980307102,4,800
base,fx,mspe,1.1043144464492798,4,800
base,fx,bias2,1.0881750583648682,4,800
base,fx,var,0.016139360144734383,4,800
base,fr,mspe,1.4052945375442505,4,800
base,fr,bias2,1.3891551494598389,4,800
base,fr,var,0.016139360144734383,4,800
base,fz,mspe,1.2472734451293945,4,800
base,fz,bias2,1.2472734451293945,4,800
base,fz,var,0.0,4,800
posthoc,y,mspe,1.0293430089950562,4,800
posthoc,y,bias2,1.007343053817749,4,800
posthoc,y,var,0.021999917924404144,4,800
posthoc,fx,mspe,0.07579649239778519,4,800
posthoc,fx,bias2,0.015393243171274662,4,800
posthoc,fx,var,0.0604032501578331,4,800
posthoc,fr,mspe,0.12712930142879486,4,800
posthoc,fr,bias2,0.06672606617212296,4,800
posthoc,fr,var,0.0604032501578331,4,800
posthoc,fz,mspe,0.07190167903900146,4,800
posthoc,fz,bias2,0.013223210349678993,4,800
posthoc,fz,var,0.058678463101387024,4,800
posthoc_lam0,y,mspe,8.749505996704102,4,800
posthoc_lam0,y,bias2,1.1390246152877808,4,800
posthoc_lam0,y,var,7.610480785369873,4,800
posthoc_lam0,fx,mspe,9.138663291931152,4,800
posthoc_lam0,fx,bias2,0.19300104677677155,4,800
posthoc_lam0,fx,var,8.945662498474121,4,800
posthoc_lam0,fr,mspe,9.08448314666748,4,800
posthoc_lam0,fr,bias2,0.13882037997245789,4,800
posthoc_lam0,fr,var,8.945662498474121,4,800
posthoc_lam0,fz,mspe,1.5375295877456665,4,800
posthoc_lam0,fz,bias2,0.07248137146234512,4,800
posthoc_lam0,fz,var,1.4650481939315796,4,800
posthoc_orth,y,mspe,1.0293432474136353,4,800
posthoc_orth,y,bias2,1.0073432922363281,4,800
posthoc_orth,y,var,0.021999889984726906,4,800
posthoc_orth,fx,mspe,0.03633875399827957,4,800
posthoc_orth,fx,bias2,0.022866005077958107,4,800
posthoc_orth,fx,var,0.013472747057676315,4,800
posthoc_orth,fr,mspe,0.48889607191085815,4,800
posthoc_orth,fr,bias2,0.27368807792663574,4,800
posthoc_orth,fr,var,0.21520797908306122,4,800
posthoc_orth,fz,mspe,0.031036430969834328,4,800
posthoc_orth,fz,bias2,0.020379304885864258,4,800
posthoc_orth,fz,var,0.010657127015292645,4,800
posthoc_orth_lam0,y,mspe,7.612611293792725,4,800
posthoc_orth_lam0,y,bias2,1.1294704675674438,4,800
posthoc_orth_lam0,y,var,6.48314094543457,4,800
posthoc_orth_lam0,fx,mspe,6.629432201385498,4,800
posthoc_orth_lam0,fx,bias2,0.15154343843460083,4,800
posthoc_orth_lam0,fx,var,6.477889537811279,4,800
posthoc_orth_lam0,fr,mspe,8.283212661743164,4,800
posthoc_orth_lam0,fr,bias2,0.363872230052948,4,800
posthoc_orth_lam0,fr,var,7.919340133666992,4,800
posthoc_orth_lam0,fz,mspe,0.031023800373077393,4,800
posthoc_orth_lam0,fz,bias2,0.020364079624414444,4,800
posthoc_orth_lam0,fz,var,0.010659716092050076,4,800
posthoc_web,y,mspe,6.626131534576416,4,800
posthoc_web,y,bias2,6.207011699676514,4,800
posthoc_web,y,var,0.4191197156906128,4,800
posthoc_web,fx,mspe,0.12481197714805603,4,800
posthoc_web,fx,bias2,0.09319177269935608,4,800
posthoc_web,fx,var,0.03162020817399025,4,800
posthoc_web,fr,mspe,5.0881853103637695,4,800
posthoc_web,fr,bias2,4.646279335021973,4,800
posthoc_web,fr,var,0.44190606474876404,4,800
posthoc_web,fz,mspe,1.2472734451293945,4,800
posthoc_web,fz,bias2,1.2472734451293945,4,800
posthoc_web,fz,var,0.0,4,800
