n,bz,cv1,p,q,model,effect,metric,value,experiment_folder
12800,1.0,0.8,1,1024,base,y,mspe,1.0176427,n=12800_bz=1.0_cv1=0.8_p=1_q=1024_20251025-105522
12800,1.0,0.8,1,1024,base,y,bias2,1.0167049,n=12800_bz=1.0_cv1=0.8_p=1_q=1024_20251025-105522
12800,1.0,0.8,1,1024,base,y,var,0.00093788235,n=12800_bz=1.0_cv1=0.8_p=1_q=1024_20251025-105522
12800,1.0,0.8,1,1024,base,fx,mspe,0.07286087,n=12800_bz=1.0_cv1=0.8_p=1_q=1024_20251025-105522
12800,1.0,0.8,1,1024,base,fx,bias2,0.07204271,n=12800_bz=1.0_cv1=0.8_p=1_q=1024_20251025-105522
12800,1.0,0.8,1,1024,base,fx,var,0.00081814517,n=12800_bz=1.0_cv1=0.8_p=1_q=1024_20251025-105522
12800,1.0,0.8,1,1024,base,fz,mspe,0.07795459,n=12800_bz=1.0_cv1=0.8_p=1_q=1024_20251025-105522
12800,1.0,0.8,1,1024,base,fz,bias2,0.07795459,n=12800_bz=1.0_cv1=0.8_p=1_q=1024_20251025-105522
12800,1.0,0.8,1,1024,base,fz,var,0.0,n=12800_bz=1.0_cv1=0.8_p=1_q=1024_20251025-105522
12800,1.0,0.8,1,1024,base,fr,mspe,0.16498859,n=12800_bz=1.0_cv1=0.8_p=1_q=1024_20251025-105522
12800,1.0,0.8,1,1024,base,fr,bias2,0.16417044,n=12800_bz=1.0_cv1=0.8_p=1_q=1024_20251025-105522
12800,1.0,0.8,1,1024,base,fr,var,0.00081814517,n=12800_bz=1.0_cv1=0.8_p=1_q=1024_20251025-105522
12800,1.0,0.8,1,1024,posthoc,y,mspe,1.0045184,n=12800_bz=1.0_cv1=0.8_p=1_q=1024_20251025-105522
12800,1.0,0.8,1,1024,posthoc,y,bias2,1.0027132,n=12800_bz=1.0_cv1=0.8_p=1_q=1024_20251025-105522
12800,1.0,0.8,1,1024,posthoc,y,var,0.0018052639,n=12800_bz=1.0_cv1=0.8_p=1_q=1024_20251025-105522
12800,1.0,0.8,1,1024,posthoc,fx,mspe,0.004808849,n=12800_bz=1.0_cv1=0.8_p=1_q=1024_20251025-105522
12800,1.0,0.8,1,1024,posthoc,fx,bias2,4.609531e-05,n=12800_bz=1.0_cv1=0.8_p=1_q=1024_20251025-105522
12800,1.0,0.8,1,1024,posthoc,fx,var,0.004762754,n=12800_bz=1.0_cv1=0.8_p=1_q=1024_20251025-105522
12800,1.0,0.8,1,1024,posthoc,fz,mspe,0.0032691213,n=12800_bz=1.0_cv1=0.8_p=1_q=1024_20251025-105522
12800,1.0,0.8,1,1024,posthoc,fz,bias2,2.6355267e-05,n=12800_bz=1.0_cv1=0.8_p=1_q=1024_20251025-105522
12800,1.0,0.8,1,1024,posthoc,fz,var,0.0032427658,n=12800_bz=1.0_cv1=0.8_p=1_q=1024_20251025-105522
12800,1.0,0.8,1,1024,posthoc,fr,mspe,0.025381079,n=12800_bz=1.0_cv1=0.8_p=1_q=1024_20251025-105522
12800,1.0,0.8,1,1024,posthoc,fr,bias2,0.020618325,n=12800_bz=1.0_cv1=0.8_p=1_q=1024_20251025-105522
12800,1.0,0.8,1,1024,posthoc,fr,var,0.004762754,n=12800_bz=1.0_cv1=0.8_p=1_q=1024_20251025-105522
12800,1.0,0.8,1,1024,posthoc_orth,y,mspe,1.0045506,n=12800_bz=1.0_cv1=0.8_p=1_q=1024_20251025-105522
12800,1.0,0.8,1,1024,posthoc_orth,y,bias2,1.0027505,n=12800_bz=1.0_cv1=0.8_p=1_q=1024_20251025-105522
12800,1.0,0.8,1,1024,posthoc_orth,y,var,0.0018001834,n=12800_bz=1.0_cv1=0.8_p=1_q=1024_20251025-105522
12800,1.0,0.8,1,1024,posthoc_orth,fx,mspe,0.021112025,n=12800_bz=1.0_cv1=0.8_p=1_q=1024_20251025-105522
12800,1.0,0.8,1,1024,posthoc_orth,fx,bias2,0.019551005,n=12800_bz=1.0_cv1=0.8_p=1_q=1024_20251025-105522
12800,1.0,0.8,1,1024,posthoc_orth,fx,var,0.0015610179,n=12800_bz=1.0_cv1=0.8_p=1_q=1024_20251025-105522
12800,1.0,0.8,1,1024,posthoc_orth,fz,mspe,0.019311301,n=12800_bz=1.0_cv1=0.8_p=1_q=1024_20251025-105522
12800,1.0,0.8,1,1024,posthoc_orth,fz,bias2,0.019158792,n=12800_bz=1.0_cv1=0.8_p=1_q=1024_20251025-105522
12800,1.0,0.8,1,1024,posthoc_orth,fz,var,0.00015250802,n=12800_bz=1.0_cv1=0.8_p=1_q=1024_20251025-105522
12800,1.0,0.8,1,1024,posthoc_orth,fr,mspe,0.0015941451,n=12800_bz=1.0_cv1=0.8_p=1_q=1024_20251025-105522
12800,1.0,0.8,1,1024,posthoc_orth,fr,bias2,3.3127235e-05,n=12800_bz=1.0_cv1=0.8_p=1_q=1024_20251025-105522
12800,1.0,0.8,1,1024,posthoc_orth,fr,var,0.0015610179,n=12800_bz=1.0_cv1=0.8_p=1_q=1024_20251025-105522
12800,1.0,0.8,1,1024,posthoc_web,y,mspe,1.2135422,n=12800_bz=1.0_cv1=0.8_p=1_q=1024_20251025-105522
12800,1.0,0.8,1,1024,posthoc_web,y,bias2,1.2127213,n=12800_bz=1.0_cv1=0.8_p=1_q=1024_20251025-105522
12800,1.0,0.8,1,1024,posthoc_web,y,var,0.0008207325,n=12800_bz=1.0_cv1=0.8_p=1_q=1024_20251025-105522
12800,1.0,0.8,1,1024,posthoc_web,fx,mspe,0.024802076,n=12800_bz=1.0_cv1=0.8_p=1_q=1024_20251025-105522
12800,1.0,0.8,1,1024,posthoc_web,fx,bias2,0.024150277,n=12800_bz=1.0_cv1=0.8_p=1_q=1024_20251025-105522
12800,1.0,0.8,1,1024,posthoc_web,fx,var,0.0006517977,n=12800_bz=1.0_cv1=0.8_p=1_q=1024_20251025-105522
12800,1.0,0.8,1,1024,posthoc_web,fz,mspe,0.07795459,n=12800_bz=1.0_cv1=0.8_p=1_q=1024_20251025-105522
12800,1.0,0.8,1,1024,posthoc_web,fz,bias2,0.07795459,n=12800_bz=1.0_cv1=0.8_p=1_q=1024_20251025-105522
12800,1.0,0.8,1,1024,posthoc_web,fz,var,0.0,n=12800_bz=1.0_cv1=0.8_p=1_q=1024_20251025-105522
12800,1.0,0.8,1,1024,posthoc_web,fr,mspe,0.0050058085,n=12800_bz=1.0_cv1=0.8_p=1_q=1024_20251025-105522
12800,1.0,0.8,1,1024,posthoc_web,fr,bias2,0.004354011,n=12800_bz=1.0_cv1=0.8_p=1_q=1024_20251025-105522
12800,1.0,0.8,1,1024,posthoc_web,fr,var,0.0006517977,n=12800_bz=1.0_cv1=0.8_p=1_q=1024_20251025-105522
12800,1.0,0.8,1,128,base,y,mspe,1.0176827,n=12800_bz=1.0_cv1=0.8_p=1_q=128_20251025-092211
12800,1.0,0.8,1,128,base,y,bias2,1.0168254,n=12800_bz=1.0_cv1=0.8_p=1_q=128_20251025-092211
12800,1.0,0.8,1,128,base,y,var,0.0008571051,n=12800_bz=1.0_cv1=0.8_p=1_q=128_20251025-092211
12800,1.0,0.8,1,128,base,fx,mspe,0.073222,n=12800_bz=1.0_cv1=0.8_p=1_q=128_20251025-092211
12800,1.0,0.8,1,128,base,fx,bias2,0.07248554,n=12800_bz=1.0_cv1=0.8_p=1_q=128_20251025-092211
12800,1.0,0.8,1,128,base,fx,var,0.0007364656,n=12800_bz=1.0_cv1=0.8_p=1_q=128_20251025-092211
12800,1.0,0.8,1,128,base,fz,mspe,0.07795459,n=12800_bz=1.0_cv1=0.8_p=1_q=128_20251025-092211
12800,1.0,0.8,1,128,base,fz,bias2,0.07795459,n=12800_bz=1.0_cv1=0.8_p=1_q=128_20251025-092211
12800,1.0,0.8,1,128,base,fz,var,0.0,n=12800_bz=1.0_cv1=0.8_p=1_q=128_20251025-092211
12800,1.0,0.8,1,128,base,fr,mspe,0.16557096,n=12800_bz=1.0_cv1=0.8_p=1_q=128_20251025-092211
12800,1.0,0.8,1,128,base,fr,bias2,0.16483448,n=12800_bz=1.0_cv1=0.8_p=1_q=128_20251025-092211
12800,1.0,0.8,1,128,base,fr,var,0.0007364656,n=12800_bz=1.0_cv1=0.8_p=1_q=128_20251025-092211
12800,1.0,0.8,1,128,posthoc,y,mspe,1.0043141,n=12800_bz=1.0_cv1=0.8_p=1_q=128_20251025-092211
12800,1.0,0.8,1,128,posthoc,y,bias2,1.002897,n=12800_bz=1.0_cv1=0.8_p=1_q=128_20251025-092211
12800,1.0,0.8,1,128,posthoc,y,var,0.00141708,n=12800_bz=1.0_cv1=0.8_p=1_q=128_20251025-092211
12800,1.0,0.8,1,128,posthoc,fx,mspe,0.003932267,n=12800_bz=1.0_cv1=0.8_p=1_q=128_20251025-092211
12800,1.0,0.8,1,128,posthoc,fx,bias2,5.8371363e-05,n=12800_bz=1.0_cv1=0.8_p=1_q=128_20251025-092211
12800,1.0,0.8,1,128,posthoc,fx,var,0.0038738952,n=12800_bz=1.0_cv1=0.8_p=1_q=128_20251025-092211
12800,1.0,0.8,1,128,posthoc,fz,mspe,0.0027591304,n=12800_bz=1.0_cv1=0.8_p=1_q=128_20251025-092211
12800,1.0,0.8,1,128,posthoc,fz,bias2,2.3261691e-05,n=12800_bz=1.0_cv1=0.8_p=1_q=128_20251025-092211
12800,1.0,0.8,1,128,posthoc,fz,var,0.0027358688,n=12800_bz=1.0_cv1=0.8_p=1_q=128_20251025-092211
12800,1.0,0.8,1,128,posthoc,fr,mspe,0.024431301,n=12800_bz=1.0_cv1=0.8_p=1_q=128_20251025-092211
12800,1.0,0.8,1,128,posthoc,fr,bias2,0.020557405,n=12800_bz=1.0_cv1=0.8_p=1_q=128_20251025-092211
12800,1.0,0.8,1,128,posthoc,fr,var,0.0038738952,n=12800_bz=1.0_cv1=0.8_p=1_q=128_20251025-092211
12800,1.0,0.8,1,128,posthoc_orth,y,mspe,1.0043141,n=12800_bz=1.0_cv1=0.8_p=1_q=128_20251025-092211
12800,1.0,0.8,1,128,posthoc_orth,y,bias2,1.0028969,n=12800_bz=1.0_cv1=0.8_p=1_q=128_20251025-092211
12800,1.0,0.8,1,128,posthoc_orth,y,var,0.0014170855,n=12800_bz=1.0_cv1=0.8_p=1_q=128_20251025-092211
12800,1.0,0.8,1,128,posthoc_orth,fx,mspe,0.020772757,n=12800_bz=1.0_cv1=0.8_p=1_q=128_20251025-092211
12800,1.0,0.8,1,128,posthoc_orth,fx,bias2,0.019597875,n=12800_bz=1.0_cv1=0.8_p=1_q=128_20251025-092211
12800,1.0,0.8,1,128,posthoc_orth,fx,var,0.0011748817,n=12800_bz=1.0_cv1=0.8_p=1_q=128_20251025-092211
12800,1.0,0.8,1,128,posthoc_orth,fz,mspe,0.019383457,n=12800_bz=1.0_cv1=0.8_p=1_q=128_20251025-092211
12800,1.0,0.8,1,128,posthoc_orth,fz,bias2,0.01922867,n=12800_bz=1.0_cv1=0.8_p=1_q=128_20251025-092211
12800,1.0,0.8,1,128,posthoc_orth,fz,var,0.0001547838,n=12800_bz=1.0_cv1=0.8_p=1_q=128_20251025-092211
12800,1.0,0.8,1,128,posthoc_orth,fr,mspe,0.0012202753,n=12800_bz=1.0_cv1=0.8_p=1_q=128_20251025-092211
12800,1.0,0.8,1,128,posthoc_orth,fr,bias2,4.5393455e-05,n=12800_bz=1.0_cv1=0.8_p=1_q=128_20251025-092211
12800,1.0,0.8,1,128,posthoc_orth,fr,var,0.0011748817,n=12800_bz=1.0_cv1=0.8_p=1_q=128_20251025-092211
12800,1.0,0.8,1,128,posthoc_web,y,mspe,1.213835,n=12800_bz=1.0_cv1=0.8_p=1_q=128_20251025-092211
12800,1.0,0.8,1,128,posthoc_web,y,bias2,1.2130848,n=12800_bz=1.0_cv1=0.8_p=1_q=128_20251025-092211
12800,1.0,0.8,1,128,posthoc_web,y,var,0.000750121,n=12800_bz=1.0_cv1=0.8_p=1_q=128_20251025-092211
12800,1.0,0.8,1,128,posthoc_web,fx,mspe,0.024815954,n=12800_bz=1.0_cv1=0.8_p=1_q=128_20251025-092211
12800,1.0,0.8,1,128,posthoc_web,fx,bias2,0.02423508,n=12800_bz=1.0_cv1=0.8_p=1_q=128_20251025-092211
12800,1.0,0.8,1,128,posthoc_web,fx,var,0.00058087485,n=12800_bz=1.0_cv1=0.8_p=1_q=128_20251025-092211
12800,1.0,0.8,1,128,posthoc_web,fz,mspe,0.07795459,n=12800_bz=1.0_cv1=0.8_p=1_q=128_20251025-092211
12800,1.0,0.8,1,128,posthoc_web,fz,bias2,0.07795459,n=12800_bz=1.0_cv1=0.8_p=1_q=128_20251025-092211
12800,1.0,0.8,1,128,posthoc_web,fz,var,0.0,n=12800_bz=1.0_cv1=0.8_p=1_q=128_20251025-092211
12800,1.0,0.8,1,128,posthoc_web,fr,mspe,0.004965361,n=12800_bz=1.0_cv1=0.8_p=1_q=128_20251025-092211
12800,1.0,0.8,1,128,posthoc_web,fr,bias2,0.004384486,n=12800_bz=1.0_cv1=0.8_p=1_q=128_20251025-092211
12800,1.0,0.8,1,128,posthoc_web,fr,var,0.00058087485,n=12800_bz=1.0_cv1=0.8_p=1_q=128_20251025-092211
12800,1.0,0.8,1,16,base,y,mspe,1.0175747,n=12800_bz=1.0_cv1=0.8_p=1_q=16_20251025-083414
12800,1.0,0.8,1,16,base,y,bias2,1.0168248,n=12800_bz=1.0_cv1=0.8_p=1_q=16_20251025-083414
12800,1.0,0.8,1,16,base,y,var,0.0007497466,n=12800_bz=1.0_cv1=0.8_p=1_q=16_20251025-083414
12800,1.0,0.8,1,16,base,fx,mspe,0.0736485,n=12800_bz=1.0_cv1=0.8_p=1_q=16_20251025-083414
12800,1.0,0.8,1,16,base,fx,bias2,0.073019415,n=12800_bz=1.0_cv1=0.8_p=1_q=16_20251025-083414
12800,1.0,0.8,1,16,base,fx,var,0.000629076,n=12800_bz=1.0_cv1=0.8_p=1_q=16_20251025-083414
12800,1.0,0.8,1,16,base,fz,mspe,0.07795459,n=12800_bz=1.0_cv1=0.8_p=1_q=16_20251025-083414
12800,1.0,0.8,1,16,base,fz,bias2,0.07795459,n=12800_bz=1.0_cv1=0.8_p=1_q=16_20251025-083414
12800,1.0,0.8,1,16,base,fz,var,0.0,n=12800_bz=1.0_cv1=0.8_p=1_q=16_20251025-083414
12800,1.0,0.8,1,16,base,fr,mspe,0.16625723,n=12800_bz=1.0_cv1=0.8_p=1_q=16_20251025-083414
12800,1.0,0.8,1,16,base,fr,bias2,0.16562817,n=12800_bz=1.0_cv1=0.8_p=1_q=16_20251025-083414
12800,1.0,0.8,1,16,base,fr,var,0.000629076,n=12800_bz=1.0_cv1=0.8_p=1_q=16_20251025-083414
12800,1.0,0.8,1,16,posthoc,y,mspe,1.0044012,n=12800_bz=1.0_cv1=0.8_p=1_q=16_20251025-083414
12800,1.0,0.8,1,16,posthoc,y,bias2,1.0032945,n=12800_bz=1.0_cv1=0.8_p=1_q=16_20251025-083414
12800,1.0,0.8,1,16,posthoc,y,var,0.0011065542,n=12800_bz=1.0_cv1=0.8_p=1_q=16_20251025-083414
12800,1.0,0.8,1,16,posthoc,fx,mspe,0.0036479256,n=12800_bz=1.0_cv1=0.8_p=1_q=16_20251025-083414
12800,1.0,0.8,1,16,posthoc,fx,bias2,0.00015353276,n=12800_bz=1.0_cv1=0.8_p=1_q=16_20251025-083414
12800,1.0,0.8,1,16,posthoc,fx,var,0.003494393,n=12800_bz=1.0_cv1=0.8_p=1_q=16_20251025-083414
12800,1.0,0.8,1,16,posthoc,fz,mspe,0.002768999,n=12800_bz=1.0_cv1=0.8_p=1_q=16_20251025-083414
12800,1.0,0.8,1,16,posthoc,fz,bias2,7.756817e-05,n=12800_bz=1.0_cv1=0.8_p=1_q=16_20251025-083414
12800,1.0,0.8,1,16,posthoc,fz,var,0.0026914307,n=12800_bz=1.0_cv1=0.8_p=1_q=16_20251025-083414
12800,1.0,0.8,1,16,posthoc,fr,mspe,0.025265317,n=12800_bz=1.0_cv1=0.8_p=1_q=16_20251025-083414
12800,1.0,0.8,1,16,posthoc,fr,bias2,0.02177092,n=12800_bz=1.0_cv1=0.8_p=1_q=16_20251025-083414
12800,1.0,0.8,1,16,posthoc,fr,var,0.003494393,n=12800_bz=1.0_cv1=0.8_p=1_q=16_20251025-083414
12800,1.0,0.8,1,16,posthoc_orth,y,mspe,1.0043916,n=12800_bz=1.0_cv1=0.8_p=1_q=16_20251025-083414
12800,1.0,0.8,1,16,posthoc_orth,y,bias2,1.003287,n=12800_bz=1.0_cv1=0.8_p=1_q=16_20251025-083414
12800,1.0,0.8,1,16,posthoc_orth,y,var,0.0011045738,n=12800_bz=1.0_cv1=0.8_p=1_q=16_20251025-083414
12800,1.0,0.8,1,16,posthoc_orth,fx,mspe,0.02050954,n=12800_bz=1.0_cv1=0.8_p=1_q=16_20251025-083414
12800,1.0,0.8,1,16,posthoc_orth,fx,bias2,0.019645888,n=12800_bz=1.0_cv1=0.8_p=1_q=16_20251025-083414
12800,1.0,0.8,1,16,posthoc_orth,fx,var,0.0008636493,n=12800_bz=1.0_cv1=0.8_p=1_q=16_20251025-083414
12800,1.0,0.8,1,16,posthoc_orth,fz,mspe,0.019383581,n=12800_bz=1.0_cv1=0.8_p=1_q=16_20251025-083414
12800,1.0,0.8,1,16,posthoc_orth,fz,bias2,0.0192288,n=12800_bz=1.0_cv1=0.8_p=1_q=16_20251025-083414
12800,1.0,0.8,1,16,posthoc_orth,fz,var,0.0001547813,n=12800_bz=1.0_cv1=0.8_p=1_q=16_20251025-083414
12800,1.0,0.8,1,16,posthoc_orth,fr,mspe,0.0009583659,n=12800_bz=1.0_cv1=0.8_p=1_q=16_20251025-083414
12800,1.0,0.8,1,16,posthoc_orth,fr,bias2,9.471667e-05,n=12800_bz=1.0_cv1=0.8_p=1_q=16_20251025-083414
12800,1.0,0.8,1,16,posthoc_orth,fr,var,0.0008636493,n=12800_bz=1.0_cv1=0.8_p=1_q=16_20251025-083414
12800,1.0,0.8,1,16,posthoc_web,y,mspe,1.2139455,n=12800_bz=1.0_cv1=0.8_p=1_q=16_20251025-083414
12800,1.0,0.8,1,16,posthoc_web,y,bias2,1.2132725,n=12800_bz=1.0_cv1=0.8_p=1_q=16_20251025-083414
12800,1.0,0.8,1,16,posthoc_web,y,var,0.0006731295,n=12800_bz=1.0_cv1=0.8_p=1_q=16_20251025-083414
12800,1.0,0.8,1,16,posthoc_web,fx,mspe,0.024819877,n=12800_bz=1.0_cv1=0.8_p=1_q=16_20251025-083414
12800,1.0,0.8,1,16,posthoc_web,fx,bias2,0.024317188,n=12800_bz=1.0_cv1=0.8_p=1_q=16_20251025-083414
12800,1.0,0.8,1,16,posthoc_web,fx,var,0.0005026883,n=12800_bz=1.0_cv1=0.8_p=1_q=16_20251025-083414
12800,1.0,0.8,1,16,posthoc_web,fz,mspe,0.07795459,n=12800_bz=1.0_cv1=0.8_p=1_q=16_20251025-083414
12800,1.0,0.8,1,16,posthoc_web,fz,bias2,0.07795459,n=12800_bz=1.0_cv1=0.8_p=1_q=16_20251025-083414
12800,1.0,0.8,1,16,posthoc_web,fz,var,0.0,n=12800_bz=1.0_cv1=0.8_p=1_q=16_20251025-083414
12800,1.0,0.8,1,16,posthoc_web,fr,mspe,0.0049352585,n=12800_bz=1.0_cv1=0.8_p=1_q=16_20251025-083414
12800,1.0,0.8,1,16,posthoc_web,fr,bias2,0.0044325707,n=12800_bz=1.0_cv1=0.8_p=1_q=16_20251025-083414
12800,1.0,0.8,1,16,posthoc_web,fr,var,0.0005026883,n=12800_bz=1.0_cv1=0.8_p=1_q=16_20251025-083414
12800,1.0,0.8,1,256,base,y,mspe,1.0175074,n=12800_bz=1.0_cv1=0.8_p=1_q=256_20251025-093934
12800,1.0,0.8,1,256,base,y,bias2,1.0165905,n=12800_bz=1.0_cv1=0.8_p=1_q=256_20251025-093934
12800,1.0,0.8,1,256,base,y,var,0.0009169731,n=12800_bz=1.0_cv1=0.8_p=1_q=256_20251025-093934
12800,1.0,0.8,1,256,base,fx,mspe,0.07358348,n=12800_bz=1.0_cv1=0.8_p=1_q=256_20251025-093934
12800,1.0,0.8,1,256,base,fx,bias2,0.07278779,n=12800_bz=1.0_cv1=0.8_p=1_q=256_20251025-093934
12800,1.0,0.8,1,256,base,fx,var,0.00079568895,n=12800_bz=1.0_cv1=0.8_p=1_q=256_20251025-093934
12800,1.0,0.8,1,256,base,fz,mspe,0.07795459,n=12800_bz=1.0_cv1=0.8_p=1_q=256_20251025-093934
12800,1.0,0.8,1,256,base,fz,bias2,0.07795459,n=12800_bz=1.0_cv1=0.8_p=1_q=256_20251025-093934
12800,1.0,0.8,1,256,base,fz,var,0.0,n=12800_bz=1.0_cv1=0.8_p=1_q=256_20251025-093934
12800,1.0,0.8,1,256,base,fr,mspe,0.16609678,n=12800_bz=1.0_cv1=0.8_p=1_q=256_20251025-093934
12800,1.0,0.8,1,256,base,fr,bias2,0.16530107,n=12800_bz=1.0_cv1=0.8_p=1_q=256_20251025-093934
12800,1.0,0.8,1,256,base,fr,var,0.00079568895,n=12800_bz=1.0_cv1=0.8_p=1_q=256_20251025-093934
12800,1.0,0.8,1,256,posthoc,y,mspe,1.0044018,n=12800_bz=1.0_cv1=0.8_p=1_q=256_20251025-093934
12800,1.0,0.8,1,256,posthoc,y,bias2,1.0028619,n=12800_bz=1.0_cv1=0.8_p=1_q=256_20251025-093934
12800,1.0,0.8,1,256,posthoc,y,var,0.0015399487,n=12800_bz=1.0_cv1=0.8_p=1_q=256_20251025-093934
12800,1.0,0.8,1,256,posthoc,fx,mspe,0.004108761,n=12800_bz=1.0_cv1=0.8_p=1_q=256_20251025-093934
12800,1.0,0.8,1,256,posthoc,fx,bias2,4.9010338e-05,n=12800_bz=1.0_cv1=0.8_p=1_q=256_20251025-093934
12800,1.0,0.8,1,256,posthoc,fx,var,0.0040597506,n=12800_bz=1.0_cv1=0.8_p=1_q=256_20251025-093934
12800,1.0,0.8,1,256,posthoc,fz,mspe,0.0028268765,n=12800_bz=1.0_cv1=0.8_p=1_q=256_20251025-093934
12800,1.0,0.8,1,256,posthoc,fz,bias2,2.4235216e-05,n=12800_bz=1.0_cv1=0.8_p=1_q=256_20251025-093934
12800,1.0,0.8,1,256,posthoc,fz,var,0.0028026414,n=12800_bz=1.0_cv1=0.8_p=1_q=256_20251025-093934
12800,1.0,0.8,1,256,posthoc,fr,mspe,0.024666838,n=12800_bz=1.0_cv1=0.8_p=1_q=256_20251025-093934
12800,1.0,0.8,1,256,posthoc,fr,bias2,0.02060709,n=12800_bz=1.0_cv1=0.8_p=1_q=256_20251025-093934
12800,1.0,0.8,1,256,posthoc,fr,var,0.0040597506,n=12800_bz=1.0_cv1=0.8_p=1_q=256_20251025-093934
12800,1.0,0.8,1,256,posthoc_orth,y,mspe,1.0044123,n=12800_bz=1.0_cv1=0.8_p=1_q=256_20251025-093934
12800,1.0,0.8,1,256,posthoc_orth,y,bias2,1.0028732,n=12800_bz=1.0_cv1=0.8_p=1_q=256_20251025-093934
12800,1.0,0.8,1,256,posthoc_orth,y,var,0.0015390555,n=12800_bz=1.0_cv1=0.8_p=1_q=256_20251025-093934
12800,1.0,0.8,1,256,posthoc_orth,fx,mspe,0.020853011,n=12800_bz=1.0_cv1=0.8_p=1_q=256_20251025-093934
12800,1.0,0.8,1,256,posthoc_orth,fx,bias2,0.019555826,n=12800_bz=1.0_cv1=0.8_p=1_q=256_20251025-093934
12800,1.0,0.8,1,256,posthoc_orth,fx,var,0.0012971857,n=12800_bz=1.0_cv1=0.8_p=1_q=256_20251025-093934
12800,1.0,0.8,1,256,posthoc_orth,fz,mspe,0.019380303,n=12800_bz=1.0_cv1=0.8_p=1_q=256_20251025-093934
12800,1.0,0.8,1,256,posthoc_orth,fz,bias2,0.01922547,n=12800_bz=1.0_cv1=0.8_p=1_q=256_20251025-093934
12800,1.0,0.8,1,256,posthoc_orth,fz,var,0.0001548343,n=12800_bz=1.0_cv1=0.8_p=1_q=256_20251025-093934
12800,1.0,0.8,1,256,posthoc_orth,fr,mspe,0.0013318388,n=12800_bz=1.0_cv1=0.8_p=1_q=256_20251025-093934
12800,1.0,0.8,1,256,posthoc_orth,fr,bias2,3.46531e-05,n=12800_bz=1.0_cv1=0.8_p=1_q=256_20251025-093934
12800,1.0,0.8,1,256,posthoc_orth,fr,var,0.0012971857,n=12800_bz=1.0_cv1=0.8_p=1_q=256_20251025-093934
12800,1.0,0.8,1,256,posthoc_web,y,mspe,1.2135328,n=12800_bz=1.0_cv1=0.8_p=1_q=256_20251025-093934
12800,1.0,0.8,1,256,posthoc_web,y,bias2,1.2127072,n=12800_bz=1.0_cv1=0.8_p=1_q=256_20251025-093934
12800,1.0,0.8,1,256,posthoc_web,y,var,0.0008257139,n=12800_bz=1.0_cv1=0.8_p=1_q=256_20251025-093934
12800,1.0,0.8,1,256,posthoc_web,fx,mspe,0.024824675,n=12800_bz=1.0_cv1=0.8_p=1_q=256_20251025-093934
12800,1.0,0.8,1,256,posthoc_web,fx,bias2,0.024168858,n=12800_bz=1.0_cv1=0.8_p=1_q=256_20251025-093934
12800,1.0,0.8,1,256,posthoc_web,fx,var,0.00065581617,n=12800_bz=1.0_cv1=0.8_p=1_q=256_20251025-093934
12800,1.0,0.8,1,256,posthoc_web,fz,mspe,0.07795459,n=12800_bz=1.0_cv1=0.8_p=1_q=256_20251025-093934
12800,1.0,0.8,1,256,posthoc_web,fz,bias2,0.07795459,n=12800_bz=1.0_cv1=0.8_p=1_q=256_20251025-093934
12800,1.0,0.8,1,256,posthoc_web,fz,var,0.0,n=12800_bz=1.0_cv1=0.8_p=1_q=256_20251025-093934
12800,1.0,0.8,1,256,posthoc_web,fr,mspe,0.0050345445,n=12800_bz=1.0_cv1=0.8_p=1_q=256_20251025-093934
12800,1.0,0.8,1,256,posthoc_web,fr,bias2,0.004378728,n=12800_bz=1.0_cv1=0.8_p=1_q=256_20251025-093934
12800,1.0,0.8,1,256,posthoc_web,fr,var,0.00065581617,n=12800_bz=1.0_cv1=0.8_p=1_q=256_20251025-093934
12800,1.0,0.8,1,2,base,y,mspe,1.0179505,n=12800_bz=1.0_cv1=0.8_p=1_q=2_20251025-074334
12800,1.0,0.8,1,2,base,y,bias2,1.0172353,n=12800_bz=1.0_cv1=0.8_p=1_q=2_20251025-074334
12800,1.0,0.8,1,2,base,y,var,0.0007153138,n=12800_bz=1.0_cv1=0.8_p=1_q=2_20251025-074334
12800,1.0,0.8,1,2,base,fx,mspe,0.073284425,n=12800_bz=1.0_cv1=0.8_p=1_q=2_20251025-074334
12800,1.0,0.8,1,2,base,fx,bias2,0.072689444,n=12800_bz=1.0_cv1=0.8_p=1_q=2_20251025-074334
12800,1.0,0.8,1,2,base,fx,var,0.00059497886,n=12800_bz=1.0_cv1=0.8_p=1_q=2_20251025-074334
12800,1.0,0.8,1,2,base,fz,mspe,0.07795459,n=12800_bz=1.0_cv1=0.8_p=1_q=2_20251025-074334
12800,1.0,0.8,1,2,base,fz,bias2,0.07795459,n=12800_bz=1.0_cv1=0.8_p=1_q=2_20251025-074334
12800,1.0,0.8,1,2,base,fz,var,0.0,n=12800_bz=1.0_cv1=0.8_p=1_q=2_20251025-074334
12800,1.0,0.8,1,2,base,fr,mspe,0.16564915,n=12800_bz=1.0_cv1=0.8_p=1_q=2_20251025-074334
12800,1.0,0.8,1,2,base,fr,bias2,0.16505417,n=12800_bz=1.0_cv1=0.8_p=1_q=2_20251025-074334
12800,1.0,0.8,1,2,base,fr,var,0.00059497886,n=12800_bz=1.0_cv1=0.8_p=1_q=2_20251025-074334
12800,1.0,0.8,1,2,posthoc,y,mspe,1.0117409,n=12800_bz=1.0_cv1=0.8_p=1_q=2_20251025-074334
12800,1.0,0.8,1,2,posthoc,y,bias2,1.010145,n=12800_bz=1.0_cv1=0.8_p=1_q=2_20251025-074334
12800,1.0,0.8,1,2,posthoc,y,var,0.0015959977,n=12800_bz=1.0_cv1=0.8_p=1_q=2_20251025-074334
12800,1.0,0.8,1,2,posthoc,fx,mspe,0.03561252,n=12800_bz=1.0_cv1=0.8_p=1_q=2_20251025-074334
12800,1.0,0.8,1,2,posthoc,fx,bias2,0.028396146,n=12800_bz=1.0_cv1=0.8_p=1_q=2_20251025-074334
12800,1.0,0.8,1,2,posthoc,fx,var,0.007216371,n=12800_bz=1.0_cv1=0.8_p=1_q=2_20251025-074334
12800,1.0,0.8,1,2,posthoc,fz,mspe,0.032189496,n=12800_bz=1.0_cv1=0.8_p=1_q=2_20251025-074334
12800,1.0,0.8,1,2,posthoc,fz,bias2,0.02640631,n=12800_bz=1.0_cv1=0.8_p=1_q=2_20251025-074334
12800,1.0,0.8,1,2,posthoc,fz,var,0.005783185,n=12800_bz=1.0_cv1=0.8_p=1_q=2_20251025-074334
12800,1.0,0.8,1,2,posthoc,fr,mspe,0.10020209,n=12800_bz=1.0_cv1=0.8_p=1_q=2_20251025-074334
12800,1.0,0.8,1,2,posthoc,fr,bias2,0.09298573,n=12800_bz=1.0_cv1=0.8_p=1_q=2_20251025-074334
12800,1.0,0.8,1,2,posthoc,fr,var,0.007216371,n=12800_bz=1.0_cv1=0.8_p=1_q=2_20251025-074334
12800,1.0,0.8,1,2,posthoc_orth,y,mspe,1.011741,n=12800_bz=1.0_cv1=0.8_p=1_q=2_20251025-074334
12800,1.0,0.8,1,2,posthoc_orth,y,bias2,1.010145,n=12800_bz=1.0_cv1=0.8_p=1_q=2_20251025-074334
12800,1.0,0.8,1,2,posthoc_orth,y,var,0.0015960122,n=12800_bz=1.0_cv1=0.8_p=1_q=2_20251025-074334
12800,1.0,0.8,1,2,posthoc_orth,fx,mspe,0.023160236,n=12800_bz=1.0_cv1=0.8_p=1_q=2_20251025-074334
12800,1.0,0.8,1,2,posthoc_orth,fx,bias2,0.021803245,n=12800_bz=1.0_cv1=0.8_p=1_q=2_20251025-074334
12800,1.0,0.8,1,2,posthoc_orth,fx,var,0.0013569912,n=12800_bz=1.0_cv1=0.8_p=1_q=2_20251025-074334
12800,1.0,0.8,1,2,posthoc_orth,fz,mspe,0.019387867,n=12800_bz=1.0_cv1=0.8_p=1_q=2_20251025-074334
12800,1.0,0.8,1,2,posthoc_orth,fz,bias2,0.01923306,n=12800_bz=1.0_cv1=0.8_p=1_q=2_20251025-074334
12800,1.0,0.8,1,2,posthoc_orth,fz,var,0.00015480703,n=12800_bz=1.0_cv1=0.8_p=1_q=2_20251025-074334
12800,1.0,0.8,1,2,posthoc_orth,fr,mspe,0.0036591296,n=12800_bz=1.0_cv1=0.8_p=1_q=2_20251025-074334
12800,1.0,0.8,1,2,posthoc_orth,fr,bias2,0.0023021384,n=12800_bz=1.0_cv1=0.8_p=1_q=2_20251025-074334
12800,1.0,0.8,1,2,posthoc_orth,fr,var,0.0013569912,n=12800_bz=1.0_cv1=0.8_p=1_q=2_20251025-074334
12800,1.0,0.8,1,2,posthoc_web,y,mspe,1.2141827,n=12800_bz=1.0_cv1=0.8_p=1_q=2_20251025-074334
12800,1.0,0.8,1,2,posthoc_web,y,bias2,1.2135295,n=12800_bz=1.0_cv1=0.8_p=1_q=2_20251025-074334
12800,1.0,0.8,1,2,posthoc_web,y,var,0.00065332605,n=12800_bz=1.0_cv1=0.8_p=1_q=2_20251025-074334
12800,1.0,0.8,1,2,posthoc_web,fx,mspe,0.024903404,n=12800_bz=1.0_cv1=0.8_p=1_q=2_20251025-074334
12800,1.0,0.8,1,2,posthoc_web,fx,bias2,0.02441954,n=12800_bz=1.0_cv1=0.8_p=1_q=2_20251025-074334
12800,1.0,0.8,1,2,posthoc_web,fx,var,0.00048386288,n=12800_bz=1.0_cv1=0.8_p=1_q=2_20251025-074334
12800,1.0,0.8,1,2,posthoc_web,fz,mspe,0.07795459,n=12800_bz=1.0_cv1=0.8_p=1_q=2_20251025-074334
12800,1.0,0.8,1,2,posthoc_web,fz,bias2,0.07795459,n=12800_bz=1.0_cv1=0.8_p=1_q=2_20251025-074334
12800,1.0,0.8,1,2,posthoc_web,fz,var,0.0,n=12800_bz=1.0_cv1=0.8_p=1_q=2_20251025-074334
12800,1.0,0.8,1,2,posthoc_web,fr,mspe,0.0050435946,n=12800_bz=1.0_cv1=0.8_p=1_q=2_20251025-074334
12800,1.0,0.8,1,2,posthoc_web,fr,bias2,0.0045597316,n=12800_bz=1.0_cv1=0.8_p=1_q=2_20251025-074334
12800,1.0,0.8,1,2,posthoc_web,fr,var,0.00048386288,n=12800_bz=1.0_cv1=0.8_p=1_q=2_20251025-074334
12800,1.0,0.8,1,32,base,y,mspe,1.017518,n=12800_bz=1.0_cv1=0.8_p=1_q=32_20251025-085034
12800,1.0,0.8,1,32,base,y,bias2,1.0167354,n=12800_bz=1.0_cv1=0.8_p=1_q=32_20251025-085034
12800,1.0,0.8,1,32,base,y,var,0.0007826947,n=12800_bz=1.0_cv1=0.8_p=1_q=32_20251025-085034
12800,1.0,0.8,1,32,base,fx,mspe,0.07322253,n=12800_bz=1.0_cv1=0.8_p=1_q=32_20251025-085034
12800,1.0,0.8,1,32,base,fx,bias2,0.07256215,n=12800_bz=1.0_cv1=0.8_p=1_q=32_20251025-085034
12800,1.0,0.8,1,32,base,fx,var,0.0006603806,n=12800_bz=1.0_cv1=0.8_p=1_q=32_20251025-085034
12800,1.0,0.8,1,32,base,fz,mspe,0.07795459,n=12800_bz=1.0_cv1=0.8_p=1_q=32_20251025-085034
12800,1.0,0.8,1,32,base,fz,bias2,0.07795459,n=12800_bz=1.0_cv1=0.8_p=1_q=32_20251025-085034
12800,1.0,0.8,1,32,base,fz,var,0.0,n=12800_bz=1.0_cv1=0.8_p=1_q=32_20251025-085034
12800,1.0,0.8,1,32,base,fr,mspe,0.16560428,n=12800_bz=1.0_cv1=0.8_p=1_q=32_20251025-085034
12800,1.0,0.8,1,32,base,fr,bias2,0.16494389,n=12800_bz=1.0_cv1=0.8_p=1_q=32_20251025-085034
12800,1.0,0.8,1,32,base,fr,var,0.0006603806,n=12800_bz=1.0_cv1=0.8_p=1_q=32_20251025-085034
12800,1.0,0.8,1,32,posthoc,y,mspe,1.0044043,n=12800_bz=1.0_cv1=0.8_p=1_q=32_20251025-085034
12800,1.0,0.8,1,32,posthoc,y,bias2,1.0031983,n=12800_bz=1.0_cv1=0.8_p=1_q=32_20251025-085034
12800,1.0,0.8,1,32,posthoc,y,var,0.0012058945,n=12800_bz=1.0_cv1=0.8_p=1_q=32_20251025-085034
12800,1.0,0.8,1,32,posthoc,fx,mspe,0.003727494,n=12800_bz=1.0_cv1=0.8_p=1_q=32_20251025-085034
12800,1.0,0.8,1,32,posthoc,fx,bias2,0.00010730751,n=12800_bz=1.0_cv1=0.8_p=1_q=32_20251025-085034
12800,1.0,0.8,1,32,posthoc,fx,var,0.0036201866,n=12800_bz=1.0_cv1=0.8_p=1_q=32_20251025-085034
12800,1.0,0.8,1,32,posthoc,fz,mspe,0.002761501,n=12800_bz=1.0_cv1=0.8_p=1_q=32_20251025-085034
12800,1.0,0.8,1,32,posthoc,fz,bias2,5.3429478e-05,n=12800_bz=1.0_cv1=0.8_p=1_q=32_20251025-085034
12800,1.0,0.8,1,32,posthoc,fz,var,0.0027080716,n=12800_bz=1.0_cv1=0.8_p=1_q=32_20251025-085034
12800,1.0,0.8,1,32,posthoc,fr,mspe,0.02492711,n=12800_bz=1.0_cv1=0.8_p=1_q=32_20251025-085034
12800,1.0,0.8,1,32,posthoc,fr,bias2,0.021306925,n=12800_bz=1.0_cv1=0.8_p=1_q=32_20251025-085034
12800,1.0,0.8,1,32,posthoc,fr,var,0.0036201866,n=12800_bz=1.0_cv1=0.8_p=1_q=32_20251025-085034
12800,1.0,0.8,1,32,posthoc_orth,y,mspe,1.0044045,n=12800_bz=1.0_cv1=0.8_p=1_q=32_20251025-085034
12800,1.0,0.8,1,32,posthoc_orth,y,bias2,1.0031985,n=12800_bz=1.0_cv1=0.8_p=1_q=32_20251025-085034
12800,1.0,0.8,1,32,posthoc_orth,y,var,0.0012059225,n=12800_bz=1.0_cv1=0.8_p=1_q=32_20251025-085034
12800,1.0,0.8,1,32,posthoc_orth,fx,mspe,0.020584991,n=12800_bz=1.0_cv1=0.8_p=1_q=32_20251025-085034
12800,1.0,0.8,1,32,posthoc_orth,fx,bias2,0.019620053,n=12800_bz=1.0_cv1=0.8_p=1_q=32_20251025-085034
12800,1.0,0.8,1,32,posthoc_orth,fx,var,0.00096493814,n=12800_bz=1.0_cv1=0.8_p=1_q=32_20251025-085034
12800,1.0,0.8,1,32,posthoc_orth,fz,mspe,0.019383527,n=12800_bz=1.0_cv1=0.8_p=1_q=32_20251025-085034
12800,1.0,0.8,1,32,posthoc_orth,fz,bias2,0.019228745,n=12800_bz=1.0_cv1=0.8_p=1_q=32_20251025-085034
12800,1.0,0.8,1,32,posthoc_orth,fz,var,0.00015478277,n=12800_bz=1.0_cv1=0.8_p=1_q=32_20251025-085034
12800,1.0,0.8,1,32,posthoc_orth,fr,mspe,0.001034799,n=12800_bz=1.0_cv1=0.8_p=1_q=32_20251025-085034
12800,1.0,0.8,1,32,posthoc_orth,fr,bias2,6.986079e-05,n=12800_bz=1.0_cv1=0.8_p=1_q=32_20251025-085034
12800,1.0,0.8,1,32,posthoc_orth,fr,var,0.00096493814,n=12800_bz=1.0_cv1=0.8_p=1_q=32_20251025-085034
12800,1.0,0.8,1,32,posthoc_web,y,mspe,1.213692,n=12800_bz=1.0_cv1=0.8_p=1_q=32_20251025-085034
12800,1.0,0.8,1,32,posthoc_web,y,bias2,1.2129902,n=12800_bz=1.0_cv1=0.8_p=1_q=32_20251025-085034
12800,1.0,0.8,1,32,posthoc_web,y,var,0.0007018368,n=12800_bz=1.0_cv1=0.8_p=1_q=32_20251025-085034
12800,1.0,0.8,1,32,posthoc_web,fx,mspe,0.024776295,n=12800_bz=1.0_cv1=0.8_p=1_q=32_20251025-085034
12800,1.0,0.8,1,32,posthoc_web,fx,bias2,0.024245994,n=12800_bz=1.0_cv1=0.8_p=1_q=32_20251025-085034
12800,1.0,0.8,1,32,posthoc_web,fx,var,0.0005302995,n=12800_bz=1.0_cv1=0.8_p=1_q=32_20251025-085034
12800,1.0,0.8,1,32,posthoc_web,fz,mspe,0.07795459,n=12800_bz=1.0_cv1=0.8_p=1_q=32_20251025-085034
12800,1.0,0.8,1,32,posthoc_web,fz,bias2,0.07795459,n=12800_bz=1.0_cv1=0.8_p=1_q=32_20251025-085034
12800,1.0,0.8,1,32,posthoc_web,fz,var,0.0,n=12800_bz=1.0_cv1=0.8_p=1_q=32_20251025-085034
12800,1.0,0.8,1,32,posthoc_web,fr,mspe,0.0049303267,n=12800_bz=1.0_cv1=0.8_p=1_q=32_20251025-085034
12800,1.0,0.8,1,32,posthoc_web,fr,bias2,0.0044000275,n=12800_bz=1.0_cv1=0.8_p=1_q=32_20251025-085034
12800,1.0,0.8,1,32,posthoc_web,fr,var,0.0005302995,n=12800_bz=1.0_cv1=0.8_p=1_q=32_20251025-085034
12800,1.0,0.8,1,4,base,y,mspe,1.0175768,n=12800_bz=1.0_cv1=0.8_p=1_q=4_20251025-080032
12800,1.0,0.8,1,4,base,y,bias2,1.0167907,n=12800_bz=1.0_cv1=0.8_p=1_q=4_20251025-080032
12800,1.0,0.8,1,4,base,y,var,0.0007860747,n=12800_bz=1.0_cv1=0.8_p=1_q=4_20251025-080032
12800,1.0,0.8,1,4,base,fx,mspe,0.07343182,n=12800_bz=1.0_cv1=0.8_p=1_q=4_20251025-080032
12800,1.0,0.8,1,4,base,fx,bias2,0.07276463,n=12800_bz=1.0_cv1=0.8_p=1_q=4_20251025-080032
12800,1.0,0.8,1,4,base,fx,var,0.00066719076,n=12800_bz=1.0_cv1=0.8_p=1_q=4_20251025-080032
12800,1.0,0.8,1,4,base,fz,mspe,0.07795459,n=12800_bz=1.0_cv1=0.8_p=1_q=4_20251025-080032
12800,1.0,0.8,1,4,base,fz,bias2,0.07795459,n=12800_bz=1.0_cv1=0.8_p=1_q=4_20251025-080032
12800,1.0,0.8,1,4,base,fz,var,0.0,n=12800_bz=1.0_cv1=0.8_p=1_q=4_20251025-080032
12800,1.0,0.8,1,4,base,fr,mspe,0.16588113,n=12800_bz=1.0_cv1=0.8_p=1_q=4_20251025-080032
12800,1.0,0.8,1,4,base,fr,bias2,0.16521393,n=12800_bz=1.0_cv1=0.8_p=1_q=4_20251025-080032
12800,1.0,0.8,1,4,base,fr,var,0.00066719076,n=12800_bz=1.0_cv1=0.8_p=1_q=4_20251025-080032
12800,1.0,0.8,1,4,posthoc,y,mspe,1.0059127,n=12800_bz=1.0_cv1=0.8_p=1_q=4_20251025-080032
12800,1.0,0.8,1,4,posthoc,y,bias2,1.0047088,n=12800_bz=1.0_cv1=0.8_p=1_q=4_20251025-080032
12800,1.0,0.8,1,4,posthoc,y,var,0.0012039974,n=12800_bz=1.0_cv1=0.8_p=1_q=4_20251025-080032
12800,1.0,0.8,1,4,posthoc,fx,mspe,0.0065359045,n=12800_bz=1.0_cv1=0.8_p=1_q=4_20251025-080032
12800,1.0,0.8,1,4,posthoc,fx,bias2,0.0018408686,n=12800_bz=1.0_cv1=0.8_p=1_q=4_20251025-080032
12800,1.0,0.8,1,4,posthoc,fx,var,0.004695036,n=12800_bz=1.0_cv1=0.8_p=1_q=4_20251025-080032
12800,1.0,0.8,1,4,posthoc,fz,mspe,0.005364801,n=12800_bz=1.0_cv1=0.8_p=1_q=4_20251025-080032
12800,1.0,0.8,1,4,posthoc,fz,bias2,0.0016035527,n=12800_bz=1.0_cv1=0.8_p=1_q=4_20251025-080032
12800,1.0,0.8,1,4,posthoc,fz,var,0.003761248,n=12800_bz=1.0_cv1=0.8_p=1_q=4_20251025-080032
12800,1.0,0.8,1,4,posthoc,fr,mspe,0.03691217,n=12800_bz=1.0_cv1=0.8_p=1_q=4_20251025-080032
12800,1.0,0.8,1,4,posthoc,fr,bias2,0.032217134,n=12800_bz=1.0_cv1=0.8_p=1_q=4_20251025-080032
12800,1.0,0.8,1,4,posthoc,fr,var,0.004695036,n=12800_bz=1.0_cv1=0.8_p=1_q=4_20251025-080032
12800,1.0,0.8,1,4,posthoc_orth,y,mspe,1.0059127,n=12800_bz=1.0_cv1=0.8_p=1_q=4_20251025-080032
12800,1.0,0.8,1,4,posthoc_orth,y,bias2,1.0047088,n=12800_bz=1.0_cv1=0.8_p=1_q=4_20251025-080032
12800,1.0,0.8,1,4,posthoc_orth,y,var,0.0012040451,n=12800_bz=1.0_cv1=0.8_p=1_q=4_20251025-080032
12800,1.0,0.8,1,4,posthoc_orth,fx,mspe,0.02080336,n=12800_bz=1.0_cv1=0.8_p=1_q=4_20251025-080032
12800,1.0,0.8,1,4,posthoc_orth,fx,bias2,0.019840162,n=12800_bz=1.0_cv1=0.8_p=1_q=4_20251025-080032
12800,1.0,0.8,1,4,posthoc_orth,fx,var,0.000963196,n=12800_bz=1.0_cv1=0.8_p=1_q=4_20251025-080032
12800,1.0,0.8,1,4,posthoc_orth,fz,mspe,0.019384457,n=12800_bz=1.0_cv1=0.8_p=1_q=4_20251025-080032
12800,1.0,0.8,1,4,posthoc_orth,fz,bias2,0.019229667,n=12800_bz=1.0_cv1=0.8_p=1_q=4_20251025-080032
12800,1.0,0.8,1,4,posthoc_orth,fz,var,0.00015478978,n=12800_bz=1.0_cv1=0.8_p=1_q=4_20251025-080032
12800,1.0,0.8,1,4,posthoc_orth,fr,mspe,0.0012833434,n=12800_bz=1.0_cv1=0.8_p=1_q=4_20251025-080032
12800,1.0,0.8,1,4,posthoc_orth,fr,bias2,0.00032014743,n=12800_bz=1.0_cv1=0.8_p=1_q=4_20251025-080032
12800,1.0,0.8,1,4,posthoc_orth,fr,var,0.000963196,n=12800_bz=1.0_cv1=0.8_p=1_q=4_20251025-080032
12800,1.0,0.8,1,4,posthoc_web,y,mspe,1.2137681,n=12800_bz=1.0_cv1=0.8_p=1_q=4_20251025-080032
12800,1.0,0.8,1,4,posthoc_web,y,bias2,1.2130708,n=12800_bz=1.0_cv1=0.8_p=1_q=4_20251025-080032
12800,1.0,0.8,1,4,posthoc_web,y,var,0.000697372,n=12800_bz=1.0_cv1=0.8_p=1_q=4_20251025-080032
12800,1.0,0.8,1,4,posthoc_web,fx,mspe,0.02485291,n=12800_bz=1.0_cv1=0.8_p=1_q=4_20251025-080032
12800,1.0,0.8,1,4,posthoc_web,fx,bias2,0.024323815,n=12800_bz=1.0_cv1=0.8_p=1_q=4_20251025-080032
12800,1.0,0.8,1,4,posthoc_web,fx,var,0.00052909163,n=12800_bz=1.0_cv1=0.8_p=1_q=4_20251025-080032
12800,1.0,0.8,1,4,posthoc_web,fz,mspe,0.07795459,n=12800_bz=1.0_cv1=0.8_p=1_q=4_20251025-080032
12800,1.0,0.8,1,4,posthoc_web,fz,bias2,0.07795459,n=12800_bz=1.0_cv1=0.8_p=1_q=4_20251025-080032
12800,1.0,0.8,1,4,posthoc_web,fz,var,0.0,n=12800_bz=1.0_cv1=0.8_p=1_q=4_20251025-080032
12800,1.0,0.8,1,4,posthoc_web,fr,mspe,0.00500565,n=12800_bz=1.0_cv1=0.8_p=1_q=4_20251025-080032
12800,1.0,0.8,1,4,posthoc_web,fr,bias2,0.0044765593,n=12800_bz=1.0_cv1=0.8_p=1_q=4_20251025-080032
12800,1.0,0.8,1,4,posthoc_web,fr,var,0.00052909163,n=12800_bz=1.0_cv1=0.8_p=1_q=4_20251025-080032
12800,1.0,0.8,1,512,base,y,mspe,1.0176256,n=12800_bz=1.0_cv1=0.8_p=1_q=512_20251025-100142
12800,1.0,0.8,1,512,base,y,bias2,1.0167346,n=12800_bz=1.0_cv1=0.8_p=1_q=512_20251025-100142
12800,1.0,0.8,1,512,base,y,var,0.00089111004,n=12800_bz=1.0_cv1=0.8_p=1_q=512_20251025-100142
12800,1.0,0.8,1,512,base,fx,mspe,0.073045224,n=12800_bz=1.0_cv1=0.8_p=1_q=512_20251025-100142
12800,1.0,0.8,1,512,base,fx,bias2,0.072275646,n=12800_bz=1.0_cv1=0.8_p=1_q=512_20251025-100142
12800,1.0,0.8,1,512,base,fx,var,0.00076958316,n=12800_bz=1.0_cv1=0.8_p=1_q=512_20251025-100142
12800,1.0,0.8,1,512,base,fz,mspe,0.07795459,n=12800_bz=1.0_cv1=0.8_p=1_q=512_20251025-100142
12800,1.0,0.8,1,512,base,fz,bias2,0.07795459,n=12800_bz=1.0_cv1=0.8_p=1_q=512_20251025-100142
12800,1.0,0.8,1,512,base,fz,var,0.0,n=12800_bz=1.0_cv1=0.8_p=1_q=512_20251025-100142
12800,1.0,0.8,1,512,base,fr,mspe,0.16530769,n=12800_bz=1.0_cv1=0.8_p=1_q=512_20251025-100142
12800,1.0,0.8,1,512,base,fr,bias2,0.16453812,n=12800_bz=1.0_cv1=0.8_p=1_q=512_20251025-100142
12800,1.0,0.8,1,512,base,fr,var,0.00076958316,n=12800_bz=1.0_cv1=0.8_p=1_q=512_20251025-100142
12800,1.0,0.8,1,512,posthoc,y,mspe,1.0044923,n=12800_bz=1.0_cv1=0.8_p=1_q=512_20251025-100142
12800,1.0,0.8,1,512,posthoc,y,bias2,1.0028077,n=12800_bz=1.0_cv1=0.8_p=1_q=512_20251025-100142
12800,1.0,0.8,1,512,posthoc,y,var,0.0016845004,n=12800_bz=1.0_cv1=0.8_p=1_q=512_20251025-100142
12800,1.0,0.8,1,512,posthoc,fx,mspe,0.0044325804,n=12800_bz=1.0_cv1=0.8_p=1_q=512_20251025-100142
12800,1.0,0.8,1,512,posthoc,fx,bias2,4.5590325e-05,n=12800_bz=1.0_cv1=0.8_p=1_q=512_20251025-100142
12800,1.0,0.8,1,512,posthoc,fx,var,0.0043869903,n=12800_bz=1.0_cv1=0.8_p=1_q=512_20251025-100142
12800,1.0,0.8,1,512,posthoc,fz,mspe,0.0030188106,n=12800_bz=1.0_cv1=0.8_p=1_q=512_20251025-100142
12800,1.0,0.8,1,512,posthoc,fz,bias2,2.4474382e-05,n=12800_bz=1.0_cv1=0.8_p=1_q=512_20251025-100142
12800,1.0,0.8,1,512,posthoc,fz,var,0.0029943362,n=12800_bz=1.0_cv1=0.8_p=1_q=512_20251025-100142
12800,1.0,0.8,1,512,posthoc,fr,mspe,0.02497687,n=12800_bz=1.0_cv1=0.8_p=1_q=512_20251025-100142
12800,1.0,0.8,1,512,posthoc,fr,bias2,0.02058988,n=12800_bz=1.0_cv1=0.8_p=1_q=512_20251025-100142
12800,1.0,0.8,1,512,posthoc,fr,var,0.0043869903,n=12800_bz=1.0_cv1=0.8_p=1_q=512_20251025-100142
12800,1.0,0.8,1,512,posthoc_orth,y,mspe,1.0044484,n=12800_bz=1.0_cv1=0.8_p=1_q=512_20251025-100142
12800,1.0,0.8,1,512,posthoc_orth,y,bias2,1.0027575,n=12800_bz=1.0_cv1=0.8_p=1_q=512_20251025-100142
12800,1.0,0.8,1,512,posthoc_orth,y,var,0.0016908766,n=12800_bz=1.0_cv1=0.8_p=1_q=512_20251025-100142
12800,1.0,0.8,1,512,posthoc_orth,fx,mspe,0.021002471,n=12800_bz=1.0_cv1=0.8_p=1_q=512_20251025-100142
12800,1.0,0.8,1,512,posthoc_orth,fx,bias2,0.019555544,n=12800_bz=1.0_cv1=0.8_p=1_q=512_20251025-100142
12800,1.0,0.8,1,512,posthoc_orth,fx,var,0.0014469267,n=12800_bz=1.0_cv1=0.8_p=1_q=512_20251025-100142
12800,1.0,0.8,1,512,posthoc_orth,fz,mspe,0.019383427,n=12800_bz=1.0_cv1=0.8_p=1_q=512_20251025-100142
12800,1.0,0.8,1,512,posthoc_orth,fz,bias2,0.019228647,n=12800_bz=1.0_cv1=0.8_p=1_q=512_20251025-100142
12800,1.0,0.8,1,512,posthoc_orth,fz,var,0.00015478229,n=12800_bz=1.0_cv1=0.8_p=1_q=512_20251025-100142
12800,1.0,0.8,1,512,posthoc_orth,fr,mspe,0.0014775507,n=12800_bz=1.0_cv1=0.8_p=1_q=512_20251025-100142
12800,1.0,0.8,1,512,posthoc_orth,fr,bias2,3.0623953e-05,n=12800_bz=1.0_cv1=0.8_p=1_q=512_20251025-100142
12800,1.0,0.8,1,512,posthoc_orth,fr,var,0.0014469267,n=12800_bz=1.0_cv1=0.8_p=1_q=512_20251025-100142
12800,1.0,0.8,1,512,posthoc_web,y,mspe,1.2135758,n=12800_bz=1.0_cv1=0.8_p=1_q=512_20251025-100142
12800,1.0,0.8,1,512,posthoc_web,y,bias2,1.212801,n=12800_bz=1.0_cv1=0.8_p=1_q=512_20251025-100142
12800,1.0,0.8,1,512,posthoc_web,y,var,0.0007749385,n=12800_bz=1.0_cv1=0.8_p=1_q=512_20251025-100142
12800,1.0,0.8,1,512,posthoc_web,fx,mspe,0.024738895,n=12800_bz=1.0_cv1=0.8_p=1_q=512_20251025-100142
12800,1.0,0.8,1,512,posthoc_web,fx,bias2,0.024134208,n=12800_bz=1.0_cv1=0.8_p=1_q=512_20251025-100142
12800,1.0,0.8,1,512,posthoc_web,fx,var,0.0006046866,n=12800_bz=1.0_cv1=0.8_p=1_q=512_20251025-100142
12800,1.0,0.8,1,512,posthoc_web,fz,mspe,0.07795459,n=12800_bz=1.0_cv1=0.8_p=1_q=512_20251025-100142
12800,1.0,0.8,1,512,posthoc_web,fz,bias2,0.07795459,n=12800_bz=1.0_cv1=0.8_p=1_q=512_20251025-100142
12800,1.0,0.8,1,512,posthoc_web,fz,var,0.0,n=12800_bz=1.0_cv1=0.8_p=1_q=512_20251025-100142
12800,1.0,0.8,1,512,posthoc_web,fr,mspe,0.0049402816,n=12800_bz=1.0_cv1=0.8_p=1_q=512_20251025-100142
12800,1.0,0.8,1,512,posthoc_web,fr,bias2,0.004335595,n=12800_bz=1.0_cv1=0.8_p=1_q=512_20251025-100142
12800,1.0,0.8,1,512,posthoc_web,fr,var,0.0006046866,n=12800_bz=1.0_cv1=0.8_p=1_q=512_20251025-100142
12800,1.0,0.8,1,64,base,y,mspe,1.0176052,n=12800_bz=1.0_cv1=0.8_p=1_q=64_20251025-090621
12800,1.0,0.8,1,64,base,y,bias2,1.0167496,n=12800_bz=1.0_cv1=0.8_p=1_q=64_20251025-090621
12800,1.0,0.8,1,64,base,y,var,0.0008555984,n=12800_bz=1.0_cv1=0.8_p=1_q=64_20251025-090621
12800,1.0,0.8,1,64,base,fx,mspe,0.07398477,n=12800_bz=1.0_cv1=0.8_p=1_q=64_20251025-090621
12800,1.0,0.8,1,64,base,fx,bias2,0.07325027,n=12800_bz=1.0_cv1=0.8_p=1_q=64_20251025-090621
12800,1.0,0.8,1,64,base,fx,var,0.0007344929,n=12800_bz=1.0_cv1=0.8_p=1_q=64_20251025-090621
12800,1.0,0.8,1,64,base,fz,mspe,0.07795459,n=12800_bz=1.0_cv1=0.8_p=1_q=64_20251025-090621
12800,1.0,0.8,1,64,base,fz,bias2,0.07795459,n=12800_bz=1.0_cv1=0.8_p=1_q=64_20251025-090621
12800,1.0,0.8,1,64,base,fz,var,0.0,n=12800_bz=1.0_cv1=0.8_p=1_q=64_20251025-090621
12800,1.0,0.8,1,64,base,fr,mspe,0.16671832,n=12800_bz=1.0_cv1=0.8_p=1_q=64_20251025-090621
12800,1.0,0.8,1,64,base,fr,bias2,0.16598383,n=12800_bz=1.0_cv1=0.8_p=1_q=64_20251025-090621
12800,1.0,0.8,1,64,base,fr,var,0.0007344929,n=12800_bz=1.0_cv1=0.8_p=1_q=64_20251025-090621
12800,1.0,0.8,1,64,posthoc,y,mspe,1.0042856,n=12800_bz=1.0_cv1=0.8_p=1_q=64_20251025-090621
12800,1.0,0.8,1,64,posthoc,y,bias2,1.0029904,n=12800_bz=1.0_cv1=0.8_p=1_q=64_20251025-090621
12800,1.0,0.8,1,64,posthoc,y,var,0.0012951483,n=12800_bz=1.0_cv1=0.8_p=1_q=64_20251025-090621
12800,1.0,0.8,1,64,posthoc,fx,mspe,0.0038532661,n=12800_bz=1.0_cv1=0.8_p=1_q=64_20251025-090621
12800,1.0,0.8,1,64,posthoc,fx,bias2,7.4933385e-05,n=12800_bz=1.0_cv1=0.8_p=1_q=64_20251025-090621
12800,1.0,0.8,1,64,posthoc,fx,var,0.0037783328,n=12800_bz=1.0_cv1=0.8_p=1_q=64_20251025-090621
12800,1.0,0.8,1,64,posthoc,fz,mspe,0.0027895237,n=12800_bz=1.0_cv1=0.8_p=1_q=64_20251025-090621
12800,1.0,0.8,1,64,posthoc,fz,bias2,3.4290446e-05,n=12800_bz=1.0_cv1=0.8_p=1_q=64_20251025-090621
12800,1.0,0.8,1,64,posthoc,fz,var,0.0027552333,n=12800_bz=1.0_cv1=0.8_p=1_q=64_20251025-090621
12800,1.0,0.8,1,64,posthoc,fr,mspe,0.024675876,n=12800_bz=1.0_cv1=0.8_p=1_q=64_20251025-090621
12800,1.0,0.8,1,64,posthoc,fr,bias2,0.020897541,n=12800_bz=1.0_cv1=0.8_p=1_q=64_20251025-090621
12800,1.0,0.8,1,64,posthoc,fr,var,0.0037783328,n=12800_bz=1.0_cv1=0.8_p=1_q=64_20251025-090621
12800,1.0,0.8,1,64,posthoc_orth,y,mspe,1.0042853,n=12800_bz=1.0_cv1=0.8_p=1_q=64_20251025-090621
12800,1.0,0.8,1,64,posthoc_orth,y,bias2,1.0029902,n=12800_bz=1.0_cv1=0.8_p=1_q=64_20251025-090621
12800,1.0,0.8,1,64,posthoc_orth,y,var,0.0012951277,n=12800_bz=1.0_cv1=0.8_p=1_q=64_20251025-090621
12800,1.0,0.8,1,64,posthoc_orth,fx,mspe,0.020624898,n=12800_bz=1.0_cv1=0.8_p=1_q=64_20251025-090621
12800,1.0,0.8,1,64,posthoc_orth,fx,bias2,0.019571405,n=12800_bz=1.0_cv1=0.8_p=1_q=64_20251025-090621
12800,1.0,0.8,1,64,posthoc_orth,fx,var,0.0010534951,n=12800_bz=1.0_cv1=0.8_p=1_q=64_20251025-090621
12800,1.0,0.8,1,64,posthoc_orth,fz,mspe,0.019383484,n=12800_bz=1.0_cv1=0.8_p=1_q=64_20251025-090621
12800,1.0,0.8,1,64,posthoc_orth,fz,bias2,0.0192287,n=12800_bz=1.0_cv1=0.8_p=1_q=64_20251025-090621
12800,1.0,0.8,1,64,posthoc_orth,fz,var,0.00015478389,n=12800_bz=1.0_cv1=0.8_p=1_q=64_20251025-090621
12800,1.0,0.8,1,64,posthoc_orth,fr,mspe,0.0011057087,n=12800_bz=1.0_cv1=0.8_p=1_q=64_20251025-090621
12800,1.0,0.8,1,64,posthoc_orth,fr,bias2,5.2213534e-05,n=12800_bz=1.0_cv1=0.8_p=1_q=64_20251025-090621
12800,1.0,0.8,1,64,posthoc_orth,fr,var,0.0010534951,n=12800_bz=1.0_cv1=0.8_p=1_q=64_20251025-090621
12800,1.0,0.8,1,64,posthoc_web,y,mspe,1.2138221,n=12800_bz=1.0_cv1=0.8_p=1_q=64_20251025-090621
12800,1.0,0.8,1,64,posthoc_web,y,bias2,1.2130588,n=12800_bz=1.0_cv1=0.8_p=1_q=64_20251025-090621
12800,1.0,0.8,1,64,posthoc_web,y,var,0.0007633349,n=12800_bz=1.0_cv1=0.8_p=1_q=64_20251025-090621
12800,1.0,0.8,1,64,posthoc_web,fx,mspe,0.024850592,n=12800_bz=1.0_cv1=0.8_p=1_q=64_20251025-090621
12800,1.0,0.8,1,64,posthoc_web,fx,bias2,0.02425779,n=12800_bz=1.0_cv1=0.8_p=1_q=64_20251025-090621
12800,1.0,0.8,1,64,posthoc_web,fx,var,0.0005928016,n=12800_bz=1.0_cv1=0.8_p=1_q=64_20251025-090621
12800,1.0,0.8,1,64,posthoc_web,fz,mspe,0.07795459,n=12800_bz=1.0_cv1=0.8_p=1_q=64_20251025-090621
12800,1.0,0.8,1,64,posthoc_web,fz,bias2,0.07795459,n=12800_bz=1.0_cv1=0.8_p=1_q=64_20251025-090621
12800,1.0,0.8,1,64,posthoc_web,fz,var,0.0,n=12800_bz=1.0_cv1=0.8_p=1_q=64_20251025-090621
12800,1.0,0.8,1,64,posthoc_web,fr,mspe,0.0050211595,n=12800_bz=1.0_cv1=0.8_p=1_q=64_20251025-090621
12800,1.0,0.8,1,64,posthoc_web,fr,bias2,0.0044283583,n=12800_bz=1.0_cv1=0.8_p=1_q=64_20251025-090621
12800,1.0,0.8,1,64,posthoc_web,fr,var,0.0005928016,n=12800_bz=1.0_cv1=0.8_p=1_q=64_20251025-090621
12800,1.0,0.8,1,8,base,y,mspe,1.0176967,n=12800_bz=1.0_cv1=0.8_p=1_q=8_20251025-081756
12800,1.0,0.8,1,8,base,y,bias2,1.0169302,n=12800_bz=1.0_cv1=0.8_p=1_q=8_20251025-081756
12800,1.0,0.8,1,8,base,y,var,0.0007663986,n=12800_bz=1.0_cv1=0.8_p=1_q=8_20251025-081756
12800,1.0,0.8,1,8,base,fx,mspe,0.07372577,n=12800_bz=1.0_cv1=0.8_p=1_q=8_20251025-081756
12800,1.0,0.8,1,8,base,fx,bias2,0.073080175,n=12800_bz=1.0_cv1=0.8_p=1_q=8_20251025-081756
12800,1.0,0.8,1,8,base,fx,var,0.000645593,n=12800_bz=1.0_cv1=0.8_p=1_q=8_20251025-081756
12800,1.0,0.8,1,8,base,fz,mspe,0.07795459,n=12800_bz=1.0_cv1=0.8_p=1_q=8_20251025-081756
12800,1.0,0.8,1,8,base,fz,bias2,0.07795459,n=12800_bz=1.0_cv1=0.8_p=1_q=8_20251025-081756
12800,1.0,0.8,1,8,base,fz,var,0.0,n=12800_bz=1.0_cv1=0.8_p=1_q=8_20251025-081756
12800,1.0,0.8,1,8,base,fr,mspe,0.16634123,n=12800_bz=1.0_cv1=0.8_p=1_q=8_20251025-081756
12800,1.0,0.8,1,8,base,fr,bias2,0.16569562,n=12800_bz=1.0_cv1=0.8_p=1_q=8_20251025-081756
12800,1.0,0.8,1,8,base,fr,var,0.000645593,n=12800_bz=1.0_cv1=0.8_p=1_q=8_20251025-081756
12800,1.0,0.8,1,8,posthoc,y,mspe,1.0047773,n=12800_bz=1.0_cv1=0.8_p=1_q=8_20251025-081756
12800,1.0,0.8,1,8,posthoc,y,bias2,1.0037417,n=12800_bz=1.0_cv1=0.8_p=1_q=8_20251025-081756
12800,1.0,0.8,1,8,posthoc,y,var,0.0010356213,n=12800_bz=1.0_cv1=0.8_p=1_q=8_20251025-081756
12800,1.0,0.8,1,8,posthoc,fx,mspe,0.003680758,n=12800_bz=1.0_cv1=0.8_p=1_q=8_20251025-081756
12800,1.0,0.8,1,8,posthoc,fx,bias2,0.00029188237,n=12800_bz=1.0_cv1=0.8_p=1_q=8_20251025-081756
12800,1.0,0.8,1,8,posthoc,fx,var,0.0033888756,n=12800_bz=1.0_cv1=0.8_p=1_q=8_20251025-081756
12800,1.0,0.8,1,8,posthoc,fz,mspe,0.0028508254,n=12800_bz=1.0_cv1=0.8_p=1_q=8_20251025-081756
12800,1.0,0.8,1,8,posthoc,fz,bias2,0.00017374981,n=12800_bz=1.0_cv1=0.8_p=1_q=8_20251025-081756
12800,1.0,0.8,1,8,posthoc,fz,var,0.0026770758,n=12800_bz=1.0_cv1=0.8_p=1_q=8_20251025-081756
12800,1.0,0.8,1,8,posthoc,fr,mspe,0.02652915,n=12800_bz=1.0_cv1=0.8_p=1_q=8_20251025-081756
12800,1.0,0.8,1,8,posthoc,fr,bias2,0.023140274,n=12800_bz=1.0_cv1=0.8_p=1_q=8_20251025-081756
12800,1.0,0.8,1,8,posthoc,fr,var,0.0033888756,n=12800_bz=1.0_cv1=0.8_p=1_q=8_20251025-081756
12800,1.0,0.8,1,8,posthoc_orth,y,mspe,1.0047793,n=12800_bz=1.0_cv1=0.8_p=1_q=8_20251025-081756
12800,1.0,0.8,1,8,posthoc_orth,y,bias2,1.0037439,n=12800_bz=1.0_cv1=0.8_p=1_q=8_20251025-081756
12800,1.0,0.8,1,8,posthoc_orth,y,var,0.0010354116,n=12800_bz=1.0_cv1=0.8_p=1_q=8_20251025-081756
12800,1.0,0.8,1,8,posthoc_orth,fx,mspe,0.020487975,n=12800_bz=1.0_cv1=0.8_p=1_q=8_20251025-081756
12800,1.0,0.8,1,8,posthoc_orth,fx,bias2,0.019691773,n=12800_bz=1.0_cv1=0.8_p=1_q=8_20251025-081756
12800,1.0,0.8,1,8,posthoc_orth,fx,var,0.0007962023,n=12800_bz=1.0_cv1=0.8_p=1_q=8_20251025-081756
12800,1.0,0.8,1,8,posthoc_orth,fz,mspe,0.019383647,n=12800_bz=1.0_cv1=0.8_p=1_q=8_20251025-081756
12800,1.0,0.8,1,8,posthoc_orth,fz,bias2,0.019228868,n=12800_bz=1.0_cv1=0.8_p=1_q=8_20251025-081756
12800,1.0,0.8,1,8,posthoc_orth,fz,var,0.00015477903,n=12800_bz=1.0_cv1=0.8_p=1_q=8_20251025-081756
12800,1.0,0.8,1,8,posthoc_orth,fr,mspe,0.00094372197,n=12800_bz=1.0_cv1=0.8_p=1_q=8_20251025-081756
12800,1.0,0.8,1,8,posthoc_orth,fr,bias2,0.00014751963,n=12800_bz=1.0_cv1=0.8_p=1_q=8_20251025-081756
12800,1.0,0.8,1,8,posthoc_orth,fr,var,0.0007962023,n=12800_bz=1.0_cv1=0.8_p=1_q=8_20251025-081756
12800,1.0,0.8,1,8,posthoc_web,y,mspe,1.2139668,n=12800_bz=1.0_cv1=0.8_p=1_q=8_20251025-081756
12800,1.0,0.8,1,8,posthoc_web,y,bias2,1.2132744,n=12800_bz=1.0_cv1=0.8_p=1_q=8_20251025-081756
12800,1.0,0.8,1,8,posthoc_web,y,var,0.0006925932,n=12800_bz=1.0_cv1=0.8_p=1_q=8_20251025-081756
12800,1.0,0.8,1,8,posthoc_web,fx,mspe,0.024854455,n=12800_bz=1.0_cv1=0.8_p=1_q=8_20251025-081756
12800,1.0,0.8,1,8,posthoc_web,fx,bias2,0.024331989,n=12800_bz=1.0_cv1=0.8_p=1_q=8_20251025-081756
12800,1.0,0.8,1,8,posthoc_web,fx,var,0.0005224676,n=12800_bz=1.0_cv1=0.8_p=1_q=8_20251025-081756
12800,1.0,0.8,1,8,posthoc_web,fz,mspe,0.07795459,n=12800_bz=1.0_cv1=0.8_p=1_q=8_20251025-081756
12800,1.0,0.8,1,8,posthoc_web,fz,bias2,0.07795459,n=12800_bz=1.0_cv1=0.8_p=1_q=8_20251025-081756
12800,1.0,0.8,1,8,posthoc_web,fz,var,0.0,n=12800_bz=1.0_cv1=0.8_p=1_q=8_20251025-081756
12800,1.0,0.8,1,8,posthoc_web,fr,mspe,0.005002978,n=12800_bz=1.0_cv1=0.8_p=1_q=8_20251025-081756
12800,1.0,0.8,1,8,posthoc_web,fr,bias2,0.00448051,n=12800_bz=1.0_cv1=0.8_p=1_q=8_20251025-081756
12800,1.0,0.8,1,8,posthoc_web,fr,var,0.0005224676,n=12800_bz=1.0_cv1=0.8_p=1_q=8_20251025-081756
1600,1.0,0.8,1,1024,base,y,mspe,1.0225611,n=1600_bz=1.0_cv1=0.8_p=1_q=1024_20251025-045717
1600,1.0,0.8,1,1024,base,y,bias2,1.017252,n=1600_bz=1.0_cv1=0.8_p=1_q=1024_20251025-045717
1600,1.0,0.8,1,1024,base,y,var,0.005309124,n=1600_bz=1.0_cv1=0.8_p=1_q=1024_20251025-045717
1600,1.0,0.8,1,1024,base,fx,mspe,0.0760973,n=1600_bz=1.0_cv1=0.8_p=1_q=1024_20251025-045717
1600,1.0,0.8,1,1024,base,fx,bias2,0.07177381,n=1600_bz=1.0_cv1=0.8_p=1_q=1024_20251025-045717
1600,1.0,0.8,1,1024,base,fx,var,0.0043234862,n=1600_bz=1.0_cv1=0.8_p=1_q=1024_20251025-045717
1600,1.0,0.8,1,1024,base,fz,mspe,0.07795459,n=1600_bz=1.0_cv1=0.8_p=1_q=1024_20251025-045717
1600,1.0,0.8,1,1024,base,fz,bias2,0.07795459,n=1600_bz=1.0_cv1=0.8_p=1_q=1024_20251025-045717
1600,1.0,0.8,1,1024,base,fz,var,0.0,n=1600_bz=1.0_cv1=0.8_p=1_q=1024_20251025-045717
1600,1.0,0.8,1,1024,base,fr,mspe,0.16800807,n=1600_bz=1.0_cv1=0.8_p=1_q=1024_20251025-045717
1600,1.0,0.8,1,1024,base,fr,bias2,0.16368458,n=1600_bz=1.0_cv1=0.8_p=1_q=1024_20251025-045717
1600,1.0,0.8,1,1024,base,fr,var,0.0043234862,n=1600_bz=1.0_cv1=0.8_p=1_q=1024_20251025-045717
1600,1.0,0.8,1,1024,posthoc,y,mspe,1.0187432,n=1600_bz=1.0_cv1=0.8_p=1_q=1024_20251025-045717
1600,1.0,0.8,1,1024,posthoc,y,bias2,1.0134236,n=1600_bz=1.0_cv1=0.8_p=1_q=1024_20251025-045717
1600,1.0,0.8,1,1024,posthoc,y,var,0.005319581,n=1600_bz=1.0_cv1=0.8_p=1_q=1024_20251025-045717
1600,1.0,0.8,1,1024,posthoc,fx,mspe,0.032157306,n=1600_bz=1.0_cv1=0.8_p=1_q=1024_20251025-045717
1600,1.0,0.8,1,1024,posthoc,fx,bias2,0.025556672,n=1600_bz=1.0_cv1=0.8_p=1_q=1024_20251025-045717
1600,1.0,0.8,1,1024,posthoc,fx,var,0.0066006333,n=1600_bz=1.0_cv1=0.8_p=1_q=1024_20251025-045717
1600,1.0,0.8,1,1024,posthoc,fz,mspe,0.04211383,n=1600_bz=1.0_cv1=0.8_p=1_q=1024_20251025-045717
1600,1.0,0.8,1,1024,posthoc,fz,bias2,0.038235053,n=1600_bz=1.0_cv1=0.8_p=1_q=1024_20251025-045717
1600,1.0,0.8,1,1024,posthoc,fz,var,0.0038787755,n=1600_bz=1.0_cv1=0.8_p=1_q=1024_20251025-045717
1600,1.0,0.8,1,1024,posthoc,fr,mspe,0.09367484,n=1600_bz=1.0_cv1=0.8_p=1_q=1024_20251025-045717
1600,1.0,0.8,1,1024,posthoc,fr,bias2,0.087074205,n=1600_bz=1.0_cv1=0.8_p=1_q=1024_20251025-045717
1600,1.0,0.8,1,1024,posthoc,fr,var,0.0066006333,n=1600_bz=1.0_cv1=0.8_p=1_q=1024_20251025-045717
1600,1.0,0.8,1,1024,posthoc_orth,y,mspe,1.0191504,n=1600_bz=1.0_cv1=0.8_p=1_q=1024_20251025-045717
1600,1.0,0.8,1,1024,posthoc_orth,y,bias2,1.0138947,n=1600_bz=1.0_cv1=0.8_p=1_q=1024_20251025-045717
1600,1.0,0.8,1,1024,posthoc_orth,y,var,0.0052557434,n=1600_bz=1.0_cv1=0.8_p=1_q=1024_20251025-045717
1600,1.0,0.8,1,1024,posthoc_orth,fx,mspe,0.025895001,n=1600_bz=1.0_cv1=0.8_p=1_q=1024_20251025-045717
1600,1.0,0.8,1,1024,posthoc_orth,fx,bias2,0.022922657,n=1600_bz=1.0_cv1=0.8_p=1_q=1024_20251025-045717
1600,1.0,0.8,1,1024,posthoc_orth,fx,var,0.002972341,n=1600_bz=1.0_cv1=0.8_p=1_q=1024_20251025-045717
1600,1.0,0.8,1,1024,posthoc_orth,fz,mspe,0.010216208,n=1600_bz=1.0_cv1=0.8_p=1_q=1024_20251025-045717
1600,1.0,0.8,1,1024,posthoc_orth,fz,bias2,0.0086708935,n=1600_bz=1.0_cv1=0.8_p=1_q=1024_20251025-045717
1600,1.0,0.8,1,1024,posthoc_orth,fz,var,0.001545314,n=1600_bz=1.0_cv1=0.8_p=1_q=1024_20251025-045717
1600,1.0,0.8,1,1024,posthoc_orth,fr,mspe,0.0060268557,n=1600_bz=1.0_cv1=0.8_p=1_q=1024_20251025-045717
1600,1.0,0.8,1,1024,posthoc_orth,fr,bias2,0.0030545148,n=1600_bz=1.0_cv1=0.8_p=1_q=1024_20251025-045717
1600,1.0,0.8,1,1024,posthoc_orth,fr,var,0.002972341,n=1600_bz=1.0_cv1=0.8_p=1_q=1024_20251025-045717
1600,1.0,0.8,1,1024,posthoc_web,y,mspe,1.2197471,n=1600_bz=1.0_cv1=0.8_p=1_q=1024_20251025-045717
1600,1.0,0.8,1,1024,posthoc_web,y,bias2,1.2152365,n=1600_bz=1.0_cv1=0.8_p=1_q=1024_20251025-045717
1600,1.0,0.8,1,1024,posthoc_web,y,var,0.0045105503,n=1600_bz=1.0_cv1=0.8_p=1_q=1024_20251025-045717
1600,1.0,0.8,1,1024,posthoc_web,fx,mspe,0.027959986,n=1600_bz=1.0_cv1=0.8_p=1_q=1024_20251025-045717
1600,1.0,0.8,1,1024,posthoc_web,fx,bias2,0.024937853,n=1600_bz=1.0_cv1=0.8_p=1_q=1024_20251025-045717
1600,1.0,0.8,1,1024,posthoc_web,fx,var,0.0030221322,n=1600_bz=1.0_cv1=0.8_p=1_q=1024_20251025-045717
1600,1.0,0.8,1,1024,posthoc_web,fz,mspe,0.07795459,n=1600_bz=1.0_cv1=0.8_p=1_q=1024_20251025-045717
1600,1.0,0.8,1,1024,posthoc_web,fz,bias2,0.07795459,n=1600_bz=1.0_cv1=0.8_p=1_q=1024_20251025-045717
1600,1.0,0.8,1,1024,posthoc_web,fz,var,0.0,n=1600_bz=1.0_cv1=0.8_p=1_q=1024_20251025-045717
1600,1.0,0.8,1,1024,posthoc_web,fr,mspe,0.007522473,n=1600_bz=1.0_cv1=0.8_p=1_q=1024_20251025-045717
1600,1.0,0.8,1,1024,posthoc_web,fr,bias2,0.0045003416,n=1600_bz=1.0_cv1=0.8_p=1_q=1024_20251025-045717
1600,1.0,0.8,1,1024,posthoc_web,fr,var,0.0030221322,n=1600_bz=1.0_cv1=0.8_p=1_q=1024_20251025-045717
1600,1.0,0.8,1,128,base,y,mspe,1.02231,n=1600_bz=1.0_cv1=0.8_p=1_q=128_20251025-043729
1600,1.0,0.8,1,128,base,y,bias2,1.0172588,n=1600_bz=1.0_cv1=0.8_p=1_q=128_20251025-043729
1600,1.0,0.8,1,128,base,y,var,0.0050513097,n=1600_bz=1.0_cv1=0.8_p=1_q=128_20251025-043729
1600,1.0,0.8,1,128,base,fx,mspe,0.07603247,n=1600_bz=1.0_cv1=0.8_p=1_q=128_20251025-043729
1600,1.0,0.8,1,128,base,fx,bias2,0.07198637,n=1600_bz=1.0_cv1=0.8_p=1_q=128_20251025-043729
1600,1.0,0.8,1,128,base,fx,var,0.0040460974,n=1600_bz=1.0_cv1=0.8_p=1_q=128_20251025-043729
1600,1.0,0.8,1,128,base,fz,mspe,0.07795459,n=1600_bz=1.0_cv1=0.8_p=1_q=128_20251025-043729
1600,1.0,0.8,1,128,base,fz,bias2,0.07795459,n=1600_bz=1.0_cv1=0.8_p=1_q=128_20251025-043729
1600,1.0,0.8,1,128,base,fz,var,0.0,n=1600_bz=1.0_cv1=0.8_p=1_q=128_20251025-043729
1600,1.0,0.8,1,128,base,fr,mspe,0.16793606,n=1600_bz=1.0_cv1=0.8_p=1_q=128_20251025-043729
1600,1.0,0.8,1,128,base,fr,bias2,0.16388996,n=1600_bz=1.0_cv1=0.8_p=1_q=128_20251025-043729
1600,1.0,0.8,1,128,base,fr,var,0.0040460974,n=1600_bz=1.0_cv1=0.8_p=1_q=128_20251025-043729
1600,1.0,0.8,1,128,posthoc,y,mspe,1.0156442,n=1600_bz=1.0_cv1=0.8_p=1_q=128_20251025-043729
1600,1.0,0.8,1,128,posthoc,y,bias2,1.0085192,n=1600_bz=1.0_cv1=0.8_p=1_q=128_20251025-043729
1600,1.0,0.8,1,128,posthoc,y,var,0.007124963,n=1600_bz=1.0_cv1=0.8_p=1_q=128_20251025-043729
1600,1.0,0.8,1,128,posthoc,fx,mspe,0.037944634,n=1600_bz=1.0_cv1=0.8_p=1_q=128_20251025-043729
1600,1.0,0.8,1,128,posthoc,fx,bias2,0.01575733,n=1600_bz=1.0_cv1=0.8_p=1_q=128_20251025-043729
1600,1.0,0.8,1,128,posthoc,fx,var,0.022187306,n=1600_bz=1.0_cv1=0.8_p=1_q=128_20251025-043729
1600,1.0,0.8,1,128,posthoc,fz,mspe,0.037315972,n=1600_bz=1.0_cv1=0.8_p=1_q=128_20251025-043729
1600,1.0,0.8,1,128,posthoc,fz,bias2,0.016652586,n=1600_bz=1.0_cv1=0.8_p=1_q=128_20251025-043729
1600,1.0,0.8,1,128,posthoc,fz,var,0.020663386,n=1600_bz=1.0_cv1=0.8_p=1_q=128_20251025-043729
1600,1.0,0.8,1,128,posthoc,fr,mspe,0.09105189,n=1600_bz=1.0_cv1=0.8_p=1_q=128_20251025-043729
1600,1.0,0.8,1,128,posthoc,fr,bias2,0.06886459,n=1600_bz=1.0_cv1=0.8_p=1_q=128_20251025-043729
1600,1.0,0.8,1,128,posthoc,fr,var,0.022187306,n=1600_bz=1.0_cv1=0.8_p=1_q=128_20251025-043729
1600,1.0,0.8,1,128,posthoc_orth,y,mspe,1.0154073,n=1600_bz=1.0_cv1=0.8_p=1_q=128_20251025-043729
1600,1.0,0.8,1,128,posthoc_orth,y,bias2,1.0081733,n=1600_bz=1.0_cv1=0.8_p=1_q=128_20251025-043729
1600,1.0,0.8,1,128,posthoc_orth,y,var,0.0072339224,n=1600_bz=1.0_cv1=0.8_p=1_q=128_20251025-043729
1600,1.0,0.8,1,128,posthoc_orth,fx,mspe,0.026226327,n=1600_bz=1.0_cv1=0.8_p=1_q=128_20251025-043729
1600,1.0,0.8,1,128,posthoc_orth,fx,bias2,0.021228733,n=1600_bz=1.0_cv1=0.8_p=1_q=128_20251025-043729
1600,1.0,0.8,1,128,posthoc_orth,fx,var,0.0049975915,n=1600_bz=1.0_cv1=0.8_p=1_q=128_20251025-043729
1600,1.0,0.8,1,128,posthoc_orth,fz,mspe,0.019546375,n=1600_bz=1.0_cv1=0.8_p=1_q=128_20251025-043729
1600,1.0,0.8,1,128,posthoc_orth,fz,bias2,0.017960431,n=1600_bz=1.0_cv1=0.8_p=1_q=128_20251025-043729
1600,1.0,0.8,1,128,posthoc_orth,fz,var,0.0015859446,n=1600_bz=1.0_cv1=0.8_p=1_q=128_20251025-043729
1600,1.0,0.8,1,128,posthoc_orth,fr,mspe,0.006103424,n=1600_bz=1.0_cv1=0.8_p=1_q=128_20251025-043729
1600,1.0,0.8,1,128,posthoc_orth,fr,bias2,0.0011058322,n=1600_bz=1.0_cv1=0.8_p=1_q=128_20251025-043729
1600,1.0,0.8,1,128,posthoc_orth,fr,var,0.0049975915,n=1600_bz=1.0_cv1=0.8_p=1_q=128_20251025-043729
1600,1.0,0.8,1,128,posthoc_web,y,mspe,1.2194777,n=1600_bz=1.0_cv1=0.8_p=1_q=128_20251025-043729
1600,1.0,0.8,1,128,posthoc_web,y,bias2,1.2151092,n=1600_bz=1.0_cv1=0.8_p=1_q=128_20251025-043729
1600,1.0,0.8,1,128,posthoc_web,y,var,0.0043683792,n=1600_bz=1.0_cv1=0.8_p=1_q=128_20251025-043729
1600,1.0,0.8,1,128,posthoc_web,fx,mspe,0.027971288,n=1600_bz=1.0_cv1=0.8_p=1_q=128_20251025-043729
1600,1.0,0.8,1,128,posthoc_web,fx,bias2,0.025120711,n=1600_bz=1.0_cv1=0.8_p=1_q=128_20251025-043729
1600,1.0,0.8,1,128,posthoc_web,fx,var,0.0028505789,n=1600_bz=1.0_cv1=0.8_p=1_q=128_20251025-043729
1600,1.0,0.8,1,128,posthoc_web,fz,mspe,0.07795459,n=1600_bz=1.0_cv1=0.8_p=1_q=128_20251025-043729
1600,1.0,0.8,1,128,posthoc_web,fz,bias2,0.07795459,n=1600_bz=1.0_cv1=0.8_p=1_q=128_20251025-043729
1600,1.0,0.8,1,128,posthoc_web,fz,var,0.0,n=1600_bz=1.0_cv1=0.8_p=1_q=128_20251025-043729
1600,1.0,0.8,1,128,posthoc_web,fr,mspe,0.007575475,n=1600_bz=1.0_cv1=0.8_p=1_q=128_20251025-043729
1600,1.0,0.8,1,128,posthoc_web,fr,bias2,0.0047248965,n=1600_bz=1.0_cv1=0.8_p=1_q=128_20251025-043729
1600,1.0,0.8,1,128,posthoc_web,fr,var,0.0028505789,n=1600_bz=1.0_cv1=0.8_p=1_q=128_20251025-043729
1600,1.0,0.8,1,16,base,y,mspe,1.0216224,n=1600_bz=1.0_cv1=0.8_p=1_q=16_20251025-042446
1600,1.0,0.8,1,16,base,y,bias2,1.0172467,n=1600_bz=1.0_cv1=0.8_p=1_q=16_20251025-042446
1600,1.0,0.8,1,16,base,y,var,0.00437567,n=1600_bz=1.0_cv1=0.8_p=1_q=16_20251025-042446
1600,1.0,0.8,1,16,base,fx,mspe,0.07596152,n=1600_bz=1.0_cv1=0.8_p=1_q=16_20251025-042446
1600,1.0,0.8,1,16,base,fx,bias2,0.072578624,n=1600_bz=1.0_cv1=0.8_p=1_q=16_20251025-042446
1600,1.0,0.8,1,16,base,fx,var,0.0033829021,n=1600_bz=1.0_cv1=0.8_p=1_q=16_20251025-042446
1600,1.0,0.8,1,16,base,fz,mspe,0.07795459,n=1600_bz=1.0_cv1=0.8_p=1_q=16_20251025-042446
1600,1.0,0.8,1,16,base,fz,bias2,0.07795459,n=1600_bz=1.0_cv1=0.8_p=1_q=16_20251025-042446
1600,1.0,0.8,1,16,base,fz,var,0.0,n=1600_bz=1.0_cv1=0.8_p=1_q=16_20251025-042446
1600,1.0,0.8,1,16,base,fr,mspe,0.1681053,n=1600_bz=1.0_cv1=0.8_p=1_q=16_20251025-042446
1600,1.0,0.8,1,16,base,fr,bias2,0.16472238,n=1600_bz=1.0_cv1=0.8_p=1_q=16_20251025-042446
1600,1.0,0.8,1,16,base,fr,var,0.0033829021,n=1600_bz=1.0_cv1=0.8_p=1_q=16_20251025-042446
1600,1.0,0.8,1,16,posthoc,y,mspe,1.0150977,n=1600_bz=1.0_cv1=0.8_p=1_q=16_20251025-042446
1600,1.0,0.8,1,16,posthoc,y,bias2,1.0088328,n=1600_bz=1.0_cv1=0.8_p=1_q=16_20251025-042446
1600,1.0,0.8,1,16,posthoc,y,var,0.0062649506,n=1600_bz=1.0_cv1=0.8_p=1_q=16_20251025-042446
1600,1.0,0.8,1,16,posthoc,fx,mspe,0.0353581,n=1600_bz=1.0_cv1=0.8_p=1_q=16_20251025-042446
1600,1.0,0.8,1,16,posthoc,fx,bias2,0.014355404,n=1600_bz=1.0_cv1=0.8_p=1_q=16_20251025-042446
1600,1.0,0.8,1,16,posthoc,fx,var,0.021002697,n=1600_bz=1.0_cv1=0.8_p=1_q=16_20251025-042446
1600,1.0,0.8,1,16,posthoc,fz,mspe,0.033486538,n=1600_bz=1.0_cv1=0.8_p=1_q=16_20251025-042446
1600,1.0,0.8,1,16,posthoc,fz,bias2,0.01401974,n=1600_bz=1.0_cv1=0.8_p=1_q=16_20251025-042446
1600,1.0,0.8,1,16,posthoc,fz,var,0.0194668,n=1600_bz=1.0_cv1=0.8_p=1_q=16_20251025-042446
1600,1.0,0.8,1,16,posthoc,fr,mspe,0.086753696,n=1600_bz=1.0_cv1=0.8_p=1_q=16_20251025-042446
1600,1.0,0.8,1,16,posthoc,fr,bias2,0.065751,n=1600_bz=1.0_cv1=0.8_p=1_q=16_20251025-042446
1600,1.0,0.8,1,16,posthoc,fr,var,0.021002697,n=1600_bz=1.0_cv1=0.8_p=1_q=16_20251025-042446
1600,1.0,0.8,1,16,posthoc_orth,y,mspe,1.0149933,n=1600_bz=1.0_cv1=0.8_p=1_q=16_20251025-042446
1600,1.0,0.8,1,16,posthoc_orth,y,bias2,1.0087988,n=1600_bz=1.0_cv1=0.8_p=1_q=16_20251025-042446
1600,1.0,0.8,1,16,posthoc_orth,y,var,0.006194459,n=1600_bz=1.0_cv1=0.8_p=1_q=16_20251025-042446
1600,1.0,0.8,1,16,posthoc_orth,fx,mspe,0.025361164,n=1600_bz=1.0_cv1=0.8_p=1_q=16_20251025-042446
1600,1.0,0.8,1,16,posthoc_orth,fx,bias2,0.021415586,n=1600_bz=1.0_cv1=0.8_p=1_q=16_20251025-042446
1600,1.0,0.8,1,16,posthoc_orth,fx,var,0.003945579,n=1600_bz=1.0_cv1=0.8_p=1_q=16_20251025-042446
1600,1.0,0.8,1,16,posthoc_orth,fz,mspe,0.020599328,n=1600_bz=1.0_cv1=0.8_p=1_q=16_20251025-042446
1600,1.0,0.8,1,16,posthoc_orth,fz,bias2,0.018985962,n=1600_bz=1.0_cv1=0.8_p=1_q=16_20251025-042446
1600,1.0,0.8,1,16,posthoc_orth,fz,var,0.0016133667,n=1600_bz=1.0_cv1=0.8_p=1_q=16_20251025-042446
1600,1.0,0.8,1,16,posthoc_orth,fr,mspe,0.005232886,n=1600_bz=1.0_cv1=0.8_p=1_q=16_20251025-042446
1600,1.0,0.8,1,16,posthoc_orth,fr,bias2,0.0012873071,n=1600_bz=1.0_cv1=0.8_p=1_q=16_20251025-042446
1600,1.0,0.8,1,16,posthoc_orth,fr,var,0.003945579,n=1600_bz=1.0_cv1=0.8_p=1_q=16_20251025-042446
1600,1.0,0.8,1,16,posthoc_web,y,mspe,1.2189125,n=1600_bz=1.0_cv1=0.8_p=1_q=16_20251025-042446
1600,1.0,0.8,1,16,posthoc_web,y,bias2,1.21498,n=1600_bz=1.0_cv1=0.8_p=1_q=16_20251025-042446
1600,1.0,0.8,1,16,posthoc_web,y,var,0.003932546,n=1600_bz=1.0_cv1=0.8_p=1_q=16_20251025-042446
1600,1.0,0.8,1,16,posthoc_web,fx,mspe,0.027620703,n=1600_bz=1.0_cv1=0.8_p=1_q=16_20251025-042446
1600,1.0,0.8,1,16,posthoc_web,fx,bias2,0.025205052,n=1600_bz=1.0_cv1=0.8_p=1_q=16_20251025-042446
1600,1.0,0.8,1,16,posthoc_web,fx,var,0.002415651,n=1600_bz=1.0_cv1=0.8_p=1_q=16_20251025-042446
1600,1.0,0.8,1,16,posthoc_web,fz,mspe,0.07795459,n=1600_bz=1.0_cv1=0.8_p=1_q=16_20251025-042446
1600,1.0,0.8,1,16,posthoc_web,fz,bias2,0.07795459,n=1600_bz=1.0_cv1=0.8_p=1_q=16_20251025-042446
1600,1.0,0.8,1,16,posthoc_web,fz,var,0.0,n=1600_bz=1.0_cv1=0.8_p=1_q=16_20251025-042446
1600,1.0,0.8,1,16,posthoc_web,fr,mspe,0.0072852015,n=1600_bz=1.0_cv1=0.8_p=1_q=16_20251025-042446
1600,1.0,0.8,1,16,posthoc_web,fr,bias2,0.00486955,n=1600_bz=1.0_cv1=0.8_p=1_q=16_20251025-042446
1600,1.0,0.8,1,16,posthoc_web,fr,var,0.002415651,n=1600_bz=1.0_cv1=0.8_p=1_q=16_20251025-042446
1600,1.0,0.8,1,256,base,y,mspe,1.0223447,n=1600_bz=1.0_cv1=0.8_p=1_q=256_20251025-044207
1600,1.0,0.8,1,256,base,y,bias2,1.0172161,n=1600_bz=1.0_cv1=0.8_p=1_q=256_20251025-044207
1600,1.0,0.8,1,256,base,y,var,0.0051287306,n=1600_bz=1.0_cv1=0.8_p=1_q=256_20251025-044207
1600,1.0,0.8,1,256,base,fx,mspe,0.07495685,n=1600_bz=1.0_cv1=0.8_p=1_q=256_20251025-044207
1600,1.0,0.8,1,256,base,fx,bias2,0.070817664,n=1600_bz=1.0_cv1=0.8_p=1_q=256_20251025-044207
1600,1.0,0.8,1,256,base,fx,var,0.0041391817,n=1600_bz=1.0_cv1=0.8_p=1_q=256_20251025-044207
1600,1.0,0.8,1,256,base,fz,mspe,0.07795459,n=1600_bz=1.0_cv1=0.8_p=1_q=256_20251025-044207
1600,1.0,0.8,1,256,base,fz,bias2,0.07795459,n=1600_bz=1.0_cv1=0.8_p=1_q=256_20251025-044207
1600,1.0,0.8,1,256,base,fz,var,0.0,n=1600_bz=1.0_cv1=0.8_p=1_q=256_20251025-044207
1600,1.0,0.8,1,256,base,fr,mspe,0.1662975,n=1600_bz=1.0_cv1=0.8_p=1_q=256_20251025-044207
1600,1.0,0.8,1,256,base,fr,bias2,0.16215831,n=1600_bz=1.0_cv1=0.8_p=1_q=256_20251025-044207
1600,1.0,0.8,1,256,base,fr,var,0.0041391817,n=1600_bz=1.0_cv1=0.8_p=1_q=256_20251025-044207
1600,1.0,0.8,1,256,posthoc,y,mspe,1.0162383,n=1600_bz=1.0_cv1=0.8_p=1_q=256_20251025-044207
1600,1.0,0.8,1,256,posthoc,y,bias2,1.0090859,n=1600_bz=1.0_cv1=0.8_p=1_q=256_20251025-044207
1600,1.0,0.8,1,256,posthoc,y,var,0.0071524256,n=1600_bz=1.0_cv1=0.8_p=1_q=256_20251025-044207
1600,1.0,0.8,1,256,posthoc,fx,mspe,0.038810257,n=1600_bz=1.0_cv1=0.8_p=1_q=256_20251025-044207
1600,1.0,0.8,1,256,posthoc,fx,bias2,0.01663093,n=1600_bz=1.0_cv1=0.8_p=1_q=256_20251025-044207
1600,1.0,0.8,1,256,posthoc,fx,var,0.022179326,n=1600_bz=1.0_cv1=0.8_p=1_q=256_20251025-044207
1600,1.0,0.8,1,256,posthoc,fz,mspe,0.038934797,n=1600_bz=1.0_cv1=0.8_p=1_q=256_20251025-044207
1600,1.0,0.8,1,256,posthoc,fz,bias2,0.018829798,n=1600_bz=1.0_cv1=0.8_p=1_q=256_20251025-044207
1600,1.0,0.8,1,256,posthoc,fz,var,0.020104995,n=1600_bz=1.0_cv1=0.8_p=1_q=256_20251025-044207
1600,1.0,0.8,1,256,posthoc,fr,mspe,0.092783414,n=1600_bz=1.0_cv1=0.8_p=1_q=256_20251025-044207
1600,1.0,0.8,1,256,posthoc,fr,bias2,0.070604086,n=1600_bz=1.0_cv1=0.8_p=1_q=256_20251025-044207
1600,1.0,0.8,1,256,posthoc,fr,var,0.022179326,n=1600_bz=1.0_cv1=0.8_p=1_q=256_20251025-044207
1600,1.0,0.8,1,256,posthoc_orth,y,mspe,1.0161963,n=1600_bz=1.0_cv1=0.8_p=1_q=256_20251025-044207
1600,1.0,0.8,1,256,posthoc_orth,y,bias2,1.0090082,n=1600_bz=1.0_cv1=0.8_p=1_q=256_20251025-044207
1600,1.0,0.8,1,256,posthoc_orth,y,var,0.0071880296,n=1600_bz=1.0_cv1=0.8_p=1_q=256_20251025-044207
1600,1.0,0.8,1,256,posthoc_orth,fx,mspe,0.026472198,n=1600_bz=1.0_cv1=0.8_p=1_q=256_20251025-044207
1600,1.0,0.8,1,256,posthoc_orth,fx,bias2,0.021531804,n=1600_bz=1.0_cv1=0.8_p=1_q=256_20251025-044207
1600,1.0,0.8,1,256,posthoc_orth,fx,var,0.004940397,n=1600_bz=1.0_cv1=0.8_p=1_q=256_20251025-044207
1600,1.0,0.8,1,256,posthoc_orth,fz,mspe,0.018011553,n=1600_bz=1.0_cv1=0.8_p=1_q=256_20251025-044207
1600,1.0,0.8,1,256,posthoc_orth,fz,bias2,0.01640555,n=1600_bz=1.0_cv1=0.8_p=1_q=256_20251025-044207
1600,1.0,0.8,1,256,posthoc_orth,fz,var,0.0016060021,n=1600_bz=1.0_cv1=0.8_p=1_q=256_20251025-044207
1600,1.0,0.8,1,256,posthoc_orth,fr,mspe,0.006319155,n=1600_bz=1.0_cv1=0.8_p=1_q=256_20251025-044207
1600,1.0,0.8,1,256,posthoc_orth,fr,bias2,0.0013787587,n=1600_bz=1.0_cv1=0.8_p=1_q=256_20251025-044207
1600,1.0,0.8,1,256,posthoc_orth,fr,var,0.004940397,n=1600_bz=1.0_cv1=0.8_p=1_q=256_20251025-044207
1600,1.0,0.8,1,256,posthoc_web,y,mspe,1.2192645,n=1600_bz=1.0_cv1=0.8_p=1_q=256_20251025-044207
1600,1.0,0.8,1,256,posthoc_web,y,bias2,1.2147936,n=1600_bz=1.0_cv1=0.8_p=1_q=256_20251025-044207
1600,1.0,0.8,1,256,posthoc_web,y,var,0.004470849,n=1600_bz=1.0_cv1=0.8_p=1_q=256_20251025-044207
1600,1.0,0.8,1,256,posthoc_web,fx,mspe,0.027939,n=1600_bz=1.0_cv1=0.8_p=1_q=256_20251025-044207
1600,1.0,0.8,1,256,posthoc_web,fx,bias2,0.02496642,n=1600_bz=1.0_cv1=0.8_p=1_q=256_20251025-044207
1600,1.0,0.8,1,256,posthoc_web,fx,var,0.0029725777,n=1600_bz=1.0_cv1=0.8_p=1_q=256_20251025-044207
1600,1.0,0.8,1,256,posthoc_web,fz,mspe,0.07795459,n=1600_bz=1.0_cv1=0.8_p=1_q=256_20251025-044207
1600,1.0,0.8,1,256,posthoc_web,fz,bias2,0.07795459,n=1600_bz=1.0_cv1=0.8_p=1_q=256_20251025-044207
1600,1.0,0.8,1,256,posthoc_web,fz,var,0.0,n=1600_bz=1.0_cv1=0.8_p=1_q=256_20251025-044207
1600,1.0,0.8,1,256,posthoc_web,fr,mspe,0.007570447,n=1600_bz=1.0_cv1=0.8_p=1_q=256_20251025-044207
1600,1.0,0.8,1,256,posthoc_web,fr,bias2,0.0045978697,n=1600_bz=1.0_cv1=0.8_p=1_q=256_20251025-044207
1600,1.0,0.8,1,256,posthoc_web,fr,var,0.0029725777,n=1600_bz=1.0_cv1=0.8_p=1_q=256_20251025-044207
1600,1.0,0.8,1,2,base,y,mspe,1.0221483,n=1600_bz=1.0_cv1=0.8_p=1_q=2_20251025-041224
1600,1.0,0.8,1,2,base,y,bias2,1.0176347,n=1600_bz=1.0_cv1=0.8_p=1_q=2_20251025-041224
1600,1.0,0.8,1,2,base,y,var,0.004513505,n=1600_bz=1.0_cv1=0.8_p=1_q=2_20251025-041224
1600,1.0,0.8,1,2,base,fx,mspe,0.07564441,n=1600_bz=1.0_cv1=0.8_p=1_q=2_20251025-041224
1600,1.0,0.8,1,2,base,fx,bias2,0.07215884,n=1600_bz=1.0_cv1=0.8_p=1_q=2_20251025-041224
1600,1.0,0.8,1,2,base,fx,var,0.0034855625,n=1600_bz=1.0_cv1=0.8_p=1_q=2_20251025-041224
1600,1.0,0.8,1,2,base,fz,mspe,0.07795459,n=1600_bz=1.0_cv1=0.8_p=1_q=2_20251025-041224
1600,1.0,0.8,1,2,base,fz,bias2,0.07795459,n=1600_bz=1.0_cv1=0.8_p=1_q=2_20251025-041224
1600,1.0,0.8,1,2,base,fz,var,0.0,n=1600_bz=1.0_cv1=0.8_p=1_q=2_20251025-041224
1600,1.0,0.8,1,2,base,fr,mspe,0.1674883,n=1600_bz=1.0_cv1=0.8_p=1_q=2_20251025-041224
1600,1.0,0.8,1,2,base,fr,bias2,0.16400276,n=1600_bz=1.0_cv1=0.8_p=1_q=2_20251025-041224
1600,1.0,0.8,1,2,base,fr,var,0.0034855625,n=1600_bz=1.0_cv1=0.8_p=1_q=2_20251025-041224
1600,1.0,0.8,1,2,posthoc,y,mspe,1.0189219,n=1600_bz=1.0_cv1=0.8_p=1_q=2_20251025-041224
1600,1.0,0.8,1,2,posthoc,y,bias2,1.0129807,n=1600_bz=1.0_cv1=0.8_p=1_q=2_20251025-041224
1600,1.0,0.8,1,2,posthoc,y,var,0.005941251,n=1600_bz=1.0_cv1=0.8_p=1_q=2_20251025-041224
1600,1.0,0.8,1,2,posthoc,fx,mspe,0.053483374,n=1600_bz=1.0_cv1=0.8_p=1_q=2_20251025-041224
1600,1.0,0.8,1,2,posthoc,fx,bias2,0.042225737,n=1600_bz=1.0_cv1=0.8_p=1_q=2_20251025-041224
1600,1.0,0.8,1,2,posthoc,fx,var,0.011257637,n=1600_bz=1.0_cv1=0.8_p=1_q=2_20251025-041224
1600,1.0,0.8,1,2,posthoc,fz,mspe,0.049233038,n=1600_bz=1.0_cv1=0.8_p=1_q=2_20251025-041224
1600,1.0,0.8,1,2,posthoc,fz,bias2,0.040173937,n=1600_bz=1.0_cv1=0.8_p=1_q=2_20251025-041224
1600,1.0,0.8,1,2,posthoc,fz,var,0.009059102,n=1600_bz=1.0_cv1=0.8_p=1_q=2_20251025-041224
1600,1.0,0.8,1,2,posthoc,fr,mspe,0.12799963,n=1600_bz=1.0_cv1=0.8_p=1_q=2_20251025-041224
1600,1.0,0.8,1,2,posthoc,fr,bias2,0.116742,n=1600_bz=1.0_cv1=0.8_p=1_q=2_20251025-041224
1600,1.0,0.8,1,2,posthoc,fr,var,0.011257637,n=1600_bz=1.0_cv1=0.8_p=1_q=2_20251025-041224
1600,1.0,0.8,1,2,posthoc_orth,y,mspe,1.0189277,n=1600_bz=1.0_cv1=0.8_p=1_q=2_20251025-041224
1600,1.0,0.8,1,2,posthoc_orth,y,bias2,1.0129998,n=1600_bz=1.0_cv1=0.8_p=1_q=2_20251025-041224
1600,1.0,0.8,1,2,posthoc_orth,y,var,0.005927944,n=1600_bz=1.0_cv1=0.8_p=1_q=2_20251025-041224
1600,1.0,0.8,1,2,posthoc_orth,fx,mspe,0.02715398,n=1600_bz=1.0_cv1=0.8_p=1_q=2_20251025-041224
1600,1.0,0.8,1,2,posthoc_orth,fx,bias2,0.023544498,n=1600_bz=1.0_cv1=0.8_p=1_q=2_20251025-041224
1600,1.0,0.8,1,2,posthoc_orth,fx,var,0.0036094817,n=1600_bz=1.0_cv1=0.8_p=1_q=2_20251025-041224
1600,1.0,0.8,1,2,posthoc_orth,fz,mspe,0.02083578,n=1600_bz=1.0_cv1=0.8_p=1_q=2_20251025-041224
1600,1.0,0.8,1,2,posthoc_orth,fz,bias2,0.019212026,n=1600_bz=1.0_cv1=0.8_p=1_q=2_20251025-041224
1600,1.0,0.8,1,2,posthoc_orth,fz,var,0.0016237526,n=1600_bz=1.0_cv1=0.8_p=1_q=2_20251025-041224
1600,1.0,0.8,1,2,posthoc_orth,fr,mspe,0.0070078094,n=1600_bz=1.0_cv1=0.8_p=1_q=2_20251025-041224
1600,1.0,0.8,1,2,posthoc_orth,fr,bias2,0.0033983272,n=1600_bz=1.0_cv1=0.8_p=1_q=2_20251025-041224
1600,1.0,0.8,1,2,posthoc_orth,fr,var,0.0036094817,n=1600_bz=1.0_cv1=0.8_p=1_q=2_20251025-041224
1600,1.0,0.8,1,2,posthoc_web,y,mspe,1.2192855,n=1600_bz=1.0_cv1=0.8_p=1_q=2_20251025-041224
1600,1.0,0.8,1,2,posthoc_web,y,bias2,1.2153838,n=1600_bz=1.0_cv1=0.8_p=1_q=2_20251025-041224
1600,1.0,0.8,1,2,posthoc_web,y,var,0.0039017152,n=1600_bz=1.0_cv1=0.8_p=1_q=2_20251025-041224
1600,1.0,0.8,1,2,posthoc_web,fx,mspe,0.027750922,n=1600_bz=1.0_cv1=0.8_p=1_q=2_20251025-041224
1600,1.0,0.8,1,2,posthoc_web,fx,bias2,0.025378551,n=1600_bz=1.0_cv1=0.8_p=1_q=2_20251025-041224
1600,1.0,0.8,1,2,posthoc_web,fx,var,0.0023723706,n=1600_bz=1.0_cv1=0.8_p=1_q=2_20251025-041224
1600,1.0,0.8,1,2,posthoc_web,fz,mspe,0.07795459,n=1600_bz=1.0_cv1=0.8_p=1_q=2_20251025-041224
1600,1.0,0.8,1,2,posthoc_web,fz,bias2,0.07795459,n=1600_bz=1.0_cv1=0.8_p=1_q=2_20251025-041224
1600,1.0,0.8,1,2,posthoc_web,fz,var,0.0,n=1600_bz=1.0_cv1=0.8_p=1_q=2_20251025-041224
1600,1.0,0.8,1,2,posthoc_web,fr,mspe,0.0073806914,n=1600_bz=1.0_cv1=0.8_p=1_q=2_20251025-041224
1600,1.0,0.8,1,2,posthoc_web,fr,bias2,0.005008322,n=1600_bz=1.0_cv1=0.8_p=1_q=2_20251025-041224
1600,1.0,0.8,1,2,posthoc_web,fr,var,0.0023723706,n=1600_bz=1.0_cv1=0.8_p=1_q=2_20251025-041224
1600,1.0,0.8,1,32,base,y,mspe,1.0223768,n=1600_bz=1.0_cv1=0.8_p=1_q=32_20251025-042857
1600,1.0,0.8,1,32,base,y,bias2,1.0176153,n=1600_bz=1.0_cv1=0.8_p=1_q=32_20251025-042857
1600,1.0,0.8,1,32,base,y,var,0.0047614393,n=1600_bz=1.0_cv1=0.8_p=1_q=32_20251025-042857
1600,1.0,0.8,1,32,base,fx,mspe,0.07464051,n=1600_bz=1.0_cv1=0.8_p=1_q=32_20251025-042857
1600,1.0,0.8,1,32,base,fx,bias2,0.07087586,n=1600_bz=1.0_cv1=0.8_p=1_q=32_20251025-042857
1600,1.0,0.8,1,32,base,fx,var,0.0037646438,n=1600_bz=1.0_cv1=0.8_p=1_q=32_20251025-042857
1600,1.0,0.8,1,32,base,fz,mspe,0.07795459,n=1600_bz=1.0_cv1=0.8_p=1_q=32_20251025-042857
1600,1.0,0.8,1,32,base,fz,bias2,0.07795459,n=1600_bz=1.0_cv1=0.8_p=1_q=32_20251025-042857
1600,1.0,0.8,1,32,base,fz,var,0.0,n=1600_bz=1.0_cv1=0.8_p=1_q=32_20251025-042857
1600,1.0,0.8,1,32,base,fr,mspe,0.1659455,n=1600_bz=1.0_cv1=0.8_p=1_q=32_20251025-042857
1600,1.0,0.8,1,32,base,fr,bias2,0.16218086,n=1600_bz=1.0_cv1=0.8_p=1_q=32_20251025-042857
1600,1.0,0.8,1,32,base,fr,var,0.0037646438,n=1600_bz=1.0_cv1=0.8_p=1_q=32_20251025-042857
1600,1.0,0.8,1,32,posthoc,y,mspe,1.014898,n=1600_bz=1.0_cv1=0.8_p=1_q=32_20251025-042857
1600,1.0,0.8,1,32,posthoc,y,bias2,1.0084478,n=1600_bz=1.0_cv1=0.8_p=1_q=32_20251025-042857
1600,1.0,0.8,1,32,posthoc,y,var,0.0064502135,n=1600_bz=1.0_cv1=0.8_p=1_q=32_20251025-042857
1600,1.0,0.8,1,32,posthoc,fx,mspe,0.03610717,n=1600_bz=1.0_cv1=0.8_p=1_q=32_20251025-042857
1600,1.0,0.8,1,32,posthoc,fx,bias2,0.012531397,n=1600_bz=1.0_cv1=0.8_p=1_q=32_20251025-042857
1600,1.0,0.8,1,32,posthoc,fx,var,0.023575772,n=1600_bz=1.0_cv1=0.8_p=1_q=32_20251025-042857
1600,1.0,0.8,1,32,posthoc,fz,mspe,0.033972505,n=1600_bz=1.0_cv1=0.8_p=1_q=32_20251025-042857
1600,1.0,0.8,1,32,posthoc,fz,bias2,0.012381477,n=1600_bz=1.0_cv1=0.8_p=1_q=32_20251025-042857
1600,1.0,0.8,1,32,posthoc,fz,var,0.021591024,n=1600_bz=1.0_cv1=0.8_p=1_q=32_20251025-042857
1600,1.0,0.8,1,32,posthoc,fr,mspe,0.0853439,n=1600_bz=1.0_cv1=0.8_p=1_q=32_20251025-042857
1600,1.0,0.8,1,32,posthoc,fr,bias2,0.061768122,n=1600_bz=1.0_cv1=0.8_p=1_q=32_20251025-042857
1600,1.0,0.8,1,32,posthoc,fr,var,0.023575772,n=1600_bz=1.0_cv1=0.8_p=1_q=32_20251025-042857
1600,1.0,0.8,1,32,posthoc_orth,y,mspe,1.0148048,n=1600_bz=1.0_cv1=0.8_p=1_q=32_20251025-042857
1600,1.0,0.8,1,32,posthoc_orth,y,bias2,1.0082098,n=1600_bz=1.0_cv1=0.8_p=1_q=32_20251025-042857
1600,1.0,0.8,1,32,posthoc_orth,y,var,0.006595007,n=1600_bz=1.0_cv1=0.8_p=1_q=32_20251025-042857
1600,1.0,0.8,1,32,posthoc_orth,fx,mspe,0.02559483,n=1600_bz=1.0_cv1=0.8_p=1_q=32_20251025-042857
1600,1.0,0.8,1,32,posthoc_orth,fx,bias2,0.021266326,n=1600_bz=1.0_cv1=0.8_p=1_q=32_20251025-042857
1600,1.0,0.8,1,32,posthoc_orth,fx,var,0.004328504,n=1600_bz=1.0_cv1=0.8_p=1_q=32_20251025-042857
1600,1.0,0.8,1,32,posthoc_orth,fz,mspe,0.020527659,n=1600_bz=1.0_cv1=0.8_p=1_q=32_20251025-042857
1600,1.0,0.8,1,32,posthoc_orth,fz,bias2,0.018898945,n=1600_bz=1.0_cv1=0.8_p=1_q=32_20251025-042857
1600,1.0,0.8,1,32,posthoc_orth,fz,var,0.0016287144,n=1600_bz=1.0_cv1=0.8_p=1_q=32_20251025-042857
1600,1.0,0.8,1,32,posthoc_orth,fr,mspe,0.005405385,n=1600_bz=1.0_cv1=0.8_p=1_q=32_20251025-042857
1600,1.0,0.8,1,32,posthoc_orth,fr,bias2,0.001076881,n=1600_bz=1.0_cv1=0.8_p=1_q=32_20251025-042857
1600,1.0,0.8,1,32,posthoc_orth,fr,var,0.004328504,n=1600_bz=1.0_cv1=0.8_p=1_q=32_20251025-042857
1600,1.0,0.8,1,32,posthoc_web,y,mspe,1.2194287,n=1600_bz=1.0_cv1=0.8_p=1_q=32_20251025-042857
1600,1.0,0.8,1,32,posthoc_web,y,bias2,1.2152523,n=1600_bz=1.0_cv1=0.8_p=1_q=32_20251025-042857
1600,1.0,0.8,1,32,posthoc_web,y,var,0.0041764574,n=1600_bz=1.0_cv1=0.8_p=1_q=32_20251025-042857
1600,1.0,0.8,1,32,posthoc_web,fx,mspe,0.02778582,n=1600_bz=1.0_cv1=0.8_p=1_q=32_20251025-042857
1600,1.0,0.8,1,32,posthoc_web,fx,bias2,0.025112892,n=1600_bz=1.0_cv1=0.8_p=1_q=32_20251025-042857
1600,1.0,0.8,1,32,posthoc_web,fx,var,0.0026729286,n=1600_bz=1.0_cv1=0.8_p=1_q=32_20251025-042857
1600,1.0,0.8,1,32,posthoc_web,fz,mspe,0.07795459,n=1600_bz=1.0_cv1=0.8_p=1_q=32_20251025-042857
1600,1.0,0.8,1,32,posthoc_web,fz,bias2,0.07795459,n=1600_bz=1.0_cv1=0.8_p=1_q=32_20251025-042857
1600,1.0,0.8,1,32,posthoc_web,fz,var,0.0,n=1600_bz=1.0_cv1=0.8_p=1_q=32_20251025-042857
1600,1.0,0.8,1,32,posthoc_web,fr,mspe,0.0073950724,n=1600_bz=1.0_cv1=0.8_p=1_q=32_20251025-042857
1600,1.0,0.8,1,32,posthoc_web,fr,bias2,0.0047221435,n=1600_bz=1.0_cv1=0.8_p=1_q=32_20251025-042857
1600,1.0,0.8,1,32,posthoc_web,fr,var,0.0026729286,n=1600_bz=1.0_cv1=0.8_p=1_q=32_20251025-042857
1600,1.0,0.8,1,4,base,y,mspe,1.0220942,n=1600_bz=1.0_cv1=0.8_p=1_q=4_20251025-041642
1600,1.0,0.8,1,4,base,y,bias2,1.0176908,n=1600_bz=1.0_cv1=0.8_p=1_q=4_20251025-041642
1600,1.0,0.8,1,4,base,y,var,0.004403494,n=1600_bz=1.0_cv1=0.8_p=1_q=4_20251025-041642
1600,1.0,0.8,1,4,base,fx,mspe,0.07439218,n=1600_bz=1.0_cv1=0.8_p=1_q=4_20251025-041642
1600,1.0,0.8,1,4,base,fx,bias2,0.07098579,n=1600_bz=1.0_cv1=0.8_p=1_q=4_20251025-041642
1600,1.0,0.8,1,4,base,fx,var,0.003406389,n=1600_bz=1.0_cv1=0.8_p=1_q=4_20251025-041642
1600,1.0,0.8,1,4,base,fz,mspe,0.07795459,n=1600_bz=1.0_cv1=0.8_p=1_q=4_20251025-041642
1600,1.0,0.8,1,4,base,fz,bias2,0.07795459,n=1600_bz=1.0_cv1=0.8_p=1_q=4_20251025-041642
1600,1.0,0.8,1,4,base,fz,var,0.0,n=1600_bz=1.0_cv1=0.8_p=1_q=4_20251025-041642
1600,1.0,0.8,1,4,base,fr,mspe,0.1656303,n=1600_bz=1.0_cv1=0.8_p=1_q=4_20251025-041642
1600,1.0,0.8,1,4,base,fr,bias2,0.1622239,n=1600_bz=1.0_cv1=0.8_p=1_q=4_20251025-041642
1600,1.0,0.8,1,4,base,fr,var,0.003406389,n=1600_bz=1.0_cv1=0.8_p=1_q=4_20251025-041642
1600,1.0,0.8,1,4,posthoc,y,mspe,1.0163988,n=1600_bz=1.0_cv1=0.8_p=1_q=4_20251025-041642
1600,1.0,0.8,1,4,posthoc,y,bias2,1.0102978,n=1600_bz=1.0_cv1=0.8_p=1_q=4_20251025-041642
1600,1.0,0.8,1,4,posthoc,y,var,0.0061010933,n=1600_bz=1.0_cv1=0.8_p=1_q=4_20251025-041642
1600,1.0,0.8,1,4,posthoc,fx,mspe,0.036342144,n=1600_bz=1.0_cv1=0.8_p=1_q=4_20251025-041642
1600,1.0,0.8,1,4,posthoc,fx,bias2,0.020934224,n=1600_bz=1.0_cv1=0.8_p=1_q=4_20251025-041642
1600,1.0,0.8,1,4,posthoc,fx,var,0.015407919,n=1600_bz=1.0_cv1=0.8_p=1_q=4_20251025-041642
1600,1.0,0.8,1,4,posthoc,fz,mspe,0.033769313,n=1600_bz=1.0_cv1=0.8_p=1_q=4_20251025-041642
1600,1.0,0.8,1,4,posthoc,fz,bias2,0.020061612,n=1600_bz=1.0_cv1=0.8_p=1_q=4_20251025-041642
1600,1.0,0.8,1,4,posthoc,fz,var,0.013707699,n=1600_bz=1.0_cv1=0.8_p=1_q=4_20251025-041642
1600,1.0,0.8,1,4,posthoc,fr,mspe,0.094346635,n=1600_bz=1.0_cv1=0.8_p=1_q=4_20251025-041642
1600,1.0,0.8,1,4,posthoc,fr,bias2,0.078938715,n=1600_bz=1.0_cv1=0.8_p=1_q=4_20251025-041642
1600,1.0,0.8,1,4,posthoc,fr,var,0.015407919,n=1600_bz=1.0_cv1=0.8_p=1_q=4_20251025-041642
1600,1.0,0.8,1,4,posthoc_orth,y,mspe,1.0164777,n=1600_bz=1.0_cv1=0.8_p=1_q=4_20251025-041642
1600,1.0,0.8,1,4,posthoc_orth,y,bias2,1.0104204,n=1600_bz=1.0_cv1=0.8_p=1_q=4_20251025-041642
1600,1.0,0.8,1,4,posthoc_orth,y,var,0.0060573034,n=1600_bz=1.0_cv1=0.8_p=1_q=4_20251025-041642
1600,1.0,0.8,1,4,posthoc_orth,fx,mspe,0.025958441,n=1600_bz=1.0_cv1=0.8_p=1_q=4_20251025-041642
1600,1.0,0.8,1,4,posthoc_orth,fx,bias2,0.022174863,n=1600_bz=1.0_cv1=0.8_p=1_q=4_20251025-041642
1600,1.0,0.8,1,4,posthoc_orth,fx,var,0.0037835762,n=1600_bz=1.0_cv1=0.8_p=1_q=4_20251025-041642
1600,1.0,0.8,1,4,posthoc_orth,fz,mspe,0.02078731,n=1600_bz=1.0_cv1=0.8_p=1_q=4_20251025-041642
1600,1.0,0.8,1,4,posthoc_orth,fz,bias2,0.01916646,n=1600_bz=1.0_cv1=0.8_p=1_q=4_20251025-041642
1600,1.0,0.8,1,4,posthoc_orth,fz,var,0.0016208487,n=1600_bz=1.0_cv1=0.8_p=1_q=4_20251025-041642
1600,1.0,0.8,1,4,posthoc_orth,fr,mspe,0.005762082,n=1600_bz=1.0_cv1=0.8_p=1_q=4_20251025-041642
1600,1.0,0.8,1,4,posthoc_orth,fr,bias2,0.0019785054,n=1600_bz=1.0_cv1=0.8_p=1_q=4_20251025-041642
1600,1.0,0.8,1,4,posthoc_orth,fr,var,0.0037835762,n=1600_bz=1.0_cv1=0.8_p=1_q=4_20251025-041642
1600,1.0,0.8,1,4,posthoc_web,y,mspe,1.2192482,n=1600_bz=1.0_cv1=0.8_p=1_q=4_20251025-041642
1600,1.0,0.8,1,4,posthoc_web,y,bias2,1.215445,n=1600_bz=1.0_cv1=0.8_p=1_q=4_20251025-041642
1600,1.0,0.8,1,4,posthoc_web,y,var,0.0038030923,n=1600_bz=1.0_cv1=0.8_p=1_q=4_20251025-041642
1600,1.0,0.8,1,4,posthoc_web,fx,mspe,0.027678376,n=1600_bz=1.0_cv1=0.8_p=1_q=4_20251025-041642
1600,1.0,0.8,1,4,posthoc_web,fx,bias2,0.025391936,n=1600_bz=1.0_cv1=0.8_p=1_q=4_20251025-041642
1600,1.0,0.8,1,4,posthoc_web,fx,var,0.0022864377,n=1600_bz=1.0_cv1=0.8_p=1_q=4_20251025-041642
1600,1.0,0.8,1,4,posthoc_web,fz,mspe,0.07795459,n=1600_bz=1.0_cv1=0.8_p=1_q=4_20251025-041642
1600,1.0,0.8,1,4,posthoc_web,fz,bias2,0.07795459,n=1600_bz=1.0_cv1=0.8_p=1_q=4_20251025-041642
1600,1.0,0.8,1,4,posthoc_web,fz,var,0.0,n=1600_bz=1.0_cv1=0.8_p=1_q=4_20251025-041642
1600,1.0,0.8,1,4,posthoc_web,fr,mspe,0.007243637,n=1600_bz=1.0_cv1=0.8_p=1_q=4_20251025-041642
1600,1.0,0.8,1,4,posthoc_web,fr,bias2,0.004957199,n=1600_bz=1.0_cv1=0.8_p=1_q=4_20251025-041642
1600,1.0,0.8,1,4,posthoc_web,fr,var,0.0022864377,n=1600_bz=1.0_cv1=0.8_p=1_q=4_20251025-041642
1600,1.0,0.8,1,512,base,y,mspe,1.0229535,n=1600_bz=1.0_cv1=0.8_p=1_q=512_20251025-044808
1600,1.0,0.8,1,512,base,y,bias2,1.0177727,n=1600_bz=1.0_cv1=0.8_p=1_q=512_20251025-044808
1600,1.0,0.8,1,512,base,y,var,0.005180813,n=1600_bz=1.0_cv1=0.8_p=1_q=512_20251025-044808
1600,1.0,0.8,1,512,base,fx,mspe,0.07607373,n=1600_bz=1.0_cv1=0.8_p=1_q=512_20251025-044808
1600,1.0,0.8,1,512,base,fx,bias2,0.07186705,n=1600_bz=1.0_cv1=0.8_p=1_q=512_20251025-044808
1600,1.0,0.8,1,512,base,fx,var,0.004206683,n=1600_bz=1.0_cv1=0.8_p=1_q=512_20251025-044808
1600,1.0,0.8,1,512,base,fz,mspe,0.07795459,n=1600_bz=1.0_cv1=0.8_p=1_q=512_20251025-044808
1600,1.0,0.8,1,512,base,fz,bias2,0.07795459,n=1600_bz=1.0_cv1=0.8_p=1_q=512_20251025-044808
1600,1.0,0.8,1,512,base,fz,var,0.0,n=1600_bz=1.0_cv1=0.8_p=1_q=512_20251025-044808
1600,1.0,0.8,1,512,base,fr,mspe,0.16797169,n=1600_bz=1.0_cv1=0.8_p=1_q=512_20251025-044808
1600,1.0,0.8,1,512,base,fr,bias2,0.16376501,n=1600_bz=1.0_cv1=0.8_p=1_q=512_20251025-044808
1600,1.0,0.8,1,512,base,fr,var,0.004206683,n=1600_bz=1.0_cv1=0.8_p=1_q=512_20251025-044808
1600,1.0,0.8,1,512,posthoc,y,mspe,1.0173656,n=1600_bz=1.0_cv1=0.8_p=1_q=512_20251025-044808
1600,1.0,0.8,1,512,posthoc,y,bias2,1.0102081,n=1600_bz=1.0_cv1=0.8_p=1_q=512_20251025-044808
1600,1.0,0.8,1,512,posthoc,y,var,0.0071574203,n=1600_bz=1.0_cv1=0.8_p=1_q=512_20251025-044808
1600,1.0,0.8,1,512,posthoc,fx,mspe,0.038310274,n=1600_bz=1.0_cv1=0.8_p=1_q=512_20251025-044808
1600,1.0,0.8,1,512,posthoc,fx,bias2,0.018483458,n=1600_bz=1.0_cv1=0.8_p=1_q=512_20251025-044808
1600,1.0,0.8,1,512,posthoc,fx,var,0.019826818,n=1600_bz=1.0_cv1=0.8_p=1_q=512_20251025-044808
1600,1.0,0.8,1,512,posthoc,fz,mspe,0.042062547,n=1600_bz=1.0_cv1=0.8_p=1_q=512_20251025-044808
1600,1.0,0.8,1,512,posthoc,fz,bias2,0.023499796,n=1600_bz=1.0_cv1=0.8_p=1_q=512_20251025-044808
1600,1.0,0.8,1,512,posthoc,fz,var,0.01856275,n=1600_bz=1.0_cv1=0.8_p=1_q=512_20251025-044808
1600,1.0,0.8,1,512,posthoc,fr,mspe,0.093888305,n=1600_bz=1.0_cv1=0.8_p=1_q=512_20251025-044808
1600,1.0,0.8,1,512,posthoc,fr,bias2,0.07406149,n=1600_bz=1.0_cv1=0.8_p=1_q=512_20251025-044808
1600,1.0,0.8,1,512,posthoc,fr,var,0.019826818,n=1600_bz=1.0_cv1=0.8_p=1_q=512_20251025-044808
1600,1.0,0.8,1,512,posthoc_orth,y,mspe,1.017364,n=1600_bz=1.0_cv1=0.8_p=1_q=512_20251025-044808
1600,1.0,0.8,1,512,posthoc_orth,y,bias2,1.01029,n=1600_bz=1.0_cv1=0.8_p=1_q=512_20251025-044808
1600,1.0,0.8,1,512,posthoc_orth,y,var,0.0070741945,n=1600_bz=1.0_cv1=0.8_p=1_q=512_20251025-044808
1600,1.0,0.8,1,512,posthoc_orth,fx,mspe,0.02656666,n=1600_bz=1.0_cv1=0.8_p=1_q=512_20251025-044808
1600,1.0,0.8,1,512,posthoc_orth,fx,bias2,0.02184564,n=1600_bz=1.0_cv1=0.8_p=1_q=512_20251025-044808
1600,1.0,0.8,1,512,posthoc_orth,fx,var,0.004721019,n=1600_bz=1.0_cv1=0.8_p=1_q=512_20251025-044808
1600,1.0,0.8,1,512,posthoc_orth,fz,mspe,0.015584564,n=1600_bz=1.0_cv1=0.8_p=1_q=512_20251025-044808
1600,1.0,0.8,1,512,posthoc_orth,fz,bias2,0.013917085,n=1600_bz=1.0_cv1=0.8_p=1_q=512_20251025-044808
1600,1.0,0.8,1,512,posthoc_orth,fz,var,0.0016674793,n=1600_bz=1.0_cv1=0.8_p=1_q=512_20251025-044808
1600,1.0,0.8,1,512,posthoc_orth,fr,mspe,0.0065041627,n=1600_bz=1.0_cv1=0.8_p=1_q=512_20251025-044808
1600,1.0,0.8,1,512,posthoc_orth,fr,bias2,0.0017831442,n=1600_bz=1.0_cv1=0.8_p=1_q=512_20251025-044808
1600,1.0,0.8,1,512,posthoc_orth,fr,var,0.004721019,n=1600_bz=1.0_cv1=0.8_p=1_q=512_20251025-044808
1600,1.0,0.8,1,512,posthoc_web,y,mspe,1.2203696,n=1600_bz=1.0_cv1=0.8_p=1_q=512_20251025-044808
1600,1.0,0.8,1,512,posthoc_web,y,bias2,1.2157167,n=1600_bz=1.0_cv1=0.8_p=1_q=512_20251025-044808
1600,1.0,0.8,1,512,posthoc_web,y,var,0.004652822,n=1600_bz=1.0_cv1=0.8_p=1_q=512_20251025-044808
1600,1.0,0.8,1,512,posthoc_web,fx,mspe,0.028182654,n=1600_bz=1.0_cv1=0.8_p=1_q=512_20251025-044808
1600,1.0,0.8,1,512,posthoc_web,fx,bias2,0.025042864,n=1600_bz=1.0_cv1=0.8_p=1_q=512_20251025-044808
1600,1.0,0.8,1,512,posthoc_web,fx,var,0.00313979,n=1600_bz=1.0_cv1=0.8_p=1_q=512_20251025-044808
1600,1.0,0.8,1,512,posthoc_web,fz,mspe,0.07795459,n=1600_bz=1.0_cv1=0.8_p=1_q=512_20251025-044808
1600,1.0,0.8,1,512,posthoc_web,fz,bias2,0.07795459,n=1600_bz=1.0_cv1=0.8_p=1_q=512_20251025-044808
1600,1.0,0.8,1,512,posthoc_web,fz,var,0.0,n=1600_bz=1.0_cv1=0.8_p=1_q=512_20251025-044808
1600,1.0,0.8,1,512,posthoc_web,fr,mspe,0.007756685,n=1600_bz=1.0_cv1=0.8_p=1_q=512_20251025-044808
1600,1.0,0.8,1,512,posthoc_web,fr,bias2,0.0046168948,n=1600_bz=1.0_cv1=0.8_p=1_q=512_20251025-044808
1600,1.0,0.8,1,512,posthoc_web,fr,var,0.00313979,n=1600_bz=1.0_cv1=0.8_p=1_q=512_20251025-044808
1600,1.0,0.8,1,64,base,y,mspe,1.0219842,n=1600_bz=1.0_cv1=0.8_p=1_q=64_20251025-043301
1600,1.0,0.8,1,64,base,y,bias2,1.0174456,n=1600_bz=1.0_cv1=0.8_p=1_q=64_20251025-043301
1600,1.0,0.8,1,64,base,y,var,0.0045387084,n=1600_bz=1.0_cv1=0.8_p=1_q=64_20251025-043301
1600,1.0,0.8,1,64,base,fx,mspe,0.074690625,n=1600_bz=1.0_cv1=0.8_p=1_q=64_20251025-043301
1600,1.0,0.8,1,64,base,fx,bias2,0.07112865,n=1600_bz=1.0_cv1=0.8_p=1_q=64_20251025-043301
1600,1.0,0.8,1,64,base,fx,var,0.0035619705,n=1600_bz=1.0_cv1=0.8_p=1_q=64_20251025-043301
1600,1.0,0.8,1,64,base,fz,mspe,0.07795459,n=1600_bz=1.0_cv1=0.8_p=1_q=64_20251025-043301
1600,1.0,0.8,1,64,base,fz,bias2,0.07795459,n=1600_bz=1.0_cv1=0.8_p=1_q=64_20251025-043301
1600,1.0,0.8,1,64,base,fz,var,0.0,n=1600_bz=1.0_cv1=0.8_p=1_q=64_20251025-043301
1600,1.0,0.8,1,64,base,fr,mspe,0.16620025,n=1600_bz=1.0_cv1=0.8_p=1_q=64_20251025-043301
1600,1.0,0.8,1,64,base,fr,bias2,0.16263828,n=1600_bz=1.0_cv1=0.8_p=1_q=64_20251025-043301
1600,1.0,0.8,1,64,base,fr,var,0.0035619705,n=1600_bz=1.0_cv1=0.8_p=1_q=64_20251025-043301
1600,1.0,0.8,1,64,posthoc,y,mspe,1.0153115,n=1600_bz=1.0_cv1=0.8_p=1_q=64_20251025-043301
1600,1.0,0.8,1,64,posthoc,y,bias2,1.0085535,n=1600_bz=1.0_cv1=0.8_p=1_q=64_20251025-043301
1600,1.0,0.8,1,64,posthoc,y,var,0.0067580445,n=1600_bz=1.0_cv1=0.8_p=1_q=64_20251025-043301
1600,1.0,0.8,1,64,posthoc,fx,mspe,0.03748118,n=1600_bz=1.0_cv1=0.8_p=1_q=64_20251025-043301
1600,1.0,0.8,1,64,posthoc,fx,bias2,0.013359113,n=1600_bz=1.0_cv1=0.8_p=1_q=64_20251025-043301
1600,1.0,0.8,1,64,posthoc,fx,var,0.024122072,n=1600_bz=1.0_cv1=0.8_p=1_q=64_20251025-043301
1600,1.0,0.8,1,64,posthoc,fz,mspe,0.03657666,n=1600_bz=1.0_cv1=0.8_p=1_q=64_20251025-043301
1600,1.0,0.8,1,64,posthoc,fz,bias2,0.013593998,n=1600_bz=1.0_cv1=0.8_p=1_q=64_20251025-043301
1600,1.0,0.8,1,64,posthoc,fz,var,0.02298266,n=1600_bz=1.0_cv1=0.8_p=1_q=64_20251025-043301
1600,1.0,0.8,1,64,posthoc,fr,mspe,0.08785064,n=1600_bz=1.0_cv1=0.8_p=1_q=64_20251025-043301
1600,1.0,0.8,1,64,posthoc,fr,bias2,0.06372856,n=1600_bz=1.0_cv1=0.8_p=1_q=64_20251025-043301
1600,1.0,0.8,1,64,posthoc,fr,var,0.024122072,n=1600_bz=1.0_cv1=0.8_p=1_q=64_20251025-043301
1600,1.0,0.8,1,64,posthoc_orth,y,mspe,1.0150211,n=1600_bz=1.0_cv1=0.8_p=1_q=64_20251025-043301
1600,1.0,0.8,1,64,posthoc_orth,y,bias2,1.0081345,n=1600_bz=1.0_cv1=0.8_p=1_q=64_20251025-043301
1600,1.0,0.8,1,64,posthoc_orth,y,var,0.0068864943,n=1600_bz=1.0_cv1=0.8_p=1_q=64_20251025-043301
1600,1.0,0.8,1,64,posthoc_orth,fx,mspe,0.025823267,n=1600_bz=1.0_cv1=0.8_p=1_q=64_20251025-043301
1600,1.0,0.8,1,64,posthoc_orth,fx,bias2,0.02122007,n=1600_bz=1.0_cv1=0.8_p=1_q=64_20251025-043301
1600,1.0,0.8,1,64,posthoc_orth,fx,var,0.004603192,n=1600_bz=1.0_cv1=0.8_p=1_q=64_20251025-043301
1600,1.0,0.8,1,64,posthoc_orth,fz,mspe,0.020229971,n=1600_bz=1.0_cv1=0.8_p=1_q=64_20251025-043301
1600,1.0,0.8,1,64,posthoc_orth,fz,bias2,0.018592194,n=1600_bz=1.0_cv1=0.8_p=1_q=64_20251025-043301
1600,1.0,0.8,1,64,posthoc_orth,fz,var,0.0016377777,n=1600_bz=1.0_cv1=0.8_p=1_q=64_20251025-043301
1600,1.0,0.8,1,64,posthoc_orth,fr,mspe,0.0056423224,n=1600_bz=1.0_cv1=0.8_p=1_q=64_20251025-043301
1600,1.0,0.8,1,64,posthoc_orth,fr,bias2,0.0010391299,n=1600_bz=1.0_cv1=0.8_p=1_q=64_20251025-043301
1600,1.0,0.8,1,64,posthoc_orth,fr,var,0.004603192,n=1600_bz=1.0_cv1=0.8_p=1_q=64_20251025-043301
1600,1.0,0.8,1,64,posthoc_web,y,mspe,1.2192986,n=1600_bz=1.0_cv1=0.8_p=1_q=64_20251025-043301
1600,1.0,0.8,1,64,posthoc_web,y,bias2,1.2152629,n=1600_bz=1.0_cv1=0.8_p=1_q=64_20251025-043301
1600,1.0,0.8,1,64,posthoc_web,y,var,0.00403573,n=1600_bz=1.0_cv1=0.8_p=1_q=64_20251025-043301
1600,1.0,0.8,1,64,posthoc_web,fx,mspe,0.027564917,n=1600_bz=1.0_cv1=0.8_p=1_q=64_20251025-043301
1600,1.0,0.8,1,64,posthoc_web,fx,bias2,0.02502542,n=1600_bz=1.0_cv1=0.8_p=1_q=64_20251025-043301
1600,1.0,0.8,1,64,posthoc_web,fx,var,0.0025394948,n=1600_bz=1.0_cv1=0.8_p=1_q=64_20251025-043301
1600,1.0,0.8,1,64,posthoc_web,fz,mspe,0.07795459,n=1600_bz=1.0_cv1=0.8_p=1_q=64_20251025-043301
1600,1.0,0.8,1,64,posthoc_web,fz,bias2,0.07795459,n=1600_bz=1.0_cv1=0.8_p=1_q=64_20251025-043301
1600,1.0,0.8,1,64,posthoc_web,fz,var,0.0,n=1600_bz=1.0_cv1=0.8_p=1_q=64_20251025-043301
1600,1.0,0.8,1,64,posthoc_web,fr,mspe,0.007138619,n=1600_bz=1.0_cv1=0.8_p=1_q=64_20251025-043301
1600,1.0,0.8,1,64,posthoc_web,fr,bias2,0.004599125,n=1600_bz=1.0_cv1=0.8_p=1_q=64_20251025-043301
1600,1.0,0.8,1,64,posthoc_web,fr,var,0.0025394948,n=1600_bz=1.0_cv1=0.8_p=1_q=64_20251025-043301
1600,1.0,0.8,1,8,base,y,mspe,1.0224041,n=1600_bz=1.0_cv1=0.8_p=1_q=8_20251025-042046
1600,1.0,0.8,1,8,base,y,bias2,1.0180578,n=1600_bz=1.0_cv1=0.8_p=1_q=8_20251025-042046
1600,1.0,0.8,1,8,base,y,var,0.004346135,n=1600_bz=1.0_cv1=0.8_p=1_q=8_20251025-042046
1600,1.0,0.8,1,8,base,fx,mspe,0.07412435,n=1600_bz=1.0_cv1=0.8_p=1_q=8_20251025-042046
1600,1.0,0.8,1,8,base,fx,bias2,0.0707778,n=1600_bz=1.0_cv1=0.8_p=1_q=8_20251025-042046
1600,1.0,0.8,1,8,base,fx,var,0.0033465459,n=1600_bz=1.0_cv1=0.8_p=1_q=8_20251025-042046
1600,1.0,0.8,1,8,base,fz,mspe,0.07795459,n=1600_bz=1.0_cv1=0.8_p=1_q=8_20251025-042046
1600,1.0,0.8,1,8,base,fz,bias2,0.07795459,n=1600_bz=1.0_cv1=0.8_p=1_q=8_20251025-042046
1600,1.0,0.8,1,8,base,fz,var,0.0,n=1600_bz=1.0_cv1=0.8_p=1_q=8_20251025-042046
1600,1.0,0.8,1,8,base,fr,mspe,0.16528629,n=1600_bz=1.0_cv1=0.8_p=1_q=8_20251025-042046
1600,1.0,0.8,1,8,base,fr,bias2,0.16193974,n=1600_bz=1.0_cv1=0.8_p=1_q=8_20251025-042046
1600,1.0,0.8,1,8,base,fr,var,0.0033465459,n=1600_bz=1.0_cv1=0.8_p=1_q=8_20251025-042046
1600,1.0,0.8,1,8,posthoc,y,mspe,1.0152085,n=1600_bz=1.0_cv1=0.8_p=1_q=8_20251025-042046
1600,1.0,0.8,1,8,posthoc,y,bias2,1.0093547,n=1600_bz=1.0_cv1=0.8_p=1_q=8_20251025-042046
1600,1.0,0.8,1,8,posthoc,y,var,0.005853739,n=1600_bz=1.0_cv1=0.8_p=1_q=8_20251025-042046
1600,1.0,0.8,1,8,posthoc,fx,mspe,0.03010233,n=1600_bz=1.0_cv1=0.8_p=1_q=8_20251025-042046
1600,1.0,0.8,1,8,posthoc,fx,bias2,0.014227661,n=1600_bz=1.0_cv1=0.8_p=1_q=8_20251025-042046
1600,1.0,0.8,1,8,posthoc,fx,var,0.015874665,n=1600_bz=1.0_cv1=0.8_p=1_q=8_20251025-042046
1600,1.0,0.8,1,8,posthoc,fz,mspe,0.028275806,n=1600_bz=1.0_cv1=0.8_p=1_q=8_20251025-042046
1600,1.0,0.8,1,8,posthoc,fz,bias2,0.013714251,n=1600_bz=1.0_cv1=0.8_p=1_q=8_20251025-042046
1600,1.0,0.8,1,8,posthoc,fz,var,0.014561554,n=1600_bz=1.0_cv1=0.8_p=1_q=8_20251025-042046
1600,1.0,0.8,1,8,posthoc,fr,mspe,0.08117247,n=1600_bz=1.0_cv1=0.8_p=1_q=8_20251025-042046
1600,1.0,0.8,1,8,posthoc,fr,bias2,0.065297805,n=1600_bz=1.0_cv1=0.8_p=1_q=8_20251025-042046
1600,1.0,0.8,1,8,posthoc,fr,var,0.015874665,n=1600_bz=1.0_cv1=0.8_p=1_q=8_20251025-042046
1600,1.0,0.8,1,8,posthoc_orth,y,mspe,1.0153366,n=1600_bz=1.0_cv1=0.8_p=1_q=8_20251025-042046
1600,1.0,0.8,1,8,posthoc_orth,y,bias2,1.0095598,n=1600_bz=1.0_cv1=0.8_p=1_q=8_20251025-042046
1600,1.0,0.8,1,8,posthoc_orth,y,var,0.005776968,n=1600_bz=1.0_cv1=0.8_p=1_q=8_20251025-042046
1600,1.0,0.8,1,8,posthoc_orth,fx,mspe,0.025210047,n=1600_bz=1.0_cv1=0.8_p=1_q=8_20251025-042046
1600,1.0,0.8,1,8,posthoc_orth,fx,bias2,0.021699226,n=1600_bz=1.0_cv1=0.8_p=1_q=8_20251025-042046
1600,1.0,0.8,1,8,posthoc_orth,fx,var,0.0035108216,n=1600_bz=1.0_cv1=0.8_p=1_q=8_20251025-042046
1600,1.0,0.8,1,8,posthoc_orth,fz,mspe,0.02069529,n=1600_bz=1.0_cv1=0.8_p=1_q=8_20251025-042046
1600,1.0,0.8,1,8,posthoc_orth,fz,bias2,0.019078972,n=1600_bz=1.0_cv1=0.8_p=1_q=8_20251025-042046
1600,1.0,0.8,1,8,posthoc_orth,fz,var,0.0016163179,n=1600_bz=1.0_cv1=0.8_p=1_q=8_20251025-042046
1600,1.0,0.8,1,8,posthoc_orth,fr,mspe,0.005001693,n=1600_bz=1.0_cv1=0.8_p=1_q=8_20251025-042046
1600,1.0,0.8,1,8,posthoc_orth,fr,bias2,0.0014908713,n=1600_bz=1.0_cv1=0.8_p=1_q=8_20251025-042046
1600,1.0,0.8,1,8,posthoc_orth,fr,var,0.0035108216,n=1600_bz=1.0_cv1=0.8_p=1_q=8_20251025-042046
1600,1.0,0.8,1,8,posthoc_web,y,mspe,1.2197783,n=1600_bz=1.0_cv1=0.8_p=1_q=8_20251025-042046
1600,1.0,0.8,1,8,posthoc_web,y,bias2,1.2158703,n=1600_bz=1.0_cv1=0.8_p=1_q=8_20251025-042046
1600,1.0,0.8,1,8,posthoc_web,y,var,0.003908137,n=1600_bz=1.0_cv1=0.8_p=1_q=8_20251025-042046
1600,1.0,0.8,1,8,posthoc_web,fx,mspe,0.02774101,n=1600_bz=1.0_cv1=0.8_p=1_q=8_20251025-042046
1600,1.0,0.8,1,8,posthoc_web,fx,bias2,0.02534993,n=1600_bz=1.0_cv1=0.8_p=1_q=8_20251025-042046
1600,1.0,0.8,1,8,posthoc_web,fx,var,0.0023910794,n=1600_bz=1.0_cv1=0.8_p=1_q=8_20251025-042046
1600,1.0,0.8,1,8,posthoc_web,fz,mspe,0.07795459,n=1600_bz=1.0_cv1=0.8_p=1_q=8_20251025-042046
1600,1.0,0.8,1,8,posthoc_web,fz,bias2,0.07795459,n=1600_bz=1.0_cv1=0.8_p=1_q=8_20251025-042046
1600,1.0,0.8,1,8,posthoc_web,fz,var,0.0,n=1600_bz=1.0_cv1=0.8_p=1_q=8_20251025-042046
1600,1.0,0.8,1,8,posthoc_web,fr,mspe,0.0072804345,n=1600_bz=1.0_cv1=0.8_p=1_q=8_20251025-042046
1600,1.0,0.8,1,8,posthoc_web,fr,bias2,0.0048893555,n=1600_bz=1.0_cv1=0.8_p=1_q=8_20251025-042046
1600,1.0,0.8,1,8,posthoc_web,fr,var,0.0023910794,n=1600_bz=1.0_cv1=0.8_p=1_q=8_20251025-042046
200,1.0,0.8,1,1024,base,y,mspe,1.0539559,n=200_bz=1.0_cv1=0.8_p=1_q=1024_20251025-024808
200,1.0,0.8,1,1024,base,y,bias2,1.018562,n=200_bz=1.0_cv1=0.8_p=1_q=1024_20251025-024808
200,1.0,0.8,1,1024,base,y,var,0.035393804,n=200_bz=1.0_cv1=0.8_p=1_q=1024_20251025-024808
200,1.0,0.8,1,1024,base,fx,mspe,0.090743214,n=200_bz=1.0_cv1=0.8_p=1_q=1024_20251025-024808
200,1.0,0.8,1,1024,base,fx,bias2,0.064192,n=200_bz=1.0_cv1=0.8_p=1_q=1024_20251025-024808
200,1.0,0.8,1,1024,base,fx,var,0.026551202,n=200_bz=1.0_cv1=0.8_p=1_q=1024_20251025-024808
200,1.0,0.8,1,1024,base,fz,mspe,0.07795459,n=200_bz=1.0_cv1=0.8_p=1_q=1024_20251025-024808
200,1.0,0.8,1,1024,base,fz,bias2,0.07795459,n=200_bz=1.0_cv1=0.8_p=1_q=1024_20251025-024808
200,1.0,0.8,1,1024,base,fz,var,0.0,n=200_bz=1.0_cv1=0.8_p=1_q=1024_20251025-024808
200,1.0,0.8,1,1024,base,fr,mspe,0.1775267,n=200_bz=1.0_cv1=0.8_p=1_q=1024_20251025-024808
200,1.0,0.8,1,1024,base,fr,bias2,0.1509755,n=200_bz=1.0_cv1=0.8_p=1_q=1024_20251025-024808
200,1.0,0.8,1,1024,base,fr,var,0.026551202,n=200_bz=1.0_cv1=0.8_p=1_q=1024_20251025-024808
200,1.0,0.8,1,1024,posthoc,y,mspe,1.1626109,n=200_bz=1.0_cv1=0.8_p=1_q=1024_20251025-024808
200,1.0,0.8,1,1024,posthoc,y,bias2,1.1319511,n=200_bz=1.0_cv1=0.8_p=1_q=1024_20251025-024808
200,1.0,0.8,1,1024,posthoc,y,var,0.030659787,n=200_bz=1.0_cv1=0.8_p=1_q=1024_20251025-024808
200,1.0,0.8,1,1024,posthoc,fx,mspe,0.067878574,n=200_bz=1.0_cv1=0.8_p=1_q=1024_20251025-024808
200,1.0,0.8,1,1024,posthoc,fx,bias2,0.04931041,n=200_bz=1.0_cv1=0.8_p=1_q=1024_20251025-024808
200,1.0,0.8,1,1024,posthoc,fx,var,0.018568164,n=200_bz=1.0_cv1=0.8_p=1_q=1024_20251025-024808
200,1.0,0.8,1,1024,posthoc,fz,mspe,0.067977645,n=200_bz=1.0_cv1=0.8_p=1_q=1024_20251025-024808
200,1.0,0.8,1,1024,posthoc,fz,bias2,0.06765127,n=200_bz=1.0_cv1=0.8_p=1_q=1024_20251025-024808
200,1.0,0.8,1,1024,posthoc,fz,var,0.00032636872,n=200_bz=1.0_cv1=0.8_p=1_q=1024_20251025-024808
200,1.0,0.8,1,1024,posthoc,fr,mspe,0.081373684,n=200_bz=1.0_cv1=0.8_p=1_q=1024_20251025-024808
200,1.0,0.8,1,1024,posthoc,fr,bias2,0.06280552,n=200_bz=1.0_cv1=0.8_p=1_q=1024_20251025-024808
200,1.0,0.8,1,1024,posthoc,fr,var,0.018568164,n=200_bz=1.0_cv1=0.8_p=1_q=1024_20251025-024808
200,1.0,0.8,1,1024,posthoc_orth,y,mspe,1.1587651,n=200_bz=1.0_cv1=0.8_p=1_q=1024_20251025-024808
200,1.0,0.8,1,1024,posthoc_orth,y,bias2,1.1259809,n=200_bz=1.0_cv1=0.8_p=1_q=1024_20251025-024808
200,1.0,0.8,1,1024,posthoc_orth,y,var,0.032784298,n=200_bz=1.0_cv1=0.8_p=1_q=1024_20251025-024808
200,1.0,0.8,1,1024,posthoc_orth,fx,mspe,0.0747239,n=200_bz=1.0_cv1=0.8_p=1_q=1024_20251025-024808
200,1.0,0.8,1,1024,posthoc_orth,fx,bias2,0.064845465,n=200_bz=1.0_cv1=0.8_p=1_q=1024_20251025-024808
200,1.0,0.8,1,1024,posthoc_orth,fx,var,0.00987844,n=200_bz=1.0_cv1=0.8_p=1_q=1024_20251025-024808
200,1.0,0.8,1,1024,posthoc_orth,fz,mspe,0.031035678,n=200_bz=1.0_cv1=0.8_p=1_q=1024_20251025-024808
200,1.0,0.8,1,1024,posthoc_orth,fz,bias2,0.019919284,n=200_bz=1.0_cv1=0.8_p=1_q=1024_20251025-024808
200,1.0,0.8,1,1024,posthoc_orth,fz,var,0.011116394,n=200_bz=1.0_cv1=0.8_p=1_q=1024_20251025-024808
200,1.0,0.8,1,1024,posthoc_orth,fr,mspe,0.05717455,n=200_bz=1.0_cv1=0.8_p=1_q=1024_20251025-024808
200,1.0,0.8,1,1024,posthoc_orth,fr,bias2,0.047296103,n=200_bz=1.0_cv1=0.8_p=1_q=1024_20251025-024808
200,1.0,0.8,1,1024,posthoc_orth,fr,var,0.00987844,n=200_bz=1.0_cv1=0.8_p=1_q=1024_20251025-024808
200,1.0,0.8,1,1024,posthoc_web,y,mspe,1.2376946,n=200_bz=1.0_cv1=0.8_p=1_q=1024_20251025-024808
200,1.0,0.8,1,1024,posthoc_web,y,bias2,1.207536,n=200_bz=1.0_cv1=0.8_p=1_q=1024_20251025-024808
200,1.0,0.8,1,1024,posthoc_web,y,var,0.030158613,n=200_bz=1.0_cv1=0.8_p=1_q=1024_20251025-024808
200,1.0,0.8,1,1024,posthoc_web,fx,mspe,0.041892145,n=200_bz=1.0_cv1=0.8_p=1_q=1024_20251025-024808
200,1.0,0.8,1,1024,posthoc_web,fx,bias2,0.024399722,n=200_bz=1.0_cv1=0.8_p=1_q=1024_20251025-024808
200,1.0,0.8,1,1024,posthoc_web,fx,var,0.017492425,n=200_bz=1.0_cv1=0.8_p=1_q=1024_20251025-024808
200,1.0,0.8,1,1024,posthoc_web,fz,mspe,0.07795459,n=200_bz=1.0_cv1=0.8_p=1_q=1024_20251025-024808
200,1.0,0.8,1,1024,posthoc_web,fz,bias2,0.07795459,n=200_bz=1.0_cv1=0.8_p=1_q=1024_20251025-024808
200,1.0,0.8,1,1024,posthoc_web,fz,var,0.0,n=200_bz=1.0_cv1=0.8_p=1_q=1024_20251025-024808
200,1.0,0.8,1,1024,posthoc_web,fr,mspe,0.023609074,n=200_bz=1.0_cv1=0.8_p=1_q=1024_20251025-024808
200,1.0,0.8,1,1024,posthoc_web,fr,bias2,0.006116649,n=200_bz=1.0_cv1=0.8_p=1_q=1024_20251025-024808
200,1.0,0.8,1,1024,posthoc_web,fr,var,0.017492425,n=200_bz=1.0_cv1=0.8_p=1_q=1024_20251025-024808
200,1.0,0.8,1,128,base,y,mspe,1.0531458,n=200_bz=1.0_cv1=0.8_p=1_q=128_20251025-023633
200,1.0,0.8,1,128,base,y,bias2,1.0201097,n=200_bz=1.0_cv1=0.8_p=1_q=128_20251025-023633
200,1.0,0.8,1,128,base,y,var,0.033036128,n=200_bz=1.0_cv1=0.8_p=1_q=128_20251025-023633
200,1.0,0.8,1,128,base,fx,mspe,0.08352237,n=200_bz=1.0_cv1=0.8_p=1_q=128_20251025-023633
200,1.0,0.8,1,128,base,fx,bias2,0.059146017,n=200_bz=1.0_cv1=0.8_p=1_q=128_20251025-023633
200,1.0,0.8,1,128,base,fx,var,0.02437635,n=200_bz=1.0_cv1=0.8_p=1_q=128_20251025-023633
200,1.0,0.8,1,128,base,fz,mspe,0.07795459,n=200_bz=1.0_cv1=0.8_p=1_q=128_20251025-023633
200,1.0,0.8,1,128,base,fz,bias2,0.07795459,n=200_bz=1.0_cv1=0.8_p=1_q=128_20251025-023633
200,1.0,0.8,1,128,base,fz,var,0.0,n=200_bz=1.0_cv1=0.8_p=1_q=128_20251025-023633
200,1.0,0.8,1,128,base,fr,mspe,0.16734643,n=200_bz=1.0_cv1=0.8_p=1_q=128_20251025-023633
200,1.0,0.8,1,128,base,fr,bias2,0.14297007,n=200_bz=1.0_cv1=0.8_p=1_q=128_20251025-023633
200,1.0,0.8,1,128,base,fr,var,0.02437635,n=200_bz=1.0_cv1=0.8_p=1_q=128_20251025-023633
200,1.0,0.8,1,128,posthoc,y,mspe,1.072101,n=200_bz=1.0_cv1=0.8_p=1_q=128_20251025-023633
200,1.0,0.8,1,128,posthoc,y,bias2,1.0335934,n=200_bz=1.0_cv1=0.8_p=1_q=128_20251025-023633
200,1.0,0.8,1,128,posthoc,y,var,0.03850752,n=200_bz=1.0_cv1=0.8_p=1_q=128_20251025-023633
200,1.0,0.8,1,128,posthoc,fx,mspe,0.05728927,n=200_bz=1.0_cv1=0.8_p=1_q=128_20251025-023633
200,1.0,0.8,1,128,posthoc,fx,bias2,0.02603216,n=200_bz=1.0_cv1=0.8_p=1_q=128_20251025-023633
200,1.0,0.8,1,128,posthoc,fx,var,0.031257104,n=200_bz=1.0_cv1=0.8_p=1_q=128_20251025-023633
200,1.0,0.8,1,128,posthoc,fz,mspe,0.054463066,n=200_bz=1.0_cv1=0.8_p=1_q=128_20251025-023633
200,1.0,0.8,1,128,posthoc,fz,bias2,0.05128567,n=200_bz=1.0_cv1=0.8_p=1_q=128_20251025-023633
200,1.0,0.8,1,128,posthoc,fz,var,0.0031774046,n=200_bz=1.0_cv1=0.8_p=1_q=128_20251025-023633
200,1.0,0.8,1,128,posthoc,fr,mspe,0.108050026,n=200_bz=1.0_cv1=0.8_p=1_q=128_20251025-023633
200,1.0,0.8,1,128,posthoc,fr,bias2,0.07679292,n=200_bz=1.0_cv1=0.8_p=1_q=128_20251025-023633
200,1.0,0.8,1,128,posthoc,fr,var,0.031257104,n=200_bz=1.0_cv1=0.8_p=1_q=128_20251025-023633
200,1.0,0.8,1,128,posthoc_orth,y,mspe,1.0722675,n=200_bz=1.0_cv1=0.8_p=1_q=128_20251025-023633
200,1.0,0.8,1,128,posthoc_orth,y,bias2,1.0339795,n=200_bz=1.0_cv1=0.8_p=1_q=128_20251025-023633
200,1.0,0.8,1,128,posthoc_orth,y,var,0.038287956,n=200_bz=1.0_cv1=0.8_p=1_q=128_20251025-023633
200,1.0,0.8,1,128,posthoc_orth,fx,mspe,0.048617855,n=200_bz=1.0_cv1=0.8_p=1_q=128_20251025-023633
200,1.0,0.8,1,128,posthoc_orth,fx,bias2,0.031468455,n=200_bz=1.0_cv1=0.8_p=1_q=128_20251025-023633
200,1.0,0.8,1,128,posthoc_orth,fx,var,0.017149402,n=200_bz=1.0_cv1=0.8_p=1_q=128_20251025-023633
200,1.0,0.8,1,128,posthoc_orth,fz,mspe,0.012795593,n=200_bz=1.0_cv1=0.8_p=1_q=128_20251025-023633
200,1.0,0.8,1,128,posthoc_orth,fz,bias2,0.0003272947,n=200_bz=1.0_cv1=0.8_p=1_q=128_20251025-023633
200,1.0,0.8,1,128,posthoc_orth,fz,var,0.012468298,n=200_bz=1.0_cv1=0.8_p=1_q=128_20251025-023633
200,1.0,0.8,1,128,posthoc_orth,fr,mspe,0.030834408,n=200_bz=1.0_cv1=0.8_p=1_q=128_20251025-023633
200,1.0,0.8,1,128,posthoc_orth,fr,bias2,0.013685006,n=200_bz=1.0_cv1=0.8_p=1_q=128_20251025-023633
200,1.0,0.8,1,128,posthoc_orth,fr,var,0.017149402,n=200_bz=1.0_cv1=0.8_p=1_q=128_20251025-023633
200,1.0,0.8,1,128,posthoc_web,y,mspe,1.2358438,n=200_bz=1.0_cv1=0.8_p=1_q=128_20251025-023633
200,1.0,0.8,1,128,posthoc_web,y,bias2,1.2069286,n=200_bz=1.0_cv1=0.8_p=1_q=128_20251025-023633
200,1.0,0.8,1,128,posthoc_web,y,var,0.028915131,n=200_bz=1.0_cv1=0.8_p=1_q=128_20251025-023633
200,1.0,0.8,1,128,posthoc_web,fx,mspe,0.04050629,n=200_bz=1.0_cv1=0.8_p=1_q=128_20251025-023633
200,1.0,0.8,1,128,posthoc_web,fx,bias2,0.024121895,n=200_bz=1.0_cv1=0.8_p=1_q=128_20251025-023633
200,1.0,0.8,1,128,posthoc_web,fx,var,0.016384391,n=200_bz=1.0_cv1=0.8_p=1_q=128_20251025-023633
200,1.0,0.8,1,128,posthoc_web,fz,mspe,0.07795459,n=200_bz=1.0_cv1=0.8_p=1_q=128_20251025-023633
200,1.0,0.8,1,128,posthoc_web,fz,bias2,0.07795459,n=200_bz=1.0_cv1=0.8_p=1_q=128_20251025-023633
200,1.0,0.8,1,128,posthoc_web,fz,var,0.0,n=200_bz=1.0_cv1=0.8_p=1_q=128_20251025-023633
200,1.0,0.8,1,128,posthoc_web,fr,mspe,0.022458792,n=200_bz=1.0_cv1=0.8_p=1_q=128_20251025-023633
200,1.0,0.8,1,128,posthoc_web,fr,bias2,0.0060744,n=200_bz=1.0_cv1=0.8_p=1_q=128_20251025-023633
200,1.0,0.8,1,128,posthoc_web,fr,var,0.016384391,n=200_bz=1.0_cv1=0.8_p=1_q=128_20251025-023633
200,1.0,0.8,1,16,base,y,mspe,1.051221,n=200_bz=1.0_cv1=0.8_p=1_q=16_20251025-022912
200,1.0,0.8,1,16,base,y,bias2,1.0215565,n=200_bz=1.0_cv1=0.8_p=1_q=16_20251025-022912
200,1.0,0.8,1,16,base,y,var,0.029664407,n=200_bz=1.0_cv1=0.8_p=1_q=16_20251025-022912
200,1.0,0.8,1,16,base,fx,mspe,0.07701842,n=200_bz=1.0_cv1=0.8_p=1_q=16_20251025-022912
200,1.0,0.8,1,16,base,fx,bias2,0.0560635,n=200_bz=1.0_cv1=0.8_p=1_q=16_20251025-022912
200,1.0,0.8,1,16,base,fx,var,0.020954922,n=200_bz=1.0_cv1=0.8_p=1_q=16_20251025-022912
200,1.0,0.8,1,16,base,fz,mspe,0.07795459,n=200_bz=1.0_cv1=0.8_p=1_q=16_20251025-022912
200,1.0,0.8,1,16,base,fz,bias2,0.07795459,n=200_bz=1.0_cv1=0.8_p=1_q=16_20251025-022912
200,1.0,0.8,1,16,base,fz,var,0.0,n=200_bz=1.0_cv1=0.8_p=1_q=16_20251025-022912
200,1.0,0.8,1,16,base,fr,mspe,0.15833583,n=200_bz=1.0_cv1=0.8_p=1_q=16_20251025-022912
200,1.0,0.8,1,16,base,fr,bias2,0.13738093,n=200_bz=1.0_cv1=0.8_p=1_q=16_20251025-022912
200,1.0,0.8,1,16,base,fr,var,0.020954922,n=200_bz=1.0_cv1=0.8_p=1_q=16_20251025-022912
200,1.0,0.8,1,16,posthoc,y,mspe,1.0579,n=200_bz=1.0_cv1=0.8_p=1_q=16_20251025-022912
200,1.0,0.8,1,16,posthoc,y,bias2,1.0145369,n=200_bz=1.0_cv1=0.8_p=1_q=16_20251025-022912
200,1.0,0.8,1,16,posthoc,y,var,0.043363135,n=200_bz=1.0_cv1=0.8_p=1_q=16_20251025-022912
200,1.0,0.8,1,16,posthoc,fx,mspe,0.101485,n=200_bz=1.0_cv1=0.8_p=1_q=16_20251025-022912
200,1.0,0.8,1,16,posthoc,fx,bias2,0.03533413,n=200_bz=1.0_cv1=0.8_p=1_q=16_20251025-022912
200,1.0,0.8,1,16,posthoc,fx,var,0.06615087,n=200_bz=1.0_cv1=0.8_p=1_q=16_20251025-022912
200,1.0,0.8,1,16,posthoc,fz,mspe,0.08052102,n=200_bz=1.0_cv1=0.8_p=1_q=16_20251025-022912
200,1.0,0.8,1,16,posthoc,fz,bias2,0.039134465,n=200_bz=1.0_cv1=0.8_p=1_q=16_20251025-022912
200,1.0,0.8,1,16,posthoc,fz,var,0.041386556,n=200_bz=1.0_cv1=0.8_p=1_q=16_20251025-022912
200,1.0,0.8,1,16,posthoc,fr,mspe,0.16964951,n=200_bz=1.0_cv1=0.8_p=1_q=16_20251025-022912
200,1.0,0.8,1,16,posthoc,fr,bias2,0.10349863,n=200_bz=1.0_cv1=0.8_p=1_q=16_20251025-022912
200,1.0,0.8,1,16,posthoc,fr,var,0.06615087,n=200_bz=1.0_cv1=0.8_p=1_q=16_20251025-022912
200,1.0,0.8,1,16,posthoc_orth,y,mspe,1.0583503,n=200_bz=1.0_cv1=0.8_p=1_q=16_20251025-022912
200,1.0,0.8,1,16,posthoc_orth,y,bias2,1.0160049,n=200_bz=1.0_cv1=0.8_p=1_q=16_20251025-022912
200,1.0,0.8,1,16,posthoc_orth,y,var,0.04234534,n=200_bz=1.0_cv1=0.8_p=1_q=16_20251025-022912
200,1.0,0.8,1,16,posthoc_orth,fx,mspe,0.04517182,n=200_bz=1.0_cv1=0.8_p=1_q=16_20251025-022912
200,1.0,0.8,1,16,posthoc_orth,fx,bias2,0.02388791,n=200_bz=1.0_cv1=0.8_p=1_q=16_20251025-022912
200,1.0,0.8,1,16,posthoc_orth,fx,var,0.021283912,n=200_bz=1.0_cv1=0.8_p=1_q=16_20251025-022912
200,1.0,0.8,1,16,posthoc_orth,fz,mspe,0.025531711,n=200_bz=1.0_cv1=0.8_p=1_q=16_20251025-022912
200,1.0,0.8,1,16,posthoc_orth,fz,bias2,0.012132356,n=200_bz=1.0_cv1=0.8_p=1_q=16_20251025-022912
200,1.0,0.8,1,16,posthoc_orth,fz,var,0.013399353,n=200_bz=1.0_cv1=0.8_p=1_q=16_20251025-022912
200,1.0,0.8,1,16,posthoc_orth,fr,mspe,0.026895216,n=200_bz=1.0_cv1=0.8_p=1_q=16_20251025-022912
200,1.0,0.8,1,16,posthoc_orth,fr,bias2,0.005611305,n=200_bz=1.0_cv1=0.8_p=1_q=16_20251025-022912
200,1.0,0.8,1,16,posthoc_orth,fr,var,0.021283912,n=200_bz=1.0_cv1=0.8_p=1_q=16_20251025-022912
200,1.0,0.8,1,16,posthoc_web,y,mspe,1.2331475,n=200_bz=1.0_cv1=0.8_p=1_q=16_20251025-022912
200,1.0,0.8,1,16,posthoc_web,y,bias2,1.2079414,n=200_bz=1.0_cv1=0.8_p=1_q=16_20251025-022912
200,1.0,0.8,1,16,posthoc_web,y,var,0.025205988,n=200_bz=1.0_cv1=0.8_p=1_q=16_20251025-022912
200,1.0,0.8,1,16,posthoc_web,fx,mspe,0.038002454,n=200_bz=1.0_cv1=0.8_p=1_q=16_20251025-022912
200,1.0,0.8,1,16,posthoc_web,fx,bias2,0.025381455,n=200_bz=1.0_cv1=0.8_p=1_q=16_20251025-022912
200,1.0,0.8,1,16,posthoc_web,fx,var,0.0126209995,n=200_bz=1.0_cv1=0.8_p=1_q=16_20251025-022912
200,1.0,0.8,1,16,posthoc_web,fz,mspe,0.07795459,n=200_bz=1.0_cv1=0.8_p=1_q=16_20251025-022912
200,1.0,0.8,1,16,posthoc_web,fz,bias2,0.07795459,n=200_bz=1.0_cv1=0.8_p=1_q=16_20251025-022912
200,1.0,0.8,1,16,posthoc_web,fz,var,0.0,n=200_bz=1.0_cv1=0.8_p=1_q=16_20251025-022912
200,1.0,0.8,1,16,posthoc_web,fr,mspe,0.019655304,n=200_bz=1.0_cv1=0.8_p=1_q=16_20251025-022912
200,1.0,0.8,1,16,posthoc_web,fr,bias2,0.0070343046,n=200_bz=1.0_cv1=0.8_p=1_q=16_20251025-022912
200,1.0,0.8,1,16,posthoc_web,fr,var,0.0126209995,n=200_bz=1.0_cv1=0.8_p=1_q=16_20251025-022912
200,1.0,0.8,1,256,base,y,mspe,1.0497383,n=200_bz=1.0_cv1=0.8_p=1_q=256_20251025-023915
200,1.0,0.8,1,256,base,y,bias2,1.0182434,n=200_bz=1.0_cv1=0.8_p=1_q=256_20251025-023915
200,1.0,0.8,1,256,base,y,var,0.03149477,n=200_bz=1.0_cv1=0.8_p=1_q=256_20251025-023915
200,1.0,0.8,1,256,base,fx,mspe,0.088725045,n=200_bz=1.0_cv1=0.8_p=1_q=256_20251025-023915
200,1.0,0.8,1,256,base,fx,bias2,0.06603427,n=200_bz=1.0_cv1=0.8_p=1_q=256_20251025-023915
200,1.0,0.8,1,256,base,fx,var,0.02269077,n=200_bz=1.0_cv1=0.8_p=1_q=256_20251025-023915
200,1.0,0.8,1,256,base,fz,mspe,0.07795459,n=200_bz=1.0_cv1=0.8_p=1_q=256_20251025-023915
200,1.0,0.8,1,256,base,fz,bias2,0.07795459,n=200_bz=1.0_cv1=0.8_p=1_q=256_20251025-023915
200,1.0,0.8,1,256,base,fz,var,0.0,n=200_bz=1.0_cv1=0.8_p=1_q=256_20251025-023915
200,1.0,0.8,1,256,base,fr,mspe,0.17649382,n=200_bz=1.0_cv1=0.8_p=1_q=256_20251025-023915
200,1.0,0.8,1,256,base,fr,bias2,0.15380305,n=200_bz=1.0_cv1=0.8_p=1_q=256_20251025-023915
200,1.0,0.8,1,256,base,fr,var,0.02269077,n=200_bz=1.0_cv1=0.8_p=1_q=256_20251025-023915
200,1.0,0.8,1,256,posthoc,y,mspe,1.0912055,n=200_bz=1.0_cv1=0.8_p=1_q=256_20251025-023915
200,1.0,0.8,1,256,posthoc,y,bias2,1.0575083,n=200_bz=1.0_cv1=0.8_p=1_q=256_20251025-023915
200,1.0,0.8,1,256,posthoc,y,var,0.033697017,n=200_bz=1.0_cv1=0.8_p=1_q=256_20251025-023915
200,1.0,0.8,1,256,posthoc,fx,mspe,0.051254872,n=200_bz=1.0_cv1=0.8_p=1_q=256_20251025-023915
200,1.0,0.8,1,256,posthoc,fx,bias2,0.02762969,n=200_bz=1.0_cv1=0.8_p=1_q=256_20251025-023915
200,1.0,0.8,1,256,posthoc,fx,var,0.023625184,n=200_bz=1.0_cv1=0.8_p=1_q=256_20251025-023915
200,1.0,0.8,1,256,posthoc,fz,mspe,0.058390282,n=200_bz=1.0_cv1=0.8_p=1_q=256_20251025-023915
200,1.0,0.8,1,256,posthoc,fz,bias2,0.05623433,n=200_bz=1.0_cv1=0.8_p=1_q=256_20251025-023915
200,1.0,0.8,1,256,posthoc,fz,var,0.002155958,n=200_bz=1.0_cv1=0.8_p=1_q=256_20251025-023915
200,1.0,0.8,1,256,posthoc,fr,mspe,0.08941478,n=200_bz=1.0_cv1=0.8_p=1_q=256_20251025-023915
200,1.0,0.8,1,256,posthoc,fr,bias2,0.065789595,n=200_bz=1.0_cv1=0.8_p=1_q=256_20251025-023915
200,1.0,0.8,1,256,posthoc,fr,var,0.023625184,n=200_bz=1.0_cv1=0.8_p=1_q=256_20251025-023915
200,1.0,0.8,1,256,posthoc_orth,y,mspe,1.0942416,n=200_bz=1.0_cv1=0.8_p=1_q=256_20251025-023915
200,1.0,0.8,1,256,posthoc_orth,y,bias2,1.0578676,n=200_bz=1.0_cv1=0.8_p=1_q=256_20251025-023915
200,1.0,0.8,1,256,posthoc_orth,y,var,0.036373924,n=200_bz=1.0_cv1=0.8_p=1_q=256_20251025-023915
200,1.0,0.8,1,256,posthoc_orth,fx,mspe,0.054910023,n=200_bz=1.0_cv1=0.8_p=1_q=256_20251025-023915
200,1.0,0.8,1,256,posthoc_orth,fx,bias2,0.040556073,n=200_bz=1.0_cv1=0.8_p=1_q=256_20251025-023915
200,1.0,0.8,1,256,posthoc_orth,fx,var,0.014353952,n=200_bz=1.0_cv1=0.8_p=1_q=256_20251025-023915
200,1.0,0.8,1,256,posthoc_orth,fz,mspe,0.01363378,n=200_bz=1.0_cv1=0.8_p=1_q=256_20251025-023915
200,1.0,0.8,1,256,posthoc_orth,fz,bias2,0.0014502783,n=200_bz=1.0_cv1=0.8_p=1_q=256_20251025-023915
200,1.0,0.8,1,256,posthoc_orth,fz,var,0.012183502,n=200_bz=1.0_cv1=0.8_p=1_q=256_20251025-023915
200,1.0,0.8,1,256,posthoc_orth,fr,mspe,0.037105124,n=200_bz=1.0_cv1=0.8_p=1_q=256_20251025-023915
200,1.0,0.8,1,256,posthoc_orth,fr,bias2,0.02275117,n=200_bz=1.0_cv1=0.8_p=1_q=256_20251025-023915
200,1.0,0.8,1,256,posthoc_orth,fr,var,0.014353952,n=200_bz=1.0_cv1=0.8_p=1_q=256_20251025-023915
200,1.0,0.8,1,256,posthoc_web,y,mspe,1.2348189,n=200_bz=1.0_cv1=0.8_p=1_q=256_20251025-023915
200,1.0,0.8,1,256,posthoc_web,y,bias2,1.2076735,n=200_bz=1.0_cv1=0.8_p=1_q=256_20251025-023915
200,1.0,0.8,1,256,posthoc_web,y,var,0.02714541,n=200_bz=1.0_cv1=0.8_p=1_q=256_20251025-023915
200,1.0,0.8,1,256,posthoc_web,fx,mspe,0.039204545,n=200_bz=1.0_cv1=0.8_p=1_q=256_20251025-023915
200,1.0,0.8,1,256,posthoc_web,fx,bias2,0.024544895,n=200_bz=1.0_cv1=0.8_p=1_q=256_20251025-023915
200,1.0,0.8,1,256,posthoc_web,fx,var,0.0146596525,n=200_bz=1.0_cv1=0.8_p=1_q=256_20251025-023915
200,1.0,0.8,1,256,posthoc_web,fz,mspe,0.07795459,n=200_bz=1.0_cv1=0.8_p=1_q=256_20251025-023915
200,1.0,0.8,1,256,posthoc_web,fz,bias2,0.07795459,n=200_bz=1.0_cv1=0.8_p=1_q=256_20251025-023915
200,1.0,0.8,1,256,posthoc_web,fz,var,0.0,n=200_bz=1.0_cv1=0.8_p=1_q=256_20251025-023915
200,1.0,0.8,1,256,posthoc_web,fr,mspe,0.020907242,n=200_bz=1.0_cv1=0.8_p=1_q=256_20251025-023915
200,1.0,0.8,1,256,posthoc_web,fr,bias2,0.006247589,n=200_bz=1.0_cv1=0.8_p=1_q=256_20251025-023915
200,1.0,0.8,1,256,posthoc_web,fr,var,0.0146596525,n=200_bz=1.0_cv1=0.8_p=1_q=256_20251025-023915
200,1.0,0.8,1,2,base,y,mspe,1.0520303,n=200_bz=1.0_cv1=0.8_p=1_q=2_20251025-022048
200,1.0,0.8,1,2,base,y,bias2,1.021227,n=200_bz=1.0_cv1=0.8_p=1_q=2_20251025-022048
200,1.0,0.8,1,2,base,y,var,0.030803327,n=200_bz=1.0_cv1=0.8_p=1_q=2_20251025-022048
200,1.0,0.8,1,2,base,fx,mspe,0.07825229,n=200_bz=1.0_cv1=0.8_p=1_q=2_20251025-022048
200,1.0,0.8,1,2,base,fx,bias2,0.05620803,n=200_bz=1.0_cv1=0.8_p=1_q=2_20251025-022048
200,1.0,0.8,1,2,base,fx,var,0.022044262,n=200_bz=1.0_cv1=0.8_p=1_q=2_20251025-022048
200,1.0,0.8,1,2,base,fz,mspe,0.07795459,n=200_bz=1.0_cv1=0.8_p=1_q=2_20251025-022048
200,1.0,0.8,1,2,base,fz,bias2,0.07795459,n=200_bz=1.0_cv1=0.8_p=1_q=2_20251025-022048
200,1.0,0.8,1,2,base,fz,var,0.0,n=200_bz=1.0_cv1=0.8_p=1_q=2_20251025-022048
200,1.0,0.8,1,2,base,fr,mspe,0.15957606,n=200_bz=1.0_cv1=0.8_p=1_q=2_20251025-022048
200,1.0,0.8,1,2,base,fr,bias2,0.1375318,n=200_bz=1.0_cv1=0.8_p=1_q=2_20251025-022048
200,1.0,0.8,1,2,base,fr,var,0.022044262,n=200_bz=1.0_cv1=0.8_p=1_q=2_20251025-022048
200,1.0,0.8,1,2,posthoc,y,mspe,1.0572183,n=200_bz=1.0_cv1=0.8_p=1_q=2_20251025-022048
200,1.0,0.8,1,2,posthoc,y,bias2,1.0158286,n=200_bz=1.0_cv1=0.8_p=1_q=2_20251025-022048
200,1.0,0.8,1,2,posthoc,y,var,0.04138982,n=200_bz=1.0_cv1=0.8_p=1_q=2_20251025-022048
200,1.0,0.8,1,2,posthoc,fx,mspe,0.09883297,n=200_bz=1.0_cv1=0.8_p=1_q=2_20251025-022048
200,1.0,0.8,1,2,posthoc,fx,bias2,0.05707504,n=200_bz=1.0_cv1=0.8_p=1_q=2_20251025-022048
200,1.0,0.8,1,2,posthoc,fx,var,0.04175793,n=200_bz=1.0_cv1=0.8_p=1_q=2_20251025-022048
200,1.0,0.8,1,2,posthoc,fz,mspe,0.079034485,n=200_bz=1.0_cv1=0.8_p=1_q=2_20251025-022048
200,1.0,0.8,1,2,posthoc,fz,bias2,0.057697773,n=200_bz=1.0_cv1=0.8_p=1_q=2_20251025-022048
200,1.0,0.8,1,2,posthoc,fz,var,0.021336708,n=200_bz=1.0_cv1=0.8_p=1_q=2_20251025-022048
200,1.0,0.8,1,2,posthoc,fr,mspe,0.1817345,n=200_bz=1.0_cv1=0.8_p=1_q=2_20251025-022048
200,1.0,0.8,1,2,posthoc,fr,bias2,0.13997656,n=200_bz=1.0_cv1=0.8_p=1_q=2_20251025-022048
200,1.0,0.8,1,2,posthoc,fr,var,0.04175793,n=200_bz=1.0_cv1=0.8_p=1_q=2_20251025-022048
200,1.0,0.8,1,2,posthoc_orth,y,mspe,1.0571381,n=200_bz=1.0_cv1=0.8_p=1_q=2_20251025-022048
200,1.0,0.8,1,2,posthoc_orth,y,bias2,1.0158958,n=200_bz=1.0_cv1=0.8_p=1_q=2_20251025-022048
200,1.0,0.8,1,2,posthoc_orth,y,var,0.041242186,n=200_bz=1.0_cv1=0.8_p=1_q=2_20251025-022048
200,1.0,0.8,1,2,posthoc_orth,fx,mspe,0.04363251,n=200_bz=1.0_cv1=0.8_p=1_q=2_20251025-022048
200,1.0,0.8,1,2,posthoc_orth,fx,bias2,0.023812614,n=200_bz=1.0_cv1=0.8_p=1_q=2_20251025-022048
200,1.0,0.8,1,2,posthoc_orth,fx,var,0.019819895,n=200_bz=1.0_cv1=0.8_p=1_q=2_20251025-022048
200,1.0,0.8,1,2,posthoc_orth,fz,mspe,0.028887704,n=200_bz=1.0_cv1=0.8_p=1_q=2_20251025-022048
200,1.0,0.8,1,2,posthoc_orth,fz,bias2,0.014921205,n=200_bz=1.0_cv1=0.8_p=1_q=2_20251025-022048
200,1.0,0.8,1,2,posthoc_orth,fz,var,0.013966501,n=200_bz=1.0_cv1=0.8_p=1_q=2_20251025-022048
200,1.0,0.8,1,2,posthoc_orth,fr,mspe,0.02539479,n=200_bz=1.0_cv1=0.8_p=1_q=2_20251025-022048
200,1.0,0.8,1,2,posthoc_orth,fr,bias2,0.0055748965,n=200_bz=1.0_cv1=0.8_p=1_q=2_20251025-022048
200,1.0,0.8,1,2,posthoc_orth,fr,var,0.019819895,n=200_bz=1.0_cv1=0.8_p=1_q=2_20251025-022048
200,1.0,0.8,1,2,posthoc_web,y,mspe,1.2338117,n=200_bz=1.0_cv1=0.8_p=1_q=2_20251025-022048
200,1.0,0.8,1,2,posthoc_web,y,bias2,1.2074867,n=200_bz=1.0_cv1=0.8_p=1_q=2_20251025-022048
200,1.0,0.8,1,2,posthoc_web,y,var,0.026325015,n=200_bz=1.0_cv1=0.8_p=1_q=2_20251025-022048
200,1.0,0.8,1,2,posthoc_web,fx,mspe,0.039206058,n=200_bz=1.0_cv1=0.8_p=1_q=2_20251025-022048
200,1.0,0.8,1,2,posthoc_web,fx,bias2,0.025489878,n=200_bz=1.0_cv1=0.8_p=1_q=2_20251025-022048
200,1.0,0.8,1,2,posthoc_web,fx,var,0.013716177,n=200_bz=1.0_cv1=0.8_p=1_q=2_20251025-022048
200,1.0,0.8,1,2,posthoc_web,fz,mspe,0.07795459,n=200_bz=1.0_cv1=0.8_p=1_q=2_20251025-022048
200,1.0,0.8,1,2,posthoc_web,fz,bias2,0.07795459,n=200_bz=1.0_cv1=0.8_p=1_q=2_20251025-022048
200,1.0,0.8,1,2,posthoc_web,fz,var,0.0,n=200_bz=1.0_cv1=0.8_p=1_q=2_20251025-022048
200,1.0,0.8,1,2,posthoc_web,fr,mspe,0.020891251,n=200_bz=1.0_cv1=0.8_p=1_q=2_20251025-022048
200,1.0,0.8,1,2,posthoc_web,fr,bias2,0.007175073,n=200_bz=1.0_cv1=0.8_p=1_q=2_20251025-022048
200,1.0,0.8,1,2,posthoc_web,fr,var,0.013716177,n=200_bz=1.0_cv1=0.8_p=1_q=2_20251025-022048
200,1.0,0.8,1,32,base,y,mspe,1.0534914,n=200_bz=1.0_cv1=0.8_p=1_q=32_20251025-023129
200,1.0,0.8,1,32,base,y,bias2,1.020887,n=200_bz=1.0_cv1=0.8_p=1_q=32_20251025-023129
200,1.0,0.8,1,32,base,y,var,0.032604292,n=200_bz=1.0_cv1=0.8_p=1_q=32_20251025-023129
200,1.0,0.8,1,32,base,fx,mspe,0.08083895,n=200_bz=1.0_cv1=0.8_p=1_q=32_20251025-023129
200,1.0,0.8,1,32,base,fx,bias2,0.05712596,n=200_bz=1.0_cv1=0.8_p=1_q=32_20251025-023129
200,1.0,0.8,1,32,base,fx,var,0.023712985,n=200_bz=1.0_cv1=0.8_p=1_q=32_20251025-023129
200,1.0,0.8,1,32,base,fz,mspe,0.07795459,n=200_bz=1.0_cv1=0.8_p=1_q=32_20251025-023129
200,1.0,0.8,1,32,base,fz,bias2,0.07795459,n=200_bz=1.0_cv1=0.8_p=1_q=32_20251025-023129
200,1.0,0.8,1,32,base,fz,var,0.0,n=200_bz=1.0_cv1=0.8_p=1_q=32_20251025-023129
200,1.0,0.8,1,32,base,fr,mspe,0.16325003,n=200_bz=1.0_cv1=0.8_p=1_q=32_20251025-023129
200,1.0,0.8,1,32,base,fr,bias2,0.13953704,n=200_bz=1.0_cv1=0.8_p=1_q=32_20251025-023129
200,1.0,0.8,1,32,base,fr,var,0.023712985,n=200_bz=1.0_cv1=0.8_p=1_q=32_20251025-023129
200,1.0,0.8,1,32,posthoc,y,mspe,1.058641,n=200_bz=1.0_cv1=0.8_p=1_q=32_20251025-023129
200,1.0,0.8,1,32,posthoc,y,bias2,1.0160047,n=200_bz=1.0_cv1=0.8_p=1_q=32_20251025-023129
200,1.0,0.8,1,32,posthoc,y,var,0.04263625,n=200_bz=1.0_cv1=0.8_p=1_q=32_20251025-023129
200,1.0,0.8,1,32,posthoc,fx,mspe,0.08143556,n=200_bz=1.0_cv1=0.8_p=1_q=32_20251025-023129
200,1.0,0.8,1,32,posthoc,fx,bias2,0.030292504,n=200_bz=1.0_cv1=0.8_p=1_q=32_20251025-023129
200,1.0,0.8,1,32,posthoc,fx,var,0.051143065,n=200_bz=1.0_cv1=0.8_p=1_q=32_20251025-023129
200,1.0,0.8,1,32,posthoc,fz,mspe,0.06772187,n=200_bz=1.0_cv1=0.8_p=1_q=32_20251025-023129
200,1.0,0.8,1,32,posthoc,fz,bias2,0.039118815,n=200_bz=1.0_cv1=0.8_p=1_q=32_20251025-023129
200,1.0,0.8,1,32,posthoc,fz,var,0.028603058,n=200_bz=1.0_cv1=0.8_p=1_q=32_20251025-023129
200,1.0,0.8,1,32,posthoc,fr,mspe,0.14453183,n=200_bz=1.0_cv1=0.8_p=1_q=32_20251025-023129
200,1.0,0.8,1,32,posthoc,fr,bias2,0.093388766,n=200_bz=1.0_cv1=0.8_p=1_q=32_20251025-023129
200,1.0,0.8,1,32,posthoc,fr,var,0.051143065,n=200_bz=1.0_cv1=0.8_p=1_q=32_20251025-023129
200,1.0,0.8,1,32,posthoc_orth,y,mspe,1.0584852,n=200_bz=1.0_cv1=0.8_p=1_q=32_20251025-023129
200,1.0,0.8,1,32,posthoc_orth,y,bias2,1.015784,n=200_bz=1.0_cv1=0.8_p=1_q=32_20251025-023129
200,1.0,0.8,1,32,posthoc_orth,y,var,0.042701136,n=200_bz=1.0_cv1=0.8_p=1_q=32_20251025-023129
200,1.0,0.8,1,32,posthoc_orth,fx,mspe,0.045571037,n=200_bz=1.0_cv1=0.8_p=1_q=32_20251025-023129
200,1.0,0.8,1,32,posthoc_orth,fx,bias2,0.024377193,n=200_bz=1.0_cv1=0.8_p=1_q=32_20251025-023129
200,1.0,0.8,1,32,posthoc_orth,fx,var,0.021193843,n=200_bz=1.0_cv1=0.8_p=1_q=32_20251025-023129
200,1.0,0.8,1,32,posthoc_orth,fz,mspe,0.022998398,n=200_bz=1.0_cv1=0.8_p=1_q=32_20251025-023129
200,1.0,0.8,1,32,posthoc_orth,fz,bias2,0.009223994,n=200_bz=1.0_cv1=0.8_p=1_q=32_20251025-023129
200,1.0,0.8,1,32,posthoc_orth,fz,var,0.013774405,n=200_bz=1.0_cv1=0.8_p=1_q=32_20251025-023129
200,1.0,0.8,1,32,posthoc_orth,fr,mspe,0.027188532,n=200_bz=1.0_cv1=0.8_p=1_q=32_20251025-023129
200,1.0,0.8,1,32,posthoc_orth,fr,bias2,0.0059946906,n=200_bz=1.0_cv1=0.8_p=1_q=32_20251025-023129
200,1.0,0.8,1,32,posthoc_orth,fr,var,0.021193843,n=200_bz=1.0_cv1=0.8_p=1_q=32_20251025-023129
200,1.0,0.8,1,32,posthoc_web,y,mspe,1.2366319,n=200_bz=1.0_cv1=0.8_p=1_q=32_20251025-023129
200,1.0,0.8,1,32,posthoc_web,y,bias2,1.2088453,n=200_bz=1.0_cv1=0.8_p=1_q=32_20251025-023129
200,1.0,0.8,1,32,posthoc_web,y,var,0.027786609,n=200_bz=1.0_cv1=0.8_p=1_q=32_20251025-023129
200,1.0,0.8,1,32,posthoc_web,fx,mspe,0.0401937,n=200_bz=1.0_cv1=0.8_p=1_q=32_20251025-023129
200,1.0,0.8,1,32,posthoc_web,fx,bias2,0.024989046,n=200_bz=1.0_cv1=0.8_p=1_q=32_20251025-023129
200,1.0,0.8,1,32,posthoc_web,fx,var,0.015204649,n=200_bz=1.0_cv1=0.8_p=1_q=32_20251025-023129
200,1.0,0.8,1,32,posthoc_web,fz,mspe,0.07795459,n=200_bz=1.0_cv1=0.8_p=1_q=32_20251025-023129
200,1.0,0.8,1,32,posthoc_web,fz,bias2,0.07795459,n=200_bz=1.0_cv1=0.8_p=1_q=32_20251025-023129
200,1.0,0.8,1,32,posthoc_web,fz,var,0.0,n=200_bz=1.0_cv1=0.8_p=1_q=32_20251025-023129
200,1.0,0.8,1,32,posthoc_web,fr,mspe,0.021544494,n=200_bz=1.0_cv1=0.8_p=1_q=32_20251025-023129
200,1.0,0.8,1,32,posthoc_web,fr,bias2,0.006339844,n=200_bz=1.0_cv1=0.8_p=1_q=32_20251025-023129
200,1.0,0.8,1,32,posthoc_web,fr,var,0.015204649,n=200_bz=1.0_cv1=0.8_p=1_q=32_20251025-023129
200,1.0,0.8,1,4,base,y,mspe,1.0502397,n=200_bz=1.0_cv1=0.8_p=1_q=4_20251025-022331
200,1.0,0.8,1,4,base,y,bias2,1.0214158,n=200_bz=1.0_cv1=0.8_p=1_q=4_20251025-022331
200,1.0,0.8,1,4,base,y,var,0.028823925,n=200_bz=1.0_cv1=0.8_p=1_q=4_20251025-022331
200,1.0,0.8,1,4,base,fx,mspe,0.07650914,n=200_bz=1.0_cv1=0.8_p=1_q=4_20251025-022331
200,1.0,0.8,1,4,base,fx,bias2,0.056334373,n=200_bz=1.0_cv1=0.8_p=1_q=4_20251025-022331
200,1.0,0.8,1,4,base,fx,var,0.02017476,n=200_bz=1.0_cv1=0.8_p=1_q=4_20251025-022331
200,1.0,0.8,1,4,base,fz,mspe,0.07795459,n=200_bz=1.0_cv1=0.8_p=1_q=4_20251025-022331
200,1.0,0.8,1,4,base,fz,bias2,0.07795459,n=200_bz=1.0_cv1=0.8_p=1_q=4_20251025-022331
200,1.0,0.8,1,4,base,fz,var,0.0,n=200_bz=1.0_cv1=0.8_p=1_q=4_20251025-022331
200,1.0,0.8,1,4,base,fr,mspe,0.15769477,n=200_bz=1.0_cv1=0.8_p=1_q=4_20251025-022331
200,1.0,0.8,1,4,base,fr,bias2,0.13752002,n=200_bz=1.0_cv1=0.8_p=1_q=4_20251025-022331
200,1.0,0.8,1,4,base,fr,var,0.02017476,n=200_bz=1.0_cv1=0.8_p=1_q=4_20251025-022331
200,1.0,0.8,1,4,posthoc,y,mspe,1.0579296,n=200_bz=1.0_cv1=0.8_p=1_q=4_20251025-022331
200,1.0,0.8,1,4,posthoc,y,bias2,1.0156099,n=200_bz=1.0_cv1=0.8_p=1_q=4_20251025-022331
200,1.0,0.8,1,4,posthoc,y,var,0.042319678,n=200_bz=1.0_cv1=0.8_p=1_q=4_20251025-022331
200,1.0,0.8,1,4,posthoc,fx,mspe,0.10099561,n=200_bz=1.0_cv1=0.8_p=1_q=4_20251025-022331
200,1.0,0.8,1,4,posthoc,fx,bias2,0.051787004,n=200_bz=1.0_cv1=0.8_p=1_q=4_20251025-022331
200,1.0,0.8,1,4,posthoc,fx,var,0.0492086,n=200_bz=1.0_cv1=0.8_p=1_q=4_20251025-022331
200,1.0,0.8,1,4,posthoc,fz,mspe,0.08164377,n=200_bz=1.0_cv1=0.8_p=1_q=4_20251025-022331
200,1.0,0.8,1,4,posthoc,fz,bias2,0.053721696,n=200_bz=1.0_cv1=0.8_p=1_q=4_20251025-022331
200,1.0,0.8,1,4,posthoc,fz,var,0.027922077,n=200_bz=1.0_cv1=0.8_p=1_q=4_20251025-022331
200,1.0,0.8,1,4,posthoc,fr,mspe,0.18069974,n=200_bz=1.0_cv1=0.8_p=1_q=4_20251025-022331
200,1.0,0.8,1,4,posthoc,fr,bias2,0.13149114,n=200_bz=1.0_cv1=0.8_p=1_q=4_20251025-022331
200,1.0,0.8,1,4,posthoc,fr,var,0.0492086,n=200_bz=1.0_cv1=0.8_p=1_q=4_20251025-022331
200,1.0,0.8,1,4,posthoc_orth,y,mspe,1.057401,n=200_bz=1.0_cv1=0.8_p=1_q=4_20251025-022331
200,1.0,0.8,1,4,posthoc_orth,y,bias2,1.0150247,n=200_bz=1.0_cv1=0.8_p=1_q=4_20251025-022331
200,1.0,0.8,1,4,posthoc_orth,y,var,0.042376332,n=200_bz=1.0_cv1=0.8_p=1_q=4_20251025-022331
200,1.0,0.8,1,4,posthoc_orth,fx,mspe,0.044606462,n=200_bz=1.0_cv1=0.8_p=1_q=4_20251025-022331
200,1.0,0.8,1,4,posthoc_orth,fx,bias2,0.02343722,n=200_bz=1.0_cv1=0.8_p=1_q=4_20251025-022331
200,1.0,0.8,1,4,posthoc_orth,fx,var,0.021169242,n=200_bz=1.0_cv1=0.8_p=1_q=4_20251025-022331
200,1.0,0.8,1,4,posthoc_orth,fz,mspe,0.028320685,n=200_bz=1.0_cv1=0.8_p=1_q=4_20251025-022331
200,1.0,0.8,1,4,posthoc_orth,fz,bias2,0.014553032,n=200_bz=1.0_cv1=0.8_p=1_q=4_20251025-022331
200,1.0,0.8,1,4,posthoc_orth,fz,var,0.013767656,n=200_bz=1.0_cv1=0.8_p=1_q=4_20251025-022331
200,1.0,0.8,1,4,posthoc_orth,fr,mspe,0.026152827,n=200_bz=1.0_cv1=0.8_p=1_q=4_20251025-022331
200,1.0,0.8,1,4,posthoc_orth,fr,bias2,0.0049835816,n=200_bz=1.0_cv1=0.8_p=1_q=4_20251025-022331
200,1.0,0.8,1,4,posthoc_orth,fr,var,0.021169242,n=200_bz=1.0_cv1=0.8_p=1_q=4_20251025-022331
200,1.0,0.8,1,4,posthoc_web,y,mspe,1.2334853,n=200_bz=1.0_cv1=0.8_p=1_q=4_20251025-022331
200,1.0,0.8,1,4,posthoc_web,y,bias2,1.2085377,n=200_bz=1.0_cv1=0.8_p=1_q=4_20251025-022331
200,1.0,0.8,1,4,posthoc_web,y,var,0.0249475,n=200_bz=1.0_cv1=0.8_p=1_q=4_20251025-022331
200,1.0,0.8,1,4,posthoc_web,fx,mspe,0.038626354,n=200_bz=1.0_cv1=0.8_p=1_q=4_20251025-022331
200,1.0,0.8,1,4,posthoc_web,fx,bias2,0.02612566,n=200_bz=1.0_cv1=0.8_p=1_q=4_20251025-022331
200,1.0,0.8,1,4,posthoc_web,fx,var,0.012500697,n=200_bz=1.0_cv1=0.8_p=1_q=4_20251025-022331
200,1.0,0.8,1,4,posthoc_web,fz,mspe,0.07795459,n=200_bz=1.0_cv1=0.8_p=1_q=4_20251025-022331
200,1.0,0.8,1,4,posthoc_web,fz,bias2,0.07795459,n=200_bz=1.0_cv1=0.8_p=1_q=4_20251025-022331
200,1.0,0.8,1,4,posthoc_web,fz,var,0.0,n=200_bz=1.0_cv1=0.8_p=1_q=4_20251025-022331
200,1.0,0.8,1,4,posthoc_web,fr,mspe,0.02001162,n=200_bz=1.0_cv1=0.8_p=1_q=4_20251025-022331
200,1.0,0.8,1,4,posthoc_web,fr,bias2,0.0075109242,n=200_bz=1.0_cv1=0.8_p=1_q=4_20251025-022331
200,1.0,0.8,1,4,posthoc_web,fr,var,0.012500697,n=200_bz=1.0_cv1=0.8_p=1_q=4_20251025-022331
200,1.0,0.8,1,512,base,y,mspe,1.0535692,n=200_bz=1.0_cv1=0.8_p=1_q=512_20251025-024345
200,1.0,0.8,1,512,base,y,bias2,1.0185091,n=200_bz=1.0_cv1=0.8_p=1_q=512_20251025-024345
200,1.0,0.8,1,512,base,y,var,0.03506007,n=200_bz=1.0_cv1=0.8_p=1_q=512_20251025-024345
200,1.0,0.8,1,512,base,fx,mspe,0.091760166,n=200_bz=1.0_cv1=0.8_p=1_q=512_20251025-024345
200,1.0,0.8,1,512,base,fx,bias2,0.06555229,n=200_bz=1.0_cv1=0.8_p=1_q=512_20251025-024345
200,1.0,0.8,1,512,base,fx,var,0.026207874,n=200_bz=1.0_cv1=0.8_p=1_q=512_20251025-024345
200,1.0,0.8,1,512,base,fz,mspe,0.07795459,n=200_bz=1.0_cv1=0.8_p=1_q=512_20251025-024345
200,1.0,0.8,1,512,base,fz,bias2,0.07795459,n=200_bz=1.0_cv1=0.8_p=1_q=512_20251025-024345
200,1.0,0.8,1,512,base,fz,var,0.0,n=200_bz=1.0_cv1=0.8_p=1_q=512_20251025-024345
200,1.0,0.8,1,512,base,fr,mspe,0.17938443,n=200_bz=1.0_cv1=0.8_p=1_q=512_20251025-024345
200,1.0,0.8,1,512,base,fr,bias2,0.15317655,n=200_bz=1.0_cv1=0.8_p=1_q=512_20251025-024345
200,1.0,0.8,1,512,base,fr,var,0.026207874,n=200_bz=1.0_cv1=0.8_p=1_q=512_20251025-024345
200,1.0,0.8,1,512,posthoc,y,mspe,1.124052,n=200_bz=1.0_cv1=0.8_p=1_q=512_20251025-024345
200,1.0,0.8,1,512,posthoc,y,bias2,1.0951697,n=200_bz=1.0_cv1=0.8_p=1_q=512_20251025-024345
200,1.0,0.8,1,512,posthoc,y,var,0.028882349,n=200_bz=1.0_cv1=0.8_p=1_q=512_20251025-024345
200,1.0,0.8,1,512,posthoc,fx,mspe,0.05355009,n=200_bz=1.0_cv1=0.8_p=1_q=512_20251025-024345
200,1.0,0.8,1,512,posthoc,fx,bias2,0.035693683,n=200_bz=1.0_cv1=0.8_p=1_q=512_20251025-024345
200,1.0,0.8,1,512,posthoc,fx,var,0.01785641,n=200_bz=1.0_cv1=0.8_p=1_q=512_20251025-024345
200,1.0,0.8,1,512,posthoc,fz,mspe,0.06386812,n=200_bz=1.0_cv1=0.8_p=1_q=512_20251025-024345
200,1.0,0.8,1,512,posthoc,fz,bias2,0.06336934,n=200_bz=1.0_cv1=0.8_p=1_q=512_20251025-024345
200,1.0,0.8,1,512,posthoc,fz,var,0.0004987792,n=200_bz=1.0_cv1=0.8_p=1_q=512_20251025-024345
200,1.0,0.8,1,512,posthoc,fr,mspe,0.07783394,n=200_bz=1.0_cv1=0.8_p=1_q=512_20251025-024345
200,1.0,0.8,1,512,posthoc,fr,bias2,0.05997753,n=200_bz=1.0_cv1=0.8_p=1_q=512_20251025-024345
200,1.0,0.8,1,512,posthoc,fr,var,0.01785641,n=200_bz=1.0_cv1=0.8_p=1_q=512_20251025-024345
200,1.0,0.8,1,512,posthoc_orth,y,mspe,1.1268482,n=200_bz=1.0_cv1=0.8_p=1_q=512_20251025-024345
200,1.0,0.8,1,512,posthoc_orth,y,bias2,1.0951102,n=200_bz=1.0_cv1=0.8_p=1_q=512_20251025-024345
200,1.0,0.8,1,512,posthoc_orth,y,var,0.03173803,n=200_bz=1.0_cv1=0.8_p=1_q=512_20251025-024345
200,1.0,0.8,1,512,posthoc_orth,fx,mspe,0.064715765,n=200_bz=1.0_cv1=0.8_p=1_q=512_20251025-024345
200,1.0,0.8,1,512,posthoc_orth,fx,bias2,0.053370267,n=200_bz=1.0_cv1=0.8_p=1_q=512_20251025-024345
200,1.0,0.8,1,512,posthoc_orth,fx,var,0.011345497,n=200_bz=1.0_cv1=0.8_p=1_q=512_20251025-024345
200,1.0,0.8,1,512,posthoc_orth,fz,mspe,0.02000064,n=200_bz=1.0_cv1=0.8_p=1_q=512_20251025-024345
200,1.0,0.8,1,512,posthoc_orth,fz,bias2,0.0100927055,n=200_bz=1.0_cv1=0.8_p=1_q=512_20251025-024345
200,1.0,0.8,1,512,posthoc_orth,fz,var,0.009907936,n=200_bz=1.0_cv1=0.8_p=1_q=512_20251025-024345
200,1.0,0.8,1,512,posthoc_orth,fr,mspe,0.046780836,n=200_bz=1.0_cv1=0.8_p=1_q=512_20251025-024345
200,1.0,0.8,1,512,posthoc_orth,fr,bias2,0.035435334,n=200_bz=1.0_cv1=0.8_p=1_q=512_20251025-024345
200,1.0,0.8,1,512,posthoc_orth,fr,var,0.011345497,n=200_bz=1.0_cv1=0.8_p=1_q=512_20251025-024345
200,1.0,0.8,1,512,posthoc_web,y,mspe,1.2380992,n=200_bz=1.0_cv1=0.8_p=1_q=512_20251025-024345
200,1.0,0.8,1,512,posthoc_web,y,bias2,1.2092788,n=200_bz=1.0_cv1=0.8_p=1_q=512_20251025-024345
200,1.0,0.8,1,512,posthoc_web,y,var,0.02882038,n=200_bz=1.0_cv1=0.8_p=1_q=512_20251025-024345
200,1.0,0.8,1,512,posthoc_web,fx,mspe,0.04105467,n=200_bz=1.0_cv1=0.8_p=1_q=512_20251025-024345
200,1.0,0.8,1,512,posthoc_web,fx,bias2,0.024743551,n=200_bz=1.0_cv1=0.8_p=1_q=512_20251025-024345
200,1.0,0.8,1,512,posthoc_web,fx,var,0.016311118,n=200_bz=1.0_cv1=0.8_p=1_q=512_20251025-024345
200,1.0,0.8,1,512,posthoc_web,fz,mspe,0.07795459,n=200_bz=1.0_cv1=0.8_p=1_q=512_20251025-024345
200,1.0,0.8,1,512,posthoc_web,fz,bias2,0.07795459,n=200_bz=1.0_cv1=0.8_p=1_q=512_20251025-024345
200,1.0,0.8,1,512,posthoc_web,fz,var,0.0,n=200_bz=1.0_cv1=0.8_p=1_q=512_20251025-024345
200,1.0,0.8,1,512,posthoc_web,fr,mspe,0.0223171,n=200_bz=1.0_cv1=0.8_p=1_q=512_20251025-024345
200,1.0,0.8,1,512,posthoc_web,fr,bias2,0.0060059847,n=200_bz=1.0_cv1=0.8_p=1_q=512_20251025-024345
200,1.0,0.8,1,512,posthoc_web,fr,var,0.016311118,n=200_bz=1.0_cv1=0.8_p=1_q=512_20251025-024345
200,1.0,0.8,1,64,base,y,mspe,1.0545528,n=200_bz=1.0_cv1=0.8_p=1_q=64_20251025-023358
200,1.0,0.8,1,64,base,y,bias2,1.0211338,n=200_bz=1.0_cv1=0.8_p=1_q=64_20251025-023358
200,1.0,0.8,1,64,base,y,var,0.033419047,n=200_bz=1.0_cv1=0.8_p=1_q=64_20251025-023358
200,1.0,0.8,1,64,base,fx,mspe,0.082699955,n=200_bz=1.0_cv1=0.8_p=1_q=64_20251025-023358
200,1.0,0.8,1,64,base,fx,bias2,0.057951096,n=200_bz=1.0_cv1=0.8_p=1_q=64_20251025-023358
200,1.0,0.8,1,64,base,fx,var,0.024748854,n=200_bz=1.0_cv1=0.8_p=1_q=64_20251025-023358
200,1.0,0.8,1,64,base,fz,mspe,0.07795459,n=200_bz=1.0_cv1=0.8_p=1_q=64_20251025-023358
200,1.0,0.8,1,64,base,fz,bias2,0.07795459,n=200_bz=1.0_cv1=0.8_p=1_q=64_20251025-023358
200,1.0,0.8,1,64,base,fz,var,0.0,n=200_bz=1.0_cv1=0.8_p=1_q=64_20251025-023358
200,1.0,0.8,1,64,base,fr,mspe,0.16508254,n=200_bz=1.0_cv1=0.8_p=1_q=64_20251025-023358
200,1.0,0.8,1,64,base,fr,bias2,0.14033367,n=200_bz=1.0_cv1=0.8_p=1_q=64_20251025-023358
200,1.0,0.8,1,64,base,fr,var,0.024748854,n=200_bz=1.0_cv1=0.8_p=1_q=64_20251025-023358
200,1.0,0.8,1,64,posthoc,y,mspe,1.0599443,n=200_bz=1.0_cv1=0.8_p=1_q=64_20251025-023358
200,1.0,0.8,1,64,posthoc,y,bias2,1.0184741,n=200_bz=1.0_cv1=0.8_p=1_q=64_20251025-023358
200,1.0,0.8,1,64,posthoc,y,var,0.04147017,n=200_bz=1.0_cv1=0.8_p=1_q=64_20251025-023358
200,1.0,0.8,1,64,posthoc,fx,mspe,0.08578054,n=200_bz=1.0_cv1=0.8_p=1_q=64_20251025-023358
200,1.0,0.8,1,64,posthoc,fx,bias2,0.0221989,n=200_bz=1.0_cv1=0.8_p=1_q=64_20251025-023358
200,1.0,0.8,1,64,posthoc,fx,var,0.06358163,n=200_bz=1.0_cv1=0.8_p=1_q=64_20251025-023358
200,1.0,0.8,1,64,posthoc,fz,mspe,0.07321751,n=200_bz=1.0_cv1=0.8_p=1_q=64_20251025-023358
200,1.0,0.8,1,64,posthoc,fz,bias2,0.032773156,n=200_bz=1.0_cv1=0.8_p=1_q=64_20251025-023358
200,1.0,0.8,1,64,posthoc,fz,var,0.040444355,n=200_bz=1.0_cv1=0.8_p=1_q=64_20251025-023358
200,1.0,0.8,1,64,posthoc,fr,mspe,0.13878709,n=200_bz=1.0_cv1=0.8_p=1_q=64_20251025-023358
200,1.0,0.8,1,64,posthoc,fr,bias2,0.07520546,n=200_bz=1.0_cv1=0.8_p=1_q=64_20251025-023358
200,1.0,0.8,1,64,posthoc,fr,var,0.06358163,n=200_bz=1.0_cv1=0.8_p=1_q=64_20251025-023358
200,1.0,0.8,1,64,posthoc_orth,y,mspe,1.0597932,n=200_bz=1.0_cv1=0.8_p=1_q=64_20251025-023358
200,1.0,0.8,1,64,posthoc_orth,y,bias2,1.018891,n=200_bz=1.0_cv1=0.8_p=1_q=64_20251025-023358
200,1.0,0.8,1,64,posthoc_orth,y,var,0.040902335,n=200_bz=1.0_cv1=0.8_p=1_q=64_20251025-023358
200,1.0,0.8,1,64,posthoc_orth,fx,mspe,0.046942074,n=200_bz=1.0_cv1=0.8_p=1_q=64_20251025-023358
200,1.0,0.8,1,64,posthoc_orth,fx,bias2,0.025660878,n=200_bz=1.0_cv1=0.8_p=1_q=64_20251025-023358
200,1.0,0.8,1,64,posthoc_orth,fx,var,0.021281198,n=200_bz=1.0_cv1=0.8_p=1_q=64_20251025-023358
200,1.0,0.8,1,64,posthoc_orth,fz,mspe,0.016116612,n=200_bz=1.0_cv1=0.8_p=1_q=64_20251025-023358
200,1.0,0.8,1,64,posthoc_orth,fz,bias2,0.0045749377,n=200_bz=1.0_cv1=0.8_p=1_q=64_20251025-023358
200,1.0,0.8,1,64,posthoc_orth,fz,var,0.011541675,n=200_bz=1.0_cv1=0.8_p=1_q=64_20251025-023358
200,1.0,0.8,1,64,posthoc_orth,fr,mspe,0.029019,n=200_bz=1.0_cv1=0.8_p=1_q=64_20251025-023358
200,1.0,0.8,1,64,posthoc_orth,fr,bias2,0.0077378023,n=200_bz=1.0_cv1=0.8_p=1_q=64_20251025-023358
200,1.0,0.8,1,64,posthoc_orth,fr,var,0.021281198,n=200_bz=1.0_cv1=0.8_p=1_q=64_20251025-023358
200,1.0,0.8,1,64,posthoc_web,y,mspe,1.235735,n=200_bz=1.0_cv1=0.8_p=1_q=64_20251025-023358
200,1.0,0.8,1,64,posthoc_web,y,bias2,1.2083306,n=200_bz=1.0_cv1=0.8_p=1_q=64_20251025-023358
200,1.0,0.8,1,64,posthoc_web,y,var,0.02740434,n=200_bz=1.0_cv1=0.8_p=1_q=64_20251025-023358
200,1.0,0.8,1,64,posthoc_web,fx,mspe,0.04057674,n=200_bz=1.0_cv1=0.8_p=1_q=64_20251025-023358
200,1.0,0.8,1,64,posthoc_web,fx,bias2,0.025658721,n=200_bz=1.0_cv1=0.8_p=1_q=64_20251025-023358
200,1.0,0.8,1,64,posthoc_web,fx,var,0.014918017,n=200_bz=1.0_cv1=0.8_p=1_q=64_20251025-023358
200,1.0,0.8,1,64,posthoc_web,fz,mspe,0.07795459,n=200_bz=1.0_cv1=0.8_p=1_q=64_20251025-023358
200,1.0,0.8,1,64,posthoc_web,fz,bias2,0.07795459,n=200_bz=1.0_cv1=0.8_p=1_q=64_20251025-023358
200,1.0,0.8,1,64,posthoc_web,fz,var,0.0,n=200_bz=1.0_cv1=0.8_p=1_q=64_20251025-023358
200,1.0,0.8,1,64,posthoc_web,fr,mspe,0.02214153,n=200_bz=1.0_cv1=0.8_p=1_q=64_20251025-023358
200,1.0,0.8,1,64,posthoc_web,fr,bias2,0.0072235106,n=200_bz=1.0_cv1=0.8_p=1_q=64_20251025-023358
200,1.0,0.8,1,64,posthoc_web,fr,var,0.014918017,n=200_bz=1.0_cv1=0.8_p=1_q=64_20251025-023358
200,1.0,0.8,1,8,base,y,mspe,1.0546418,n=200_bz=1.0_cv1=0.8_p=1_q=8_20251025-022625
200,1.0,0.8,1,8,base,y,bias2,1.0217324,n=200_bz=1.0_cv1=0.8_p=1_q=8_20251025-022625
200,1.0,0.8,1,8,base,y,var,0.03290928,n=200_bz=1.0_cv1=0.8_p=1_q=8_20251025-022625
200,1.0,0.8,1,8,base,fx,mspe,0.07909372,n=200_bz=1.0_cv1=0.8_p=1_q=8_20251025-022625
200,1.0,0.8,1,8,base,fx,bias2,0.055058867,n=200_bz=1.0_cv1=0.8_p=1_q=8_20251025-022625
200,1.0,0.8,1,8,base,fx,var,0.02403485,n=200_bz=1.0_cv1=0.8_p=1_q=8_20251025-022625
200,1.0,0.8,1,8,base,fz,mspe,0.07795459,n=200_bz=1.0_cv1=0.8_p=1_q=8_20251025-022625
200,1.0,0.8,1,8,base,fz,bias2,0.07795459,n=200_bz=1.0_cv1=0.8_p=1_q=8_20251025-022625
200,1.0,0.8,1,8,base,fz,var,0.0,n=200_bz=1.0_cv1=0.8_p=1_q=8_20251025-022625
200,1.0,0.8,1,8,base,fr,mspe,0.15980646,n=200_bz=1.0_cv1=0.8_p=1_q=8_20251025-022625
200,1.0,0.8,1,8,base,fr,bias2,0.13577162,n=200_bz=1.0_cv1=0.8_p=1_q=8_20251025-022625
200,1.0,0.8,1,8,base,fr,var,0.02403485,n=200_bz=1.0_cv1=0.8_p=1_q=8_20251025-022625
200,1.0,0.8,1,8,posthoc,y,mspe,1.0595413,n=200_bz=1.0_cv1=0.8_p=1_q=8_20251025-022625
200,1.0,0.8,1,8,posthoc,y,bias2,1.0152577,n=200_bz=1.0_cv1=0.8_p=1_q=8_20251025-022625
200,1.0,0.8,1,8,posthoc,y,var,0.04428357,n=200_bz=1.0_cv1=0.8_p=1_q=8_20251025-022625
200,1.0,0.8,1,8,posthoc,fx,mspe,0.10056868,n=200_bz=1.0_cv1=0.8_p=1_q=8_20251025-022625
200,1.0,0.8,1,8,posthoc,fx,bias2,0.04541278,n=200_bz=1.0_cv1=0.8_p=1_q=8_20251025-022625
200,1.0,0.8,1,8,posthoc,fx,var,0.055155903,n=200_bz=1.0_cv1=0.8_p=1_q=8_20251025-022625
200,1.0,0.8,1,8,posthoc,fz,mspe,0.07685586,n=200_bz=1.0_cv1=0.8_p=1_q=8_20251025-022625
200,1.0,0.8,1,8,posthoc,fz,bias2,0.048142213,n=200_bz=1.0_cv1=0.8_p=1_q=8_20251025-022625
200,1.0,0.8,1,8,posthoc,fz,var,0.028713642,n=200_bz=1.0_cv1=0.8_p=1_q=8_20251025-022625
200,1.0,0.8,1,8,posthoc,fr,mspe,0.17609614,n=200_bz=1.0_cv1=0.8_p=1_q=8_20251025-022625
200,1.0,0.8,1,8,posthoc,fr,bias2,0.12094024,n=200_bz=1.0_cv1=0.8_p=1_q=8_20251025-022625
200,1.0,0.8,1,8,posthoc,fr,var,0.055155903,n=200_bz=1.0_cv1=0.8_p=1_q=8_20251025-022625
200,1.0,0.8,1,8,posthoc_orth,y,mspe,1.0587896,n=200_bz=1.0_cv1=0.8_p=1_q=8_20251025-022625
200,1.0,0.8,1,8,posthoc_orth,y,bias2,1.0149779,n=200_bz=1.0_cv1=0.8_p=1_q=8_20251025-022625
200,1.0,0.8,1,8,posthoc_orth,y,var,0.043811712,n=200_bz=1.0_cv1=0.8_p=1_q=8_20251025-022625
200,1.0,0.8,1,8,posthoc_orth,fx,mspe,0.045994464,n=200_bz=1.0_cv1=0.8_p=1_q=8_20251025-022625
200,1.0,0.8,1,8,posthoc_orth,fx,bias2,0.023554036,n=200_bz=1.0_cv1=0.8_p=1_q=8_20251025-022625
200,1.0,0.8,1,8,posthoc_orth,fx,var,0.022440428,n=200_bz=1.0_cv1=0.8_p=1_q=8_20251025-022625
200,1.0,0.8,1,8,posthoc_orth,fz,mspe,0.027789405,n=200_bz=1.0_cv1=0.8_p=1_q=8_20251025-022625
200,1.0,0.8,1,8,posthoc_orth,fz,bias2,0.01397436,n=200_bz=1.0_cv1=0.8_p=1_q=8_20251025-022625
200,1.0,0.8,1,8,posthoc_orth,fz,var,0.0138150435,n=200_bz=1.0_cv1=0.8_p=1_q=8_20251025-022625
200,1.0,0.8,1,8,posthoc_orth,fr,mspe,0.027476551,n=200_bz=1.0_cv1=0.8_p=1_q=8_20251025-022625
200,1.0,0.8,1,8,posthoc_orth,fr,bias2,0.0050361212,n=200_bz=1.0_cv1=0.8_p=1_q=8_20251025-022625
200,1.0,0.8,1,8,posthoc_orth,fr,var,0.022440428,n=200_bz=1.0_cv1=0.8_p=1_q=8_20251025-022625
200,1.0,0.8,1,8,posthoc_web,y,mspe,1.2361026,n=200_bz=1.0_cv1=0.8_p=1_q=8_20251025-022625
200,1.0,0.8,1,8,posthoc_web,y,bias2,1.2085638,n=200_bz=1.0_cv1=0.8_p=1_q=8_20251025-022625
200,1.0,0.8,1,8,posthoc_web,y,var,0.027538743,n=200_bz=1.0_cv1=0.8_p=1_q=8_20251025-022625
200,1.0,0.8,1,8,posthoc_web,fx,mspe,0.040607616,n=200_bz=1.0_cv1=0.8_p=1_q=8_20251025-022625
200,1.0,0.8,1,8,posthoc_web,fx,bias2,0.025585378,n=200_bz=1.0_cv1=0.8_p=1_q=8_20251025-022625
200,1.0,0.8,1,8,posthoc_web,fx,var,0.015022238,n=200_bz=1.0_cv1=0.8_p=1_q=8_20251025-022625
200,1.0,0.8,1,8,posthoc_web,fz,mspe,0.07795459,n=200_bz=1.0_cv1=0.8_p=1_q=8_20251025-022625
200,1.0,0.8,1,8,posthoc_web,fz,bias2,0.07795459,n=200_bz=1.0_cv1=0.8_p=1_q=8_20251025-022625
200,1.0,0.8,1,8,posthoc_web,fz,var,0.0,n=200_bz=1.0_cv1=0.8_p=1_q=8_20251025-022625
200,1.0,0.8,1,8,posthoc_web,fr,mspe,0.022002488,n=200_bz=1.0_cv1=0.8_p=1_q=8_20251025-022625
200,1.0,0.8,1,8,posthoc_web,fr,bias2,0.0069802497,n=200_bz=1.0_cv1=0.8_p=1_q=8_20251025-022625
200,1.0,0.8,1,8,posthoc_web,fr,var,0.015022238,n=200_bz=1.0_cv1=0.8_p=1_q=8_20251025-022625
25600,1.0,0.8,1,1024,base,y,mspe,1.0166173,n=25600_bz=1.0_cv1=0.8_p=1_q=1024_20251024-044050
25600,1.0,0.8,1,1024,base,y,bias2,1.0160933,n=25600_bz=1.0_cv1=0.8_p=1_q=1024_20251024-044050
25600,1.0,0.8,1,1024,base,y,var,0.0005240418,n=25600_bz=1.0_cv1=0.8_p=1_q=1024_20251024-044050
25600,1.0,0.8,1,1024,base,fx,mspe,0.07308945,n=25600_bz=1.0_cv1=0.8_p=1_q=1024_20251024-044050
25600,1.0,0.8,1,1024,base,fx,bias2,0.07262897,n=25600_bz=1.0_cv1=0.8_p=1_q=1024_20251024-044050
25600,1.0,0.8,1,1024,base,fx,var,0.00046048098,n=25600_bz=1.0_cv1=0.8_p=1_q=1024_20251024-044050
25600,1.0,0.8,1,1024,base,fz,mspe,0.07795459,n=25600_bz=1.0_cv1=0.8_p=1_q=1024_20251024-044050
25600,1.0,0.8,1,1024,base,fz,bias2,0.07795459,n=25600_bz=1.0_cv1=0.8_p=1_q=1024_20251024-044050
25600,1.0,0.8,1,1024,base,fz,var,0.0,n=25600_bz=1.0_cv1=0.8_p=1_q=1024_20251024-044050
25600,1.0,0.8,1,1024,base,fr,mspe,0.16558334,n=25600_bz=1.0_cv1=0.8_p=1_q=1024_20251024-044050
25600,1.0,0.8,1,1024,base,fr,bias2,0.16512287,n=25600_bz=1.0_cv1=0.8_p=1_q=1024_20251024-044050
25600,1.0,0.8,1,1024,base,fr,var,0.00046048098,n=25600_bz=1.0_cv1=0.8_p=1_q=1024_20251024-044050
25600,1.0,0.8,1,1024,posthoc,y,mspe,1.0035505,n=25600_bz=1.0_cv1=0.8_p=1_q=1024_20251024-044050
25600,1.0,0.8,1,1024,posthoc,y,bias2,1.0025513,n=25600_bz=1.0_cv1=0.8_p=1_q=1024_20251024-044050
25600,1.0,0.8,1,1024,posthoc,y,var,0.0009991032,n=25600_bz=1.0_cv1=0.8_p=1_q=1024_20251024-044050
25600,1.0,0.8,1,1024,posthoc,fx,mspe,0.002036709,n=25600_bz=1.0_cv1=0.8_p=1_q=1024_20251024-044050
25600,1.0,0.8,1,1024,posthoc,fx,bias2,2.892158e-05,n=25600_bz=1.0_cv1=0.8_p=1_q=1024_20251024-044050
25600,1.0,0.8,1,1024,posthoc,fx,var,0.0020077878,n=25600_bz=1.0_cv1=0.8_p=1_q=1024_20251024-044050
25600,1.0,0.8,1,1024,posthoc,fz,mspe,0.0012914385,n=25600_bz=1.0_cv1=0.8_p=1_q=1024_20251024-044050
25600,1.0,0.8,1,1024,posthoc,fz,bias2,1.4838476e-05,n=25600_bz=1.0_cv1=0.8_p=1_q=1024_20251024-044050
25600,1.0,0.8,1,1024,posthoc,fz,var,0.0012766,n=25600_bz=1.0_cv1=0.8_p=1_q=1024_20251024-044050
25600,1.0,0.8,1,1024,posthoc,fr,mspe,0.022630248,n=25600_bz=1.0_cv1=0.8_p=1_q=1024_20251024-044050
25600,1.0,0.8,1,1024,posthoc,fr,bias2,0.020622464,n=25600_bz=1.0_cv1=0.8_p=1_q=1024_20251024-044050
25600,1.0,0.8,1,1024,posthoc,fr,var,0.0020077878,n=25600_bz=1.0_cv1=0.8_p=1_q=1024_20251024-044050
25600,1.0,0.8,1,1024,posthoc_orth,y,mspe,1.0035504,n=25600_bz=1.0_cv1=0.8_p=1_q=1024_20251024-044050
25600,1.0,0.8,1,1024,posthoc_orth,y,bias2,1.0025513,n=25600_bz=1.0_cv1=0.8_p=1_q=1024_20251024-044050
25600,1.0,0.8,1,1024,posthoc_orth,y,var,0.0009991071,n=25600_bz=1.0_cv1=0.8_p=1_q=1024_20251024-044050
25600,1.0,0.8,1,1024,posthoc_orth,fx,mspe,0.020341422,n=25600_bz=1.0_cv1=0.8_p=1_q=1024_20251024-044050
25600,1.0,0.8,1,1024,posthoc_orth,fx,bias2,0.019495936,n=25600_bz=1.0_cv1=0.8_p=1_q=1024_20251024-044050
25600,1.0,0.8,1,1024,posthoc_orth,fx,var,0.0008454874,n=25600_bz=1.0_cv1=0.8_p=1_q=1024_20251024-044050
25600,1.0,0.8,1,1024,posthoc_orth,fz,mspe,0.019614542,n=25600_bz=1.0_cv1=0.8_p=1_q=1024_20251024-044050
25600,1.0,0.8,1,1024,posthoc_orth,fz,bias2,0.019513179,n=25600_bz=1.0_cv1=0.8_p=1_q=1024_20251024-044050
25600,1.0,0.8,1,1024,posthoc_orth,fz,var,0.000101362704,n=25600_bz=1.0_cv1=0.8_p=1_q=1024_20251024-044050
25600,1.0,0.8,1,1024,posthoc_orth,fr,mspe,0.0008586209,n=25600_bz=1.0_cv1=0.8_p=1_q=1024_20251024-044050
25600,1.0,0.8,1,1024,posthoc_orth,fr,bias2,1.3133597e-05,n=25600_bz=1.0_cv1=0.8_p=1_q=1024_20251024-044050
25600,1.0,0.8,1,1024,posthoc_orth,fr,var,0.0008454874,n=25600_bz=1.0_cv1=0.8_p=1_q=1024_20251024-044050
25600,1.0,0.8,1,1024,posthoc_web,y,mspe,1.2123643,n=25600_bz=1.0_cv1=0.8_p=1_q=1024_20251024-044050
25600,1.0,0.8,1,1024,posthoc_web,y,bias2,1.2118964,n=25600_bz=1.0_cv1=0.8_p=1_q=1024_20251024-044050
25600,1.0,0.8,1,1024,posthoc_web,y,var,0.00046811436,n=25600_bz=1.0_cv1=0.8_p=1_q=1024_20251024-044050
25600,1.0,0.8,1,1024,posthoc_web,fx,mspe,0.024325792,n=25600_bz=1.0_cv1=0.8_p=1_q=1024_20251024-044050
25600,1.0,0.8,1,1024,posthoc_web,fx,bias2,0.023954798,n=25600_bz=1.0_cv1=0.8_p=1_q=1024_20251024-044050
25600,1.0,0.8,1,1024,posthoc_web,fx,var,0.00037099555,n=25600_bz=1.0_cv1=0.8_p=1_q=1024_20251024-044050
25600,1.0,0.8,1,1024,posthoc_web,fz,mspe,0.07795459,n=25600_bz=1.0_cv1=0.8_p=1_q=1024_20251024-044050
25600,1.0,0.8,1,1024,posthoc_web,fz,bias2,0.07795459,n=25600_bz=1.0_cv1=0.8_p=1_q=1024_20251024-044050
25600,1.0,0.8,1,1024,posthoc_web,fz,var,0.0,n=25600_bz=1.0_cv1=0.8_p=1_q=1024_20251024-044050
25600,1.0,0.8,1,1024,posthoc_web,fr,mspe,0.004628372,n=25600_bz=1.0_cv1=0.8_p=1_q=1024_20251024-044050
25600,1.0,0.8,1,1024,posthoc_web,fr,bias2,0.0042573763,n=25600_bz=1.0_cv1=0.8_p=1_q=1024_20251024-044050
25600,1.0,0.8,1,1024,posthoc_web,fr,var,0.00037099555,n=25600_bz=1.0_cv1=0.8_p=1_q=1024_20251024-044050
25600,1.0,0.8,1,128,base,y,mspe,1.0168787,n=25600_bz=1.0_cv1=0.8_p=1_q=128_20251024-012630
25600,1.0,0.8,1,128,base,y,bias2,1.016366,n=25600_bz=1.0_cv1=0.8_p=1_q=128_20251024-012630
25600,1.0,0.8,1,128,base,y,var,0.00051285187,n=25600_bz=1.0_cv1=0.8_p=1_q=128_20251024-012630
25600,1.0,0.8,1,128,base,fx,mspe,0.073629506,n=25600_bz=1.0_cv1=0.8_p=1_q=128_20251024-012630
25600,1.0,0.8,1,128,base,fx,bias2,0.07318177,n=25600_bz=1.0_cv1=0.8_p=1_q=128_20251024-012630
25600,1.0,0.8,1,128,base,fx,var,0.00044773065,n=25600_bz=1.0_cv1=0.8_p=1_q=128_20251024-012630
25600,1.0,0.8,1,128,base,fz,mspe,0.07795459,n=25600_bz=1.0_cv1=0.8_p=1_q=128_20251024-012630
25600,1.0,0.8,1,128,base,fz,bias2,0.07795459,n=25600_bz=1.0_cv1=0.8_p=1_q=128_20251024-012630
25600,1.0,0.8,1,128,base,fz,var,0.0,n=25600_bz=1.0_cv1=0.8_p=1_q=128_20251024-012630
25600,1.0,0.8,1,128,base,fr,mspe,0.16638902,n=25600_bz=1.0_cv1=0.8_p=1_q=128_20251024-012630
25600,1.0,0.8,1,128,base,fr,bias2,0.16594128,n=25600_bz=1.0_cv1=0.8_p=1_q=128_20251024-012630
25600,1.0,0.8,1,128,base,fr,var,0.00044773065,n=25600_bz=1.0_cv1=0.8_p=1_q=128_20251024-012630
25600,1.0,0.8,1,128,posthoc,y,mspe,1.0032461,n=25600_bz=1.0_cv1=0.8_p=1_q=128_20251024-012630
25600,1.0,0.8,1,128,posthoc,y,bias2,1.0024651,n=25600_bz=1.0_cv1=0.8_p=1_q=128_20251024-012630
25600,1.0,0.8,1,128,posthoc,y,var,0.0007809631,n=25600_bz=1.0_cv1=0.8_p=1_q=128_20251024-012630
25600,1.0,0.8,1,128,posthoc,fx,mspe,0.0018460022,n=25600_bz=1.0_cv1=0.8_p=1_q=128_20251024-012630
25600,1.0,0.8,1,128,posthoc,fx,bias2,3.6517475e-05,n=25600_bz=1.0_cv1=0.8_p=1_q=128_20251024-012630
25600,1.0,0.8,1,128,posthoc,fx,var,0.0018094847,n=25600_bz=1.0_cv1=0.8_p=1_q=128_20251024-012630
25600,1.0,0.8,1,128,posthoc,fz,mspe,0.001311219,n=25600_bz=1.0_cv1=0.8_p=1_q=128_20251024-012630
25600,1.0,0.8,1,128,posthoc,fz,bias2,1.6422482e-05,n=25600_bz=1.0_cv1=0.8_p=1_q=128_20251024-012630
25600,1.0,0.8,1,128,posthoc,fz,var,0.0012947965,n=25600_bz=1.0_cv1=0.8_p=1_q=128_20251024-012630
25600,1.0,0.8,1,128,posthoc,fr,mspe,0.022502523,n=25600_bz=1.0_cv1=0.8_p=1_q=128_20251024-012630
25600,1.0,0.8,1,128,posthoc,fr,bias2,0.02069304,n=25600_bz=1.0_cv1=0.8_p=1_q=128_20251024-012630
25600,1.0,0.8,1,128,posthoc,fr,var,0.0018094847,n=25600_bz=1.0_cv1=0.8_p=1_q=128_20251024-012630
25600,1.0,0.8,1,128,posthoc_orth,y,mspe,1.0032461,n=25600_bz=1.0_cv1=0.8_p=1_q=128_20251024-012630
25600,1.0,0.8,1,128,posthoc_orth,y,bias2,1.0024651,n=25600_bz=1.0_cv1=0.8_p=1_q=128_20251024-012630
25600,1.0,0.8,1,128,posthoc_orth,y,var,0.00078096293,n=25600_bz=1.0_cv1=0.8_p=1_q=128_20251024-012630
25600,1.0,0.8,1,128,posthoc_orth,fx,mspe,0.020123634,n=25600_bz=1.0_cv1=0.8_p=1_q=128_20251024-012630
25600,1.0,0.8,1,128,posthoc_orth,fx,bias2,0.01949468,n=25600_bz=1.0_cv1=0.8_p=1_q=128_20251024-012630
25600,1.0,0.8,1,128,posthoc_orth,fx,var,0.0006289515,n=25600_bz=1.0_cv1=0.8_p=1_q=128_20251024-012630
25600,1.0,0.8,1,128,posthoc_orth,fz,mspe,0.01961455,n=25600_bz=1.0_cv1=0.8_p=1_q=128_20251024-012630
25600,1.0,0.8,1,128,posthoc_orth,fz,bias2,0.019513184,n=25600_bz=1.0_cv1=0.8_p=1_q=128_20251024-012630
25600,1.0,0.8,1,128,posthoc_orth,fz,var,0.00010136281,n=25600_bz=1.0_cv1=0.8_p=1_q=128_20251024-012630
25600,1.0,0.8,1,128,posthoc_orth,fr,mspe,0.0006478302,n=25600_bz=1.0_cv1=0.8_p=1_q=128_20251024-012630
25600,1.0,0.8,1,128,posthoc_orth,fr,bias2,1.8878787e-05,n=25600_bz=1.0_cv1=0.8_p=1_q=128_20251024-012630
25600,1.0,0.8,1,128,posthoc_orth,fr,var,0.0006289515,n=25600_bz=1.0_cv1=0.8_p=1_q=128_20251024-012630
25600,1.0,0.8,1,128,posthoc_web,y,mspe,1.2128849,n=25600_bz=1.0_cv1=0.8_p=1_q=128_20251024-012630
25600,1.0,0.8,1,128,posthoc_web,y,bias2,1.2124344,n=25600_bz=1.0_cv1=0.8_p=1_q=128_20251024-012630
25600,1.0,0.8,1,128,posthoc_web,y,var,0.0004505476,n=25600_bz=1.0_cv1=0.8_p=1_q=128_20251024-012630
25600,1.0,0.8,1,128,posthoc_web,fx,mspe,0.024420055,n=25600_bz=1.0_cv1=0.8_p=1_q=128_20251024-012630
25600,1.0,0.8,1,128,posthoc_web,fx,bias2,0.024068013,n=25600_bz=1.0_cv1=0.8_p=1_q=128_20251024-012630
25600,1.0,0.8,1,128,posthoc_web,fx,var,0.00035204305,n=25600_bz=1.0_cv1=0.8_p=1_q=128_20251024-012630
25600,1.0,0.8,1,128,posthoc_web,fz,mspe,0.07795459,n=25600_bz=1.0_cv1=0.8_p=1_q=128_20251024-012630
25600,1.0,0.8,1,128,posthoc_web,fz,bias2,0.07795459,n=25600_bz=1.0_cv1=0.8_p=1_q=128_20251024-012630
25600,1.0,0.8,1,128,posthoc_web,fz,var,0.0,n=25600_bz=1.0_cv1=0.8_p=1_q=128_20251024-012630
25600,1.0,0.8,1,128,posthoc_web,fr,mspe,0.0046643987,n=25600_bz=1.0_cv1=0.8_p=1_q=128_20251024-012630
25600,1.0,0.8,1,128,posthoc_web,fr,bias2,0.004312356,n=25600_bz=1.0_cv1=0.8_p=1_q=128_20251024-012630
25600,1.0,0.8,1,128,posthoc_web,fr,var,0.00035204305,n=25600_bz=1.0_cv1=0.8_p=1_q=128_20251024-012630
25600,1.0,0.8,1,16,base,y,mspe,1.0169994,n=25600_bz=1.0_cv1=0.8_p=1_q=16_20251023-235745
25600,1.0,0.8,1,16,base,y,bias2,1.0165477,n=25600_bz=1.0_cv1=0.8_p=1_q=16_20251023-235745
25600,1.0,0.8,1,16,base,y,var,0.00045169215,n=25600_bz=1.0_cv1=0.8_p=1_q=16_20251023-235745
25600,1.0,0.8,1,16,base,fx,mspe,0.07311725,n=25600_bz=1.0_cv1=0.8_p=1_q=16_20251023-235745
25600,1.0,0.8,1,16,base,fx,bias2,0.0727286,n=25600_bz=1.0_cv1=0.8_p=1_q=16_20251023-235745
25600,1.0,0.8,1,16,base,fx,var,0.00038865648,n=25600_bz=1.0_cv1=0.8_p=1_q=16_20251023-235745
25600,1.0,0.8,1,16,base,fz,mspe,0.07795459,n=25600_bz=1.0_cv1=0.8_p=1_q=16_20251023-235745
25600,1.0,0.8,1,16,base,fz,bias2,0.07795459,n=25600_bz=1.0_cv1=0.8_p=1_q=16_20251023-235745
25600,1.0,0.8,1,16,base,fz,var,0.0,n=25600_bz=1.0_cv1=0.8_p=1_q=16_20251023-235745
25600,1.0,0.8,1,16,base,fr,mspe,0.1656323,n=25600_bz=1.0_cv1=0.8_p=1_q=16_20251023-235745
25600,1.0,0.8,1,16,base,fr,bias2,0.16524363,n=25600_bz=1.0_cv1=0.8_p=1_q=16_20251023-235745
25600,1.0,0.8,1,16,base,fr,var,0.00038865648,n=25600_bz=1.0_cv1=0.8_p=1_q=16_20251023-235745
25600,1.0,0.8,1,16,posthoc,y,mspe,1.0033084,n=25600_bz=1.0_cv1=0.8_p=1_q=16_20251023-235745
25600,1.0,0.8,1,16,posthoc,y,bias2,1.0027218,n=25600_bz=1.0_cv1=0.8_p=1_q=16_20251023-235745
25600,1.0,0.8,1,16,posthoc,y,var,0.0005866988,n=25600_bz=1.0_cv1=0.8_p=1_q=16_20251023-235745
25600,1.0,0.8,1,16,posthoc,fx,mspe,0.0016952385,n=25600_bz=1.0_cv1=0.8_p=1_q=16_20251023-235745
25600,1.0,0.8,1,16,posthoc,fx,bias2,7.782259e-05,n=25600_bz=1.0_cv1=0.8_p=1_q=16_20251023-235745
25600,1.0,0.8,1,16,posthoc,fx,var,0.001617416,n=25600_bz=1.0_cv1=0.8_p=1_q=16_20251023-235745
25600,1.0,0.8,1,16,posthoc,fz,mspe,0.0013274384,n=25600_bz=1.0_cv1=0.8_p=1_q=16_20251023-235745
25600,1.0,0.8,1,16,posthoc,fz,bias2,2.8794157e-05,n=25600_bz=1.0_cv1=0.8_p=1_q=16_20251023-235745
25600,1.0,0.8,1,16,posthoc,fz,var,0.0012986441,n=25600_bz=1.0_cv1=0.8_p=1_q=16_20251023-235745
25600,1.0,0.8,1,16,posthoc,fr,mspe,0.022697324,n=25600_bz=1.0_cv1=0.8_p=1_q=16_20251023-235745
25600,1.0,0.8,1,16,posthoc,fr,bias2,0.021079907,n=25600_bz=1.0_cv1=0.8_p=1_q=16_20251023-235745
25600,1.0,0.8,1,16,posthoc,fr,var,0.001617416,n=25600_bz=1.0_cv1=0.8_p=1_q=16_20251023-235745
25600,1.0,0.8,1,16,posthoc_orth,y,mspe,1.0033084,n=25600_bz=1.0_cv1=0.8_p=1_q=16_20251023-235745
25600,1.0,0.8,1,16,posthoc_orth,y,bias2,1.0027217,n=25600_bz=1.0_cv1=0.8_p=1_q=16_20251023-235745
25600,1.0,0.8,1,16,posthoc_orth,y,var,0.000586699,n=25600_bz=1.0_cv1=0.8_p=1_q=16_20251023-235745
25600,1.0,0.8,1,16,posthoc_orth,fx,mspe,0.019980427,n=25600_bz=1.0_cv1=0.8_p=1_q=16_20251023-235745
25600,1.0,0.8,1,16,posthoc_orth,fx,bias2,0.019545473,n=25600_bz=1.0_cv1=0.8_p=1_q=16_20251023-235745
25600,1.0,0.8,1,16,posthoc_orth,fx,var,0.00043495322,n=25600_bz=1.0_cv1=0.8_p=1_q=16_20251023-235745
25600,1.0,0.8,1,16,posthoc_orth,fz,mspe,0.019614568,n=25600_bz=1.0_cv1=0.8_p=1_q=16_20251023-235745
25600,1.0,0.8,1,16,posthoc_orth,fz,bias2,0.019513205,n=25600_bz=1.0_cv1=0.8_p=1_q=16_20251023-235745
25600,1.0,0.8,1,16,posthoc_orth,fz,var,0.00010136266,n=25600_bz=1.0_cv1=0.8_p=1_q=16_20251023-235745
25600,1.0,0.8,1,16,posthoc_orth,fr,mspe,0.0004832221,n=25600_bz=1.0_cv1=0.8_p=1_q=16_20251023-235745
25600,1.0,0.8,1,16,posthoc_orth,fr,bias2,4.8268856e-05,n=25600_bz=1.0_cv1=0.8_p=1_q=16_20251023-235745
25600,1.0,0.8,1,16,posthoc_orth,fr,var,0.00043495322,n=25600_bz=1.0_cv1=0.8_p=1_q=16_20251023-235745
25600,1.0,0.8,1,16,posthoc_web,y,mspe,1.2130553,n=25600_bz=1.0_cv1=0.8_p=1_q=16_20251023-235745
25600,1.0,0.8,1,16,posthoc_web,y,bias2,1.2126381,n=25600_bz=1.0_cv1=0.8_p=1_q=16_20251023-235745
25600,1.0,0.8,1,16,posthoc_web,y,var,0.00041700708,n=25600_bz=1.0_cv1=0.8_p=1_q=16_20251023-235745
25600,1.0,0.8,1,16,posthoc_web,fx,mspe,0.02442446,n=25600_bz=1.0_cv1=0.8_p=1_q=16_20251023-235745
25600,1.0,0.8,1,16,posthoc_web,fx,bias2,0.02410389,n=25600_bz=1.0_cv1=0.8_p=1_q=16_20251023-235745
25600,1.0,0.8,1,16,posthoc_web,fx,var,0.00032057133,n=25600_bz=1.0_cv1=0.8_p=1_q=16_20251023-235745
25600,1.0,0.8,1,16,posthoc_web,fz,mspe,0.07795459,n=25600_bz=1.0_cv1=0.8_p=1_q=16_20251023-235745
25600,1.0,0.8,1,16,posthoc_web,fz,bias2,0.07795459,n=25600_bz=1.0_cv1=0.8_p=1_q=16_20251023-235745
25600,1.0,0.8,1,16,posthoc_web,fz,var,0.0,n=25600_bz=1.0_cv1=0.8_p=1_q=16_20251023-235745
25600,1.0,0.8,1,16,posthoc_web,fr,mspe,0.0046387576,n=25600_bz=1.0_cv1=0.8_p=1_q=16_20251023-235745
25600,1.0,0.8,1,16,posthoc_web,fr,bias2,0.0043181865,n=25600_bz=1.0_cv1=0.8_p=1_q=16_20251023-235745
25600,1.0,0.8,1,16,posthoc_web,fr,var,0.00032057133,n=25600_bz=1.0_cv1=0.8_p=1_q=16_20251023-235745
25600,1.0,0.8,1,256,base,y,mspe,1.016529,n=25600_bz=1.0_cv1=0.8_p=1_q=256_20251024-015913
25600,1.0,0.8,1,256,base,y,bias2,1.0160288,n=25600_bz=1.0_cv1=0.8_p=1_q=256_20251024-015913
25600,1.0,0.8,1,256,base,y,var,0.00050008995,n=25600_bz=1.0_cv1=0.8_p=1_q=256_20251024-015913
25600,1.0,0.8,1,256,base,fx,mspe,0.07393478,n=25600_bz=1.0_cv1=0.8_p=1_q=256_20251024-015913
25600,1.0,0.8,1,256,base,fx,bias2,0.07349957,n=25600_bz=1.0_cv1=0.8_p=1_q=256_20251024-015913
25600,1.0,0.8,1,256,base,fx,var,0.00043521033,n=25600_bz=1.0_cv1=0.8_p=1_q=256_20251024-015913
25600,1.0,0.8,1,256,base,fz,mspe,0.07795459,n=25600_bz=1.0_cv1=0.8_p=1_q=256_20251024-015913
25600,1.0,0.8,1,256,base,fz,bias2,0.07795459,n=25600_bz=1.0_cv1=0.8_p=1_q=256_20251024-015913
25600,1.0,0.8,1,256,base,fz,var,0.0,n=25600_bz=1.0_cv1=0.8_p=1_q=256_20251024-015913
25600,1.0,0.8,1,256,base,fr,mspe,0.1668726,n=25600_bz=1.0_cv1=0.8_p=1_q=256_20251024-015913
25600,1.0,0.8,1,256,base,fr,bias2,0.16643737,n=25600_bz=1.0_cv1=0.8_p=1_q=256_20251024-015913
25600,1.0,0.8,1,256,base,fr,var,0.00043521033,n=25600_bz=1.0_cv1=0.8_p=1_q=256_20251024-015913
25600,1.0,0.8,1,256,posthoc,y,mspe,1.0034325,n=25600_bz=1.0_cv1=0.8_p=1_q=256_20251024-015913
25600,1.0,0.8,1,256,posthoc,y,bias2,1.0025727,n=25600_bz=1.0_cv1=0.8_p=1_q=256_20251024-015913
25600,1.0,0.8,1,256,posthoc,y,var,0.0008598662,n=25600_bz=1.0_cv1=0.8_p=1_q=256_20251024-015913
25600,1.0,0.8,1,256,posthoc,fx,mspe,0.0019127853,n=25600_bz=1.0_cv1=0.8_p=1_q=256_20251024-015913
25600,1.0,0.8,1,256,posthoc,fx,bias2,3.3886496e-05,n=25600_bz=1.0_cv1=0.8_p=1_q=256_20251024-015913
25600,1.0,0.8,1,256,posthoc,fx,var,0.0018788988,n=25600_bz=1.0_cv1=0.8_p=1_q=256_20251024-015913
25600,1.0,0.8,1,256,posthoc,fz,mspe,0.0012977117,n=25600_bz=1.0_cv1=0.8_p=1_q=256_20251024-015913
25600,1.0,0.8,1,256,posthoc,fz,bias2,1.792982e-05,n=25600_bz=1.0_cv1=0.8_p=1_q=256_20251024-015913
25600,1.0,0.8,1,256,posthoc,fz,var,0.001279782,n=25600_bz=1.0_cv1=0.8_p=1_q=256_20251024-015913
25600,1.0,0.8,1,256,posthoc,fr,mspe,0.022618676,n=25600_bz=1.0_cv1=0.8_p=1_q=256_20251024-015913
25600,1.0,0.8,1,256,posthoc,fr,bias2,0.020739777,n=25600_bz=1.0_cv1=0.8_p=1_q=256_20251024-015913
25600,1.0,0.8,1,256,posthoc,fr,var,0.0018788988,n=25600_bz=1.0_cv1=0.8_p=1_q=256_20251024-015913
25600,1.0,0.8,1,256,posthoc_orth,y,mspe,1.0034325,n=25600_bz=1.0_cv1=0.8_p=1_q=256_20251024-015913
25600,1.0,0.8,1,256,posthoc_orth,y,bias2,1.0025727,n=25600_bz=1.0_cv1=0.8_p=1_q=256_20251024-015913
25600,1.0,0.8,1,256,posthoc_orth,y,var,0.00085986545,n=25600_bz=1.0_cv1=0.8_p=1_q=256_20251024-015913
25600,1.0,0.8,1,256,posthoc_orth,fx,mspe,0.020198548,n=25600_bz=1.0_cv1=0.8_p=1_q=256_20251024-015913
25600,1.0,0.8,1,256,posthoc_orth,fx,bias2,0.019491993,n=25600_bz=1.0_cv1=0.8_p=1_q=256_20251024-015913
25600,1.0,0.8,1,256,posthoc_orth,fx,var,0.0007065544,n=25600_bz=1.0_cv1=0.8_p=1_q=256_20251024-015913
25600,1.0,0.8,1,256,posthoc_orth,fz,mspe,0.019614551,n=25600_bz=1.0_cv1=0.8_p=1_q=256_20251024-015913
25600,1.0,0.8,1,256,posthoc_orth,fz,bias2,0.019513188,n=25600_bz=1.0_cv1=0.8_p=1_q=256_20251024-015913
25600,1.0,0.8,1,256,posthoc_orth,fz,var,0.00010136323,n=25600_bz=1.0_cv1=0.8_p=1_q=256_20251024-015913
25600,1.0,0.8,1,256,posthoc_orth,fr,mspe,0.00072129106,n=25600_bz=1.0_cv1=0.8_p=1_q=256_20251024-015913
25600,1.0,0.8,1,256,posthoc_orth,fr,bias2,1.4736621e-05,n=25600_bz=1.0_cv1=0.8_p=1_q=256_20251024-015913
25600,1.0,0.8,1,256,posthoc_orth,fr,var,0.0007065544,n=25600_bz=1.0_cv1=0.8_p=1_q=256_20251024-015913
25600,1.0,0.8,1,256,posthoc_web,y,mspe,1.2125723,n=25600_bz=1.0_cv1=0.8_p=1_q=256_20251024-015913
25600,1.0,0.8,1,256,posthoc_web,y,bias2,1.2121265,n=25600_bz=1.0_cv1=0.8_p=1_q=256_20251024-015913
25600,1.0,0.8,1,256,posthoc_web,y,var,0.00044584976,n=25600_bz=1.0_cv1=0.8_p=1_q=256_20251024-015913
25600,1.0,0.8,1,256,posthoc_web,fx,mspe,0.024390016,n=25600_bz=1.0_cv1=0.8_p=1_q=256_20251024-015913
25600,1.0,0.8,1,256,posthoc_web,fx,bias2,0.024042597,n=25600_bz=1.0_cv1=0.8_p=1_q=256_20251024-015913
25600,1.0,0.8,1,256,posthoc_web,fx,var,0.0003474198,n=25600_bz=1.0_cv1=0.8_p=1_q=256_20251024-015913
25600,1.0,0.8,1,256,posthoc_web,fz,mspe,0.07795459,n=25600_bz=1.0_cv1=0.8_p=1_q=256_20251024-015913
25600,1.0,0.8,1,256,posthoc_web,fz,bias2,0.07795459,n=25600_bz=1.0_cv1=0.8_p=1_q=256_20251024-015913
25600,1.0,0.8,1,256,posthoc_web,fz,var,0.0,n=25600_bz=1.0_cv1=0.8_p=1_q=256_20251024-015913
25600,1.0,0.8,1,256,posthoc_web,fr,mspe,0.0046418253,n=25600_bz=1.0_cv1=0.8_p=1_q=256_20251024-015913
25600,1.0,0.8,1,256,posthoc_web,fr,bias2,0.0042944048,n=25600_bz=1.0_cv1=0.8_p=1_q=256_20251024-015913
25600,1.0,0.8,1,256,posthoc_web,fr,var,0.0003474198,n=25600_bz=1.0_cv1=0.8_p=1_q=256_20251024-015913
25600,1.0,0.8,1,2,base,y,mspe,1.0173751,n=25600_bz=1.0_cv1=0.8_p=1_q=2_20251023-222519
25600,1.0,0.8,1,2,base,y,bias2,1.0169532,n=25600_bz=1.0_cv1=0.8_p=1_q=2_20251023-222519
25600,1.0,0.8,1,2,base,y,var,0.000421865,n=25600_bz=1.0_cv1=0.8_p=1_q=2_20251023-222519
25600,1.0,0.8,1,2,base,fx,mspe,0.07354093,n=25600_bz=1.0_cv1=0.8_p=1_q=2_20251023-222519
25600,1.0,0.8,1,2,base,fx,bias2,0.073183715,n=25600_bz=1.0_cv1=0.8_p=1_q=2_20251023-222519
25600,1.0,0.8,1,2,base,fx,var,0.0003572135,n=25600_bz=1.0_cv1=0.8_p=1_q=2_20251023-222519
25600,1.0,0.8,1,2,base,fz,mspe,0.07795459,n=25600_bz=1.0_cv1=0.8_p=1_q=2_20251023-222519
25600,1.0,0.8,1,2,base,fz,bias2,0.07795459,n=25600_bz=1.0_cv1=0.8_p=1_q=2_20251023-222519
25600,1.0,0.8,1,2,base,fz,var,0.0,n=25600_bz=1.0_cv1=0.8_p=1_q=2_20251023-222519
25600,1.0,0.8,1,2,base,fr,mspe,0.16623823,n=25600_bz=1.0_cv1=0.8_p=1_q=2_20251023-222519
25600,1.0,0.8,1,2,base,fr,bias2,0.16588102,n=25600_bz=1.0_cv1=0.8_p=1_q=2_20251023-222519
25600,1.0,0.8,1,2,base,fr,var,0.0003572135,n=25600_bz=1.0_cv1=0.8_p=1_q=2_20251023-222519
25600,1.0,0.8,1,2,posthoc,y,mspe,1.0111707,n=25600_bz=1.0_cv1=0.8_p=1_q=2_20251023-222519
25600,1.0,0.8,1,2,posthoc,y,bias2,1.0100226,n=25600_bz=1.0_cv1=0.8_p=1_q=2_20251023-222519
25600,1.0,0.8,1,2,posthoc,y,var,0.00114824,n=25600_bz=1.0_cv1=0.8_p=1_q=2_20251023-222519
25600,1.0,0.8,1,2,posthoc,fx,mspe,0.035870817,n=25600_bz=1.0_cv1=0.8_p=1_q=2_20251023-222519
25600,1.0,0.8,1,2,posthoc,fx,bias2,0.030192323,n=25600_bz=1.0_cv1=0.8_p=1_q=2_20251023-222519
25600,1.0,0.8,1,2,posthoc,fx,var,0.0056784926,n=25600_bz=1.0_cv1=0.8_p=1_q=2_20251023-222519
25600,1.0,0.8,1,2,posthoc,fz,mspe,0.032578833,n=25600_bz=1.0_cv1=0.8_p=1_q=2_20251023-222519
25600,1.0,0.8,1,2,posthoc,fz,bias2,0.02783399,n=25600_bz=1.0_cv1=0.8_p=1_q=2_20251023-222519
25600,1.0,0.8,1,2,posthoc,fz,var,0.0047448426,n=25600_bz=1.0_cv1=0.8_p=1_q=2_20251023-222519
25600,1.0,0.8,1,2,posthoc,fr,mspe,0.102008656,n=25600_bz=1.0_cv1=0.8_p=1_q=2_20251023-222519
25600,1.0,0.8,1,2,posthoc,fr,bias2,0.09633016,n=25600_bz=1.0_cv1=0.8_p=1_q=2_20251023-222519
25600,1.0,0.8,1,2,posthoc,fr,var,0.0056784926,n=25600_bz=1.0_cv1=0.8_p=1_q=2_20251023-222519
25600,1.0,0.8,1,2,posthoc_orth,y,mspe,1.0111707,n=25600_bz=1.0_cv1=0.8_p=1_q=2_20251023-222519
25600,1.0,0.8,1,2,posthoc_orth,y,bias2,1.0100224,n=25600_bz=1.0_cv1=0.8_p=1_q=2_20251023-222519
25600,1.0,0.8,1,2,posthoc_orth,y,var,0.0011482664,n=25600_bz=1.0_cv1=0.8_p=1_q=2_20251023-222519
25600,1.0,0.8,1,2,posthoc_orth,fx,mspe,0.022716105,n=25600_bz=1.0_cv1=0.8_p=1_q=2_20251023-222519
25600,1.0,0.8,1,2,posthoc_orth,fx,bias2,0.021723272,n=25600_bz=1.0_cv1=0.8_p=1_q=2_20251023-222519
25600,1.0,0.8,1,2,posthoc_orth,fx,var,0.000992831,n=25600_bz=1.0_cv1=0.8_p=1_q=2_20251023-222519
25600,1.0,0.8,1,2,posthoc_orth,fz,mspe,0.019616842,n=25600_bz=1.0_cv1=0.8_p=1_q=2_20251023-222519
25600,1.0,0.8,1,2,posthoc_orth,fz,bias2,0.019515472,n=25600_bz=1.0_cv1=0.8_p=1_q=2_20251023-222519
25600,1.0,0.8,1,2,posthoc_orth,fz,var,0.000101370846,n=25600_bz=1.0_cv1=0.8_p=1_q=2_20251023-222519
25600,1.0,0.8,1,2,posthoc_orth,fr,mspe,0.0032689762,n=25600_bz=1.0_cv1=0.8_p=1_q=2_20251023-222519
25600,1.0,0.8,1,2,posthoc_orth,fr,bias2,0.0022761452,n=25600_bz=1.0_cv1=0.8_p=1_q=2_20251023-222519
25600,1.0,0.8,1,2,posthoc_orth,fr,var,0.000992831,n=25600_bz=1.0_cv1=0.8_p=1_q=2_20251023-222519
25600,1.0,0.8,1,2,posthoc_web,y,mspe,1.2135421,n=25600_bz=1.0_cv1=0.8_p=1_q=2_20251023-222519
25600,1.0,0.8,1,2,posthoc_web,y,bias2,1.2131679,n=25600_bz=1.0_cv1=0.8_p=1_q=2_20251023-222519
25600,1.0,0.8,1,2,posthoc_web,y,var,0.00037428888,n=25600_bz=1.0_cv1=0.8_p=1_q=2_20251023-222519
25600,1.0,0.8,1,2,posthoc_web,fx,mspe,0.024515018,n=25600_bz=1.0_cv1=0.8_p=1_q=2_20251023-222519
25600,1.0,0.8,1,2,posthoc_web,fx,bias2,0.024238968,n=25600_bz=1.0_cv1=0.8_p=1_q=2_20251023-222519
25600,1.0,0.8,1,2,posthoc_web,fx,var,0.00027604843,n=25600_bz=1.0_cv1=0.8_p=1_q=2_20251023-222519
25600,1.0,0.8,1,2,posthoc_web,fz,mspe,0.07795459,n=25600_bz=1.0_cv1=0.8_p=1_q=2_20251023-222519
25600,1.0,0.8,1,2,posthoc_web,fz,bias2,0.07795459,n=25600_bz=1.0_cv1=0.8_p=1_q=2_20251023-222519
25600,1.0,0.8,1,2,posthoc_web,fz,var,0.0,n=25600_bz=1.0_cv1=0.8_p=1_q=2_20251023-222519
25600,1.0,0.8,1,2,posthoc_web,fr,mspe,0.0047077443,n=25600_bz=1.0_cv1=0.8_p=1_q=2_20251023-222519
25600,1.0,0.8,1,2,posthoc_web,fr,bias2,0.004431696,n=25600_bz=1.0_cv1=0.8_p=1_q=2_20251023-222519
25600,1.0,0.8,1,2,posthoc_web,fr,var,0.00027604843,n=25600_bz=1.0_cv1=0.8_p=1_q=2_20251023-222519
25600,1.0,0.8,1,32,base,y,mspe,1.017033,n=25600_bz=1.0_cv1=0.8_p=1_q=32_20251024-002816
25600,1.0,0.8,1,32,base,y,bias2,1.0165714,n=25600_bz=1.0_cv1=0.8_p=1_q=32_20251024-002816
25600,1.0,0.8,1,32,base,y,var,0.00046149682,n=25600_bz=1.0_cv1=0.8_p=1_q=32_20251024-002816
25600,1.0,0.8,1,32,base,fx,mspe,0.07320308,n=25600_bz=1.0_cv1=0.8_p=1_q=32_20251024-002816
25600,1.0,0.8,1,32,base,fx,bias2,0.07280454,n=25600_bz=1.0_cv1=0.8_p=1_q=32_20251024-002816
25600,1.0,0.8,1,32,base,fx,var,0.00039854308,n=25600_bz=1.0_cv1=0.8_p=1_q=32_20251024-002816
25600,1.0,0.8,1,32,base,fz,mspe,0.07795459,n=25600_bz=1.0_cv1=0.8_p=1_q=32_20251024-002816
25600,1.0,0.8,1,32,base,fz,bias2,0.07795459,n=25600_bz=1.0_cv1=0.8_p=1_q=32_20251024-002816
25600,1.0,0.8,1,32,base,fz,var,0.0,n=25600_bz=1.0_cv1=0.8_p=1_q=32_20251024-002816
25600,1.0,0.8,1,32,base,fr,mspe,0.16574585,n=25600_bz=1.0_cv1=0.8_p=1_q=32_20251024-002816
25600,1.0,0.8,1,32,base,fr,bias2,0.1653473,n=25600_bz=1.0_cv1=0.8_p=1_q=32_20251024-002816
25600,1.0,0.8,1,32,base,fr,var,0.00039854308,n=25600_bz=1.0_cv1=0.8_p=1_q=32_20251024-002816
25600,1.0,0.8,1,32,posthoc,y,mspe,1.0032238,n=25600_bz=1.0_cv1=0.8_p=1_q=32_20251024-002816
25600,1.0,0.8,1,32,posthoc,y,bias2,1.0025883,n=25600_bz=1.0_cv1=0.8_p=1_q=32_20251024-002816
25600,1.0,0.8,1,32,posthoc,y,var,0.0006354941,n=25600_bz=1.0_cv1=0.8_p=1_q=32_20251024-002816
25600,1.0,0.8,1,32,posthoc,fx,mspe,0.001705262,n=25600_bz=1.0_cv1=0.8_p=1_q=32_20251024-002816
25600,1.0,0.8,1,32,posthoc,fx,bias2,5.5503184e-05,n=25600_bz=1.0_cv1=0.8_p=1_q=32_20251024-002816
25600,1.0,0.8,1,32,posthoc,fx,var,0.0016497585,n=25600_bz=1.0_cv1=0.8_p=1_q=32_20251024-002816
25600,1.0,0.8,1,32,posthoc,fz,mspe,0.0013015745,n=25600_bz=1.0_cv1=0.8_p=1_q=32_20251024-002816
25600,1.0,0.8,1,32,posthoc,fz,bias2,1.927686e-05,n=25600_bz=1.0_cv1=0.8_p=1_q=32_20251024-002816
25600,1.0,0.8,1,32,posthoc,fz,var,0.0012822977,n=25600_bz=1.0_cv1=0.8_p=1_q=32_20251024-002816
25600,1.0,0.8,1,32,posthoc,fr,mspe,0.022434345,n=25600_bz=1.0_cv1=0.8_p=1_q=32_20251024-002816
25600,1.0,0.8,1,32,posthoc,fr,bias2,0.020784585,n=25600_bz=1.0_cv1=0.8_p=1_q=32_20251024-002816
25600,1.0,0.8,1,32,posthoc,fr,var,0.0016497585,n=25600_bz=1.0_cv1=0.8_p=1_q=32_20251024-002816
25600,1.0,0.8,1,32,posthoc_orth,y,mspe,1.0032238,n=25600_bz=1.0_cv1=0.8_p=1_q=32_20251024-002816
25600,1.0,0.8,1,32,posthoc_orth,y,bias2,1.0025884,n=25600_bz=1.0_cv1=0.8_p=1_q=32_20251024-002816
25600,1.0,0.8,1,32,posthoc_orth,y,var,0.00063549815,n=25600_bz=1.0_cv1=0.8_p=1_q=32_20251024-002816
25600,1.0,0.8,1,32,posthoc_orth,fx,mspe,0.020017043,n=25600_bz=1.0_cv1=0.8_p=1_q=32_20251024-002816
25600,1.0,0.8,1,32,posthoc_orth,fx,bias2,0.019533312,n=25600_bz=1.0_cv1=0.8_p=1_q=32_20251024-002816
25600,1.0,0.8,1,32,posthoc_orth,fx,var,0.00048373066,n=25600_bz=1.0_cv1=0.8_p=1_q=32_20251024-002816
25600,1.0,0.8,1,32,posthoc_orth,fz,mspe,0.019614557,n=25600_bz=1.0_cv1=0.8_p=1_q=32_20251024-002816
25600,1.0,0.8,1,32,posthoc_orth,fz,bias2,0.019513194,n=25600_bz=1.0_cv1=0.8_p=1_q=32_20251024-002816
25600,1.0,0.8,1,32,posthoc_orth,fz,var,0.000101362726,n=25600_bz=1.0_cv1=0.8_p=1_q=32_20251024-002816
25600,1.0,0.8,1,32,posthoc_orth,fr,mspe,0.000519347,n=25600_bz=1.0_cv1=0.8_p=1_q=32_20251024-002816
25600,1.0,0.8,1,32,posthoc_orth,fr,bias2,3.5616355e-05,n=25600_bz=1.0_cv1=0.8_p=1_q=32_20251024-002816
25600,1.0,0.8,1,32,posthoc_orth,fr,var,0.00048373066,n=25600_bz=1.0_cv1=0.8_p=1_q=32_20251024-002816
25600,1.0,0.8,1,32,posthoc_web,y,mspe,1.2130729,n=25600_bz=1.0_cv1=0.8_p=1_q=32_20251024-002816
25600,1.0,0.8,1,32,posthoc_web,y,bias2,1.2126584,n=25600_bz=1.0_cv1=0.8_p=1_q=32_20251024-002816
25600,1.0,0.8,1,32,posthoc_web,y,var,0.0004144517,n=25600_bz=1.0_cv1=0.8_p=1_q=32_20251024-002816
25600,1.0,0.8,1,32,posthoc_web,fx,mspe,0.02444201,n=25600_bz=1.0_cv1=0.8_p=1_q=32_20251024-002816
25600,1.0,0.8,1,32,posthoc_web,fx,bias2,0.024124103,n=25600_bz=1.0_cv1=0.8_p=1_q=32_20251024-002816
25600,1.0,0.8,1,32,posthoc_web,fx,var,0.0003179059,n=25600_bz=1.0_cv1=0.8_p=1_q=32_20251024-002816
25600,1.0,0.8,1,32,posthoc_web,fz,mspe,0.07795459,n=25600_bz=1.0_cv1=0.8_p=1_q=32_20251024-002816
25600,1.0,0.8,1,32,posthoc_web,fz,bias2,0.07795459,n=25600_bz=1.0_cv1=0.8_p=1_q=32_20251024-002816
25600,1.0,0.8,1,32,posthoc_web,fz,var,0.0,n=25600_bz=1.0_cv1=0.8_p=1_q=32_20251024-002816
25600,1.0,0.8,1,32,posthoc_web,fr,mspe,0.0046600867,n=25600_bz=1.0_cv1=0.8_p=1_q=32_20251024-002816
25600,1.0,0.8,1,32,posthoc_web,fr,bias2,0.004342181,n=25600_bz=1.0_cv1=0.8_p=1_q=32_20251024-002816
25600,1.0,0.8,1,32,posthoc_web,fr,var,0.0003179059,n=25600_bz=1.0_cv1=0.8_p=1_q=32_20251024-002816
25600,1.0,0.8,1,4,base,y,mspe,1.0172579,n=25600_bz=1.0_cv1=0.8_p=1_q=4_20251023-225649
25600,1.0,0.8,1,4,base,y,bias2,1.0168653,n=25600_bz=1.0_cv1=0.8_p=1_q=4_20251023-225649
25600,1.0,0.8,1,4,base,y,var,0.00039265194,n=25600_bz=1.0_cv1=0.8_p=1_q=4_20251023-225649
25600,1.0,0.8,1,4,base,fx,mspe,0.07327171,n=25600_bz=1.0_cv1=0.8_p=1_q=4_20251023-225649
25600,1.0,0.8,1,4,base,fx,bias2,0.07294468,n=25600_bz=1.0_cv1=0.8_p=1_q=4_20251023-225649
25600,1.0,0.8,1,4,base,fx,var,0.00032702688,n=25600_bz=1.0_cv1=0.8_p=1_q=4_20251023-225649
25600,1.0,0.8,1,4,base,fz,mspe,0.07795459,n=25600_bz=1.0_cv1=0.8_p=1_q=4_20251023-225649
25600,1.0,0.8,1,4,base,fz,bias2,0.07795459,n=25600_bz=1.0_cv1=0.8_p=1_q=4_20251023-225649
25600,1.0,0.8,1,4,base,fz,var,0.0,n=25600_bz=1.0_cv1=0.8_p=1_q=4_20251023-225649
25600,1.0,0.8,1,4,base,fr,mspe,0.1658411,n=25600_bz=1.0_cv1=0.8_p=1_q=4_20251023-225649
25600,1.0,0.8,1,4,base,fr,bias2,0.16551408,n=25600_bz=1.0_cv1=0.8_p=1_q=4_20251023-225649
25600,1.0,0.8,1,4,base,fr,var,0.00032702688,n=25600_bz=1.0_cv1=0.8_p=1_q=4_20251023-225649
25600,1.0,0.8,1,4,posthoc,y,mspe,1.0048621,n=25600_bz=1.0_cv1=0.8_p=1_q=4_20251023-225649
25600,1.0,0.8,1,4,posthoc,y,bias2,1.004198,n=25600_bz=1.0_cv1=0.8_p=1_q=4_20251023-225649
25600,1.0,0.8,1,4,posthoc,y,var,0.000664252,n=25600_bz=1.0_cv1=0.8_p=1_q=4_20251023-225649
25600,1.0,0.8,1,4,posthoc,fx,mspe,0.0029609944,n=25600_bz=1.0_cv1=0.8_p=1_q=4_20251023-225649
25600,1.0,0.8,1,4,posthoc,fx,bias2,0.00083868386,n=25600_bz=1.0_cv1=0.8_p=1_q=4_20251023-225649
25600,1.0,0.8,1,4,posthoc,fx,var,0.0021223102,n=25600_bz=1.0_cv1=0.8_p=1_q=4_20251023-225649
25600,1.0,0.8,1,4,posthoc,fz,mspe,0.0022970235,n=25600_bz=1.0_cv1=0.8_p=1_q=4_20251023-225649
25600,1.0,0.8,1,4,posthoc,fz,bias2,0.0005996032,n=25600_bz=1.0_cv1=0.8_p=1_q=4_20251023-225649
25600,1.0,0.8,1,4,posthoc,fz,var,0.0016974205,n=25600_bz=1.0_cv1=0.8_p=1_q=4_20251023-225649
25600,1.0,0.8,1,4,posthoc,fr,mspe,0.02929079,n=25600_bz=1.0_cv1=0.8_p=1_q=4_20251023-225649
25600,1.0,0.8,1,4,posthoc,fr,bias2,0.027168477,n=25600_bz=1.0_cv1=0.8_p=1_q=4_20251023-225649
25600,1.0,0.8,1,4,posthoc,fr,var,0.0021223102,n=25600_bz=1.0_cv1=0.8_p=1_q=4_20251023-225649
25600,1.0,0.8,1,4,posthoc_orth,y,mspe,1.0048622,n=25600_bz=1.0_cv1=0.8_p=1_q=4_20251023-225649
25600,1.0,0.8,1,4,posthoc_orth,y,bias2,1.0041978,n=25600_bz=1.0_cv1=0.8_p=1_q=4_20251023-225649
25600,1.0,0.8,1,4,posthoc_orth,y,var,0.00066430785,n=25600_bz=1.0_cv1=0.8_p=1_q=4_20251023-225649
25600,1.0,0.8,1,4,posthoc_orth,fx,mspe,0.020255512,n=25600_bz=1.0_cv1=0.8_p=1_q=4_20251023-225649
25600,1.0,0.8,1,4,posthoc_orth,fx,bias2,0.019747103,n=25600_bz=1.0_cv1=0.8_p=1_q=4_20251023-225649
25600,1.0,0.8,1,4,posthoc_orth,fx,var,0.00050840713,n=25600_bz=1.0_cv1=0.8_p=1_q=4_20251023-225649
25600,1.0,0.8,1,4,posthoc_orth,fz,mspe,0.019614844,n=25600_bz=1.0_cv1=0.8_p=1_q=4_20251023-225649
25600,1.0,0.8,1,4,posthoc_orth,fz,bias2,0.019513477,n=25600_bz=1.0_cv1=0.8_p=1_q=4_20251023-225649
25600,1.0,0.8,1,4,posthoc_orth,fz,var,0.00010136521,n=25600_bz=1.0_cv1=0.8_p=1_q=4_20251023-225649
25600,1.0,0.8,1,4,posthoc_orth,fr,mspe,0.0007466119,n=25600_bz=1.0_cv1=0.8_p=1_q=4_20251023-225649
25600,1.0,0.8,1,4,posthoc_orth,fr,bias2,0.00023820478,n=25600_bz=1.0_cv1=0.8_p=1_q=4_20251023-225649
25600,1.0,0.8,1,4,posthoc_orth,fr,var,0.00050840713,n=25600_bz=1.0_cv1=0.8_p=1_q=4_20251023-225649
25600,1.0,0.8,1,4,posthoc_web,y,mspe,1.2133553,n=25600_bz=1.0_cv1=0.8_p=1_q=4_20251023-225649
25600,1.0,0.8,1,4,posthoc_web,y,bias2,1.2129942,n=25600_bz=1.0_cv1=0.8_p=1_q=4_20251023-225649
25600,1.0,0.8,1,4,posthoc_web,y,var,0.00036102047,n=25600_bz=1.0_cv1=0.8_p=1_q=4_20251023-225649
25600,1.0,0.8,1,4,posthoc_web,fx,mspe,0.02448693,n=25600_bz=1.0_cv1=0.8_p=1_q=4_20251023-225649
25600,1.0,0.8,1,4,posthoc_web,fx,bias2,0.024225121,n=25600_bz=1.0_cv1=0.8_p=1_q=4_20251023-225649
25600,1.0,0.8,1,4,posthoc_web,fx,var,0.00026181017,n=25600_bz=1.0_cv1=0.8_p=1_q=4_20251023-225649
25600,1.0,0.8,1,4,posthoc_web,fz,mspe,0.07795459,n=25600_bz=1.0_cv1=0.8_p=1_q=4_20251023-225649
25600,1.0,0.8,1,4,posthoc_web,fz,bias2,0.07795459,n=25600_bz=1.0_cv1=0.8_p=1_q=4_20251023-225649
25600,1.0,0.8,1,4,posthoc_web,fz,var,0.0,n=25600_bz=1.0_cv1=0.8_p=1_q=4_20251023-225649
25600,1.0,0.8,1,4,posthoc_web,fr,mspe,0.004694404,n=25600_bz=1.0_cv1=0.8_p=1_q=4_20251023-225649
25600,1.0,0.8,1,4,posthoc_web,fr,bias2,0.0044325944,n=25600_bz=1.0_cv1=0.8_p=1_q=4_20251023-225649
25600,1.0,0.8,1,4,posthoc_web,fr,var,0.00026181017,n=25600_bz=1.0_cv1=0.8_p=1_q=4_20251023-225649
25600,1.0,0.8,1,512,base,y,mspe,1.0167243,n=25600_bz=1.0_cv1=0.8_p=1_q=512_20251024-024036
25600,1.0,0.8,1,512,base,y,bias2,1.0162245,n=25600_bz=1.0_cv1=0.8_p=1_q=512_20251024-024036
25600,1.0,0.8,1,512,base,y,var,0.00049976556,n=25600_bz=1.0_cv1=0.8_p=1_q=512_20251024-024036
25600,1.0,0.8,1,512,base,fx,mspe,0.0737105,n=25600_bz=1.0_cv1=0.8_p=1_q=512_20251024-024036
25600,1.0,0.8,1,512,base,fx,bias2,0.073275,n=25600_bz=1.0_cv1=0.8_p=1_q=512_20251024-024036
25600,1.0,0.8,1,512,base,fx,var,0.00043550043,n=25600_bz=1.0_cv1=0.8_p=1_q=512_20251024-024036
25600,1.0,0.8,1,512,base,fz,mspe,0.07795459,n=25600_bz=1.0_cv1=0.8_p=1_q=512_20251024-024036
25600,1.0,0.8,1,512,base,fz,bias2,0.07795459,n=25600_bz=1.0_cv1=0.8_p=1_q=512_20251024-024036
25600,1.0,0.8,1,512,base,fz,var,0.0,n=25600_bz=1.0_cv1=0.8_p=1_q=512_20251024-024036
25600,1.0,0.8,1,512,base,fr,mspe,0.1665171,n=25600_bz=1.0_cv1=0.8_p=1_q=512_20251024-024036
25600,1.0,0.8,1,512,base,fr,bias2,0.1660816,n=25600_bz=1.0_cv1=0.8_p=1_q=512_20251024-024036
25600,1.0,0.8,1,512,base,fr,var,0.00043550043,n=25600_bz=1.0_cv1=0.8_p=1_q=512_20251024-024036
25600,1.0,0.8,1,512,posthoc,y,mspe,1.0035096,n=25600_bz=1.0_cv1=0.8_p=1_q=512_20251024-024036
25600,1.0,0.8,1,512,posthoc,y,bias2,1.0025903,n=25600_bz=1.0_cv1=0.8_p=1_q=512_20251024-024036
25600,1.0,0.8,1,512,posthoc,y,var,0.0009194094,n=25600_bz=1.0_cv1=0.8_p=1_q=512_20251024-024036
25600,1.0,0.8,1,512,posthoc,fx,mspe,0.0019689347,n=25600_bz=1.0_cv1=0.8_p=1_q=512_20251024-024036
25600,1.0,0.8,1,512,posthoc,fx,bias2,2.5804044e-05,n=25600_bz=1.0_cv1=0.8_p=1_q=512_20251024-024036
25600,1.0,0.8,1,512,posthoc,fx,var,0.0019431305,n=25600_bz=1.0_cv1=0.8_p=1_q=512_20251024-024036
25600,1.0,0.8,1,512,posthoc,fz,mspe,0.0013040032,n=25600_bz=1.0_cv1=0.8_p=1_q=512_20251024-024036
25600,1.0,0.8,1,512,posthoc,fz,bias2,1.2770049e-05,n=25600_bz=1.0_cv1=0.8_p=1_q=512_20251024-024036
25600,1.0,0.8,1,512,posthoc,fz,var,0.0012912331,n=25600_bz=1.0_cv1=0.8_p=1_q=512_20251024-024036
25600,1.0,0.8,1,512,posthoc,fr,mspe,0.02248573,n=25600_bz=1.0_cv1=0.8_p=1_q=512_20251024-024036
25600,1.0,0.8,1,512,posthoc,fr,bias2,0.0205426,n=25600_bz=1.0_cv1=0.8_p=1_q=512_20251024-024036
25600,1.0,0.8,1,512,posthoc,fr,var,0.0019431305,n=25600_bz=1.0_cv1=0.8_p=1_q=512_20251024-024036
25600,1.0,0.8,1,512,posthoc_orth,y,mspe,1.0035096,n=25600_bz=1.0_cv1=0.8_p=1_q=512_20251024-024036
25600,1.0,0.8,1,512,posthoc_orth,y,bias2,1.0025903,n=25600_bz=1.0_cv1=0.8_p=1_q=512_20251024-024036
25600,1.0,0.8,1,512,posthoc_orth,y,var,0.0009194039,n=25600_bz=1.0_cv1=0.8_p=1_q=512_20251024-024036
25600,1.0,0.8,1,512,posthoc_orth,fx,mspe,0.020260807,n=25600_bz=1.0_cv1=0.8_p=1_q=512_20251024-024036
25600,1.0,0.8,1,512,posthoc_orth,fx,bias2,0.019493809,n=25600_bz=1.0_cv1=0.8_p=1_q=512_20251024-024036
25600,1.0,0.8,1,512,posthoc_orth,fx,var,0.0007669976,n=25600_bz=1.0_cv1=0.8_p=1_q=512_20251024-024036
25600,1.0,0.8,1,512,posthoc_orth,fz,mspe,0.019614544,n=25600_bz=1.0_cv1=0.8_p=1_q=512_20251024-024036
25600,1.0,0.8,1,512,posthoc_orth,fz,bias2,0.01951318,n=25600_bz=1.0_cv1=0.8_p=1_q=512_20251024-024036
25600,1.0,0.8,1,512,posthoc_orth,fz,var,0.00010136274,n=25600_bz=1.0_cv1=0.8_p=1_q=512_20251024-024036
25600,1.0,0.8,1,512,posthoc_orth,fr,mspe,0.00077910116,n=25600_bz=1.0_cv1=0.8_p=1_q=512_20251024-024036
25600,1.0,0.8,1,512,posthoc_orth,fr,bias2,1.2103573e-05,n=25600_bz=1.0_cv1=0.8_p=1_q=512_20251024-024036
25600,1.0,0.8,1,512,posthoc_orth,fr,var,0.0007669976,n=25600_bz=1.0_cv1=0.8_p=1_q=512_20251024-024036
25600,1.0,0.8,1,512,posthoc_web,y,mspe,1.2126764,n=25600_bz=1.0_cv1=0.8_p=1_q=512_20251024-024036
25600,1.0,0.8,1,512,posthoc_web,y,bias2,1.2122346,n=25600_bz=1.0_cv1=0.8_p=1_q=512_20251024-024036
25600,1.0,0.8,1,512,posthoc_web,y,var,0.0004417943,n=25600_bz=1.0_cv1=0.8_p=1_q=512_20251024-024036
25600,1.0,0.8,1,512,posthoc_web,fx,mspe,0.024394086,n=25600_bz=1.0_cv1=0.8_p=1_q=512_20251024-024036
25600,1.0,0.8,1,512,posthoc_web,fx,bias2,0.024049764,n=25600_bz=1.0_cv1=0.8_p=1_q=512_20251024-024036
25600,1.0,0.8,1,512,posthoc_web,fx,var,0.0003443193,n=25600_bz=1.0_cv1=0.8_p=1_q=512_20251024-024036
25600,1.0,0.8,1,512,posthoc_web,fz,mspe,0.07795459,n=25600_bz=1.0_cv1=0.8_p=1_q=512_20251024-024036
25600,1.0,0.8,1,512,posthoc_web,fz,bias2,0.07795459,n=25600_bz=1.0_cv1=0.8_p=1_q=512_20251024-024036
25600,1.0,0.8,1,512,posthoc_web,fz,var,0.0,n=25600_bz=1.0_cv1=0.8_p=1_q=512_20251024-024036
25600,1.0,0.8,1,512,posthoc_web,fr,mspe,0.0046611973,n=25600_bz=1.0_cv1=0.8_p=1_q=512_20251024-024036
25600,1.0,0.8,1,512,posthoc_web,fr,bias2,0.004316878,n=25600_bz=1.0_cv1=0.8_p=1_q=512_20251024-024036
25600,1.0,0.8,1,512,posthoc_web,fr,var,0.0003443193,n=25600_bz=1.0_cv1=0.8_p=1_q=512_20251024-024036
25600,1.0,0.8,1,64,base,y,mspe,1.0169686,n=25600_bz=1.0_cv1=0.8_p=1_q=64_20251024-005654
25600,1.0,0.8,1,64,base,y,bias2,1.0164928,n=25600_bz=1.0_cv1=0.8_p=1_q=64_20251024-005654
25600,1.0,0.8,1,64,base,y,var,0.0004757713,n=25600_bz=1.0_cv1=0.8_p=1_q=64_20251024-005654
25600,1.0,0.8,1,64,base,fx,mspe,0.07290924,n=25600_bz=1.0_cv1=0.8_p=1_q=64_20251024-005654
25600,1.0,0.8,1,64,base,fx,bias2,0.072496966,n=25600_bz=1.0_cv1=0.8_p=1_q=64_20251024-005654
25600,1.0,0.8,1,64,base,fx,var,0.00041227546,n=25600_bz=1.0_cv1=0.8_p=1_q=64_20251024-005654
25600,1.0,0.8,1,64,base,fz,mspe,0.07795459,n=25600_bz=1.0_cv1=0.8_p=1_q=64_20251024-005654
25600,1.0,0.8,1,64,base,fz,bias2,0.07795459,n=25600_bz=1.0_cv1=0.8_p=1_q=64_20251024-005654
25600,1.0,0.8,1,64,base,fz,var,0.0,n=25600_bz=1.0_cv1=0.8_p=1_q=64_20251024-005654
25600,1.0,0.8,1,64,base,fr,mspe,0.16531536,n=25600_bz=1.0_cv1=0.8_p=1_q=64_20251024-005654
25600,1.0,0.8,1,64,base,fr,bias2,0.16490307,n=25600_bz=1.0_cv1=0.8_p=1_q=64_20251024-005654
25600,1.0,0.8,1,64,base,fr,var,0.00041227546,n=25600_bz=1.0_cv1=0.8_p=1_q=64_20251024-005654
25600,1.0,0.8,1,64,posthoc,y,mspe,1.0033281,n=25600_bz=1.0_cv1=0.8_p=1_q=64_20251024-005654
25600,1.0,0.8,1,64,posthoc,y,bias2,1.0026233,n=25600_bz=1.0_cv1=0.8_p=1_q=64_20251024-005654
25600,1.0,0.8,1,64,posthoc,y,var,0.00070478686,n=25600_bz=1.0_cv1=0.8_p=1_q=64_20251024-005654
25600,1.0,0.8,1,64,posthoc,fx,mspe,0.0017480839,n=25600_bz=1.0_cv1=0.8_p=1_q=64_20251024-005654
25600,1.0,0.8,1,64,posthoc,fx,bias2,3.9052728e-05,n=25600_bz=1.0_cv1=0.8_p=1_q=64_20251024-005654
25600,1.0,0.8,1,64,posthoc,fx,var,0.001709031,n=25600_bz=1.0_cv1=0.8_p=1_q=64_20251024-005654
25600,1.0,0.8,1,64,posthoc,fz,mspe,0.0012921641,n=25600_bz=1.0_cv1=0.8_p=1_q=64_20251024-005654
25600,1.0,0.8,1,64,posthoc,fz,bias2,1.6880027e-05,n=25600_bz=1.0_cv1=0.8_p=1_q=64_20251024-005654
25600,1.0,0.8,1,64,posthoc,fz,var,0.0012752841,n=25600_bz=1.0_cv1=0.8_p=1_q=64_20251024-005654
25600,1.0,0.8,1,64,posthoc,fr,mspe,0.02239487,n=25600_bz=1.0_cv1=0.8_p=1_q=64_20251024-005654
25600,1.0,0.8,1,64,posthoc,fr,bias2,0.02068584,n=25600_bz=1.0_cv1=0.8_p=1_q=64_20251024-005654
25600,1.0,0.8,1,64,posthoc,fr,var,0.001709031,n=25600_bz=1.0_cv1=0.8_p=1_q=64_20251024-005654
25600,1.0,0.8,1,64,posthoc_orth,y,mspe,1.0033281,n=25600_bz=1.0_cv1=0.8_p=1_q=64_20251024-005654
25600,1.0,0.8,1,64,posthoc_orth,y,bias2,1.0026232,n=25600_bz=1.0_cv1=0.8_p=1_q=64_20251024-005654
25600,1.0,0.8,1,64,posthoc_orth,y,var,0.00070479576,n=25600_bz=1.0_cv1=0.8_p=1_q=64_20251024-005654
25600,1.0,0.8,1,64,posthoc_orth,fx,mspe,0.020075085,n=25600_bz=1.0_cv1=0.8_p=1_q=64_20251024-005654
25600,1.0,0.8,1,64,posthoc_orth,fx,bias2,0.019522889,n=25600_bz=1.0_cv1=0.8_p=1_q=64_20251024-005654
25600,1.0,0.8,1,64,posthoc_orth,fx,var,0.00055219483,n=25600_bz=1.0_cv1=0.8_p=1_q=64_20251024-005654
25600,1.0,0.8,1,64,posthoc_orth,fz,mspe,0.019614551,n=25600_bz=1.0_cv1=0.8_p=1_q=64_20251024-005654
25600,1.0,0.8,1,64,posthoc_orth,fz,bias2,0.019513188,n=25600_bz=1.0_cv1=0.8_p=1_q=64_20251024-005654
25600,1.0,0.8,1,64,posthoc_orth,fz,var,0.00010136269,n=25600_bz=1.0_cv1=0.8_p=1_q=64_20251024-005654
25600,1.0,0.8,1,64,posthoc_orth,fr,mspe,0.00057387963,n=25600_bz=1.0_cv1=0.8_p=1_q=64_20251024-005654
25600,1.0,0.8,1,64,posthoc_orth,fr,bias2,2.1684738e-05,n=25600_bz=1.0_cv1=0.8_p=1_q=64_20251024-005654
25600,1.0,0.8,1,64,posthoc_orth,fr,var,0.00055219483,n=25600_bz=1.0_cv1=0.8_p=1_q=64_20251024-005654
25600,1.0,0.8,1,64,posthoc_web,y,mspe,1.2129369,n=25600_bz=1.0_cv1=0.8_p=1_q=64_20251024-005654
25600,1.0,0.8,1,64,posthoc_web,y,bias2,1.2125031,n=25600_bz=1.0_cv1=0.8_p=1_q=64_20251024-005654
25600,1.0,0.8,1,64,posthoc_web,y,var,0.00043385453,n=25600_bz=1.0_cv1=0.8_p=1_q=64_20251024-005654
25600,1.0,0.8,1,64,posthoc_web,fx,mspe,0.024398502,n=25600_bz=1.0_cv1=0.8_p=1_q=64_20251024-005654
25600,1.0,0.8,1,64,posthoc_web,fx,bias2,0.02406139,n=25600_bz=1.0_cv1=0.8_p=1_q=64_20251024-005654
25600,1.0,0.8,1,64,posthoc_web,fx,var,0.00033711342,n=25600_bz=1.0_cv1=0.8_p=1_q=64_20251024-005654
25600,1.0,0.8,1,64,posthoc_web,fz,mspe,0.07795459,n=25600_bz=1.0_cv1=0.8_p=1_q=64_20251024-005654
25600,1.0,0.8,1,64,posthoc_web,fz,bias2,0.07795459,n=25600_bz=1.0_cv1=0.8_p=1_q=64_20251024-005654
25600,1.0,0.8,1,64,posthoc_web,fz,var,0.0,n=25600_bz=1.0_cv1=0.8_p=1_q=64_20251024-005654
25600,1.0,0.8,1,64,posthoc_web,fr,mspe,0.0046274723,n=25600_bz=1.0_cv1=0.8_p=1_q=64_20251024-005654
25600,1.0,0.8,1,64,posthoc_web,fr,bias2,0.004290359,n=25600_bz=1.0_cv1=0.8_p=1_q=64_20251024-005654
25600,1.0,0.8,1,64,posthoc_web,fr,var,0.00033711342,n=25600_bz=1.0_cv1=0.8_p=1_q=64_20251024-005654
25600,1.0,0.8,1,8,base,y,mspe,1.0169972,n=25600_bz=1.0_cv1=0.8_p=1_q=8_20251023-232728
25600,1.0,0.8,1,8,base,y,bias2,1.0165981,n=25600_bz=1.0_cv1=0.8_p=1_q=8_20251023-232728
25600,1.0,0.8,1,8,base,y,var,0.00039916087,n=25600_bz=1.0_cv1=0.8_p=1_q=8_20251023-232728
25600,1.0,0.8,1,8,base,fx,mspe,0.07396147,n=25600_bz=1.0_cv1=0.8_p=1_q=8_20251023-232728
25600,1.0,0.8,1,8,base,fx,bias2,0.07362729,n=25600_bz=1.0_cv1=0.8_p=1_q=8_20251023-232728
25600,1.0,0.8,1,8,base,fx,var,0.00033417883,n=25600_bz=1.0_cv1=0.8_p=1_q=8_20251023-232728
25600,1.0,0.8,1,8,base,fz,mspe,0.07795459,n=25600_bz=1.0_cv1=0.8_p=1_q=8_20251023-232728
25600,1.0,0.8,1,8,base,fz,bias2,0.07795459,n=25600_bz=1.0_cv1=0.8_p=1_q=8_20251023-232728
25600,1.0,0.8,1,8,base,fz,var,0.0,n=25600_bz=1.0_cv1=0.8_p=1_q=8_20251023-232728
25600,1.0,0.8,1,8,base,fr,mspe,0.16691123,n=25600_bz=1.0_cv1=0.8_p=1_q=8_20251023-232728
25600,1.0,0.8,1,8,base,fr,bias2,0.16657704,n=25600_bz=1.0_cv1=0.8_p=1_q=8_20251023-232728
25600,1.0,0.8,1,8,base,fr,var,0.00033417883,n=25600_bz=1.0_cv1=0.8_p=1_q=8_20251023-232728
25600,1.0,0.8,1,8,posthoc,y,mspe,1.0038487,n=25600_bz=1.0_cv1=0.8_p=1_q=8_20251023-232728
25600,1.0,0.8,1,8,posthoc,y,bias2,1.0032876,n=25600_bz=1.0_cv1=0.8_p=1_q=8_20251023-232728
25600,1.0,0.8,1,8,posthoc,y,var,0.00056102674,n=25600_bz=1.0_cv1=0.8_p=1_q=8_20251023-232728
25600,1.0,0.8,1,8,posthoc,fx,mspe,0.0017250301,n=25600_bz=1.0_cv1=0.8_p=1_q=8_20251023-232728
25600,1.0,0.8,1,8,posthoc,fx,bias2,0.00016072304,n=25600_bz=1.0_cv1=0.8_p=1_q=8_20251023-232728
25600,1.0,0.8,1,8,posthoc,fx,var,0.0015643071,n=25600_bz=1.0_cv1=0.8_p=1_q=8_20251023-232728
25600,1.0,0.8,1,8,posthoc,fz,mspe,0.0013429214,n=25600_bz=1.0_cv1=0.8_p=1_q=8_20251023-232728
25600,1.0,0.8,1,8,posthoc,fz,bias2,7.139994e-05,n=25600_bz=1.0_cv1=0.8_p=1_q=8_20251023-232728
25600,1.0,0.8,1,8,posthoc,fz,var,0.0012715216,n=25600_bz=1.0_cv1=0.8_p=1_q=8_20251023-232728
25600,1.0,0.8,1,8,posthoc,fr,mspe,0.023580723,n=25600_bz=1.0_cv1=0.8_p=1_q=8_20251023-232728
25600,1.0,0.8,1,8,posthoc,fr,bias2,0.022016415,n=25600_bz=1.0_cv1=0.8_p=1_q=8_20251023-232728
25600,1.0,0.8,1,8,posthoc,fr,var,0.0015643071,n=25600_bz=1.0_cv1=0.8_p=1_q=8_20251023-232728
25600,1.0,0.8,1,8,posthoc_orth,y,mspe,1.0038487,n=25600_bz=1.0_cv1=0.8_p=1_q=8_20251023-232728
25600,1.0,0.8,1,8,posthoc_orth,y,bias2,1.0032877,n=25600_bz=1.0_cv1=0.8_p=1_q=8_20251023-232728
25600,1.0,0.8,1,8,posthoc_orth,y,var,0.00056100806,n=25600_bz=1.0_cv1=0.8_p=1_q=8_20251023-232728
25600,1.0,0.8,1,8,posthoc_orth,fx,mspe,0.020002851,n=25600_bz=1.0_cv1=0.8_p=1_q=8_20251023-232728
25600,1.0,0.8,1,8,posthoc_orth,fx,bias2,0.019593613,n=25600_bz=1.0_cv1=0.8_p=1_q=8_20251023-232728
25600,1.0,0.8,1,8,posthoc_orth,fx,var,0.00040923816,n=25600_bz=1.0_cv1=0.8_p=1_q=8_20251023-232728
25600,1.0,0.8,1,8,posthoc_orth,fz,mspe,0.019614613,n=25600_bz=1.0_cv1=0.8_p=1_q=8_20251023-232728
25600,1.0,0.8,1,8,posthoc_orth,fz,bias2,0.01951325,n=25600_bz=1.0_cv1=0.8_p=1_q=8_20251023-232728
25600,1.0,0.8,1,8,posthoc_orth,fz,var,0.00010136323,n=25600_bz=1.0_cv1=0.8_p=1_q=8_20251023-232728
25600,1.0,0.8,1,8,posthoc_orth,fr,mspe,0.0004979009,n=25600_bz=1.0_cv1=0.8_p=1_q=8_20251023-232728
25600,1.0,0.8,1,8,posthoc_orth,fr,bias2,8.8662695e-05,n=25600_bz=1.0_cv1=0.8_p=1_q=8_20251023-232728
25600,1.0,0.8,1,8,posthoc_orth,fr,var,0.00040923816,n=25600_bz=1.0_cv1=0.8_p=1_q=8_20251023-232728
25600,1.0,0.8,1,8,posthoc_web,y,mspe,1.2132285,n=25600_bz=1.0_cv1=0.8_p=1_q=8_20251023-232728
25600,1.0,0.8,1,8,posthoc_web,y,bias2,1.2128563,n=25600_bz=1.0_cv1=0.8_p=1_q=8_20251023-232728
25600,1.0,0.8,1,8,posthoc_web,y,var,0.00037220112,n=25600_bz=1.0_cv1=0.8_p=1_q=8_20251023-232728
25600,1.0,0.8,1,8,posthoc_web,fx,mspe,0.024471058,n=25600_bz=1.0_cv1=0.8_p=1_q=8_20251023-232728
25600,1.0,0.8,1,8,posthoc_web,fx,bias2,0.024197578,n=25600_bz=1.0_cv1=0.8_p=1_q=8_20251023-232728
25600,1.0,0.8,1,8,posthoc_web,fx,var,0.00027347746,n=25600_bz=1.0_cv1=0.8_p=1_q=8_20251023-232728
25600,1.0,0.8,1,8,posthoc_web,fz,mspe,0.07795459,n=25600_bz=1.0_cv1=0.8_p=1_q=8_20251023-232728
25600,1.0,0.8,1,8,posthoc_web,fz,bias2,0.07795459,n=25600_bz=1.0_cv1=0.8_p=1_q=8_20251023-232728
25600,1.0,0.8,1,8,posthoc_web,fz,var,0.0,n=25600_bz=1.0_cv1=0.8_p=1_q=8_20251023-232728
25600,1.0,0.8,1,8,posthoc_web,fr,mspe,0.004673632,n=25600_bz=1.0_cv1=0.8_p=1_q=8_20251023-232728
25600,1.0,0.8,1,8,posthoc_web,fr,bias2,0.0044001546,n=25600_bz=1.0_cv1=0.8_p=1_q=8_20251023-232728
25600,1.0,0.8,1,8,posthoc_web,fr,var,0.00027347746,n=25600_bz=1.0_cv1=0.8_p=1_q=8_20251023-232728
3200,1.0,0.8,1,1024,base,y,mspe,1.0202572,n=3200_bz=1.0_cv1=0.8_p=1_q=1024_20251022-213929
3200,1.0,0.8,1,1024,base,y,bias2,1.0172071,n=3200_bz=1.0_cv1=0.8_p=1_q=1024_20251022-213929
3200,1.0,0.8,1,1024,base,y,var,0.0030499909,n=3200_bz=1.0_cv1=0.8_p=1_q=1024_20251022-213929
3200,1.0,0.8,1,1024,base,fx,mspe,0.07388847,n=3200_bz=1.0_cv1=0.8_p=1_q=1024_20251022-213929
3200,1.0,0.8,1,1024,base,fx,bias2,0.07129515,n=3200_bz=1.0_cv1=0.8_p=1_q=1024_20251022-213929
3200,1.0,0.8,1,1024,base,fx,var,0.0025933222,n=3200_bz=1.0_cv1=0.8_p=1_q=1024_20251022-213929
3200,1.0,0.8,1,1024,base,fz,mspe,0.07795459,n=3200_bz=1.0_cv1=0.8_p=1_q=1024_20251022-213929
3200,1.0,0.8,1,1024,base,fz,bias2,0.07795459,n=3200_bz=1.0_cv1=0.8_p=1_q=1024_20251022-213929
3200,1.0,0.8,1,1024,base,fz,var,0.0,n=3200_bz=1.0_cv1=0.8_p=1_q=1024_20251022-213929
3200,1.0,0.8,1,1024,base,fr,mspe,0.16558555,n=3200_bz=1.0_cv1=0.8_p=1_q=1024_20251022-213929
3200,1.0,0.8,1,1024,base,fr,bias2,0.16299222,n=3200_bz=1.0_cv1=0.8_p=1_q=1024_20251022-213929
3200,1.0,0.8,1,1024,base,fr,var,0.0025933222,n=3200_bz=1.0_cv1=0.8_p=1_q=1024_20251022-213929
3200,1.0,0.8,1,1024,posthoc,y,mspe,1.0131211,n=3200_bz=1.0_cv1=0.8_p=1_q=1024_20251022-213929
3200,1.0,0.8,1,1024,posthoc,y,bias2,1.0081381,n=3200_bz=1.0_cv1=0.8_p=1_q=1024_20251022-213929
3200,1.0,0.8,1,1024,posthoc,y,var,0.0049829986,n=3200_bz=1.0_cv1=0.8_p=1_q=1024_20251022-213929
3200,1.0,0.8,1,1024,posthoc,fx,mspe,0.027584933,n=3200_bz=1.0_cv1=0.8_p=1_q=1024_20251022-213929
3200,1.0,0.8,1,1024,posthoc,fx,bias2,0.011380962,n=3200_bz=1.0_cv1=0.8_p=1_q=1024_20251022-213929
3200,1.0,0.8,1,1024,posthoc,fx,var,0.01620397,n=3200_bz=1.0_cv1=0.8_p=1_q=1024_20251022-213929
3200,1.0,0.8,1,1024,posthoc,fz,mspe,0.029570028,n=3200_bz=1.0_cv1=0.8_p=1_q=1024_20251022-213929
3200,1.0,0.8,1,1024,posthoc,fz,bias2,0.013967314,n=3200_bz=1.0_cv1=0.8_p=1_q=1024_20251022-213929
3200,1.0,0.8,1,1024,posthoc,fz,var,0.015602714,n=3200_bz=1.0_cv1=0.8_p=1_q=1024_20251022-213929
3200,1.0,0.8,1,1024,posthoc,fr,mspe,0.07543954,n=3200_bz=1.0_cv1=0.8_p=1_q=1024_20251022-213929
3200,1.0,0.8,1,1024,posthoc,fr,bias2,0.05923557,n=3200_bz=1.0_cv1=0.8_p=1_q=1024_20251022-213929
3200,1.0,0.8,1,1024,posthoc,fr,var,0.01620397,n=3200_bz=1.0_cv1=0.8_p=1_q=1024_20251022-213929
3200,1.0,0.8,1,1024,posthoc_orth,y,mspe,1.0128008,n=3200_bz=1.0_cv1=0.8_p=1_q=1024_20251022-213929
3200,1.0,0.8,1,1024,posthoc_orth,y,bias2,1.007914,n=3200_bz=1.0_cv1=0.8_p=1_q=1024_20251022-213929
3200,1.0,0.8,1,1024,posthoc_orth,y,var,0.0048869723,n=3200_bz=1.0_cv1=0.8_p=1_q=1024_20251022-213929
3200,1.0,0.8,1,1024,posthoc_orth,fx,mspe,0.023789661,n=3200_bz=1.0_cv1=0.8_p=1_q=1024_20251022-213929
3200,1.0,0.8,1,1024,posthoc_orth,fx,bias2,0.020355709,n=3200_bz=1.0_cv1=0.8_p=1_q=1024_20251022-213929
3200,1.0,0.8,1,1024,posthoc_orth,fx,var,0.0034339505,n=3200_bz=1.0_cv1=0.8_p=1_q=1024_20251022-213929
3200,1.0,0.8,1,1024,posthoc_orth,fz,mspe,0.016336124,n=3200_bz=1.0_cv1=0.8_p=1_q=1024_20251022-213929
3200,1.0,0.8,1,1024,posthoc_orth,fz,bias2,0.01522671,n=3200_bz=1.0_cv1=0.8_p=1_q=1024_20251022-213929
3200,1.0,0.8,1,1024,posthoc_orth,fz,var,0.0011094139,n=3200_bz=1.0_cv1=0.8_p=1_q=1024_20251022-213929
3200,1.0,0.8,1,1024,posthoc_orth,fr,mspe,0.004439228,n=3200_bz=1.0_cv1=0.8_p=1_q=1024_20251022-213929
3200,1.0,0.8,1,1024,posthoc_orth,fr,bias2,0.0010052779,n=3200_bz=1.0_cv1=0.8_p=1_q=1024_20251022-213929
3200,1.0,0.8,1,1024,posthoc_orth,fr,var,0.0034339505,n=3200_bz=1.0_cv1=0.8_p=1_q=1024_20251022-213929
3200,1.0,0.8,1,1024,posthoc_web,y,mspe,1.2153494,n=3200_bz=1.0_cv1=0.8_p=1_q=1024_20251022-213929
3200,1.0,0.8,1,1024,posthoc_web,y,bias2,1.21279,n=3200_bz=1.0_cv1=0.8_p=1_q=1024_20251022-213929
3200,1.0,0.8,1,1024,posthoc_web,y,var,0.0025593494,n=3200_bz=1.0_cv1=0.8_p=1_q=1024_20251022-213929
3200,1.0,0.8,1,1024,posthoc_web,fx,mspe,0.026038995,n=3200_bz=1.0_cv1=0.8_p=1_q=1024_20251022-213929
3200,1.0,0.8,1,1024,posthoc_web,fx,bias2,0.024116985,n=3200_bz=1.0_cv1=0.8_p=1_q=1024_20251022-213929
3200,1.0,0.8,1,1024,posthoc_web,fx,var,0.001922007,n=3200_bz=1.0_cv1=0.8_p=1_q=1024_20251022-213929
3200,1.0,0.8,1,1024,posthoc_web,fz,mspe,0.07795459,n=3200_bz=1.0_cv1=0.8_p=1_q=1024_20251022-213929
3200,1.0,0.8,1,1024,posthoc_web,fz,bias2,0.07795459,n=3200_bz=1.0_cv1=0.8_p=1_q=1024_20251022-213929
3200,1.0,0.8,1,1024,posthoc_web,fz,var,0.0,n=3200_bz=1.0_cv1=0.8_p=1_q=1024_20251022-213929
3200,1.0,0.8,1,1024,posthoc_web,fr,mspe,0.006327861,n=3200_bz=1.0_cv1=0.8_p=1_q=1024_20251022-213929
3200,1.0,0.8,1,1024,posthoc_web,fr,bias2,0.0044058543,n=3200_bz=1.0_cv1=0.8_p=1_q=1024_20251022-213929
3200,1.0,0.8,1,1024,posthoc_web,fr,var,0.001922007,n=3200_bz=1.0_cv1=0.8_p=1_q=1024_20251022-213929
3200,1.0,0.8,1,128,base,y,mspe,1.0202667,n=3200_bz=1.0_cv1=0.8_p=1_q=128_20251022-210916
3200,1.0,0.8,1,128,base,y,bias2,1.0173832,n=3200_bz=1.0_cv1=0.8_p=1_q=128_20251022-210916
3200,1.0,0.8,1,128,base,y,var,0.002883511,n=3200_bz=1.0_cv1=0.8_p=1_q=128_20251022-210916
3200,1.0,0.8,1,128,base,fx,mspe,0.075186476,n=3200_bz=1.0_cv1=0.8_p=1_q=128_20251022-210916
3200,1.0,0.8,1,128,base,fx,bias2,0.07277818,n=3200_bz=1.0_cv1=0.8_p=1_q=128_20251022-210916
3200,1.0,0.8,1,128,base,fx,var,0.0024082973,n=3200_bz=1.0_cv1=0.8_p=1_q=128_20251022-210916
3200,1.0,0.8,1,128,base,fz,mspe,0.07795459,n=3200_bz=1.0_cv1=0.8_p=1_q=128_20251022-210916
3200,1.0,0.8,1,128,base,fz,bias2,0.07795459,n=3200_bz=1.0_cv1=0.8_p=1_q=128_20251022-210916
3200,1.0,0.8,1,128,base,fz,var,0.0,n=3200_bz=1.0_cv1=0.8_p=1_q=128_20251022-210916
3200,1.0,0.8,1,128,base,fr,mspe,0.167643,n=3200_bz=1.0_cv1=0.8_p=1_q=128_20251022-210916
3200,1.0,0.8,1,128,base,fr,bias2,0.16523468,n=3200_bz=1.0_cv1=0.8_p=1_q=128_20251022-210916
3200,1.0,0.8,1,128,base,fr,var,0.0024082973,n=3200_bz=1.0_cv1=0.8_p=1_q=128_20251022-210916
3200,1.0,0.8,1,128,posthoc,y,mspe,1.0103768,n=3200_bz=1.0_cv1=0.8_p=1_q=128_20251022-210916
3200,1.0,0.8,1,128,posthoc,y,bias2,1.0055844,n=3200_bz=1.0_cv1=0.8_p=1_q=128_20251022-210916
3200,1.0,0.8,1,128,posthoc,y,var,0.0047923895,n=3200_bz=1.0_cv1=0.8_p=1_q=128_20251022-210916
3200,1.0,0.8,1,128,posthoc,fx,mspe,0.02060466,n=3200_bz=1.0_cv1=0.8_p=1_q=128_20251022-210916
3200,1.0,0.8,1,128,posthoc,fx,bias2,0.0033107605,n=3200_bz=1.0_cv1=0.8_p=1_q=128_20251022-210916
3200,1.0,0.8,1,128,posthoc,fx,var,0.0172939,n=3200_bz=1.0_cv1=0.8_p=1_q=128_20251022-210916
3200,1.0,0.8,1,128,posthoc,fz,mspe,0.018481204,n=3200_bz=1.0_cv1=0.8_p=1_q=128_20251022-210916
3200,1.0,0.8,1,128,posthoc,fz,bias2,0.0031828813,n=3200_bz=1.0_cv1=0.8_p=1_q=128_20251022-210916
3200,1.0,0.8,1,128,posthoc,fz,var,0.015298323,n=3200_bz=1.0_cv1=0.8_p=1_q=128_20251022-210916
3200,1.0,0.8,1,128,posthoc,fr,mspe,0.055378493,n=3200_bz=1.0_cv1=0.8_p=1_q=128_20251022-210916
3200,1.0,0.8,1,128,posthoc,fr,bias2,0.038084585,n=3200_bz=1.0_cv1=0.8_p=1_q=128_20251022-210916
3200,1.0,0.8,1,128,posthoc,fr,var,0.0172939,n=3200_bz=1.0_cv1=0.8_p=1_q=128_20251022-210916
3200,1.0,0.8,1,128,posthoc_orth,y,mspe,1.0104204,n=3200_bz=1.0_cv1=0.8_p=1_q=128_20251022-210916
3200,1.0,0.8,1,128,posthoc_orth,y,bias2,1.0055518,n=3200_bz=1.0_cv1=0.8_p=1_q=128_20251022-210916
3200,1.0,0.8,1,128,posthoc_orth,y,var,0.0048686867,n=3200_bz=1.0_cv1=0.8_p=1_q=128_20251022-210916
3200,1.0,0.8,1,128,posthoc_orth,fx,mspe,0.023405124,n=3200_bz=1.0_cv1=0.8_p=1_q=128_20251022-210916
3200,1.0,0.8,1,128,posthoc_orth,fx,bias2,0.01980068,n=3200_bz=1.0_cv1=0.8_p=1_q=128_20251022-210916
3200,1.0,0.8,1,128,posthoc_orth,fx,var,0.0036044456,n=3200_bz=1.0_cv1=0.8_p=1_q=128_20251022-210916
3200,1.0,0.8,1,128,posthoc_orth,fz,mspe,0.019947125,n=3200_bz=1.0_cv1=0.8_p=1_q=128_20251022-210916
3200,1.0,0.8,1,128,posthoc_orth,fz,bias2,0.018993247,n=3200_bz=1.0_cv1=0.8_p=1_q=128_20251022-210916
3200,1.0,0.8,1,128,posthoc_orth,fz,var,0.00095387764,n=3200_bz=1.0_cv1=0.8_p=1_q=128_20251022-210916
3200,1.0,0.8,1,128,posthoc_orth,fr,mspe,0.003929845,n=3200_bz=1.0_cv1=0.8_p=1_q=128_20251022-210916
3200,1.0,0.8,1,128,posthoc_orth,fr,bias2,0.0003253996,n=3200_bz=1.0_cv1=0.8_p=1_q=128_20251022-210916
3200,1.0,0.8,1,128,posthoc_orth,fr,var,0.0036044456,n=3200_bz=1.0_cv1=0.8_p=1_q=128_20251022-210916
3200,1.0,0.8,1,128,posthoc_web,y,mspe,1.2156374,n=3200_bz=1.0_cv1=0.8_p=1_q=128_20251022-210916
3200,1.0,0.8,1,128,posthoc_web,y,bias2,1.2131467,n=3200_bz=1.0_cv1=0.8_p=1_q=128_20251022-210916
3200,1.0,0.8,1,128,posthoc_web,y,var,0.0024906876,n=3200_bz=1.0_cv1=0.8_p=1_q=128_20251022-210916
3200,1.0,0.8,1,128,posthoc_web,fx,mspe,0.026003513,n=3200_bz=1.0_cv1=0.8_p=1_q=128_20251022-210916
3200,1.0,0.8,1,128,posthoc_web,fx,bias2,0.024167467,n=3200_bz=1.0_cv1=0.8_p=1_q=128_20251022-210916
3200,1.0,0.8,1,128,posthoc_web,fx,var,0.0018360481,n=3200_bz=1.0_cv1=0.8_p=1_q=128_20251022-210916
3200,1.0,0.8,1,128,posthoc_web,fz,mspe,0.07795459,n=3200_bz=1.0_cv1=0.8_p=1_q=128_20251022-210916
3200,1.0,0.8,1,128,posthoc_web,fz,bias2,0.07795459,n=3200_bz=1.0_cv1=0.8_p=1_q=128_20251022-210916
3200,1.0,0.8,1,128,posthoc_web,fz,var,0.0,n=3200_bz=1.0_cv1=0.8_p=1_q=128_20251022-210916
3200,1.0,0.8,1,128,posthoc_web,fr,mspe,0.006310816,n=3200_bz=1.0_cv1=0.8_p=1_q=128_20251022-210916
3200,1.0,0.8,1,128,posthoc_web,fr,bias2,0.0044747675,n=3200_bz=1.0_cv1=0.8_p=1_q=128_20251022-210916
3200,1.0,0.8,1,128,posthoc_web,fr,var,0.0018360481,n=3200_bz=1.0_cv1=0.8_p=1_q=128_20251022-210916
3200,1.0,0.8,1,16,base,y,mspe,1.020253,n=3200_bz=1.0_cv1=0.8_p=1_q=16_20251022-205305
3200,1.0,0.8,1,16,base,y,bias2,1.0175548,n=3200_bz=1.0_cv1=0.8_p=1_q=16_20251022-205305
3200,1.0,0.8,1,16,base,y,var,0.0026981358,n=3200_bz=1.0_cv1=0.8_p=1_q=16_20251022-205305
3200,1.0,0.8,1,16,base,fx,mspe,0.07508764,n=3200_bz=1.0_cv1=0.8_p=1_q=16_20251022-205305
3200,1.0,0.8,1,16,base,fx,bias2,0.07284076,n=3200_bz=1.0_cv1=0.8_p=1_q=16_20251022-205305
3200,1.0,0.8,1,16,base,fx,var,0.0022468767,n=3200_bz=1.0_cv1=0.8_p=1_q=16_20251022-205305
3200,1.0,0.8,1,16,base,fz,mspe,0.07795459,n=3200_bz=1.0_cv1=0.8_p=1_q=16_20251022-205305
3200,1.0,0.8,1,16,base,fz,bias2,0.07795459,n=3200_bz=1.0_cv1=0.8_p=1_q=16_20251022-205305
3200,1.0,0.8,1,16,base,fz,var,0.0,n=3200_bz=1.0_cv1=0.8_p=1_q=16_20251022-205305
3200,1.0,0.8,1,16,base,fr,mspe,0.16749561,n=3200_bz=1.0_cv1=0.8_p=1_q=16_20251022-205305
3200,1.0,0.8,1,16,base,fr,bias2,0.16524872,n=3200_bz=1.0_cv1=0.8_p=1_q=16_20251022-205305
3200,1.0,0.8,1,16,base,fr,var,0.0022468767,n=3200_bz=1.0_cv1=0.8_p=1_q=16_20251022-205305
3200,1.0,0.8,1,16,posthoc,y,mspe,1.0097262,n=3200_bz=1.0_cv1=0.8_p=1_q=16_20251022-205305
3200,1.0,0.8,1,16,posthoc,y,bias2,1.0057797,n=3200_bz=1.0_cv1=0.8_p=1_q=16_20251022-205305
3200,1.0,0.8,1,16,posthoc,y,var,0.0039464245,n=3200_bz=1.0_cv1=0.8_p=1_q=16_20251022-205305
3200,1.0,0.8,1,16,posthoc,fx,mspe,0.015027603,n=3200_bz=1.0_cv1=0.8_p=1_q=16_20251022-205305
3200,1.0,0.8,1,16,posthoc,fx,bias2,0.0024071552,n=3200_bz=1.0_cv1=0.8_p=1_q=16_20251022-205305
3200,1.0,0.8,1,16,posthoc,fx,var,0.012620448,n=3200_bz=1.0_cv1=0.8_p=1_q=16_20251022-205305
3200,1.0,0.8,1,16,posthoc,fz,mspe,0.013240907,n=3200_bz=1.0_cv1=0.8_p=1_q=16_20251022-205305
3200,1.0,0.8,1,16,posthoc,fz,bias2,0.0020150407,n=3200_bz=1.0_cv1=0.8_p=1_q=16_20251022-205305
3200,1.0,0.8,1,16,posthoc,fz,var,0.011225867,n=3200_bz=1.0_cv1=0.8_p=1_q=16_20251022-205305
3200,1.0,0.8,1,16,posthoc,fr,mspe,0.04703921,n=3200_bz=1.0_cv1=0.8_p=1_q=16_20251022-205305
3200,1.0,0.8,1,16,posthoc,fr,bias2,0.034418758,n=3200_bz=1.0_cv1=0.8_p=1_q=16_20251022-205305
3200,1.0,0.8,1,16,posthoc,fr,var,0.012620448,n=3200_bz=1.0_cv1=0.8_p=1_q=16_20251022-205305
3200,1.0,0.8,1,16,posthoc_orth,y,mspe,1.009875,n=3200_bz=1.0_cv1=0.8_p=1_q=16_20251022-205305
3200,1.0,0.8,1,16,posthoc_orth,y,bias2,1.0059439,n=3200_bz=1.0_cv1=0.8_p=1_q=16_20251022-205305
3200,1.0,0.8,1,16,posthoc_orth,y,var,0.003931085,n=3200_bz=1.0_cv1=0.8_p=1_q=16_20251022-205305
3200,1.0,0.8,1,16,posthoc_orth,fx,mspe,0.02252553,n=3200_bz=1.0_cv1=0.8_p=1_q=16_20251022-205305
3200,1.0,0.8,1,16,posthoc_orth,fx,bias2,0.01986222,n=3200_bz=1.0_cv1=0.8_p=1_q=16_20251022-205305
3200,1.0,0.8,1,16,posthoc_orth,fx,var,0.002663309,n=3200_bz=1.0_cv1=0.8_p=1_q=16_20251022-205305
3200,1.0,0.8,1,16,posthoc_orth,fz,mspe,0.02036956,n=3200_bz=1.0_cv1=0.8_p=1_q=16_20251022-205305
3200,1.0,0.8,1,16,posthoc_orth,fz,bias2,0.019421907,n=3200_bz=1.0_cv1=0.8_p=1_q=16_20251022-205305
3200,1.0,0.8,1,16,posthoc_orth,fz,var,0.0009476538,n=3200_bz=1.0_cv1=0.8_p=1_q=16_20251022-205305
3200,1.0,0.8,1,16,posthoc_orth,fr,mspe,0.003083519,n=3200_bz=1.0_cv1=0.8_p=1_q=16_20251022-205305
3200,1.0,0.8,1,16,posthoc_orth,fr,bias2,0.00042021024,n=3200_bz=1.0_cv1=0.8_p=1_q=16_20251022-205305
3200,1.0,0.8,1,16,posthoc_orth,fr,var,0.002663309,n=3200_bz=1.0_cv1=0.8_p=1_q=16_20251022-205305
3200,1.0,0.8,1,16,posthoc_web,y,mspe,1.2155234,n=3200_bz=1.0_cv1=0.8_p=1_q=16_20251022-205305
3200,1.0,0.8,1,16,posthoc_web,y,bias2,1.2132044,n=3200_bz=1.0_cv1=0.8_p=1_q=16_20251022-205305
3200,1.0,0.8,1,16,posthoc_web,y,var,0.0023189292,n=3200_bz=1.0_cv1=0.8_p=1_q=16_20251022-205305
3200,1.0,0.8,1,16,posthoc_web,fx,mspe,0.02597437,n=3200_bz=1.0_cv1=0.8_p=1_q=16_20251022-205305
3200,1.0,0.8,1,16,posthoc_web,fx,bias2,0.024290107,n=3200_bz=1.0_cv1=0.8_p=1_q=16_20251022-205305
3200,1.0,0.8,1,16,posthoc_web,fx,var,0.0016842647,n=3200_bz=1.0_cv1=0.8_p=1_q=16_20251022-205305
3200,1.0,0.8,1,16,posthoc_web,fz,mspe,0.07795459,n=3200_bz=1.0_cv1=0.8_p=1_q=16_20251022-205305
3200,1.0,0.8,1,16,posthoc_web,fz,bias2,0.07795459,n=3200_bz=1.0_cv1=0.8_p=1_q=16_20251022-205305
3200,1.0,0.8,1,16,posthoc_web,fz,var,0.0,n=3200_bz=1.0_cv1=0.8_p=1_q=16_20251022-205305
3200,1.0,0.8,1,16,posthoc_web,fr,mspe,0.0063128225,n=3200_bz=1.0_cv1=0.8_p=1_q=16_20251022-205305
3200,1.0,0.8,1,16,posthoc_web,fr,bias2,0.0046285577,n=3200_bz=1.0_cv1=0.8_p=1_q=16_20251022-205305
3200,1.0,0.8,1,16,posthoc_web,fr,var,0.0016842647,n=3200_bz=1.0_cv1=0.8_p=1_q=16_20251022-205305
3200,1.0,0.8,1,256,base,y,mspe,1.020025,n=3200_bz=1.0_cv1=0.8_p=1_q=256_20251022-211544
3200,1.0,0.8,1,256,base,y,bias2,1.0170162,n=3200_bz=1.0_cv1=0.8_p=1_q=256_20251022-211544
3200,1.0,0.8,1,256,base,y,var,0.003008929,n=3200_bz=1.0_cv1=0.8_p=1_q=256_20251022-211544
3200,1.0,0.8,1,256,base,fx,mspe,0.074463986,n=3200_bz=1.0_cv1=0.8_p=1_q=256_20251022-211544
3200,1.0,0.8,1,256,base,fx,bias2,0.07192081,n=3200_bz=1.0_cv1=0.8_p=1_q=256_20251022-211544
3200,1.0,0.8,1,256,base,fx,var,0.002543171,n=3200_bz=1.0_cv1=0.8_p=1_q=256_20251022-211544
3200,1.0,0.8,1,256,base,fz,mspe,0.07795459,n=3200_bz=1.0_cv1=0.8_p=1_q=256_20251022-211544
3200,1.0,0.8,1,256,base,fz,bias2,0.07795459,n=3200_bz=1.0_cv1=0.8_p=1_q=256_20251022-211544
3200,1.0,0.8,1,256,base,fz,var,0.0,n=3200_bz=1.0_cv1=0.8_p=1_q=256_20251022-211544
3200,1.0,0.8,1,256,base,fr,mspe,0.16649595,n=3200_bz=1.0_cv1=0.8_p=1_q=256_20251022-211544
3200,1.0,0.8,1,256,base,fr,bias2,0.16395277,n=3200_bz=1.0_cv1=0.8_p=1_q=256_20251022-211544
3200,1.0,0.8,1,256,base,fr,var,0.002543171,n=3200_bz=1.0_cv1=0.8_p=1_q=256_20251022-211544
3200,1.0,0.8,1,256,posthoc,y,mspe,1.0108079,n=3200_bz=1.0_cv1=0.8_p=1_q=256_20251022-211544
3200,1.0,0.8,1,256,posthoc,y,bias2,1.0057166,n=3200_bz=1.0_cv1=0.8_p=1_q=256_20251022-211544
3200,1.0,0.8,1,256,posthoc,y,var,0.0050913035,n=3200_bz=1.0_cv1=0.8_p=1_q=256_20251022-211544
3200,1.0,0.8,1,256,posthoc,fx,mspe,0.024627991,n=3200_bz=1.0_cv1=0.8_p=1_q=256_20251022-211544
3200,1.0,0.8,1,256,posthoc,fx,bias2,0.004907043,n=3200_bz=1.0_cv1=0.8_p=1_q=256_20251022-211544
3200,1.0,0.8,1,256,posthoc,fx,var,0.019720947,n=3200_bz=1.0_cv1=0.8_p=1_q=256_20251022-211544
3200,1.0,0.8,1,256,posthoc,fz,mspe,0.022915758,n=3200_bz=1.0_cv1=0.8_p=1_q=256_20251022-211544
3200,1.0,0.8,1,256,posthoc,fz,bias2,0.0049515422,n=3200_bz=1.0_cv1=0.8_p=1_q=256_20251022-211544
3200,1.0,0.8,1,256,posthoc,fz,var,0.017964216,n=3200_bz=1.0_cv1=0.8_p=1_q=256_20251022-211544
3200,1.0,0.8,1,256,posthoc,fr,mspe,0.06280075,n=3200_bz=1.0_cv1=0.8_p=1_q=256_20251022-211544
3200,1.0,0.8,1,256,posthoc,fr,bias2,0.043079805,n=3200_bz=1.0_cv1=0.8_p=1_q=256_20251022-211544
3200,1.0,0.8,1,256,posthoc,fr,var,0.019720947,n=3200_bz=1.0_cv1=0.8_p=1_q=256_20251022-211544
3200,1.0,0.8,1,256,posthoc_orth,y,mspe,1.010931,n=3200_bz=1.0_cv1=0.8_p=1_q=256_20251022-211544
3200,1.0,0.8,1,256,posthoc_orth,y,bias2,1.005921,n=3200_bz=1.0_cv1=0.8_p=1_q=256_20251022-211544
3200,1.0,0.8,1,256,posthoc_orth,y,var,0.0050100517,n=3200_bz=1.0_cv1=0.8_p=1_q=256_20251022-211544
3200,1.0,0.8,1,256,posthoc_orth,fx,mspe,0.02359917,n=3200_bz=1.0_cv1=0.8_p=1_q=256_20251022-211544
3200,1.0,0.8,1,256,posthoc_orth,fx,bias2,0.019912133,n=3200_bz=1.0_cv1=0.8_p=1_q=256_20251022-211544
3200,1.0,0.8,1,256,posthoc_orth,fx,var,0.0036870376,n=3200_bz=1.0_cv1=0.8_p=1_q=256_20251022-211544
3200,1.0,0.8,1,256,posthoc_orth,fz,mspe,0.019420648,n=3200_bz=1.0_cv1=0.8_p=1_q=256_20251022-211544
3200,1.0,0.8,1,256,posthoc_orth,fz,bias2,0.018416405,n=3200_bz=1.0_cv1=0.8_p=1_q=256_20251022-211544
3200,1.0,0.8,1,256,posthoc_orth,fz,var,0.001004245,n=3200_bz=1.0_cv1=0.8_p=1_q=256_20251022-211544
3200,1.0,0.8,1,256,posthoc_orth,fr,mspe,0.00418255,n=3200_bz=1.0_cv1=0.8_p=1_q=256_20251022-211544
3200,1.0,0.8,1,256,posthoc_orth,fr,bias2,0.0004955119,n=3200_bz=1.0_cv1=0.8_p=1_q=256_20251022-211544
3200,1.0,0.8,1,256,posthoc_orth,fr,var,0.0036870376,n=3200_bz=1.0_cv1=0.8_p=1_q=256_20251022-211544
3200,1.0,0.8,1,256,posthoc_web,y,mspe,1.2150455,n=3200_bz=1.0_cv1=0.8_p=1_q=256_20251022-211544
3200,1.0,0.8,1,256,posthoc_web,y,bias2,1.2124903,n=3200_bz=1.0_cv1=0.8_p=1_q=256_20251022-211544
3200,1.0,0.8,1,256,posthoc_web,y,var,0.0025551494,n=3200_bz=1.0_cv1=0.8_p=1_q=256_20251022-211544
3200,1.0,0.8,1,256,posthoc_web,fx,mspe,0.025965143,n=3200_bz=1.0_cv1=0.8_p=1_q=256_20251022-211544
3200,1.0,0.8,1,256,posthoc_web,fx,bias2,0.02405378,n=3200_bz=1.0_cv1=0.8_p=1_q=256_20251022-211544
3200,1.0,0.8,1,256,posthoc_web,fx,var,0.0019113598,n=3200_bz=1.0_cv1=0.8_p=1_q=256_20251022-211544
3200,1.0,0.8,1,256,posthoc_web,fz,mspe,0.07795459,n=3200_bz=1.0_cv1=0.8_p=1_q=256_20251022-211544
3200,1.0,0.8,1,256,posthoc_web,fz,bias2,0.07795459,n=3200_bz=1.0_cv1=0.8_p=1_q=256_20251022-211544
3200,1.0,0.8,1,256,posthoc_web,fz,var,0.0,n=3200_bz=1.0_cv1=0.8_p=1_q=256_20251022-211544
3200,1.0,0.8,1,256,posthoc_web,fr,mspe,0.0063213697,n=3200_bz=1.0_cv1=0.8_p=1_q=256_20251022-211544
3200,1.0,0.8,1,256,posthoc_web,fr,bias2,0.00441001,n=3200_bz=1.0_cv1=0.8_p=1_q=256_20251022-211544
3200,1.0,0.8,1,256,posthoc_web,fr,var,0.0019113598,n=3200_bz=1.0_cv1=0.8_p=1_q=256_20251022-211544
3200,1.0,0.8,1,2,base,y,mspe,1.0204141,n=3200_bz=1.0_cv1=0.8_p=1_q=2_20251022-203438
3200,1.0,0.8,1,2,base,y,bias2,1.0178567,n=3200_bz=1.0_cv1=0.8_p=1_q=2_20251022-203438
3200,1.0,0.8,1,2,base,y,var,0.0025573776,n=3200_bz=1.0_cv1=0.8_p=1_q=2_20251022-203438
3200,1.0,0.8,1,2,base,fx,mspe,0.07432001,n=3200_bz=1.0_cv1=0.8_p=1_q=2_20251022-203438
3200,1.0,0.8,1,2,base,fx,bias2,0.07221764,n=3200_bz=1.0_cv1=0.8_p=1_q=2_20251022-203438
3200,1.0,0.8,1,2,base,fx,var,0.0021023625,n=3200_bz=1.0_cv1=0.8_p=1_q=2_20251022-203438
3200,1.0,0.8,1,2,base,fz,mspe,0.07795459,n=3200_bz=1.0_cv1=0.8_p=1_q=2_20251022-203438
3200,1.0,0.8,1,2,base,fz,bias2,0.07795459,n=3200_bz=1.0_cv1=0.8_p=1_q=2_20251022-203438
3200,1.0,0.8,1,2,base,fz,var,0.0,n=3200_bz=1.0_cv1=0.8_p=1_q=2_20251022-203438
3200,1.0,0.8,1,2,base,fr,mspe,0.16627187,n=3200_bz=1.0_cv1=0.8_p=1_q=2_20251022-203438
3200,1.0,0.8,1,2,base,fr,bias2,0.1641695,n=3200_bz=1.0_cv1=0.8_p=1_q=2_20251022-203438
3200,1.0,0.8,1,2,base,fr,var,0.0021023625,n=3200_bz=1.0_cv1=0.8_p=1_q=2_20251022-203438
3200,1.0,0.8,1,2,posthoc,y,mspe,1.0153598,n=3200_bz=1.0_cv1=0.8_p=1_q=2_20251022-203438
3200,1.0,0.8,1,2,posthoc,y,bias2,1.0115902,n=3200_bz=1.0_cv1=0.8_p=1_q=2_20251022-203438
3200,1.0,0.8,1,2,posthoc,y,var,0.0037695298,n=3200_bz=1.0_cv1=0.8_p=1_q=2_20251022-203438
3200,1.0,0.8,1,2,posthoc,fx,mspe,0.042496093,n=3200_bz=1.0_cv1=0.8_p=1_q=2_20251022-203438
3200,1.0,0.8,1,2,posthoc,fx,bias2,0.033943318,n=3200_bz=1.0_cv1=0.8_p=1_q=2_20251022-203438
3200,1.0,0.8,1,2,posthoc,fx,var,0.008552773,n=3200_bz=1.0_cv1=0.8_p=1_q=2_20251022-203438
3200,1.0,0.8,1,2,posthoc,fz,mspe,0.037080847,n=3200_bz=1.0_cv1=0.8_p=1_q=2_20251022-203438
3200,1.0,0.8,1,2,posthoc,fz,bias2,0.030818826,n=3200_bz=1.0_cv1=0.8_p=1_q=2_20251022-203438
3200,1.0,0.8,1,2,posthoc,fz,var,0.006262019,n=3200_bz=1.0_cv1=0.8_p=1_q=2_20251022-203438
3200,1.0,0.8,1,2,posthoc,fr,mspe,0.11117663,n=3200_bz=1.0_cv1=0.8_p=1_q=2_20251022-203438
3200,1.0,0.8,1,2,posthoc,fr,bias2,0.10262385,n=3200_bz=1.0_cv1=0.8_p=1_q=2_20251022-203438
3200,1.0,0.8,1,2,posthoc,fr,var,0.008552773,n=3200_bz=1.0_cv1=0.8_p=1_q=2_20251022-203438
3200,1.0,0.8,1,2,posthoc_orth,y,mspe,1.0153599,n=3200_bz=1.0_cv1=0.8_p=1_q=2_20251022-203438
3200,1.0,0.8,1,2,posthoc_orth,y,bias2,1.0115904,n=3200_bz=1.0_cv1=0.8_p=1_q=2_20251022-203438
3200,1.0,0.8,1,2,posthoc_orth,y,var,0.0037694995,n=3200_bz=1.0_cv1=0.8_p=1_q=2_20251022-203438
3200,1.0,0.8,1,2,posthoc_orth,fx,mspe,0.024674812,n=3200_bz=1.0_cv1=0.8_p=1_q=2_20251022-203438
3200,1.0,0.8,1,2,posthoc_orth,fx,bias2,0.022215953,n=3200_bz=1.0_cv1=0.8_p=1_q=2_20251022-203438
3200,1.0,0.8,1,2,posthoc_orth,fx,var,0.0024588597,n=3200_bz=1.0_cv1=0.8_p=1_q=2_20251022-203438
3200,1.0,0.8,1,2,posthoc_orth,fz,mspe,0.020440409,n=3200_bz=1.0_cv1=0.8_p=1_q=2_20251022-203438
3200,1.0,0.8,1,2,posthoc_orth,fz,bias2,0.01949216,n=3200_bz=1.0_cv1=0.8_p=1_q=2_20251022-203438
3200,1.0,0.8,1,2,posthoc_orth,fz,var,0.00094825,n=3200_bz=1.0_cv1=0.8_p=1_q=2_20251022-203438
3200,1.0,0.8,1,2,posthoc_orth,fr,mspe,0.0053601773,n=3200_bz=1.0_cv1=0.8_p=1_q=2_20251022-203438
3200,1.0,0.8,1,2,posthoc_orth,fr,bias2,0.0029013176,n=3200_bz=1.0_cv1=0.8_p=1_q=2_20251022-203438
3200,1.0,0.8,1,2,posthoc_orth,fr,var,0.0024588597,n=3200_bz=1.0_cv1=0.8_p=1_q=2_20251022-203438
3200,1.0,0.8,1,2,posthoc_web,y,mspe,1.2153486,n=3200_bz=1.0_cv1=0.8_p=1_q=2_20251022-203438
3200,1.0,0.8,1,2,posthoc_web,y,bias2,1.2132758,n=3200_bz=1.0_cv1=0.8_p=1_q=2_20251022-203438
3200,1.0,0.8,1,2,posthoc_web,y,var,0.0020727674,n=3200_bz=1.0_cv1=0.8_p=1_q=2_20251022-203438
3200,1.0,0.8,1,2,posthoc_web,fx,mspe,0.025926333,n=3200_bz=1.0_cv1=0.8_p=1_q=2_20251022-203438
3200,1.0,0.8,1,2,posthoc_web,fx,bias2,0.024490558,n=3200_bz=1.0_cv1=0.8_p=1_q=2_20251022-203438
3200,1.0,0.8,1,2,posthoc_web,fx,var,0.0014357769,n=3200_bz=1.0_cv1=0.8_p=1_q=2_20251022-203438
3200,1.0,0.8,1,2,posthoc_web,fz,mspe,0.07795459,n=3200_bz=1.0_cv1=0.8_p=1_q=2_20251022-203438
3200,1.0,0.8,1,2,posthoc_web,fz,bias2,0.07795459,n=3200_bz=1.0_cv1=0.8_p=1_q=2_20251022-203438
3200,1.0,0.8,1,2,posthoc_web,fz,var,0.0,n=3200_bz=1.0_cv1=0.8_p=1_q=2_20251022-203438
3200,1.0,0.8,1,2,posthoc_web,fr,mspe,0.0062924717,n=3200_bz=1.0_cv1=0.8_p=1_q=2_20251022-203438
3200,1.0,0.8,1,2,posthoc_web,fr,bias2,0.004856695,n=3200_bz=1.0_cv1=0.8_p=1_q=2_20251022-203438
3200,1.0,0.8,1,2,posthoc_web,fr,var,0.0014357769,n=3200_bz=1.0_cv1=0.8_p=1_q=2_20251022-203438
3200,1.0,0.8,1,32,base,y,mspe,1.0202857,n=3200_bz=1.0_cv1=0.8_p=1_q=32_20251022-205829
3200,1.0,0.8,1,32,base,y,bias2,1.0176228,n=3200_bz=1.0_cv1=0.8_p=1_q=32_20251022-205829
3200,1.0,0.8,1,32,base,y,var,0.0026628526,n=3200_bz=1.0_cv1=0.8_p=1_q=32_20251022-205829
3200,1.0,0.8,1,32,base,fx,mspe,0.075117044,n=3200_bz=1.0_cv1=0.8_p=1_q=32_20251022-205829
3200,1.0,0.8,1,32,base,fx,bias2,0.07291595,n=3200_bz=1.0_cv1=0.8_p=1_q=32_20251022-205829
3200,1.0,0.8,1,32,base,fx,var,0.002201091,n=3200_bz=1.0_cv1=0.8_p=1_q=32_20251022-205829
3200,1.0,0.8,1,32,base,fz,mspe,0.07795459,n=3200_bz=1.0_cv1=0.8_p=1_q=32_20251022-205829
3200,1.0,0.8,1,32,base,fz,bias2,0.07795459,n=3200_bz=1.0_cv1=0.8_p=1_q=32_20251022-205829
3200,1.0,0.8,1,32,base,fz,var,0.0,n=3200_bz=1.0_cv1=0.8_p=1_q=32_20251022-205829
3200,1.0,0.8,1,32,base,fr,mspe,0.16753642,n=3200_bz=1.0_cv1=0.8_p=1_q=32_20251022-205829
3200,1.0,0.8,1,32,base,fr,bias2,0.16533531,n=3200_bz=1.0_cv1=0.8_p=1_q=32_20251022-205829
3200,1.0,0.8,1,32,base,fr,var,0.002201091,n=3200_bz=1.0_cv1=0.8_p=1_q=32_20251022-205829
3200,1.0,0.8,1,32,posthoc,y,mspe,1.0093458,n=3200_bz=1.0_cv1=0.8_p=1_q=32_20251022-205829
3200,1.0,0.8,1,32,posthoc,y,bias2,1.0052147,n=3200_bz=1.0_cv1=0.8_p=1_q=32_20251022-205829
3200,1.0,0.8,1,32,posthoc,y,var,0.004131082,n=3200_bz=1.0_cv1=0.8_p=1_q=32_20251022-205829
3200,1.0,0.8,1,32,posthoc,fx,mspe,0.016250405,n=3200_bz=1.0_cv1=0.8_p=1_q=32_20251022-205829
3200,1.0,0.8,1,32,posthoc,fx,bias2,0.0018404516,n=3200_bz=1.0_cv1=0.8_p=1_q=32_20251022-205829
3200,1.0,0.8,1,32,posthoc,fx,var,0.014409955,n=3200_bz=1.0_cv1=0.8_p=1_q=32_20251022-205829
3200,1.0,0.8,1,32,posthoc,fz,mspe,0.014549211,n=3200_bz=1.0_cv1=0.8_p=1_q=32_20251022-205829
3200,1.0,0.8,1,32,posthoc,fz,bias2,0.0015649414,n=3200_bz=1.0_cv1=0.8_p=1_q=32_20251022-205829
3200,1.0,0.8,1,32,posthoc,fz,var,0.012984269,n=3200_bz=1.0_cv1=0.8_p=1_q=32_20251022-205829
3200,1.0,0.8,1,32,posthoc,fr,mspe,0.046741117,n=3200_bz=1.0_cv1=0.8_p=1_q=32_20251022-205829
3200,1.0,0.8,1,32,posthoc,fr,bias2,0.032331165,n=3200_bz=1.0_cv1=0.8_p=1_q=32_20251022-205829
3200,1.0,0.8,1,32,posthoc,fr,var,0.014409955,n=3200_bz=1.0_cv1=0.8_p=1_q=32_20251022-205829
3200,1.0,0.8,1,32,posthoc_orth,y,mspe,1.0094478,n=3200_bz=1.0_cv1=0.8_p=1_q=32_20251022-205829
3200,1.0,0.8,1,32,posthoc_orth,y,bias2,1.00532,n=3200_bz=1.0_cv1=0.8_p=1_q=32_20251022-205829
3200,1.0,0.8,1,32,posthoc_orth,y,var,0.0041279136,n=3200_bz=1.0_cv1=0.8_p=1_q=32_20251022-205829
3200,1.0,0.8,1,32,posthoc_orth,fx,mspe,0.022582565,n=3200_bz=1.0_cv1=0.8_p=1_q=32_20251022-205829
3200,1.0,0.8,1,32,posthoc_orth,fx,bias2,0.01972586,n=3200_bz=1.0_cv1=0.8_p=1_q=32_20251022-205829
3200,1.0,0.8,1,32,posthoc_orth,fx,var,0.002856705,n=3200_bz=1.0_cv1=0.8_p=1_q=32_20251022-205829
3200,1.0,0.8,1,32,posthoc_orth,fz,mspe,0.020335894,n=3200_bz=1.0_cv1=0.8_p=1_q=32_20251022-205829
3200,1.0,0.8,1,32,posthoc_orth,fz,bias2,0.019385945,n=3200_bz=1.0_cv1=0.8_p=1_q=32_20251022-205829
3200,1.0,0.8,1,32,posthoc_orth,fz,var,0.00094994716,n=3200_bz=1.0_cv1=0.8_p=1_q=32_20251022-205829
3200,1.0,0.8,1,32,posthoc_orth,fr,mspe,0.003157441,n=3200_bz=1.0_cv1=0.8_p=1_q=32_20251022-205829
3200,1.0,0.8,1,32,posthoc_orth,fr,bias2,0.00030073614,n=3200_bz=1.0_cv1=0.8_p=1_q=32_20251022-205829
3200,1.0,0.8,1,32,posthoc_orth,fr,var,0.002856705,n=3200_bz=1.0_cv1=0.8_p=1_q=32_20251022-205829
3200,1.0,0.8,1,32,posthoc_web,y,mspe,1.2155076,n=3200_bz=1.0_cv1=0.8_p=1_q=32_20251022-205829
3200,1.0,0.8,1,32,posthoc_web,y,bias2,1.2133012,n=3200_bz=1.0_cv1=0.8_p=1_q=32_20251022-205829
3200,1.0,0.8,1,32,posthoc_web,y,var,0.0022063577,n=3200_bz=1.0_cv1=0.8_p=1_q=32_20251022-205829
3200,1.0,0.8,1,32,posthoc_web,fx,mspe,0.025913285,n=3200_bz=1.0_cv1=0.8_p=1_q=32_20251022-205829
3200,1.0,0.8,1,32,posthoc_web,fx,bias2,0.024352212,n=3200_bz=1.0_cv1=0.8_p=1_q=32_20251022-205829
3200,1.0,0.8,1,32,posthoc_web,fx,var,0.0015610696,n=3200_bz=1.0_cv1=0.8_p=1_q=32_20251022-205829
3200,1.0,0.8,1,32,posthoc_web,fz,mspe,0.07795459,n=3200_bz=1.0_cv1=0.8_p=1_q=32_20251022-205829
3200,1.0,0.8,1,32,posthoc_web,fz,bias2,0.07795459,n=3200_bz=1.0_cv1=0.8_p=1_q=32_20251022-205829
3200,1.0,0.8,1,32,posthoc_web,fz,var,0.0,n=3200_bz=1.0_cv1=0.8_p=1_q=32_20251022-205829
3200,1.0,0.8,1,32,posthoc_web,fr,mspe,0.006243715,n=3200_bz=1.0_cv1=0.8_p=1_q=32_20251022-205829
3200,1.0,0.8,1,32,posthoc_web,fr,bias2,0.0046826457,n=3200_bz=1.0_cv1=0.8_p=1_q=32_20251022-205829
3200,1.0,0.8,1,32,posthoc_web,fr,var,0.0015610696,n=3200_bz=1.0_cv1=0.8_p=1_q=32_20251022-205829
3200,1.0,0.8,1,4,base,y,mspe,1.0203239,n=3200_bz=1.0_cv1=0.8_p=1_q=4_20251022-204008
3200,1.0,0.8,1,4,base,y,bias2,1.0176371,n=3200_bz=1.0_cv1=0.8_p=1_q=4_20251022-204008
3200,1.0,0.8,1,4,base,y,var,0.0026868482,n=3200_bz=1.0_cv1=0.8_p=1_q=4_20251022-204008
3200,1.0,0.8,1,4,base,fx,mspe,0.07378443,n=3200_bz=1.0_cv1=0.8_p=1_q=4_20251022-204008
3200,1.0,0.8,1,4,base,fx,bias2,0.07156158,n=3200_bz=1.0_cv1=0.8_p=1_q=4_20251022-204008
3200,1.0,0.8,1,4,base,fx,var,0.0022228577,n=3200_bz=1.0_cv1=0.8_p=1_q=4_20251022-204008
3200,1.0,0.8,1,4,base,fz,mspe,0.07795459,n=3200_bz=1.0_cv1=0.8_p=1_q=4_20251022-204008
3200,1.0,0.8,1,4,base,fz,bias2,0.07795459,n=3200_bz=1.0_cv1=0.8_p=1_q=4_20251022-204008
3200,1.0,0.8,1,4,base,fz,var,0.0,n=3200_bz=1.0_cv1=0.8_p=1_q=4_20251022-204008
3200,1.0,0.8,1,4,base,fr,mspe,0.16546991,n=3200_bz=1.0_cv1=0.8_p=1_q=4_20251022-204008
3200,1.0,0.8,1,4,base,fr,bias2,0.16324706,n=3200_bz=1.0_cv1=0.8_p=1_q=4_20251022-204008
3200,1.0,0.8,1,4,base,fr,var,0.0022228577,n=3200_bz=1.0_cv1=0.8_p=1_q=4_20251022-204008
3200,1.0,0.8,1,4,posthoc,y,mspe,1.010998,n=3200_bz=1.0_cv1=0.8_p=1_q=4_20251022-204008
3200,1.0,0.8,1,4,posthoc,y,bias2,1.0072913,n=3200_bz=1.0_cv1=0.8_p=1_q=4_20251022-204008
3200,1.0,0.8,1,4,posthoc,y,var,0.0037068229,n=3200_bz=1.0_cv1=0.8_p=1_q=4_20251022-204008
3200,1.0,0.8,1,4,posthoc,fx,mspe,0.017201804,n=3200_bz=1.0_cv1=0.8_p=1_q=4_20251022-204008
3200,1.0,0.8,1,4,posthoc,fx,bias2,0.00689482,n=3200_bz=1.0_cv1=0.8_p=1_q=4_20251022-204008
3200,1.0,0.8,1,4,posthoc,fx,var,0.010306983,n=3200_bz=1.0_cv1=0.8_p=1_q=4_20251022-204008
3200,1.0,0.8,1,4,posthoc,fz,mspe,0.015143765,n=3200_bz=1.0_cv1=0.8_p=1_q=4_20251022-204008
3200,1.0,0.8,1,4,posthoc,fz,bias2,0.006015153,n=3200_bz=1.0_cv1=0.8_p=1_q=4_20251022-204008
3200,1.0,0.8,1,4,posthoc,fz,var,0.009128613,n=3200_bz=1.0_cv1=0.8_p=1_q=4_20251022-204008
3200,1.0,0.8,1,4,posthoc,fr,mspe,0.05842659,n=3200_bz=1.0_cv1=0.8_p=1_q=4_20251022-204008
3200,1.0,0.8,1,4,posthoc,fr,bias2,0.0481196,n=3200_bz=1.0_cv1=0.8_p=1_q=4_20251022-204008
3200,1.0,0.8,1,4,posthoc,fr,var,0.010306983,n=3200_bz=1.0_cv1=0.8_p=1_q=4_20251022-204008
3200,1.0,0.8,1,4,posthoc_orth,y,mspe,1.0110235,n=3200_bz=1.0_cv1=0.8_p=1_q=4_20251022-204008
3200,1.0,0.8,1,4,posthoc_orth,y,bias2,1.0073017,n=3200_bz=1.0_cv1=0.8_p=1_q=4_20251022-204008
3200,1.0,0.8,1,4,posthoc_orth,y,var,0.0037218411,n=3200_bz=1.0_cv1=0.8_p=1_q=4_20251022-204008
3200,1.0,0.8,1,4,posthoc_orth,fx,mspe,0.022665748,n=3200_bz=1.0_cv1=0.8_p=1_q=4_20251022-204008
3200,1.0,0.8,1,4,posthoc_orth,fx,bias2,0.020224834,n=3200_bz=1.0_cv1=0.8_p=1_q=4_20251022-204008
3200,1.0,0.8,1,4,posthoc_orth,fx,var,0.002440915,n=3200_bz=1.0_cv1=0.8_p=1_q=4_20251022-204008
3200,1.0,0.8,1,4,posthoc_orth,fz,mspe,0.020421198,n=3200_bz=1.0_cv1=0.8_p=1_q=4_20251022-204008
3200,1.0,0.8,1,4,posthoc_orth,fz,bias2,0.01947345,n=3200_bz=1.0_cv1=0.8_p=1_q=4_20251022-204008
3200,1.0,0.8,1,4,posthoc_orth,fz,var,0.0009477467,n=3200_bz=1.0_cv1=0.8_p=1_q=4_20251022-204008
3200,1.0,0.8,1,4,posthoc_orth,fr,mspe,0.003273732,n=3200_bz=1.0_cv1=0.8_p=1_q=4_20251022-204008
3200,1.0,0.8,1,4,posthoc_orth,fr,bias2,0.00083281763,n=3200_bz=1.0_cv1=0.8_p=1_q=4_20251022-204008
3200,1.0,0.8,1,4,posthoc_orth,fr,var,0.002440915,n=3200_bz=1.0_cv1=0.8_p=1_q=4_20251022-204008
3200,1.0,0.8,1,4,posthoc_web,y,mspe,1.2152932,n=3200_bz=1.0_cv1=0.8_p=1_q=4_20251022-204008
3200,1.0,0.8,1,4,posthoc_web,y,bias2,1.2130207,n=3200_bz=1.0_cv1=0.8_p=1_q=4_20251022-204008
3200,1.0,0.8,1,4,posthoc_web,y,var,0.0022725665,n=3200_bz=1.0_cv1=0.8_p=1_q=4_20251022-204008
3200,1.0,0.8,1,4,posthoc_web,fx,mspe,0.025973614,n=3200_bz=1.0_cv1=0.8_p=1_q=4_20251022-204008
3200,1.0,0.8,1,4,posthoc_web,fx,bias2,0.024345007,n=3200_bz=1.0_cv1=0.8_p=1_q=4_20251022-204008
3200,1.0,0.8,1,4,posthoc_web,fx,var,0.0016286032,n=3200_bz=1.0_cv1=0.8_p=1_q=4_20251022-204008
3200,1.0,0.8,1,4,posthoc_web,fz,mspe,0.07795459,n=3200_bz=1.0_cv1=0.8_p=1_q=4_20251022-204008
3200,1.0,0.8,1,4,posthoc_web,fz,bias2,0.07795459,n=3200_bz=1.0_cv1=0.8_p=1_q=4_20251022-204008
3200,1.0,0.8,1,4,posthoc_web,fz,var,0.0,n=3200_bz=1.0_cv1=0.8_p=1_q=4_20251022-204008
3200,1.0,0.8,1,4,posthoc_web,fr,mspe,0.0063236086,n=3200_bz=1.0_cv1=0.8_p=1_q=4_20251022-204008
3200,1.0,0.8,1,4,posthoc_web,fr,bias2,0.0046950052,n=3200_bz=1.0_cv1=0.8_p=1_q=4_20251022-204008
3200,1.0,0.8,1,4,posthoc_web,fr,var,0.0016286032,n=3200_bz=1.0_cv1=0.8_p=1_q=4_20251022-204008
3200,1.0,0.8,1,512,base,y,mspe,1.0205319,n=3200_bz=1.0_cv1=0.8_p=1_q=512_20251022-212359
3200,1.0,0.8,1,512,base,y,bias2,1.0175647,n=3200_bz=1.0_cv1=0.8_p=1_q=512_20251022-212359
3200,1.0,0.8,1,512,base,y,var,0.002967304,n=3200_bz=1.0_cv1=0.8_p=1_q=512_20251022-212359
3200,1.0,0.8,1,512,base,fx,mspe,0.07390339,n=3200_bz=1.0_cv1=0.8_p=1_q=512_20251022-212359
3200,1.0,0.8,1,512,base,fx,bias2,0.07140583,n=3200_bz=1.0_cv1=0.8_p=1_q=512_20251022-212359
3200,1.0,0.8,1,512,base,fx,var,0.0024975596,n=3200_bz=1.0_cv1=0.8_p=1_q=512_20251022-212359
3200,1.0,0.8,1,512,base,fz,mspe,0.07795459,n=3200_bz=1.0_cv1=0.8_p=1_q=512_20251022-212359
3200,1.0,0.8,1,512,base,fz,bias2,0.07795459,n=3200_bz=1.0_cv1=0.8_p=1_q=512_20251022-212359
3200,1.0,0.8,1,512,base,fz,var,0.0,n=3200_bz=1.0_cv1=0.8_p=1_q=512_20251022-212359
3200,1.0,0.8,1,512,base,fr,mspe,0.16563547,n=3200_bz=1.0_cv1=0.8_p=1_q=512_20251022-212359
3200,1.0,0.8,1,512,base,fr,bias2,0.1631379,n=3200_bz=1.0_cv1=0.8_p=1_q=512_20251022-212359
3200,1.0,0.8,1,512,base,fr,var,0.0024975596,n=3200_bz=1.0_cv1=0.8_p=1_q=512_20251022-212359
3200,1.0,0.8,1,512,posthoc,y,mspe,1.0120329,n=3200_bz=1.0_cv1=0.8_p=1_q=512_20251022-212359
3200,1.0,0.8,1,512,posthoc,y,bias2,1.0070473,n=3200_bz=1.0_cv1=0.8_p=1_q=512_20251022-212359
3200,1.0,0.8,1,512,posthoc,y,var,0.00498549,n=3200_bz=1.0_cv1=0.8_p=1_q=512_20251022-212359
3200,1.0,0.8,1,512,posthoc,fx,mspe,0.025472986,n=3200_bz=1.0_cv1=0.8_p=1_q=512_20251022-212359
3200,1.0,0.8,1,512,posthoc,fx,bias2,0.008192598,n=3200_bz=1.0_cv1=0.8_p=1_q=512_20251022-212359
3200,1.0,0.8,1,512,posthoc,fx,var,0.017280389,n=3200_bz=1.0_cv1=0.8_p=1_q=512_20251022-212359
3200,1.0,0.8,1,512,posthoc,fz,mspe,0.02507759,n=3200_bz=1.0_cv1=0.8_p=1_q=512_20251022-212359
3200,1.0,0.8,1,512,posthoc,fz,bias2,0.008870255,n=3200_bz=1.0_cv1=0.8_p=1_q=512_20251022-212359
3200,1.0,0.8,1,512,posthoc,fz,var,0.016207336,n=3200_bz=1.0_cv1=0.8_p=1_q=512_20251022-212359
3200,1.0,0.8,1,512,posthoc,fr,mspe,0.06907078,n=3200_bz=1.0_cv1=0.8_p=1_q=512_20251022-212359
3200,1.0,0.8,1,512,posthoc,fr,bias2,0.051790386,n=3200_bz=1.0_cv1=0.8_p=1_q=512_20251022-212359
3200,1.0,0.8,1,512,posthoc,fr,var,0.017280389,n=3200_bz=1.0_cv1=0.8_p=1_q=512_20251022-212359
3200,1.0,0.8,1,512,posthoc_orth,y,mspe,1.0125111,n=3200_bz=1.0_cv1=0.8_p=1_q=512_20251022-212359
3200,1.0,0.8,1,512,posthoc_orth,y,bias2,1.0077901,n=3200_bz=1.0_cv1=0.8_p=1_q=512_20251022-212359
3200,1.0,0.8,1,512,posthoc_orth,y,var,0.004720994,n=3200_bz=1.0_cv1=0.8_p=1_q=512_20251022-212359
3200,1.0,0.8,1,512,posthoc_orth,fx,mspe,0.02369311,n=3200_bz=1.0_cv1=0.8_p=1_q=512_20251022-212359
3200,1.0,0.8,1,512,posthoc_orth,fx,bias2,0.020287719,n=3200_bz=1.0_cv1=0.8_p=1_q=512_20251022-212359
3200,1.0,0.8,1,512,posthoc_orth,fx,var,0.0034053912,n=3200_bz=1.0_cv1=0.8_p=1_q=512_20251022-212359
3200,1.0,0.8,1,512,posthoc_orth,fz,mspe,0.017874416,n=3200_bz=1.0_cv1=0.8_p=1_q=512_20251022-212359
3200,1.0,0.8,1,512,posthoc_orth,fz,bias2,0.016875494,n=3200_bz=1.0_cv1=0.8_p=1_q=512_20251022-212359
3200,1.0,0.8,1,512,posthoc_orth,fz,var,0.0009989202,n=3200_bz=1.0_cv1=0.8_p=1_q=512_20251022-212359
3200,1.0,0.8,1,512,posthoc_orth,fr,mspe,0.0043210257,n=3200_bz=1.0_cv1=0.8_p=1_q=512_20251022-212359
3200,1.0,0.8,1,512,posthoc_orth,fr,bias2,0.0009156345,n=3200_bz=1.0_cv1=0.8_p=1_q=512_20251022-212359
3200,1.0,0.8,1,512,posthoc_orth,fr,var,0.0034053912,n=3200_bz=1.0_cv1=0.8_p=1_q=512_20251022-212359
3200,1.0,0.8,1,512,posthoc_web,y,mspe,1.2153091,n=3200_bz=1.0_cv1=0.8_p=1_q=512_20251022-212359
3200,1.0,0.8,1,512,posthoc_web,y,bias2,1.2128515,n=3200_bz=1.0_cv1=0.8_p=1_q=512_20251022-212359
3200,1.0,0.8,1,512,posthoc_web,y,var,0.0024577533,n=3200_bz=1.0_cv1=0.8_p=1_q=512_20251022-212359
3200,1.0,0.8,1,512,posthoc_web,fx,mspe,0.025871363,n=3200_bz=1.0_cv1=0.8_p=1_q=512_20251022-212359
3200,1.0,0.8,1,512,posthoc_web,fx,bias2,0.024066677,n=3200_bz=1.0_cv1=0.8_p=1_q=512_20251022-212359
3200,1.0,0.8,1,512,posthoc_web,fx,var,0.001804684,n=3200_bz=1.0_cv1=0.8_p=1_q=512_20251022-212359
3200,1.0,0.8,1,512,posthoc_web,fz,mspe,0.07795459,n=3200_bz=1.0_cv1=0.8_p=1_q=512_20251022-212359
3200,1.0,0.8,1,512,posthoc_web,fz,bias2,0.07795459,n=3200_bz=1.0_cv1=0.8_p=1_q=512_20251022-212359
3200,1.0,0.8,1,512,posthoc_web,fz,var,0.0,n=3200_bz=1.0_cv1=0.8_p=1_q=512_20251022-212359
3200,1.0,0.8,1,512,posthoc_web,fr,mspe,0.006256363,n=3200_bz=1.0_cv1=0.8_p=1_q=512_20251022-212359
3200,1.0,0.8,1,512,posthoc_web,fr,bias2,0.0044516786,n=3200_bz=1.0_cv1=0.8_p=1_q=512_20251022-212359
3200,1.0,0.8,1,512,posthoc_web,fr,var,0.001804684,n=3200_bz=1.0_cv1=0.8_p=1_q=512_20251022-212359
3200,1.0,0.8,1,64,base,y,mspe,1.0201211,n=3200_bz=1.0_cv1=0.8_p=1_q=64_20251022-210343
3200,1.0,0.8,1,64,base,y,bias2,1.0174958,n=3200_bz=1.0_cv1=0.8_p=1_q=64_20251022-210343
3200,1.0,0.8,1,64,base,y,var,0.0026252556,n=3200_bz=1.0_cv1=0.8_p=1_q=64_20251022-210343
3200,1.0,0.8,1,64,base,fx,mspe,0.07428648,n=3200_bz=1.0_cv1=0.8_p=1_q=64_20251022-210343
3200,1.0,0.8,1,64,base,fx,bias2,0.07212219,n=3200_bz=1.0_cv1=0.8_p=1_q=64_20251022-210343
3200,1.0,0.8,1,64,base,fx,var,0.002164291,n=3200_bz=1.0_cv1=0.8_p=1_q=64_20251022-210343
3200,1.0,0.8,1,64,base,fz,mspe,0.07795459,n=3200_bz=1.0_cv1=0.8_p=1_q=64_20251022-210343
3200,1.0,0.8,1,64,base,fz,bias2,0.07795459,n=3200_bz=1.0_cv1=0.8_p=1_q=64_20251022-210343
3200,1.0,0.8,1,64,base,fz,var,0.0,n=3200_bz=1.0_cv1=0.8_p=1_q=64_20251022-210343
3200,1.0,0.8,1,64,base,fr,mspe,0.16635346,n=3200_bz=1.0_cv1=0.8_p=1_q=64_20251022-210343
3200,1.0,0.8,1,64,base,fr,bias2,0.16418919,n=3200_bz=1.0_cv1=0.8_p=1_q=64_20251022-210343
3200,1.0,0.8,1,64,base,fr,var,0.002164291,n=3200_bz=1.0_cv1=0.8_p=1_q=64_20251022-210343
3200,1.0,0.8,1,64,posthoc,y,mspe,1.0095817,n=3200_bz=1.0_cv1=0.8_p=1_q=64_20251022-210343
3200,1.0,0.8,1,64,posthoc,y,bias2,1.005098,n=3200_bz=1.0_cv1=0.8_p=1_q=64_20251022-210343
3200,1.0,0.8,1,64,posthoc,y,var,0.0044837226,n=3200_bz=1.0_cv1=0.8_p=1_q=64_20251022-210343
3200,1.0,0.8,1,64,posthoc,fx,mspe,0.017385516,n=3200_bz=1.0_cv1=0.8_p=1_q=64_20251022-210343
3200,1.0,0.8,1,64,posthoc,fx,bias2,0.0017310864,n=3200_bz=1.0_cv1=0.8_p=1_q=64_20251022-210343
3200,1.0,0.8,1,64,posthoc,fx,var,0.015654432,n=3200_bz=1.0_cv1=0.8_p=1_q=64_20251022-210343
3200,1.0,0.8,1,64,posthoc,fz,mspe,0.015308682,n=3200_bz=1.0_cv1=0.8_p=1_q=64_20251022-210343
3200,1.0,0.8,1,64,posthoc,fz,bias2,0.0015290525,n=3200_bz=1.0_cv1=0.8_p=1_q=64_20251022-210343
3200,1.0,0.8,1,64,posthoc,fz,var,0.01377963,n=3200_bz=1.0_cv1=0.8_p=1_q=64_20251022-210343
3200,1.0,0.8,1,64,posthoc,fr,mspe,0.047654882,n=3200_bz=1.0_cv1=0.8_p=1_q=64_20251022-210343
3200,1.0,0.8,1,64,posthoc,fr,bias2,0.032000456,n=3200_bz=1.0_cv1=0.8_p=1_q=64_20251022-210343
3200,1.0,0.8,1,64,posthoc,fr,var,0.015654432,n=3200_bz=1.0_cv1=0.8_p=1_q=64_20251022-210343
3200,1.0,0.8,1,64,posthoc_orth,y,mspe,1.0095066,n=3200_bz=1.0_cv1=0.8_p=1_q=64_20251022-210343
3200,1.0,0.8,1,64,posthoc_orth,y,bias2,1.005031,n=3200_bz=1.0_cv1=0.8_p=1_q=64_20251022-210343
3200,1.0,0.8,1,64,posthoc_orth,y,var,0.004475662,n=3200_bz=1.0_cv1=0.8_p=1_q=64_20251022-210343
3200,1.0,0.8,1,64,posthoc_orth,fx,mspe,0.022897117,n=3200_bz=1.0_cv1=0.8_p=1_q=64_20251022-210343
3200,1.0,0.8,1,64,posthoc_orth,fx,bias2,0.019690298,n=3200_bz=1.0_cv1=0.8_p=1_q=64_20251022-210343
3200,1.0,0.8,1,64,posthoc_orth,fx,var,0.00320682,n=3200_bz=1.0_cv1=0.8_p=1_q=64_20251022-210343
3200,1.0,0.8,1,64,posthoc_orth,fz,mspe,0.020261722,n=3200_bz=1.0_cv1=0.8_p=1_q=64_20251022-210343
3200,1.0,0.8,1,64,posthoc_orth,fz,bias2,0.0193099,n=3200_bz=1.0_cv1=0.8_p=1_q=64_20251022-210343
3200,1.0,0.8,1,64,posthoc_orth,fz,var,0.00095182407,n=3200_bz=1.0_cv1=0.8_p=1_q=64_20251022-210343
3200,1.0,0.8,1,64,posthoc_orth,fr,mspe,0.0034434209,n=3200_bz=1.0_cv1=0.8_p=1_q=64_20251022-210343
3200,1.0,0.8,1,64,posthoc_orth,fr,bias2,0.00023660102,n=3200_bz=1.0_cv1=0.8_p=1_q=64_20251022-210343
3200,1.0,0.8,1,64,posthoc_orth,fr,var,0.00320682,n=3200_bz=1.0_cv1=0.8_p=1_q=64_20251022-210343
3200,1.0,0.8,1,64,posthoc_web,y,mspe,1.2152616,n=3200_bz=1.0_cv1=0.8_p=1_q=64_20251022-210343
3200,1.0,0.8,1,64,posthoc_web,y,bias2,1.2129995,n=3200_bz=1.0_cv1=0.8_p=1_q=64_20251022-210343
3200,1.0,0.8,1,64,posthoc_web,y,var,0.0022620847,n=3200_bz=1.0_cv1=0.8_p=1_q=64_20251022-210343
3200,1.0,0.8,1,64,posthoc_web,fx,mspe,0.025811972,n=3200_bz=1.0_cv1=0.8_p=1_q=64_20251022-210343
3200,1.0,0.8,1,64,posthoc_web,fx,bias2,0.024195438,n=3200_bz=1.0_cv1=0.8_p=1_q=64_20251022-210343
3200,1.0,0.8,1,64,posthoc_web,fx,var,0.0016165344,n=3200_bz=1.0_cv1=0.8_p=1_q=64_20251022-210343
3200,1.0,0.8,1,64,posthoc_web,fz,mspe,0.07795459,n=3200_bz=1.0_cv1=0.8_p=1_q=64_20251022-210343
3200,1.0,0.8,1,64,posthoc_web,fz,bias2,0.07795459,n=3200_bz=1.0_cv1=0.8_p=1_q=64_20251022-210343
3200,1.0,0.8,1,64,posthoc_web,fz,var,0.0,n=3200_bz=1.0_cv1=0.8_p=1_q=64_20251022-210343
3200,1.0,0.8,1,64,posthoc_web,fr,mspe,0.006162733,n=3200_bz=1.0_cv1=0.8_p=1_q=64_20251022-210343
3200,1.0,0.8,1,64,posthoc_web,fr,bias2,0.004546198,n=3200_bz=1.0_cv1=0.8_p=1_q=64_20251022-210343
3200,1.0,0.8,1,64,posthoc_web,fr,var,0.0016165344,n=3200_bz=1.0_cv1=0.8_p=1_q=64_20251022-210343
3200,1.0,0.8,1,8,base,y,mspe,1.0202549,n=3200_bz=1.0_cv1=0.8_p=1_q=8_20251022-204746
3200,1.0,0.8,1,8,base,y,bias2,1.017569,n=3200_bz=1.0_cv1=0.8_p=1_q=8_20251022-204746
3200,1.0,0.8,1,8,base,y,var,0.0026858666,n=3200_bz=1.0_cv1=0.8_p=1_q=8_20251022-204746
3200,1.0,0.8,1,8,base,fx,mspe,0.07522119,n=3200_bz=1.0_cv1=0.8_p=1_q=8_20251022-204746
3200,1.0,0.8,1,8,base,fx,bias2,0.07301399,n=3200_bz=1.0_cv1=0.8_p=1_q=8_20251022-204746
3200,1.0,0.8,1,8,base,fx,var,0.0022071947,n=3200_bz=1.0_cv1=0.8_p=1_q=8_20251022-204746
3200,1.0,0.8,1,8,base,fz,mspe,0.07795459,n=3200_bz=1.0_cv1=0.8_p=1_q=8_20251022-204746
3200,1.0,0.8,1,8,base,fz,bias2,0.07795459,n=3200_bz=1.0_cv1=0.8_p=1_q=8_20251022-204746
3200,1.0,0.8,1,8,base,fz,var,0.0,n=3200_bz=1.0_cv1=0.8_p=1_q=8_20251022-204746
3200,1.0,0.8,1,8,base,fr,mspe,0.1676225,n=3200_bz=1.0_cv1=0.8_p=1_q=8_20251022-204746
3200,1.0,0.8,1,8,base,fr,bias2,0.16541533,n=3200_bz=1.0_cv1=0.8_p=1_q=8_20251022-204746
3200,1.0,0.8,1,8,base,fr,var,0.0022071947,n=3200_bz=1.0_cv1=0.8_p=1_q=8_20251022-204746
3200,1.0,0.8,1,8,posthoc,y,mspe,1.0098575,n=3200_bz=1.0_cv1=0.8_p=1_q=8_20251022-204746
3200,1.0,0.8,1,8,posthoc,y,bias2,1.0061061,n=3200_bz=1.0_cv1=0.8_p=1_q=8_20251022-204746
3200,1.0,0.8,1,8,posthoc,y,var,0.0037514113,n=3200_bz=1.0_cv1=0.8_p=1_q=8_20251022-204746
3200,1.0,0.8,1,8,posthoc,fx,mspe,0.014467667,n=3200_bz=1.0_cv1=0.8_p=1_q=8_20251022-204746
3200,1.0,0.8,1,8,posthoc,fx,bias2,0.0031436246,n=3200_bz=1.0_cv1=0.8_p=1_q=8_20251022-204746
3200,1.0,0.8,1,8,posthoc,fx,var,0.0113240415,n=3200_bz=1.0_cv1=0.8_p=1_q=8_20251022-204746
3200,1.0,0.8,1,8,posthoc,fz,mspe,0.012684651,n=3200_bz=1.0_cv1=0.8_p=1_q=8_20251022-204746
3200,1.0,0.8,1,8,posthoc,fz,bias2,0.0026143407,n=3200_bz=1.0_cv1=0.8_p=1_q=8_20251022-204746
3200,1.0,0.8,1,8,posthoc,fz,var,0.010070309,n=3200_bz=1.0_cv1=0.8_p=1_q=8_20251022-204746
3200,1.0,0.8,1,8,posthoc,fr,mspe,0.048284527,n=3200_bz=1.0_cv1=0.8_p=1_q=8_20251022-204746
3200,1.0,0.8,1,8,posthoc,fr,bias2,0.036960486,n=3200_bz=1.0_cv1=0.8_p=1_q=8_20251022-204746
3200,1.0,0.8,1,8,posthoc,fr,var,0.0113240415,n=3200_bz=1.0_cv1=0.8_p=1_q=8_20251022-204746
3200,1.0,0.8,1,8,posthoc_orth,y,mspe,1.0098433,n=3200_bz=1.0_cv1=0.8_p=1_q=8_20251022-204746
3200,1.0,0.8,1,8,posthoc_orth,y,bias2,1.0060736,n=3200_bz=1.0_cv1=0.8_p=1_q=8_20251022-204746
3200,1.0,0.8,1,8,posthoc_orth,y,var,0.0037697724,n=3200_bz=1.0_cv1=0.8_p=1_q=8_20251022-204746
3200,1.0,0.8,1,8,posthoc_orth,fx,mspe,0.022396194,n=3200_bz=1.0_cv1=0.8_p=1_q=8_20251022-204746
3200,1.0,0.8,1,8,posthoc_orth,fx,bias2,0.019908115,n=3200_bz=1.0_cv1=0.8_p=1_q=8_20251022-204746
3200,1.0,0.8,1,8,posthoc_orth,fx,var,0.0024880802,n=3200_bz=1.0_cv1=0.8_p=1_q=8_20251022-204746
3200,1.0,0.8,1,8,posthoc_orth,fz,mspe,0.020400457,n=3200_bz=1.0_cv1=0.8_p=1_q=8_20251022-204746
3200,1.0,0.8,1,8,posthoc_orth,fz,bias2,0.019452043,n=3200_bz=1.0_cv1=0.8_p=1_q=8_20251022-204746
3200,1.0,0.8,1,8,posthoc_orth,fz,var,0.0009484161,n=3200_bz=1.0_cv1=0.8_p=1_q=8_20251022-204746
3200,1.0,0.8,1,8,posthoc_orth,fr,mspe,0.0029903415,n=3200_bz=1.0_cv1=0.8_p=1_q=8_20251022-204746
3200,1.0,0.8,1,8,posthoc_orth,fr,bias2,0.00050226116,n=3200_bz=1.0_cv1=0.8_p=1_q=8_20251022-204746
3200,1.0,0.8,1,8,posthoc_orth,fr,var,0.0024880802,n=3200_bz=1.0_cv1=0.8_p=1_q=8_20251022-204746
3200,1.0,0.8,1,8,posthoc_web,y,mspe,1.2152576,n=3200_bz=1.0_cv1=0.8_p=1_q=8_20251022-204746
3200,1.0,0.8,1,8,posthoc_web,y,bias2,1.2130516,n=3200_bz=1.0_cv1=0.8_p=1_q=8_20251022-204746
3200,1.0,0.8,1,8,posthoc_web,y,var,0.0022061039,n=3200_bz=1.0_cv1=0.8_p=1_q=8_20251022-204746
3200,1.0,0.8,1,8,posthoc_web,fx,mspe,0.025973102,n=3200_bz=1.0_cv1=0.8_p=1_q=8_20251022-204746
3200,1.0,0.8,1,8,posthoc_web,fx,bias2,0.024424683,n=3200_bz=1.0_cv1=0.8_p=1_q=8_20251022-204746
3200,1.0,0.8,1,8,posthoc_web,fx,var,0.0015484185,n=3200_bz=1.0_cv1=0.8_p=1_q=8_20251022-204746
3200,1.0,0.8,1,8,posthoc_web,fz,mspe,0.07795459,n=3200_bz=1.0_cv1=0.8_p=1_q=8_20251022-204746
3200,1.0,0.8,1,8,posthoc_web,fz,bias2,0.07795459,n=3200_bz=1.0_cv1=0.8_p=1_q=8_20251022-204746
3200,1.0,0.8,1,8,posthoc_web,fz,var,0.0,n=3200_bz=1.0_cv1=0.8_p=1_q=8_20251022-204746
3200,1.0,0.8,1,8,posthoc_web,fr,mspe,0.0063633546,n=3200_bz=1.0_cv1=0.8_p=1_q=8_20251022-204746
3200,1.0,0.8,1,8,posthoc_web,fr,bias2,0.004814936,n=3200_bz=1.0_cv1=0.8_p=1_q=8_20251022-204746
3200,1.0,0.8,1,8,posthoc_web,fr,var,0.0015484185,n=3200_bz=1.0_cv1=0.8_p=1_q=8_20251022-204746
400,1.0,0.8,1,1024,base,y,mspe,1.0365037,n=400_bz=1.0_cv1=0.8_p=1_q=1024_20251025-032345
400,1.0,0.8,1,1024,base,y,bias2,1.016895,n=400_bz=1.0_cv1=0.8_p=1_q=1024_20251025-032345
400,1.0,0.8,1,1024,base,y,var,0.019608632,n=400_bz=1.0_cv1=0.8_p=1_q=1024_20251025-032345
400,1.0,0.8,1,1024,base,fx,mspe,0.08385226,n=400_bz=1.0_cv1=0.8_p=1_q=1024_20251025-032345
400,1.0,0.8,1,1024,base,fx,bias2,0.06748035,n=400_bz=1.0_cv1=0.8_p=1_q=1024_20251025-032345
400,1.0,0.8,1,1024,base,fx,var,0.016371915,n=400_bz=1.0_cv1=0.8_p=1_q=1024_20251025-032345
400,1.0,0.8,1,1024,base,fz,mspe,0.07795459,n=400_bz=1.0_cv1=0.8_p=1_q=1024_20251025-032345
400,1.0,0.8,1,1024,base,fz,bias2,0.07795459,n=400_bz=1.0_cv1=0.8_p=1_q=1024_20251025-032345
400,1.0,0.8,1,1024,base,fz,var,0.0,n=400_bz=1.0_cv1=0.8_p=1_q=1024_20251025-032345
400,1.0,0.8,1,1024,base,fr,mspe,0.172937,n=400_bz=1.0_cv1=0.8_p=1_q=1024_20251025-032345
400,1.0,0.8,1,1024,base,fr,bias2,0.15656509,n=400_bz=1.0_cv1=0.8_p=1_q=1024_20251025-032345
400,1.0,0.8,1,1024,base,fr,var,0.016371915,n=400_bz=1.0_cv1=0.8_p=1_q=1024_20251025-032345
400,1.0,0.8,1,1024,posthoc,y,mspe,1.082159,n=400_bz=1.0_cv1=0.8_p=1_q=1024_20251025-032345
400,1.0,0.8,1,1024,posthoc,y,bias2,1.0651828,n=400_bz=1.0_cv1=0.8_p=1_q=1024_20251025-032345
400,1.0,0.8,1,1024,posthoc,y,var,0.016976241,n=400_bz=1.0_cv1=0.8_p=1_q=1024_20251025-032345
400,1.0,0.8,1,1024,posthoc,fx,mspe,0.037109267,n=400_bz=1.0_cv1=0.8_p=1_q=1024_20251025-032345
400,1.0,0.8,1,1024,posthoc,fx,bias2,0.025671925,n=400_bz=1.0_cv1=0.8_p=1_q=1024_20251025-032345
400,1.0,0.8,1,1024,posthoc,fx,var,0.011437344,n=400_bz=1.0_cv1=0.8_p=1_q=1024_20251025-032345
400,1.0,0.8,1,1024,posthoc,fz,mspe,0.05790083,n=400_bz=1.0_cv1=0.8_p=1_q=1024_20251025-032345
400,1.0,0.8,1,1024,posthoc,fz,bias2,0.05708023,n=400_bz=1.0_cv1=0.8_p=1_q=1024_20251025-032345
400,1.0,0.8,1,1024,posthoc,fz,var,0.00082060223,n=400_bz=1.0_cv1=0.8_p=1_q=1024_20251025-032345
400,1.0,0.8,1,1024,posthoc,fr,mspe,0.069478296,n=400_bz=1.0_cv1=0.8_p=1_q=1024_20251025-032345
400,1.0,0.8,1,1024,posthoc,fr,bias2,0.058040954,n=400_bz=1.0_cv1=0.8_p=1_q=1024_20251025-032345
400,1.0,0.8,1,1024,posthoc,fr,var,0.011437344,n=400_bz=1.0_cv1=0.8_p=1_q=1024_20251025-032345
400,1.0,0.8,1,1024,posthoc_orth,y,mspe,1.0829613,n=400_bz=1.0_cv1=0.8_p=1_q=1024_20251025-032345
400,1.0,0.8,1,1024,posthoc_orth,y,bias2,1.0663174,n=400_bz=1.0_cv1=0.8_p=1_q=1024_20251025-032345
400,1.0,0.8,1,1024,posthoc_orth,y,var,0.016643908,n=400_bz=1.0_cv1=0.8_p=1_q=1024_20251025-032345
400,1.0,0.8,1,1024,posthoc_orth,fx,mspe,0.050586805,n=400_bz=1.0_cv1=0.8_p=1_q=1024_20251025-032345
400,1.0,0.8,1,1024,posthoc_orth,fx,bias2,0.043634653,n=400_bz=1.0_cv1=0.8_p=1_q=1024_20251025-032345
400,1.0,0.8,1,1024,posthoc_orth,fx,var,0.0069521484,n=400_bz=1.0_cv1=0.8_p=1_q=1024_20251025-032345
400,1.0,0.8,1,1024,posthoc_orth,fz,mspe,0.00809871,n=400_bz=1.0_cv1=0.8_p=1_q=1024_20251025-032345
400,1.0,0.8,1,1024,posthoc_orth,fz,bias2,0.0029895054,n=400_bz=1.0_cv1=0.8_p=1_q=1024_20251025-032345
400,1.0,0.8,1,1024,posthoc_orth,fz,var,0.0051092054,n=400_bz=1.0_cv1=0.8_p=1_q=1024_20251025-032345
400,1.0,0.8,1,1024,posthoc_orth,fr,mspe,0.031045947,n=400_bz=1.0_cv1=0.8_p=1_q=1024_20251025-032345
400,1.0,0.8,1,1024,posthoc_orth,fr,bias2,0.0240938,n=400_bz=1.0_cv1=0.8_p=1_q=1024_20251025-032345
400,1.0,0.8,1,1024,posthoc_orth,fr,var,0.0069521484,n=400_bz=1.0_cv1=0.8_p=1_q=1024_20251025-032345
400,1.0,0.8,1,1024,posthoc_web,y,mspe,1.2350359,n=400_bz=1.0_cv1=0.8_p=1_q=1024_20251025-032345
400,1.0,0.8,1,1024,posthoc_web,y,bias2,1.217334,n=400_bz=1.0_cv1=0.8_p=1_q=1024_20251025-032345
400,1.0,0.8,1,1024,posthoc_web,y,var,0.017701967,n=400_bz=1.0_cv1=0.8_p=1_q=1024_20251025-032345
400,1.0,0.8,1,1024,posthoc_web,fx,mspe,0.038295336,n=400_bz=1.0_cv1=0.8_p=1_q=1024_20251025-032345
400,1.0,0.8,1,1024,posthoc_web,fx,bias2,0.02686952,n=400_bz=1.0_cv1=0.8_p=1_q=1024_20251025-032345
400,1.0,0.8,1,1024,posthoc_web,fx,var,0.0114258155,n=400_bz=1.0_cv1=0.8_p=1_q=1024_20251025-032345
400,1.0,0.8,1,1024,posthoc_web,fz,mspe,0.07795459,n=400_bz=1.0_cv1=0.8_p=1_q=1024_20251025-032345
400,1.0,0.8,1,1024,posthoc_web,fz,bias2,0.07795459,n=400_bz=1.0_cv1=0.8_p=1_q=1024_20251025-032345
400,1.0,0.8,1,1024,posthoc_web,fz,var,0.0,n=400_bz=1.0_cv1=0.8_p=1_q=1024_20251025-032345
400,1.0,0.8,1,1024,posthoc_web,fr,mspe,0.01681336,n=400_bz=1.0_cv1=0.8_p=1_q=1024_20251025-032345
400,1.0,0.8,1,1024,posthoc_web,fr,bias2,0.005387546,n=400_bz=1.0_cv1=0.8_p=1_q=1024_20251025-032345
400,1.0,0.8,1,1024,posthoc_web,fr,var,0.0114258155,n=400_bz=1.0_cv1=0.8_p=1_q=1024_20251025-032345
400,1.0,0.8,1,128,base,y,mspe,1.0373546,n=400_bz=1.0_cv1=0.8_p=1_q=128_20251025-031140
400,1.0,0.8,1,128,base,y,bias2,1.0176597,n=400_bz=1.0_cv1=0.8_p=1_q=128_20251025-031140
400,1.0,0.8,1,128,base,y,var,0.019694988,n=400_bz=1.0_cv1=0.8_p=1_q=128_20251025-031140
400,1.0,0.8,1,128,base,fx,mspe,0.077969894,n=400_bz=1.0_cv1=0.8_p=1_q=128_20251025-031140
400,1.0,0.8,1,128,base,fx,bias2,0.061368637,n=400_bz=1.0_cv1=0.8_p=1_q=128_20251025-031140
400,1.0,0.8,1,128,base,fx,var,0.016601257,n=400_bz=1.0_cv1=0.8_p=1_q=128_20251025-031140
400,1.0,0.8,1,128,base,fz,mspe,0.07795459,n=400_bz=1.0_cv1=0.8_p=1_q=128_20251025-031140
400,1.0,0.8,1,128,base,fz,bias2,0.07795459,n=400_bz=1.0_cv1=0.8_p=1_q=128_20251025-031140
400,1.0,0.8,1,128,base,fz,var,0.0,n=400_bz=1.0_cv1=0.8_p=1_q=128_20251025-031140
400,1.0,0.8,1,128,base,fr,mspe,0.1637594,n=400_bz=1.0_cv1=0.8_p=1_q=128_20251025-031140
400,1.0,0.8,1,128,base,fr,bias2,0.14715813,n=400_bz=1.0_cv1=0.8_p=1_q=128_20251025-031140
400,1.0,0.8,1,128,base,fr,var,0.016601257,n=400_bz=1.0_cv1=0.8_p=1_q=128_20251025-031140
400,1.0,0.8,1,128,posthoc,y,mspe,1.0350559,n=400_bz=1.0_cv1=0.8_p=1_q=128_20251025-031140
400,1.0,0.8,1,128,posthoc,y,bias2,1.0131494,n=400_bz=1.0_cv1=0.8_p=1_q=128_20251025-031140
400,1.0,0.8,1,128,posthoc,y,var,0.021906491,n=400_bz=1.0_cv1=0.8_p=1_q=128_20251025-031140
400,1.0,0.8,1,128,posthoc,fx,mspe,0.058066346,n=400_bz=1.0_cv1=0.8_p=1_q=128_20251025-031140
400,1.0,0.8,1,128,posthoc,fx,bias2,0.024219232,n=400_bz=1.0_cv1=0.8_p=1_q=128_20251025-031140
400,1.0,0.8,1,128,posthoc,fx,var,0.033847112,n=400_bz=1.0_cv1=0.8_p=1_q=128_20251025-031140
400,1.0,0.8,1,128,posthoc,fz,mspe,0.058805358,n=400_bz=1.0_cv1=0.8_p=1_q=128_20251025-031140
400,1.0,0.8,1,128,posthoc,fz,bias2,0.03296303,n=400_bz=1.0_cv1=0.8_p=1_q=128_20251025-031140
400,1.0,0.8,1,128,posthoc,fz,var,0.025842328,n=400_bz=1.0_cv1=0.8_p=1_q=128_20251025-031140
400,1.0,0.8,1,128,posthoc,fr,mspe,0.116321914,n=400_bz=1.0_cv1=0.8_p=1_q=128_20251025-031140
400,1.0,0.8,1,128,posthoc,fr,bias2,0.082474805,n=400_bz=1.0_cv1=0.8_p=1_q=128_20251025-031140
400,1.0,0.8,1,128,posthoc,fr,var,0.033847112,n=400_bz=1.0_cv1=0.8_p=1_q=128_20251025-031140
400,1.0,0.8,1,128,posthoc_orth,y,mspe,1.0343852,n=400_bz=1.0_cv1=0.8_p=1_q=128_20251025-031140
400,1.0,0.8,1,128,posthoc_orth,y,bias2,1.012638,n=400_bz=1.0_cv1=0.8_p=1_q=128_20251025-031140
400,1.0,0.8,1,128,posthoc_orth,y,var,0.021747153,n=400_bz=1.0_cv1=0.8_p=1_q=128_20251025-031140
400,1.0,0.8,1,128,posthoc_orth,fx,mspe,0.038374048,n=400_bz=1.0_cv1=0.8_p=1_q=128_20251025-031140
400,1.0,0.8,1,128,posthoc_orth,fx,bias2,0.025563158,n=400_bz=1.0_cv1=0.8_p=1_q=128_20251025-031140
400,1.0,0.8,1,128,posthoc_orth,fx,var,0.012810887,n=400_bz=1.0_cv1=0.8_p=1_q=128_20251025-031140
400,1.0,0.8,1,128,posthoc_orth,fz,mspe,0.016735613,n=400_bz=1.0_cv1=0.8_p=1_q=128_20251025-031140
400,1.0,0.8,1,128,posthoc_orth,fz,bias2,0.010623739,n=400_bz=1.0_cv1=0.8_p=1_q=128_20251025-031140
400,1.0,0.8,1,128,posthoc_orth,fz,var,0.006111874,n=400_bz=1.0_cv1=0.8_p=1_q=128_20251025-031140
400,1.0,0.8,1,128,posthoc_orth,fr,mspe,0.017551998,n=400_bz=1.0_cv1=0.8_p=1_q=128_20251025-031140
400,1.0,0.8,1,128,posthoc_orth,fr,bias2,0.004741111,n=400_bz=1.0_cv1=0.8_p=1_q=128_20251025-031140
400,1.0,0.8,1,128,posthoc_orth,fr,var,0.012810887,n=400_bz=1.0_cv1=0.8_p=1_q=128_20251025-031140
400,1.0,0.8,1,128,posthoc_web,y,mspe,1.2341597,n=400_bz=1.0_cv1=0.8_p=1_q=128_20251025-031140
400,1.0,0.8,1,128,posthoc_web,y,bias2,1.216324,n=400_bz=1.0_cv1=0.8_p=1_q=128_20251025-031140
400,1.0,0.8,1,128,posthoc_web,y,var,0.01783567,n=400_bz=1.0_cv1=0.8_p=1_q=128_20251025-031140
400,1.0,0.8,1,128,posthoc_web,fx,mspe,0.03789177,n=400_bz=1.0_cv1=0.8_p=1_q=128_20251025-031140
400,1.0,0.8,1,128,posthoc_web,fx,bias2,0.026389413,n=400_bz=1.0_cv1=0.8_p=1_q=128_20251025-031140
400,1.0,0.8,1,128,posthoc_web,fx,var,0.01150236,n=400_bz=1.0_cv1=0.8_p=1_q=128_20251025-031140
400,1.0,0.8,1,128,posthoc_web,fz,mspe,0.07795459,n=400_bz=1.0_cv1=0.8_p=1_q=128_20251025-031140
400,1.0,0.8,1,128,posthoc_web,fz,bias2,0.07795459,n=400_bz=1.0_cv1=0.8_p=1_q=128_20251025-031140
400,1.0,0.8,1,128,posthoc_web,fz,var,0.0,n=400_bz=1.0_cv1=0.8_p=1_q=128_20251025-031140
400,1.0,0.8,1,128,posthoc_web,fr,mspe,0.016512318,n=400_bz=1.0_cv1=0.8_p=1_q=128_20251025-031140
400,1.0,0.8,1,128,posthoc_web,fr,bias2,0.0050099576,n=400_bz=1.0_cv1=0.8_p=1_q=128_20251025-031140
400,1.0,0.8,1,128,posthoc_web,fr,var,0.01150236,n=400_bz=1.0_cv1=0.8_p=1_q=128_20251025-031140
400,1.0,0.8,1,16,base,y,mspe,1.0371066,n=400_bz=1.0_cv1=0.8_p=1_q=16_20251025-030239
400,1.0,0.8,1,16,base,y,bias2,1.0182995,n=400_bz=1.0_cv1=0.8_p=1_q=16_20251025-030239
400,1.0,0.8,1,16,base,y,var,0.018807238,n=400_bz=1.0_cv1=0.8_p=1_q=16_20251025-030239
400,1.0,0.8,1,16,base,fx,mspe,0.078178555,n=400_bz=1.0_cv1=0.8_p=1_q=16_20251025-030239
400,1.0,0.8,1,16,base,fx,bias2,0.06272383,n=400_bz=1.0_cv1=0.8_p=1_q=16_20251025-030239
400,1.0,0.8,1,16,base,fx,var,0.015454723,n=400_bz=1.0_cv1=0.8_p=1_q=16_20251025-030239
400,1.0,0.8,1,16,base,fz,mspe,0.07795459,n=400_bz=1.0_cv1=0.8_p=1_q=16_20251025-030239
400,1.0,0.8,1,16,base,fz,bias2,0.07795459,n=400_bz=1.0_cv1=0.8_p=1_q=16_20251025-030239
400,1.0,0.8,1,16,base,fz,var,0.0,n=400_bz=1.0_cv1=0.8_p=1_q=16_20251025-030239
400,1.0,0.8,1,16,base,fr,mspe,0.16452043,n=400_bz=1.0_cv1=0.8_p=1_q=16_20251025-030239
400,1.0,0.8,1,16,base,fr,bias2,0.14906572,n=400_bz=1.0_cv1=0.8_p=1_q=16_20251025-030239
400,1.0,0.8,1,16,base,fr,var,0.015454723,n=400_bz=1.0_cv1=0.8_p=1_q=16_20251025-030239
400,1.0,0.8,1,16,posthoc,y,mspe,1.0346619,n=400_bz=1.0_cv1=0.8_p=1_q=16_20251025-030239
400,1.0,0.8,1,16,posthoc,y,bias2,1.0118055,n=400_bz=1.0_cv1=0.8_p=1_q=16_20251025-030239
400,1.0,0.8,1,16,posthoc,y,var,0.022856202,n=400_bz=1.0_cv1=0.8_p=1_q=16_20251025-030239
400,1.0,0.8,1,16,posthoc,fx,mspe,0.07139427,n=400_bz=1.0_cv1=0.8_p=1_q=16_20251025-030239
400,1.0,0.8,1,16,posthoc,fx,bias2,0.033773,n=400_bz=1.0_cv1=0.8_p=1_q=16_20251025-030239
400,1.0,0.8,1,16,posthoc,fx,var,0.03762127,n=400_bz=1.0_cv1=0.8_p=1_q=16_20251025-030239
400,1.0,0.8,1,16,posthoc,fz,mspe,0.06176494,n=400_bz=1.0_cv1=0.8_p=1_q=16_20251025-030239
400,1.0,0.8,1,16,posthoc,fz,bias2,0.033454787,n=400_bz=1.0_cv1=0.8_p=1_q=16_20251025-030239
400,1.0,0.8,1,16,posthoc,fz,var,0.02831016,n=400_bz=1.0_cv1=0.8_p=1_q=16_20251025-030239
400,1.0,0.8,1,16,posthoc,fr,mspe,0.13938513,n=400_bz=1.0_cv1=0.8_p=1_q=16_20251025-030239
400,1.0,0.8,1,16,posthoc,fr,bias2,0.10176386,n=400_bz=1.0_cv1=0.8_p=1_q=16_20251025-030239
400,1.0,0.8,1,16,posthoc,fr,var,0.03762127,n=400_bz=1.0_cv1=0.8_p=1_q=16_20251025-030239
400,1.0,0.8,1,16,posthoc_orth,y,mspe,1.0343907,n=400_bz=1.0_cv1=0.8_p=1_q=16_20251025-030239
400,1.0,0.8,1,16,posthoc_orth,y,bias2,1.0115864,n=400_bz=1.0_cv1=0.8_p=1_q=16_20251025-030239
400,1.0,0.8,1,16,posthoc_orth,y,var,0.022804407,n=400_bz=1.0_cv1=0.8_p=1_q=16_20251025-030239
400,1.0,0.8,1,16,posthoc_orth,fx,mspe,0.038292997,n=400_bz=1.0_cv1=0.8_p=1_q=16_20251025-030239
400,1.0,0.8,1,16,posthoc_orth,fx,bias2,0.024850883,n=400_bz=1.0_cv1=0.8_p=1_q=16_20251025-030239
400,1.0,0.8,1,16,posthoc_orth,fx,var,0.013442111,n=400_bz=1.0_cv1=0.8_p=1_q=16_20251025-030239
400,1.0,0.8,1,16,posthoc_orth,fz,mspe,0.025279894,n=400_bz=1.0_cv1=0.8_p=1_q=16_20251025-030239
400,1.0,0.8,1,16,posthoc_orth,fz,bias2,0.018831559,n=400_bz=1.0_cv1=0.8_p=1_q=16_20251025-030239
400,1.0,0.8,1,16,posthoc_orth,fz,var,0.006448337,n=400_bz=1.0_cv1=0.8_p=1_q=16_20251025-030239
400,1.0,0.8,1,16,posthoc_orth,fr,mspe,0.016953701,n=400_bz=1.0_cv1=0.8_p=1_q=16_20251025-030239
400,1.0,0.8,1,16,posthoc_orth,fr,bias2,0.0035115925,n=400_bz=1.0_cv1=0.8_p=1_q=16_20251025-030239
400,1.0,0.8,1,16,posthoc_orth,fr,var,0.013442111,n=400_bz=1.0_cv1=0.8_p=1_q=16_20251025-030239
400,1.0,0.8,1,16,posthoc_web,y,mspe,1.234291,n=400_bz=1.0_cv1=0.8_p=1_q=16_20251025-030239
400,1.0,0.8,1,16,posthoc_web,y,bias2,1.2177243,n=400_bz=1.0_cv1=0.8_p=1_q=16_20251025-030239
400,1.0,0.8,1,16,posthoc_web,y,var,0.016566714,n=400_bz=1.0_cv1=0.8_p=1_q=16_20251025-030239
400,1.0,0.8,1,16,posthoc_web,fx,mspe,0.037099946,n=400_bz=1.0_cv1=0.8_p=1_q=16_20251025-030239
400,1.0,0.8,1,16,posthoc_web,fx,bias2,0.026966656,n=400_bz=1.0_cv1=0.8_p=1_q=16_20251025-030239
400,1.0,0.8,1,16,posthoc_web,fx,var,0.010133289,n=400_bz=1.0_cv1=0.8_p=1_q=16_20251025-030239
400,1.0,0.8,1,16,posthoc_web,fz,mspe,0.07795459,n=400_bz=1.0_cv1=0.8_p=1_q=16_20251025-030239
400,1.0,0.8,1,16,posthoc_web,fz,bias2,0.07795459,n=400_bz=1.0_cv1=0.8_p=1_q=16_20251025-030239
400,1.0,0.8,1,16,posthoc_web,fz,var,0.0,n=400_bz=1.0_cv1=0.8_p=1_q=16_20251025-030239
400,1.0,0.8,1,16,posthoc_web,fr,mspe,0.015566587,n=400_bz=1.0_cv1=0.8_p=1_q=16_20251025-030239
400,1.0,0.8,1,16,posthoc_web,fr,bias2,0.005433298,n=400_bz=1.0_cv1=0.8_p=1_q=16_20251025-030239
400,1.0,0.8,1,16,posthoc_web,fr,var,0.010133289,n=400_bz=1.0_cv1=0.8_p=1_q=16_20251025-030239
400,1.0,0.8,1,256,base,y,mspe,1.0359412,n=400_bz=1.0_cv1=0.8_p=1_q=256_20251025-031508
400,1.0,0.8,1,256,base,y,bias2,1.0176978,n=400_bz=1.0_cv1=0.8_p=1_q=256_20251025-031508
400,1.0,0.8,1,256,base,y,var,0.018243497,n=400_bz=1.0_cv1=0.8_p=1_q=256_20251025-031508
400,1.0,0.8,1,256,base,fx,mspe,0.079840586,n=400_bz=1.0_cv1=0.8_p=1_q=256_20251025-031508
400,1.0,0.8,1,256,base,fx,bias2,0.06495563,n=400_bz=1.0_cv1=0.8_p=1_q=256_20251025-031508
400,1.0,0.8,1,256,base,fx,var,0.014884961,n=400_bz=1.0_cv1=0.8_p=1_q=256_20251025-031508
400,1.0,0.8,1,256,base,fz,mspe,0.07795459,n=400_bz=1.0_cv1=0.8_p=1_q=256_20251025-031508
400,1.0,0.8,1,256,base,fz,bias2,0.07795459,n=400_bz=1.0_cv1=0.8_p=1_q=256_20251025-031508
400,1.0,0.8,1,256,base,fz,var,0.0,n=400_bz=1.0_cv1=0.8_p=1_q=256_20251025-031508
400,1.0,0.8,1,256,base,fr,mspe,0.16756345,n=400_bz=1.0_cv1=0.8_p=1_q=256_20251025-031508
400,1.0,0.8,1,256,base,fr,bias2,0.1526785,n=400_bz=1.0_cv1=0.8_p=1_q=256_20251025-031508
400,1.0,0.8,1,256,base,fr,var,0.014884961,n=400_bz=1.0_cv1=0.8_p=1_q=256_20251025-031508
400,1.0,0.8,1,256,posthoc,y,mspe,1.0424355,n=400_bz=1.0_cv1=0.8_p=1_q=256_20251025-031508
400,1.0,0.8,1,256,posthoc,y,bias2,1.0230491,n=400_bz=1.0_cv1=0.8_p=1_q=256_20251025-031508
400,1.0,0.8,1,256,posthoc,y,var,0.019386508,n=400_bz=1.0_cv1=0.8_p=1_q=256_20251025-031508
400,1.0,0.8,1,256,posthoc,fx,mspe,0.04380215,n=400_bz=1.0_cv1=0.8_p=1_q=256_20251025-031508
400,1.0,0.8,1,256,posthoc,fx,bias2,0.02690723,n=400_bz=1.0_cv1=0.8_p=1_q=256_20251025-031508
400,1.0,0.8,1,256,posthoc,fx,var,0.016894918,n=400_bz=1.0_cv1=0.8_p=1_q=256_20251025-031508
400,1.0,0.8,1,256,posthoc,fz,mspe,0.05023884,n=400_bz=1.0_cv1=0.8_p=1_q=256_20251025-031508
400,1.0,0.8,1,256,posthoc,fz,bias2,0.048558127,n=400_bz=1.0_cv1=0.8_p=1_q=256_20251025-031508
400,1.0,0.8,1,256,posthoc,fz,var,0.0016807159,n=400_bz=1.0_cv1=0.8_p=1_q=256_20251025-031508
400,1.0,0.8,1,256,posthoc,fr,mspe,0.10072493,n=400_bz=1.0_cv1=0.8_p=1_q=256_20251025-031508
400,1.0,0.8,1,256,posthoc,fr,bias2,0.083830014,n=400_bz=1.0_cv1=0.8_p=1_q=256_20251025-031508
400,1.0,0.8,1,256,posthoc,fr,var,0.016894918,n=400_bz=1.0_cv1=0.8_p=1_q=256_20251025-031508
400,1.0,0.8,1,256,posthoc_orth,y,mspe,1.0418524,n=400_bz=1.0_cv1=0.8_p=1_q=256_20251025-031508
400,1.0,0.8,1,256,posthoc_orth,y,bias2,1.0226152,n=400_bz=1.0_cv1=0.8_p=1_q=256_20251025-031508
400,1.0,0.8,1,256,posthoc_orth,y,var,0.019237123,n=400_bz=1.0_cv1=0.8_p=1_q=256_20251025-031508
400,1.0,0.8,1,256,posthoc_orth,fx,mspe,0.03950931,n=400_bz=1.0_cv1=0.8_p=1_q=256_20251025-031508
400,1.0,0.8,1,256,posthoc_orth,fx,bias2,0.02935776,n=400_bz=1.0_cv1=0.8_p=1_q=256_20251025-031508
400,1.0,0.8,1,256,posthoc_orth,fx,var,0.01015155,n=400_bz=1.0_cv1=0.8_p=1_q=256_20251025-031508
400,1.0,0.8,1,256,posthoc_orth,fz,mspe,0.009182134,n=400_bz=1.0_cv1=0.8_p=1_q=256_20251025-031508
400,1.0,0.8,1,256,posthoc_orth,fz,bias2,0.003477881,n=400_bz=1.0_cv1=0.8_p=1_q=256_20251025-031508
400,1.0,0.8,1,256,posthoc_orth,fz,var,0.005704252,n=400_bz=1.0_cv1=0.8_p=1_q=256_20251025-031508
400,1.0,0.8,1,256,posthoc_orth,fr,mspe,0.018977905,n=400_bz=1.0_cv1=0.8_p=1_q=256_20251025-031508
400,1.0,0.8,1,256,posthoc_orth,fr,bias2,0.008826356,n=400_bz=1.0_cv1=0.8_p=1_q=256_20251025-031508
400,1.0,0.8,1,256,posthoc_orth,fr,var,0.01015155,n=400_bz=1.0_cv1=0.8_p=1_q=256_20251025-031508
400,1.0,0.8,1,256,posthoc_web,y,mspe,1.2342464,n=400_bz=1.0_cv1=0.8_p=1_q=256_20251025-031508
400,1.0,0.8,1,256,posthoc_web,y,bias2,1.2175692,n=400_bz=1.0_cv1=0.8_p=1_q=256_20251025-031508
400,1.0,0.8,1,256,posthoc_web,y,var,0.016677026,n=400_bz=1.0_cv1=0.8_p=1_q=256_20251025-031508
400,1.0,0.8,1,256,posthoc_web,fx,mspe,0.037032414,n=400_bz=1.0_cv1=0.8_p=1_q=256_20251025-031508
400,1.0,0.8,1,256,posthoc_web,fx,bias2,0.026754837,n=400_bz=1.0_cv1=0.8_p=1_q=256_20251025-031508
400,1.0,0.8,1,256,posthoc_web,fx,var,0.010277576,n=400_bz=1.0_cv1=0.8_p=1_q=256_20251025-031508
400,1.0,0.8,1,256,posthoc_web,fz,mspe,0.07795459,n=400_bz=1.0_cv1=0.8_p=1_q=256_20251025-031508
400,1.0,0.8,1,256,posthoc_web,fz,bias2,0.07795459,n=400_bz=1.0_cv1=0.8_p=1_q=256_20251025-031508
400,1.0,0.8,1,256,posthoc_web,fz,var,0.0,n=400_bz=1.0_cv1=0.8_p=1_q=256_20251025-031508
400,1.0,0.8,1,256,posthoc_web,fr,mspe,0.01555242,n=400_bz=1.0_cv1=0.8_p=1_q=256_20251025-031508
400,1.0,0.8,1,256,posthoc_web,fr,bias2,0.0052748444,n=400_bz=1.0_cv1=0.8_p=1_q=256_20251025-031508
400,1.0,0.8,1,256,posthoc_web,fr,var,0.010277576,n=400_bz=1.0_cv1=0.8_p=1_q=256_20251025-031508
400,1.0,0.8,1,2,base,y,mspe,1.0370314,n=400_bz=1.0_cv1=0.8_p=1_q=2_20251025-025303
400,1.0,0.8,1,2,base,y,bias2,1.0188818,n=400_bz=1.0_cv1=0.8_p=1_q=2_20251025-025303
400,1.0,0.8,1,2,base,y,var,0.018149536,n=400_bz=1.0_cv1=0.8_p=1_q=2_20251025-025303
400,1.0,0.8,1,2,base,fx,mspe,0.073576584,n=400_bz=1.0_cv1=0.8_p=1_q=2_20251025-025303
400,1.0,0.8,1,2,base,fx,bias2,0.058797427,n=400_bz=1.0_cv1=0.8_p=1_q=2_20251025-025303
400,1.0,0.8,1,2,base,fx,var,0.014779153,n=400_bz=1.0_cv1=0.8_p=1_q=2_20251025-025303
400,1.0,0.8,1,2,base,fz,mspe,0.07795459,n=400_bz=1.0_cv1=0.8_p=1_q=2_20251025-025303
400,1.0,0.8,1,2,base,fz,bias2,0.07795459,n=400_bz=1.0_cv1=0.8_p=1_q=2_20251025-025303
400,1.0,0.8,1,2,base,fz,var,0.0,n=400_bz=1.0_cv1=0.8_p=1_q=2_20251025-025303
400,1.0,0.8,1,2,base,fr,mspe,0.15750444,n=400_bz=1.0_cv1=0.8_p=1_q=2_20251025-025303
400,1.0,0.8,1,2,base,fr,bias2,0.14272529,n=400_bz=1.0_cv1=0.8_p=1_q=2_20251025-025303
400,1.0,0.8,1,2,base,fr,var,0.014779153,n=400_bz=1.0_cv1=0.8_p=1_q=2_20251025-025303
400,1.0,0.8,1,2,posthoc,y,mspe,1.0348415,n=400_bz=1.0_cv1=0.8_p=1_q=2_20251025-025303
400,1.0,0.8,1,2,posthoc,y,bias2,1.0129988,n=400_bz=1.0_cv1=0.8_p=1_q=2_20251025-025303
400,1.0,0.8,1,2,posthoc,y,var,0.021842683,n=400_bz=1.0_cv1=0.8_p=1_q=2_20251025-025303
400,1.0,0.8,1,2,posthoc,fx,mspe,0.07025355,n=400_bz=1.0_cv1=0.8_p=1_q=2_20251025-025303
400,1.0,0.8,1,2,posthoc,fx,bias2,0.044475738,n=400_bz=1.0_cv1=0.8_p=1_q=2_20251025-025303
400,1.0,0.8,1,2,posthoc,fx,var,0.02577782,n=400_bz=1.0_cv1=0.8_p=1_q=2_20251025-025303
400,1.0,0.8,1,2,posthoc,fz,mspe,0.056863792,n=400_bz=1.0_cv1=0.8_p=1_q=2_20251025-025303
400,1.0,0.8,1,2,posthoc,fz,bias2,0.042055704,n=400_bz=1.0_cv1=0.8_p=1_q=2_20251025-025303
400,1.0,0.8,1,2,posthoc,fz,var,0.01480809,n=400_bz=1.0_cv1=0.8_p=1_q=2_20251025-025303
400,1.0,0.8,1,2,posthoc,fr,mspe,0.14568846,n=400_bz=1.0_cv1=0.8_p=1_q=2_20251025-025303
400,1.0,0.8,1,2,posthoc,fr,bias2,0.11991064,n=400_bz=1.0_cv1=0.8_p=1_q=2_20251025-025303
400,1.0,0.8,1,2,posthoc,fr,var,0.02577782,n=400_bz=1.0_cv1=0.8_p=1_q=2_20251025-025303
400,1.0,0.8,1,2,posthoc_orth,y,mspe,1.0347054,n=400_bz=1.0_cv1=0.8_p=1_q=2_20251025-025303
400,1.0,0.8,1,2,posthoc_orth,y,bias2,1.0130554,n=400_bz=1.0_cv1=0.8_p=1_q=2_20251025-025303
400,1.0,0.8,1,2,posthoc_orth,y,var,0.021650007,n=400_bz=1.0_cv1=0.8_p=1_q=2_20251025-025303
400,1.0,0.8,1,2,posthoc_orth,fx,mspe,0.037728243,n=400_bz=1.0_cv1=0.8_p=1_q=2_20251025-025303
400,1.0,0.8,1,2,posthoc_orth,fx,bias2,0.025482707,n=400_bz=1.0_cv1=0.8_p=1_q=2_20251025-025303
400,1.0,0.8,1,2,posthoc_orth,fx,var,0.012245539,n=400_bz=1.0_cv1=0.8_p=1_q=2_20251025-025303
400,1.0,0.8,1,2,posthoc_orth,fz,mspe,0.026449114,n=400_bz=1.0_cv1=0.8_p=1_q=2_20251025-025303
400,1.0,0.8,1,2,posthoc_orth,fz,bias2,0.019846905,n=400_bz=1.0_cv1=0.8_p=1_q=2_20251025-025303
400,1.0,0.8,1,2,posthoc_orth,fz,var,0.006602212,n=400_bz=1.0_cv1=0.8_p=1_q=2_20251025-025303
400,1.0,0.8,1,2,posthoc_orth,fr,mspe,0.016612735,n=400_bz=1.0_cv1=0.8_p=1_q=2_20251025-025303
400,1.0,0.8,1,2,posthoc_orth,fr,bias2,0.004367198,n=400_bz=1.0_cv1=0.8_p=1_q=2_20251025-025303
400,1.0,0.8,1,2,posthoc_orth,fr,var,0.012245539,n=400_bz=1.0_cv1=0.8_p=1_q=2_20251025-025303
400,1.0,0.8,1,2,posthoc_web,y,mspe,1.2319711,n=400_bz=1.0_cv1=0.8_p=1_q=2_20251025-025303
400,1.0,0.8,1,2,posthoc_web,y,bias2,1.216251,n=400_bz=1.0_cv1=0.8_p=1_q=2_20251025-025303
400,1.0,0.8,1,2,posthoc_web,y,var,0.015720116,n=400_bz=1.0_cv1=0.8_p=1_q=2_20251025-025303
400,1.0,0.8,1,2,posthoc_web,fx,mspe,0.036088593,n=400_bz=1.0_cv1=0.8_p=1_q=2_20251025-025303
400,1.0,0.8,1,2,posthoc_web,fx,bias2,0.026818747,n=400_bz=1.0_cv1=0.8_p=1_q=2_20251025-025303
400,1.0,0.8,1,2,posthoc_web,fx,var,0.009269847,n=400_bz=1.0_cv1=0.8_p=1_q=2_20251025-025303
400,1.0,0.8,1,2,posthoc_web,fz,mspe,0.07795459,n=400_bz=1.0_cv1=0.8_p=1_q=2_20251025-025303
400,1.0,0.8,1,2,posthoc_web,fz,bias2,0.07795459,n=400_bz=1.0_cv1=0.8_p=1_q=2_20251025-025303
400,1.0,0.8,1,2,posthoc_web,fz,var,0.0,n=400_bz=1.0_cv1=0.8_p=1_q=2_20251025-025303
400,1.0,0.8,1,2,posthoc_web,fr,mspe,0.014817532,n=400_bz=1.0_cv1=0.8_p=1_q=2_20251025-025303
400,1.0,0.8,1,2,posthoc_web,fr,bias2,0.005547687,n=400_bz=1.0_cv1=0.8_p=1_q=2_20251025-025303
400,1.0,0.8,1,2,posthoc_web,fr,var,0.009269847,n=400_bz=1.0_cv1=0.8_p=1_q=2_20251025-025303
400,1.0,0.8,1,32,base,y,mspe,1.0359807,n=400_bz=1.0_cv1=0.8_p=1_q=32_20251025-030531
400,1.0,0.8,1,32,base,y,bias2,1.0176917,n=400_bz=1.0_cv1=0.8_p=1_q=32_20251025-030531
400,1.0,0.8,1,32,base,y,var,0.018288877,n=400_bz=1.0_cv1=0.8_p=1_q=32_20251025-030531
400,1.0,0.8,1,32,base,fx,mspe,0.07928134,n=400_bz=1.0_cv1=0.8_p=1_q=32_20251025-030531
400,1.0,0.8,1,32,base,fx,bias2,0.06415671,n=400_bz=1.0_cv1=0.8_p=1_q=32_20251025-030531
400,1.0,0.8,1,32,base,fx,var,0.015124617,n=400_bz=1.0_cv1=0.8_p=1_q=32_20251025-030531
400,1.0,0.8,1,32,base,fz,mspe,0.07795459,n=400_bz=1.0_cv1=0.8_p=1_q=32_20251025-030531
400,1.0,0.8,1,32,base,fz,bias2,0.07795459,n=400_bz=1.0_cv1=0.8_p=1_q=32_20251025-030531
400,1.0,0.8,1,32,base,fz,var,0.0,n=400_bz=1.0_cv1=0.8_p=1_q=32_20251025-030531
400,1.0,0.8,1,32,base,fr,mspe,0.16657029,n=400_bz=1.0_cv1=0.8_p=1_q=32_20251025-030531
400,1.0,0.8,1,32,base,fr,bias2,0.15144567,n=400_bz=1.0_cv1=0.8_p=1_q=32_20251025-030531
400,1.0,0.8,1,32,base,fr,var,0.015124617,n=400_bz=1.0_cv1=0.8_p=1_q=32_20251025-030531
400,1.0,0.8,1,32,posthoc,y,mspe,1.034045,n=400_bz=1.0_cv1=0.8_p=1_q=32_20251025-030531
400,1.0,0.8,1,32,posthoc,y,bias2,1.010911,n=400_bz=1.0_cv1=0.8_p=1_q=32_20251025-030531
400,1.0,0.8,1,32,posthoc,y,var,0.023133976,n=400_bz=1.0_cv1=0.8_p=1_q=32_20251025-030531
400,1.0,0.8,1,32,posthoc,fx,mspe,0.068235874,n=400_bz=1.0_cv1=0.8_p=1_q=32_20251025-030531
400,1.0,0.8,1,32,posthoc,fx,bias2,0.02952962,n=400_bz=1.0_cv1=0.8_p=1_q=32_20251025-030531
400,1.0,0.8,1,32,posthoc,fx,var,0.038706258,n=400_bz=1.0_cv1=0.8_p=1_q=32_20251025-030531
400,1.0,0.8,1,32,posthoc,fz,mspe,0.05992406,n=400_bz=1.0_cv1=0.8_p=1_q=32_20251025-030531
400,1.0,0.8,1,32,posthoc,fz,bias2,0.03014978,n=400_bz=1.0_cv1=0.8_p=1_q=32_20251025-030531
400,1.0,0.8,1,32,posthoc,fz,var,0.029774277,n=400_bz=1.0_cv1=0.8_p=1_q=32_20251025-030531
400,1.0,0.8,1,32,posthoc,fr,mspe,0.1328288,n=400_bz=1.0_cv1=0.8_p=1_q=32_20251025-030531
400,1.0,0.8,1,32,posthoc,fr,bias2,0.09412254,n=400_bz=1.0_cv1=0.8_p=1_q=32_20251025-030531
400,1.0,0.8,1,32,posthoc,fr,var,0.038706258,n=400_bz=1.0_cv1=0.8_p=1_q=32_20251025-030531
400,1.0,0.8,1,32,posthoc_orth,y,mspe,1.0341263,n=400_bz=1.0_cv1=0.8_p=1_q=32_20251025-030531
400,1.0,0.8,1,32,posthoc_orth,y,bias2,1.0108042,n=400_bz=1.0_cv1=0.8_p=1_q=32_20251025-030531
400,1.0,0.8,1,32,posthoc_orth,y,var,0.023322076,n=400_bz=1.0_cv1=0.8_p=1_q=32_20251025-030531
400,1.0,0.8,1,32,posthoc_orth,fx,mspe,0.03854134,n=400_bz=1.0_cv1=0.8_p=1_q=32_20251025-030531
400,1.0,0.8,1,32,posthoc_orth,fx,bias2,0.024519267,n=400_bz=1.0_cv1=0.8_p=1_q=32_20251025-030531
400,1.0,0.8,1,32,posthoc_orth,fx,var,0.014022074,n=400_bz=1.0_cv1=0.8_p=1_q=32_20251025-030531
400,1.0,0.8,1,32,posthoc_orth,fz,mspe,0.024257995,n=400_bz=1.0_cv1=0.8_p=1_q=32_20251025-030531
400,1.0,0.8,1,32,posthoc_orth,fz,bias2,0.017876988,n=400_bz=1.0_cv1=0.8_p=1_q=32_20251025-030531
400,1.0,0.8,1,32,posthoc_orth,fz,var,0.006381009,n=400_bz=1.0_cv1=0.8_p=1_q=32_20251025-030531
400,1.0,0.8,1,32,posthoc_orth,fr,mspe,0.017419755,n=400_bz=1.0_cv1=0.8_p=1_q=32_20251025-030531
400,1.0,0.8,1,32,posthoc_orth,fr,bias2,0.0033976822,n=400_bz=1.0_cv1=0.8_p=1_q=32_20251025-030531
400,1.0,0.8,1,32,posthoc_orth,fr,var,0.014022074,n=400_bz=1.0_cv1=0.8_p=1_q=32_20251025-030531
400,1.0,0.8,1,32,posthoc_web,y,mspe,1.2339317,n=400_bz=1.0_cv1=0.8_p=1_q=32_20251025-030531
400,1.0,0.8,1,32,posthoc_web,y,bias2,1.2173557,n=400_bz=1.0_cv1=0.8_p=1_q=32_20251025-030531
400,1.0,0.8,1,32,posthoc_web,y,var,0.016575947,n=400_bz=1.0_cv1=0.8_p=1_q=32_20251025-030531
400,1.0,0.8,1,32,posthoc_web,fx,mspe,0.036944862,n=400_bz=1.0_cv1=0.8_p=1_q=32_20251025-030531
400,1.0,0.8,1,32,posthoc_web,fx,bias2,0.026700323,n=400_bz=1.0_cv1=0.8_p=1_q=32_20251025-030531
400,1.0,0.8,1,32,posthoc_web,fx,var,0.010244539,n=400_bz=1.0_cv1=0.8_p=1_q=32_20251025-030531
400,1.0,0.8,1,32,posthoc_web,fz,mspe,0.07795459,n=400_bz=1.0_cv1=0.8_p=1_q=32_20251025-030531
400,1.0,0.8,1,32,posthoc_web,fz,bias2,0.07795459,n=400_bz=1.0_cv1=0.8_p=1_q=32_20251025-030531
400,1.0,0.8,1,32,posthoc_web,fz,var,0.0,n=400_bz=1.0_cv1=0.8_p=1_q=32_20251025-030531
400,1.0,0.8,1,32,posthoc_web,fr,mspe,0.015468411,n=400_bz=1.0_cv1=0.8_p=1_q=32_20251025-030531
400,1.0,0.8,1,32,posthoc_web,fr,bias2,0.0052238726,n=400_bz=1.0_cv1=0.8_p=1_q=32_20251025-030531
400,1.0,0.8,1,32,posthoc_web,fr,var,0.010244539,n=400_bz=1.0_cv1=0.8_p=1_q=32_20251025-030531
400,1.0,0.8,1,4,base,y,mspe,1.0356687,n=400_bz=1.0_cv1=0.8_p=1_q=4_20251025-025611
400,1.0,0.8,1,4,base,y,bias2,1.0185018,n=400_bz=1.0_cv1=0.8_p=1_q=4_20251025-025611
400,1.0,0.8,1,4,base,y,var,0.017166927,n=400_bz=1.0_cv1=0.8_p=1_q=4_20251025-025611
400,1.0,0.8,1,4,base,fx,mspe,0.07522102,n=400_bz=1.0_cv1=0.8_p=1_q=4_20251025-025611
400,1.0,0.8,1,4,base,fx,bias2,0.061338253,n=400_bz=1.0_cv1=0.8_p=1_q=4_20251025-025611
400,1.0,0.8,1,4,base,fx,var,0.013882761,n=400_bz=1.0_cv1=0.8_p=1_q=4_20251025-025611
400,1.0,0.8,1,4,base,fz,mspe,0.07795459,n=400_bz=1.0_cv1=0.8_p=1_q=4_20251025-025611
400,1.0,0.8,1,4,base,fz,bias2,0.07795459,n=400_bz=1.0_cv1=0.8_p=1_q=4_20251025-025611
400,1.0,0.8,1,4,base,fz,var,0.0,n=400_bz=1.0_cv1=0.8_p=1_q=4_20251025-025611
400,1.0,0.8,1,4,base,fr,mspe,0.1607796,n=400_bz=1.0_cv1=0.8_p=1_q=4_20251025-025611
400,1.0,0.8,1,4,base,fr,bias2,0.14689682,n=400_bz=1.0_cv1=0.8_p=1_q=4_20251025-025611
400,1.0,0.8,1,4,base,fr,var,0.013882761,n=400_bz=1.0_cv1=0.8_p=1_q=4_20251025-025611
400,1.0,0.8,1,4,posthoc,y,mspe,1.0338426,n=400_bz=1.0_cv1=0.8_p=1_q=4_20251025-025611
400,1.0,0.8,1,4,posthoc,y,bias2,1.0123107,n=400_bz=1.0_cv1=0.8_p=1_q=4_20251025-025611
400,1.0,0.8,1,4,posthoc,y,var,0.021531781,n=400_bz=1.0_cv1=0.8_p=1_q=4_20251025-025611
400,1.0,0.8,1,4,posthoc,fx,mspe,0.0678334,n=400_bz=1.0_cv1=0.8_p=1_q=4_20251025-025611
400,1.0,0.8,1,4,posthoc,fx,bias2,0.03793485,n=400_bz=1.0_cv1=0.8_p=1_q=4_20251025-025611
400,1.0,0.8,1,4,posthoc,fx,var,0.029898547,n=400_bz=1.0_cv1=0.8_p=1_q=4_20251025-025611
400,1.0,0.8,1,4,posthoc,fz,mspe,0.05618331,n=400_bz=1.0_cv1=0.8_p=1_q=4_20251025-025611
400,1.0,0.8,1,4,posthoc,fz,bias2,0.03603666,n=400_bz=1.0_cv1=0.8_p=1_q=4_20251025-025611
400,1.0,0.8,1,4,posthoc,fz,var,0.02014665,n=400_bz=1.0_cv1=0.8_p=1_q=4_20251025-025611
400,1.0,0.8,1,4,posthoc,fr,mspe,0.13879588,n=400_bz=1.0_cv1=0.8_p=1_q=4_20251025-025611
400,1.0,0.8,1,4,posthoc,fr,bias2,0.10889734,n=400_bz=1.0_cv1=0.8_p=1_q=4_20251025-025611
400,1.0,0.8,1,4,posthoc,fr,var,0.029898547,n=400_bz=1.0_cv1=0.8_p=1_q=4_20251025-025611
400,1.0,0.8,1,4,posthoc_orth,y,mspe,1.033891,n=400_bz=1.0_cv1=0.8_p=1_q=4_20251025-025611
400,1.0,0.8,1,4,posthoc_orth,y,bias2,1.0123316,n=400_bz=1.0_cv1=0.8_p=1_q=4_20251025-025611
400,1.0,0.8,1,4,posthoc_orth,y,var,0.021559464,n=400_bz=1.0_cv1=0.8_p=1_q=4_20251025-025611
400,1.0,0.8,1,4,posthoc_orth,fx,mspe,0.0373455,n=400_bz=1.0_cv1=0.8_p=1_q=4_20251025-025611
400,1.0,0.8,1,4,posthoc_orth,fx,bias2,0.025097454,n=400_bz=1.0_cv1=0.8_p=1_q=4_20251025-025611
400,1.0,0.8,1,4,posthoc_orth,fx,var,0.012248046,n=400_bz=1.0_cv1=0.8_p=1_q=4_20251025-025611
400,1.0,0.8,1,4,posthoc_orth,fz,mspe,0.02614884,n=400_bz=1.0_cv1=0.8_p=1_q=4_20251025-025611
400,1.0,0.8,1,4,posthoc_orth,fz,bias2,0.019601269,n=400_bz=1.0_cv1=0.8_p=1_q=4_20251025-025611
400,1.0,0.8,1,4,posthoc_orth,fz,var,0.006547574,n=400_bz=1.0_cv1=0.8_p=1_q=4_20251025-025611
400,1.0,0.8,1,4,posthoc_orth,fr,mspe,0.016198222,n=400_bz=1.0_cv1=0.8_p=1_q=4_20251025-025611
400,1.0,0.8,1,4,posthoc_orth,fr,bias2,0.003950176,n=400_bz=1.0_cv1=0.8_p=1_q=4_20251025-025611
400,1.0,0.8,1,4,posthoc_orth,fr,var,0.012248046,n=400_bz=1.0_cv1=0.8_p=1_q=4_20251025-025611
400,1.0,0.8,1,4,posthoc_web,y,mspe,1.2325822,n=400_bz=1.0_cv1=0.8_p=1_q=4_20251025-025611
400,1.0,0.8,1,4,posthoc_web,y,bias2,1.2173363,n=400_bz=1.0_cv1=0.8_p=1_q=4_20251025-025611
400,1.0,0.8,1,4,posthoc_web,y,var,0.01524606,n=400_bz=1.0_cv1=0.8_p=1_q=4_20251025-025611
400,1.0,0.8,1,4,posthoc_web,fx,mspe,0.03577561,n=400_bz=1.0_cv1=0.8_p=1_q=4_20251025-025611
400,1.0,0.8,1,4,posthoc_web,fx,bias2,0.026841216,n=400_bz=1.0_cv1=0.8_p=1_q=4_20251025-025611
400,1.0,0.8,1,4,posthoc_web,fx,var,0.00893439,n=400_bz=1.0_cv1=0.8_p=1_q=4_20251025-025611
400,1.0,0.8,1,4,posthoc_web,fz,mspe,0.07795459,n=400_bz=1.0_cv1=0.8_p=1_q=4_20251025-025611
400,1.0,0.8,1,4,posthoc_web,fz,bias2,0.07795459,n=400_bz=1.0_cv1=0.8_p=1_q=4_20251025-025611
400,1.0,0.8,1,4,posthoc_web,fz,var,0.0,n=400_bz=1.0_cv1=0.8_p=1_q=4_20251025-025611
400,1.0,0.8,1,4,posthoc_web,fr,mspe,0.014307751,n=400_bz=1.0_cv1=0.8_p=1_q=4_20251025-025611
400,1.0,0.8,1,4,posthoc_web,fr,bias2,0.005373361,n=400_bz=1.0_cv1=0.8_p=1_q=4_20251025-025611
400,1.0,0.8,1,4,posthoc_web,fr,var,0.00893439,n=400_bz=1.0_cv1=0.8_p=1_q=4_20251025-025611
400,1.0,0.8,1,512,base,y,mspe,1.0385739,n=400_bz=1.0_cv1=0.8_p=1_q=512_20251025-031937
400,1.0,0.8,1,512,base,y,bias2,1.0182534,n=400_bz=1.0_cv1=0.8_p=1_q=512_20251025-031937
400,1.0,0.8,1,512,base,y,var,0.020320447,n=400_bz=1.0_cv1=0.8_p=1_q=512_20251025-031937
400,1.0,0.8,1,512,base,fx,mspe,0.08055204,n=400_bz=1.0_cv1=0.8_p=1_q=512_20251025-031937
400,1.0,0.8,1,512,base,fx,bias2,0.063311346,n=400_bz=1.0_cv1=0.8_p=1_q=512_20251025-031937
400,1.0,0.8,1,512,base,fx,var,0.017240696,n=400_bz=1.0_cv1=0.8_p=1_q=512_20251025-031937
400,1.0,0.8,1,512,base,fz,mspe,0.07795459,n=400_bz=1.0_cv1=0.8_p=1_q=512_20251025-031937
400,1.0,0.8,1,512,base,fz,bias2,0.07795459,n=400_bz=1.0_cv1=0.8_p=1_q=512_20251025-031937
400,1.0,0.8,1,512,base,fz,var,0.0,n=400_bz=1.0_cv1=0.8_p=1_q=512_20251025-031937
400,1.0,0.8,1,512,base,fr,mspe,0.16741724,n=400_bz=1.0_cv1=0.8_p=1_q=512_20251025-031937
400,1.0,0.8,1,512,base,fr,bias2,0.15017654,n=400_bz=1.0_cv1=0.8_p=1_q=512_20251025-031937
400,1.0,0.8,1,512,base,fr,var,0.017240696,n=400_bz=1.0_cv1=0.8_p=1_q=512_20251025-031937
400,1.0,0.8,1,512,posthoc,y,mspe,1.0590942,n=400_bz=1.0_cv1=0.8_p=1_q=512_20251025-031937
400,1.0,0.8,1,512,posthoc,y,bias2,1.0406929,n=400_bz=1.0_cv1=0.8_p=1_q=512_20251025-031937
400,1.0,0.8,1,512,posthoc,y,var,0.01840126,n=400_bz=1.0_cv1=0.8_p=1_q=512_20251025-031937
400,1.0,0.8,1,512,posthoc,fx,mspe,0.036246605,n=400_bz=1.0_cv1=0.8_p=1_q=512_20251025-031937
400,1.0,0.8,1,512,posthoc,fx,bias2,0.022191558,n=400_bz=1.0_cv1=0.8_p=1_q=512_20251025-031937
400,1.0,0.8,1,512,posthoc,fx,var,0.014055047,n=400_bz=1.0_cv1=0.8_p=1_q=512_20251025-031937
400,1.0,0.8,1,512,posthoc,fz,mspe,0.053152088,n=400_bz=1.0_cv1=0.8_p=1_q=512_20251025-031937
400,1.0,0.8,1,512,posthoc,fz,bias2,0.052435514,n=400_bz=1.0_cv1=0.8_p=1_q=512_20251025-031937
400,1.0,0.8,1,512,posthoc,fz,var,0.00071657496,n=400_bz=1.0_cv1=0.8_p=1_q=512_20251025-031937
400,1.0,0.8,1,512,posthoc,fr,mspe,0.08006927,n=400_bz=1.0_cv1=0.8_p=1_q=512_20251025-031937
400,1.0,0.8,1,512,posthoc,fr,bias2,0.06601422,n=400_bz=1.0_cv1=0.8_p=1_q=512_20251025-031937
400,1.0,0.8,1,512,posthoc,fr,var,0.014055047,n=400_bz=1.0_cv1=0.8_p=1_q=512_20251025-031937
400,1.0,0.8,1,512,posthoc_orth,y,mspe,1.05789,n=400_bz=1.0_cv1=0.8_p=1_q=512_20251025-031937
400,1.0,0.8,1,512,posthoc_orth,y,bias2,1.0389041,n=400_bz=1.0_cv1=0.8_p=1_q=512_20251025-031937
400,1.0,0.8,1,512,posthoc_orth,y,var,0.018986108,n=400_bz=1.0_cv1=0.8_p=1_q=512_20251025-031937
400,1.0,0.8,1,512,posthoc_orth,fx,mspe,0.04298216,n=400_bz=1.0_cv1=0.8_p=1_q=512_20251025-031937
400,1.0,0.8,1,512,posthoc_orth,fx,bias2,0.034359943,n=400_bz=1.0_cv1=0.8_p=1_q=512_20251025-031937
400,1.0,0.8,1,512,posthoc_orth,fx,var,0.00862222,n=400_bz=1.0_cv1=0.8_p=1_q=512_20251025-031937
400,1.0,0.8,1,512,posthoc_orth,fz,mspe,0.0066363434,n=400_bz=1.0_cv1=0.8_p=1_q=512_20251025-031937
400,1.0,0.8,1,512,posthoc_orth,fz,bias2,3.4243014e-05,n=400_bz=1.0_cv1=0.8_p=1_q=512_20251025-031937
400,1.0,0.8,1,512,posthoc_orth,fz,var,0.0066021006,n=400_bz=1.0_cv1=0.8_p=1_q=512_20251025-031937
400,1.0,0.8,1,512,posthoc_orth,fr,mspe,0.022948053,n=400_bz=1.0_cv1=0.8_p=1_q=512_20251025-031937
400,1.0,0.8,1,512,posthoc_orth,fr,bias2,0.014325833,n=400_bz=1.0_cv1=0.8_p=1_q=512_20251025-031937
400,1.0,0.8,1,512,posthoc_orth,fr,var,0.00862222,n=400_bz=1.0_cv1=0.8_p=1_q=512_20251025-031937
400,1.0,0.8,1,512,posthoc_web,y,mspe,1.2357957,n=400_bz=1.0_cv1=0.8_p=1_q=512_20251025-031937
400,1.0,0.8,1,512,posthoc_web,y,bias2,1.2177471,n=400_bz=1.0_cv1=0.8_p=1_q=512_20251025-031937
400,1.0,0.8,1,512,posthoc_web,y,var,0.018048596,n=400_bz=1.0_cv1=0.8_p=1_q=512_20251025-031937
400,1.0,0.8,1,512,posthoc_web,fx,mspe,0.03835664,n=400_bz=1.0_cv1=0.8_p=1_q=512_20251025-031937
400,1.0,0.8,1,512,posthoc_web,fx,bias2,0.026597392,n=400_bz=1.0_cv1=0.8_p=1_q=512_20251025-031937
400,1.0,0.8,1,512,posthoc_web,fx,var,0.011759249,n=400_bz=1.0_cv1=0.8_p=1_q=512_20251025-031937
400,1.0,0.8,1,512,posthoc_web,fz,mspe,0.07795459,n=400_bz=1.0_cv1=0.8_p=1_q=512_20251025-031937
400,1.0,0.8,1,512,posthoc_web,fz,bias2,0.07795459,n=400_bz=1.0_cv1=0.8_p=1_q=512_20251025-031937
400,1.0,0.8,1,512,posthoc_web,fz,var,0.0,n=400_bz=1.0_cv1=0.8_p=1_q=512_20251025-031937
400,1.0,0.8,1,512,posthoc_web,fr,mspe,0.016875757,n=400_bz=1.0_cv1=0.8_p=1_q=512_20251025-031937
400,1.0,0.8,1,512,posthoc_web,fr,bias2,0.005116508,n=400_bz=1.0_cv1=0.8_p=1_q=512_20251025-031937
400,1.0,0.8,1,512,posthoc_web,fr,var,0.011759249,n=400_bz=1.0_cv1=0.8_p=1_q=512_20251025-031937
400,1.0,0.8,1,64,base,y,mspe,1.0377375,n=400_bz=1.0_cv1=0.8_p=1_q=64_20251025-030833
400,1.0,0.8,1,64,base,y,bias2,1.01905,n=400_bz=1.0_cv1=0.8_p=1_q=64_20251025-030833
400,1.0,0.8,1,64,base,y,var,0.018687522,n=400_bz=1.0_cv1=0.8_p=1_q=64_20251025-030833
400,1.0,0.8,1,64,base,fx,mspe,0.073866576,n=400_bz=1.0_cv1=0.8_p=1_q=64_20251025-030833
400,1.0,0.8,1,64,base,fx,bias2,0.05845921,n=400_bz=1.0_cv1=0.8_p=1_q=64_20251025-030833
400,1.0,0.8,1,64,base,fx,var,0.015407373,n=400_bz=1.0_cv1=0.8_p=1_q=64_20251025-030833
400,1.0,0.8,1,64,base,fz,mspe,0.07795459,n=400_bz=1.0_cv1=0.8_p=1_q=64_20251025-030833
400,1.0,0.8,1,64,base,fz,bias2,0.07795459,n=400_bz=1.0_cv1=0.8_p=1_q=64_20251025-030833
400,1.0,0.8,1,64,base,fz,var,0.0,n=400_bz=1.0_cv1=0.8_p=1_q=64_20251025-030833
400,1.0,0.8,1,64,base,fr,mspe,0.15782665,n=400_bz=1.0_cv1=0.8_p=1_q=64_20251025-030833
400,1.0,0.8,1,64,base,fr,bias2,0.14241928,n=400_bz=1.0_cv1=0.8_p=1_q=64_20251025-030833
400,1.0,0.8,1,64,base,fr,var,0.015407373,n=400_bz=1.0_cv1=0.8_p=1_q=64_20251025-030833
400,1.0,0.8,1,64,posthoc,y,mspe,1.0338186,n=400_bz=1.0_cv1=0.8_p=1_q=64_20251025-030833
400,1.0,0.8,1,64,posthoc,y,bias2,1.011568,n=400_bz=1.0_cv1=0.8_p=1_q=64_20251025-030833
400,1.0,0.8,1,64,posthoc,y,var,0.022250555,n=400_bz=1.0_cv1=0.8_p=1_q=64_20251025-030833
400,1.0,0.8,1,64,posthoc,fx,mspe,0.06356246,n=400_bz=1.0_cv1=0.8_p=1_q=64_20251025-030833
400,1.0,0.8,1,64,posthoc,fx,bias2,0.026115352,n=400_bz=1.0_cv1=0.8_p=1_q=64_20251025-030833
400,1.0,0.8,1,64,posthoc,fx,var,0.037447106,n=400_bz=1.0_cv1=0.8_p=1_q=64_20251025-030833
400,1.0,0.8,1,64,posthoc,fz,mspe,0.056625914,n=400_bz=1.0_cv1=0.8_p=1_q=64_20251025-030833
400,1.0,0.8,1,64,posthoc,fz,bias2,0.029829469,n=400_bz=1.0_cv1=0.8_p=1_q=64_20251025-030833
400,1.0,0.8,1,64,posthoc,fz,var,0.026796447,n=400_bz=1.0_cv1=0.8_p=1_q=64_20251025-030833
400,1.0,0.8,1,64,posthoc,fr,mspe,0.12477737,n=400_bz=1.0_cv1=0.8_p=1_q=64_20251025-030833
400,1.0,0.8,1,64,posthoc,fr,bias2,0.08733027,n=400_bz=1.0_cv1=0.8_p=1_q=64_20251025-030833
400,1.0,0.8,1,64,posthoc,fr,var,0.037447106,n=400_bz=1.0_cv1=0.8_p=1_q=64_20251025-030833
400,1.0,0.8,1,64,posthoc_orth,y,mspe,1.0336771,n=400_bz=1.0_cv1=0.8_p=1_q=64_20251025-030833
400,1.0,0.8,1,64,posthoc_orth,y,bias2,1.0114413,n=400_bz=1.0_cv1=0.8_p=1_q=64_20251025-030833
400,1.0,0.8,1,64,posthoc_orth,y,var,0.022235893,n=400_bz=1.0_cv1=0.8_p=1_q=64_20251025-030833
400,1.0,0.8,1,64,posthoc_orth,fx,mspe,0.038130194,n=400_bz=1.0_cv1=0.8_p=1_q=64_20251025-030833
400,1.0,0.8,1,64,posthoc_orth,fx,bias2,0.02498259,n=400_bz=1.0_cv1=0.8_p=1_q=64_20251025-030833
400,1.0,0.8,1,64,posthoc_orth,fx,var,0.013147605,n=400_bz=1.0_cv1=0.8_p=1_q=64_20251025-030833
400,1.0,0.8,1,64,posthoc_orth,fz,mspe,0.021172836,n=400_bz=1.0_cv1=0.8_p=1_q=64_20251025-030833
400,1.0,0.8,1,64,posthoc_orth,fz,bias2,0.01497795,n=400_bz=1.0_cv1=0.8_p=1_q=64_20251025-030833
400,1.0,0.8,1,64,posthoc_orth,fz,var,0.006194886,n=400_bz=1.0_cv1=0.8_p=1_q=64_20251025-030833
400,1.0,0.8,1,64,posthoc_orth,fr,mspe,0.016965598,n=400_bz=1.0_cv1=0.8_p=1_q=64_20251025-030833
400,1.0,0.8,1,64,posthoc_orth,fr,bias2,0.0038179928,n=400_bz=1.0_cv1=0.8_p=1_q=64_20251025-030833
400,1.0,0.8,1,64,posthoc_orth,fr,var,0.013147605,n=400_bz=1.0_cv1=0.8_p=1_q=64_20251025-030833
400,1.0,0.8,1,64,posthoc_web,y,mspe,1.2337953,n=400_bz=1.0_cv1=0.8_p=1_q=64_20251025-030833
400,1.0,0.8,1,64,posthoc_web,y,bias2,1.2168573,n=400_bz=1.0_cv1=0.8_p=1_q=64_20251025-030833
400,1.0,0.8,1,64,posthoc_web,y,var,0.016938057,n=400_bz=1.0_cv1=0.8_p=1_q=64_20251025-030833
400,1.0,0.8,1,64,posthoc_web,fx,mspe,0.037190605,n=400_bz=1.0_cv1=0.8_p=1_q=64_20251025-030833
400,1.0,0.8,1,64,posthoc_web,fx,bias2,0.026573123,n=400_bz=1.0_cv1=0.8_p=1_q=64_20251025-030833
400,1.0,0.8,1,64,posthoc_web,fx,var,0.010617481,n=400_bz=1.0_cv1=0.8_p=1_q=64_20251025-030833
400,1.0,0.8,1,64,posthoc_web,fz,mspe,0.07795459,n=400_bz=1.0_cv1=0.8_p=1_q=64_20251025-030833
400,1.0,0.8,1,64,posthoc_web,fz,bias2,0.07795459,n=400_bz=1.0_cv1=0.8_p=1_q=64_20251025-030833
400,1.0,0.8,1,64,posthoc_web,fz,var,0.0,n=400_bz=1.0_cv1=0.8_p=1_q=64_20251025-030833
400,1.0,0.8,1,64,posthoc_web,fr,mspe,0.015792053,n=400_bz=1.0_cv1=0.8_p=1_q=64_20251025-030833
400,1.0,0.8,1,64,posthoc_web,fr,bias2,0.005174571,n=400_bz=1.0_cv1=0.8_p=1_q=64_20251025-030833
400,1.0,0.8,1,64,posthoc_web,fr,var,0.010617481,n=400_bz=1.0_cv1=0.8_p=1_q=64_20251025-030833
400,1.0,0.8,1,8,base,y,mspe,1.0362129,n=400_bz=1.0_cv1=0.8_p=1_q=8_20251025-025928
400,1.0,0.8,1,8,base,y,bias2,1.0183449,n=400_bz=1.0_cv1=0.8_p=1_q=8_20251025-025928
400,1.0,0.8,1,8,base,y,var,0.017867992,n=400_bz=1.0_cv1=0.8_p=1_q=8_20251025-025928
400,1.0,0.8,1,8,base,fx,mspe,0.07748678,n=400_bz=1.0_cv1=0.8_p=1_q=8_20251025-025928
400,1.0,0.8,1,8,base,fx,bias2,0.06286077,n=400_bz=1.0_cv1=0.8_p=1_q=8_20251025-025928
400,1.0,0.8,1,8,base,fx,var,0.014626013,n=400_bz=1.0_cv1=0.8_p=1_q=8_20251025-025928
400,1.0,0.8,1,8,base,fz,mspe,0.07795459,n=400_bz=1.0_cv1=0.8_p=1_q=8_20251025-025928
400,1.0,0.8,1,8,base,fz,bias2,0.07795459,n=400_bz=1.0_cv1=0.8_p=1_q=8_20251025-025928
400,1.0,0.8,1,8,base,fz,var,0.0,n=400_bz=1.0_cv1=0.8_p=1_q=8_20251025-025928
400,1.0,0.8,1,8,base,fr,mspe,0.16390787,n=400_bz=1.0_cv1=0.8_p=1_q=8_20251025-025928
400,1.0,0.8,1,8,base,fr,bias2,0.14928186,n=400_bz=1.0_cv1=0.8_p=1_q=8_20251025-025928
400,1.0,0.8,1,8,base,fr,var,0.014626013,n=400_bz=1.0_cv1=0.8_p=1_q=8_20251025-025928
400,1.0,0.8,1,8,posthoc,y,mspe,1.0346,n=400_bz=1.0_cv1=0.8_p=1_q=8_20251025-025928
400,1.0,0.8,1,8,posthoc,y,bias2,1.011987,n=400_bz=1.0_cv1=0.8_p=1_q=8_20251025-025928
400,1.0,0.8,1,8,posthoc,y,var,0.022612978,n=400_bz=1.0_cv1=0.8_p=1_q=8_20251025-025928
400,1.0,0.8,1,8,posthoc,fx,mspe,0.07027242,n=400_bz=1.0_cv1=0.8_p=1_q=8_20251025-025928
400,1.0,0.8,1,8,posthoc,fx,bias2,0.035134837,n=400_bz=1.0_cv1=0.8_p=1_q=8_20251025-025928
400,1.0,0.8,1,8,posthoc,fx,var,0.035137586,n=400_bz=1.0_cv1=0.8_p=1_q=8_20251025-025928
400,1.0,0.8,1,8,posthoc,fz,mspe,0.059081566,n=400_bz=1.0_cv1=0.8_p=1_q=8_20251025-025928
400,1.0,0.8,1,8,posthoc,fz,bias2,0.033796836,n=400_bz=1.0_cv1=0.8_p=1_q=8_20251025-025928
400,1.0,0.8,1,8,posthoc,fz,var,0.02528473,n=400_bz=1.0_cv1=0.8_p=1_q=8_20251025-025928
400,1.0,0.8,1,8,posthoc,fr,mspe,0.13931677,n=400_bz=1.0_cv1=0.8_p=1_q=8_20251025-025928
400,1.0,0.8,1,8,posthoc,fr,bias2,0.10417917,n=400_bz=1.0_cv1=0.8_p=1_q=8_20251025-025928
400,1.0,0.8,1,8,posthoc,fr,var,0.035137586,n=400_bz=1.0_cv1=0.8_p=1_q=8_20251025-025928
400,1.0,0.8,1,8,posthoc_orth,y,mspe,1.0343534,n=400_bz=1.0_cv1=0.8_p=1_q=8_20251025-025928
400,1.0,0.8,1,8,posthoc_orth,y,bias2,1.0117087,n=400_bz=1.0_cv1=0.8_p=1_q=8_20251025-025928
400,1.0,0.8,1,8,posthoc_orth,y,var,0.022644654,n=400_bz=1.0_cv1=0.8_p=1_q=8_20251025-025928
400,1.0,0.8,1,8,posthoc_orth,fx,mspe,0.037905455,n=400_bz=1.0_cv1=0.8_p=1_q=8_20251025-025928
400,1.0,0.8,1,8,posthoc_orth,fx,bias2,0.024647288,n=400_bz=1.0_cv1=0.8_p=1_q=8_20251025-025928
400,1.0,0.8,1,8,posthoc_orth,fx,var,0.013258167,n=400_bz=1.0_cv1=0.8_p=1_q=8_20251025-025928
400,1.0,0.8,1,8,posthoc_orth,fz,mspe,0.026057782,n=400_bz=1.0_cv1=0.8_p=1_q=8_20251025-025928
400,1.0,0.8,1,8,posthoc_orth,fz,bias2,0.019518482,n=400_bz=1.0_cv1=0.8_p=1_q=8_20251025-025928
400,1.0,0.8,1,8,posthoc_orth,fz,var,0.006539303,n=400_bz=1.0_cv1=0.8_p=1_q=8_20251025-025928
400,1.0,0.8,1,8,posthoc_orth,fr,mspe,0.016823525,n=400_bz=1.0_cv1=0.8_p=1_q=8_20251025-025928
400,1.0,0.8,1,8,posthoc_orth,fr,bias2,0.0035653594,n=400_bz=1.0_cv1=0.8_p=1_q=8_20251025-025928
400,1.0,0.8,1,8,posthoc_orth,fr,var,0.013258167,n=400_bz=1.0_cv1=0.8_p=1_q=8_20251025-025928
400,1.0,0.8,1,8,posthoc_web,y,mspe,1.2334689,n=400_bz=1.0_cv1=0.8_p=1_q=8_20251025-025928
400,1.0,0.8,1,8,posthoc_web,y,bias2,1.2172719,n=400_bz=1.0_cv1=0.8_p=1_q=8_20251025-025928
400,1.0,0.8,1,8,posthoc_web,y,var,0.016197018,n=400_bz=1.0_cv1=0.8_p=1_q=8_20251025-025928
400,1.0,0.8,1,8,posthoc_web,fx,mspe,0.036639314,n=400_bz=1.0_cv1=0.8_p=1_q=8_20251025-025928
400,1.0,0.8,1,8,posthoc_web,fx,bias2,0.026791777,n=400_bz=1.0_cv1=0.8_p=1_q=8_20251025-025928
400,1.0,0.8,1,8,posthoc_web,fx,var,0.009847536,n=400_bz=1.0_cv1=0.8_p=1_q=8_20251025-025928
400,1.0,0.8,1,8,posthoc_web,fz,mspe,0.07795459,n=400_bz=1.0_cv1=0.8_p=1_q=8_20251025-025928
400,1.0,0.8,1,8,posthoc_web,fz,bias2,0.07795459,n=400_bz=1.0_cv1=0.8_p=1_q=8_20251025-025928
400,1.0,0.8,1,8,posthoc_web,fz,var,0.0,n=400_bz=1.0_cv1=0.8_p=1_q=8_20251025-025928
400,1.0,0.8,1,8,posthoc_web,fr,mspe,0.0152700255,n=400_bz=1.0_cv1=0.8_p=1_q=8_20251025-025928
400,1.0,0.8,1,8,posthoc_web,fr,bias2,0.00542249,n=400_bz=1.0_cv1=0.8_p=1_q=8_20251025-025928
400,1.0,0.8,1,8,posthoc_web,fr,var,0.009847536,n=400_bz=1.0_cv1=0.8_p=1_q=8_20251025-025928
6400,1.0,0.8,1,1024,base,y,mspe,1.018543,n=6400_bz=1.0_cv1=0.8_p=1_q=1024_20251025-065906
6400,1.0,0.8,1,1024,base,y,bias2,1.0167202,n=6400_bz=1.0_cv1=0.8_p=1_q=1024_20251025-065906
6400,1.0,0.8,1,1024,base,y,var,0.0018226904,n=6400_bz=1.0_cv1=0.8_p=1_q=1024_20251025-065906
6400,1.0,0.8,1,1024,base,fx,mspe,0.07443727,n=6400_bz=1.0_cv1=0.8_p=1_q=1024_20251025-065906
6400,1.0,0.8,1,1024,base,fx,bias2,0.072937466,n=6400_bz=1.0_cv1=0.8_p=1_q=1024_20251025-065906
6400,1.0,0.8,1,1024,base,fx,var,0.0014997942,n=6400_bz=1.0_cv1=0.8_p=1_q=1024_20251025-065906
6400,1.0,0.8,1,1024,base,fz,mspe,0.07795459,n=6400_bz=1.0_cv1=0.8_p=1_q=1024_20251025-065906
6400,1.0,0.8,1,1024,base,fz,bias2,0.07795459,n=6400_bz=1.0_cv1=0.8_p=1_q=1024_20251025-065906
6400,1.0,0.8,1,1024,base,fz,var,0.0,n=6400_bz=1.0_cv1=0.8_p=1_q=1024_20251025-065906
6400,1.0,0.8,1,1024,base,fr,mspe,0.16700083,n=6400_bz=1.0_cv1=0.8_p=1_q=1024_20251025-065906
6400,1.0,0.8,1,1024,base,fr,bias2,0.16550103,n=6400_bz=1.0_cv1=0.8_p=1_q=1024_20251025-065906
6400,1.0,0.8,1,1024,base,fr,var,0.0014997942,n=6400_bz=1.0_cv1=0.8_p=1_q=1024_20251025-065906
6400,1.0,0.8,1,1024,posthoc,y,mspe,1.00769,n=6400_bz=1.0_cv1=0.8_p=1_q=1024_20251025-065906
6400,1.0,0.8,1,1024,posthoc,y,bias2,1.0043309,n=6400_bz=1.0_cv1=0.8_p=1_q=1024_20251025-065906
6400,1.0,0.8,1,1024,posthoc,y,var,0.0033590978,n=6400_bz=1.0_cv1=0.8_p=1_q=1024_20251025-065906
6400,1.0,0.8,1,1024,posthoc,fx,mspe,0.014327441,n=6400_bz=1.0_cv1=0.8_p=1_q=1024_20251025-065906
6400,1.0,0.8,1,1024,posthoc,fx,bias2,0.0015048665,n=6400_bz=1.0_cv1=0.8_p=1_q=1024_20251025-065906
6400,1.0,0.8,1,1024,posthoc,fx,var,0.012822575,n=6400_bz=1.0_cv1=0.8_p=1_q=1024_20251025-065906
6400,1.0,0.8,1,1024,posthoc,fz,mspe,0.012890727,n=6400_bz=1.0_cv1=0.8_p=1_q=1024_20251025-065906
6400,1.0,0.8,1,1024,posthoc,fz,bias2,0.0014630844,n=6400_bz=1.0_cv1=0.8_p=1_q=1024_20251025-065906
6400,1.0,0.8,1,1024,posthoc,fz,var,0.011427643,n=6400_bz=1.0_cv1=0.8_p=1_q=1024_20251025-065906
6400,1.0,0.8,1,1024,posthoc,fr,mspe,0.044003997,n=6400_bz=1.0_cv1=0.8_p=1_q=1024_20251025-065906
6400,1.0,0.8,1,1024,posthoc,fr,bias2,0.031181421,n=6400_bz=1.0_cv1=0.8_p=1_q=1024_20251025-065906
6400,1.0,0.8,1,1024,posthoc,fr,var,0.012822575,n=6400_bz=1.0_cv1=0.8_p=1_q=1024_20251025-065906
6400,1.0,0.8,1,1024,posthoc_orth,y,mspe,1.0079284,n=6400_bz=1.0_cv1=0.8_p=1_q=1024_20251025-065906
6400,1.0,0.8,1,1024,posthoc_orth,y,bias2,1.0045676,n=6400_bz=1.0_cv1=0.8_p=1_q=1024_20251025-065906
6400,1.0,0.8,1,1024,posthoc_orth,y,var,0.0033608396,n=6400_bz=1.0_cv1=0.8_p=1_q=1024_20251025-065906
6400,1.0,0.8,1,1024,posthoc_orth,fx,mspe,0.022388225,n=6400_bz=1.0_cv1=0.8_p=1_q=1024_20251025-065906
6400,1.0,0.8,1,1024,posthoc_orth,fx,bias2,0.019678587,n=6400_bz=1.0_cv1=0.8_p=1_q=1024_20251025-065906
6400,1.0,0.8,1,1024,posthoc_orth,fx,var,0.0027096374,n=6400_bz=1.0_cv1=0.8_p=1_q=1024_20251025-065906
6400,1.0,0.8,1,1024,posthoc_orth,fz,mspe,0.019280016,n=6400_bz=1.0_cv1=0.8_p=1_q=1024_20251025-065906
6400,1.0,0.8,1,1024,posthoc_orth,fz,bias2,0.018891366,n=6400_bz=1.0_cv1=0.8_p=1_q=1024_20251025-065906
6400,1.0,0.8,1,1024,posthoc_orth,fz,var,0.00038864953,n=6400_bz=1.0_cv1=0.8_p=1_q=1024_20251025-065906
6400,1.0,0.8,1,1024,posthoc_orth,fr,mspe,0.0029180658,n=6400_bz=1.0_cv1=0.8_p=1_q=1024_20251025-065906
6400,1.0,0.8,1,1024,posthoc_orth,fr,bias2,0.00020842825,n=6400_bz=1.0_cv1=0.8_p=1_q=1024_20251025-065906
6400,1.0,0.8,1,1024,posthoc_orth,fr,var,0.0027096374,n=6400_bz=1.0_cv1=0.8_p=1_q=1024_20251025-065906
6400,1.0,0.8,1,1024,posthoc_web,y,mspe,1.2144855,n=6400_bz=1.0_cv1=0.8_p=1_q=1024_20251025-065906
6400,1.0,0.8,1,1024,posthoc_web,y,bias2,1.2128108,n=6400_bz=1.0_cv1=0.8_p=1_q=1024_20251025-065906
6400,1.0,0.8,1,1024,posthoc_web,y,var,0.0016748627,n=6400_bz=1.0_cv1=0.8_p=1_q=1024_20251025-065906
6400,1.0,0.8,1,1024,posthoc_web,fx,mspe,0.025407838,n=6400_bz=1.0_cv1=0.8_p=1_q=1024_20251025-065906
6400,1.0,0.8,1,1024,posthoc_web,fx,bias2,0.024210682,n=6400_bz=1.0_cv1=0.8_p=1_q=1024_20251025-065906
6400,1.0,0.8,1,1024,posthoc_web,fx,var,0.0011971548,n=6400_bz=1.0_cv1=0.8_p=1_q=1024_20251025-065906
6400,1.0,0.8,1,1024,posthoc_web,fz,mspe,0.07795459,n=6400_bz=1.0_cv1=0.8_p=1_q=1024_20251025-065906
6400,1.0,0.8,1,1024,posthoc_web,fz,bias2,0.07795459,n=6400_bz=1.0_cv1=0.8_p=1_q=1024_20251025-065906
6400,1.0,0.8,1,1024,posthoc_web,fz,var,0.0,n=6400_bz=1.0_cv1=0.8_p=1_q=1024_20251025-065906
6400,1.0,0.8,1,1024,posthoc_web,fr,mspe,0.0056300354,n=6400_bz=1.0_cv1=0.8_p=1_q=1024_20251025-065906
6400,1.0,0.8,1,1024,posthoc_web,fr,bias2,0.004432881,n=6400_bz=1.0_cv1=0.8_p=1_q=1024_20251025-065906
6400,1.0,0.8,1,1024,posthoc_web,fr,var,0.0011971548,n=6400_bz=1.0_cv1=0.8_p=1_q=1024_20251025-065906
6400,1.0,0.8,1,128,base,y,mspe,1.0184526,n=6400_bz=1.0_cv1=0.8_p=1_q=128_20251025-060741
6400,1.0,0.8,1,128,base,y,bias2,1.0167913,n=6400_bz=1.0_cv1=0.8_p=1_q=128_20251025-060741
6400,1.0,0.8,1,128,base,y,var,0.0016612236,n=6400_bz=1.0_cv1=0.8_p=1_q=128_20251025-060741
6400,1.0,0.8,1,128,base,fx,mspe,0.074927576,n=6400_bz=1.0_cv1=0.8_p=1_q=128_20251025-060741
6400,1.0,0.8,1,128,base,fx,bias2,0.07359531,n=6400_bz=1.0_cv1=0.8_p=1_q=128_20251025-060741
6400,1.0,0.8,1,128,base,fx,var,0.0013322639,n=6400_bz=1.0_cv1=0.8_p=1_q=128_20251025-060741
6400,1.0,0.8,1,128,base,fz,mspe,0.07795459,n=6400_bz=1.0_cv1=0.8_p=1_q=128_20251025-060741
6400,1.0,0.8,1,128,base,fz,bias2,0.07795459,n=6400_bz=1.0_cv1=0.8_p=1_q=128_20251025-060741
6400,1.0,0.8,1,128,base,fz,var,0.0,n=6400_bz=1.0_cv1=0.8_p=1_q=128_20251025-060741
6400,1.0,0.8,1,128,base,fr,mspe,0.16778708,n=6400_bz=1.0_cv1=0.8_p=1_q=128_20251025-060741
6400,1.0,0.8,1,128,base,fr,bias2,0.1664548,n=6400_bz=1.0_cv1=0.8_p=1_q=128_20251025-060741
6400,1.0,0.8,1,128,base,fr,var,0.0013322639,n=6400_bz=1.0_cv1=0.8_p=1_q=128_20251025-060741
6400,1.0,0.8,1,128,posthoc,y,mspe,1.006134,n=6400_bz=1.0_cv1=0.8_p=1_q=128_20251025-060741
6400,1.0,0.8,1,128,posthoc,y,bias2,1.003386,n=6400_bz=1.0_cv1=0.8_p=1_q=128_20251025-060741
6400,1.0,0.8,1,128,posthoc,y,var,0.002748016,n=6400_bz=1.0_cv1=0.8_p=1_q=128_20251025-060741
6400,1.0,0.8,1,128,posthoc,fx,mspe,0.009664947,n=6400_bz=1.0_cv1=0.8_p=1_q=128_20251025-060741
6400,1.0,0.8,1,128,posthoc,fx,bias2,0.00028290527,n=6400_bz=1.0_cv1=0.8_p=1_q=128_20251025-060741
6400,1.0,0.8,1,128,posthoc,fx,var,0.009382042,n=6400_bz=1.0_cv1=0.8_p=1_q=128_20251025-060741
6400,1.0,0.8,1,128,posthoc,fz,mspe,0.007858912,n=6400_bz=1.0_cv1=0.8_p=1_q=128_20251025-060741
6400,1.0,0.8,1,128,posthoc,fz,bias2,0.00017540484,n=6400_bz=1.0_cv1=0.8_p=1_q=128_20251025-060741
6400,1.0,0.8,1,128,posthoc,fz,var,0.0076835076,n=6400_bz=1.0_cv1=0.8_p=1_q=128_20251025-060741
6400,1.0,0.8,1,128,posthoc,fr,mspe,0.033262096,n=6400_bz=1.0_cv1=0.8_p=1_q=128_20251025-060741
6400,1.0,0.8,1,128,posthoc,fr,bias2,0.023880057,n=6400_bz=1.0_cv1=0.8_p=1_q=128_20251025-060741
6400,1.0,0.8,1,128,posthoc,fr,var,0.009382042,n=6400_bz=1.0_cv1=0.8_p=1_q=128_20251025-060741
6400,1.0,0.8,1,128,posthoc_orth,y,mspe,1.006065,n=6400_bz=1.0_cv1=0.8_p=1_q=128_20251025-060741
6400,1.0,0.8,1,128,posthoc_orth,y,bias2,1.0033152,n=6400_bz=1.0_cv1=0.8_p=1_q=128_20251025-060741
6400,1.0,0.8,1,128,posthoc_orth,y,var,0.0027499222,n=6400_bz=1.0_cv1=0.8_p=1_q=128_20251025-060741
6400,1.0,0.8,1,128,posthoc_orth,fx,mspe,0.02170809,n=6400_bz=1.0_cv1=0.8_p=1_q=128_20251025-060741
6400,1.0,0.8,1,128,posthoc_orth,fx,bias2,0.019566648,n=6400_bz=1.0_cv1=0.8_p=1_q=128_20251025-060741
6400,1.0,0.8,1,128,posthoc_orth,fx,var,0.0021414424,n=6400_bz=1.0_cv1=0.8_p=1_q=128_20251025-060741
6400,1.0,0.8,1,128,posthoc_orth,fz,mspe,0.02028469,n=6400_bz=1.0_cv1=0.8_p=1_q=128_20251025-060741
6400,1.0,0.8,1,128,posthoc_orth,fz,bias2,0.019940464,n=6400_bz=1.0_cv1=0.8_p=1_q=128_20251025-060741
6400,1.0,0.8,1,128,posthoc_orth,fz,var,0.00034422436,n=6400_bz=1.0_cv1=0.8_p=1_q=128_20251025-060741
6400,1.0,0.8,1,128,posthoc_orth,fr,mspe,0.002198437,n=6400_bz=1.0_cv1=0.8_p=1_q=128_20251025-060741
6400,1.0,0.8,1,128,posthoc_orth,fr,bias2,5.6994413e-05,n=6400_bz=1.0_cv1=0.8_p=1_q=128_20251025-060741
6400,1.0,0.8,1,128,posthoc_orth,fr,var,0.0021414424,n=6400_bz=1.0_cv1=0.8_p=1_q=128_20251025-060741
6400,1.0,0.8,1,128,posthoc_web,y,mspe,1.2146006,n=6400_bz=1.0_cv1=0.8_p=1_q=128_20251025-060741
6400,1.0,0.8,1,128,posthoc_web,y,bias2,1.2130468,n=6400_bz=1.0_cv1=0.8_p=1_q=128_20251025-060741
6400,1.0,0.8,1,128,posthoc_web,y,var,0.0015537693,n=6400_bz=1.0_cv1=0.8_p=1_q=128_20251025-060741
6400,1.0,0.8,1,128,posthoc_web,fx,mspe,0.025406472,n=6400_bz=1.0_cv1=0.8_p=1_q=128_20251025-060741
6400,1.0,0.8,1,128,posthoc_web,fx,bias2,0.024337249,n=6400_bz=1.0_cv1=0.8_p=1_q=128_20251025-060741
6400,1.0,0.8,1,128,posthoc_web,fx,var,0.0010692223,n=6400_bz=1.0_cv1=0.8_p=1_q=128_20251025-060741
6400,1.0,0.8,1,128,posthoc_web,fz,mspe,0.07795459,n=6400_bz=1.0_cv1=0.8_p=1_q=128_20251025-060741
6400,1.0,0.8,1,128,posthoc_web,fz,bias2,0.07795459,n=6400_bz=1.0_cv1=0.8_p=1_q=128_20251025-060741
6400,1.0,0.8,1,128,posthoc_web,fz,var,0.0,n=6400_bz=1.0_cv1=0.8_p=1_q=128_20251025-060741
6400,1.0,0.8,1,128,posthoc_web,fr,mspe,0.0056049926,n=6400_bz=1.0_cv1=0.8_p=1_q=128_20251025-060741
6400,1.0,0.8,1,128,posthoc_web,fr,bias2,0.0045357705,n=6400_bz=1.0_cv1=0.8_p=1_q=128_20251025-060741
6400,1.0,0.8,1,128,posthoc_web,fr,var,0.0010692223,n=6400_bz=1.0_cv1=0.8_p=1_q=128_20251025-060741
6400,1.0,0.8,1,16,base,y,mspe,1.0188973,n=6400_bz=1.0_cv1=0.8_p=1_q=16_20251025-053805
6400,1.0,0.8,1,16,base,y,bias2,1.0171944,n=6400_bz=1.0_cv1=0.8_p=1_q=16_20251025-053805
6400,1.0,0.8,1,16,base,y,var,0.0017028473,n=6400_bz=1.0_cv1=0.8_p=1_q=16_20251025-053805
6400,1.0,0.8,1,16,base,fx,mspe,0.074392855,n=6400_bz=1.0_cv1=0.8_p=1_q=16_20251025-053805
6400,1.0,0.8,1,16,base,fx,bias2,0.073006436,n=6400_bz=1.0_cv1=0.8_p=1_q=16_20251025-053805
6400,1.0,0.8,1,16,base,fx,var,0.0013864199,n=6400_bz=1.0_cv1=0.8_p=1_q=16_20251025-053805
6400,1.0,0.8,1,16,base,fz,mspe,0.07795459,n=6400_bz=1.0_cv1=0.8_p=1_q=16_20251025-053805
6400,1.0,0.8,1,16,base,fz,bias2,0.07795459,n=6400_bz=1.0_cv1=0.8_p=1_q=16_20251025-053805
6400,1.0,0.8,1,16,base,fz,var,0.0,n=6400_bz=1.0_cv1=0.8_p=1_q=16_20251025-053805
6400,1.0,0.8,1,16,base,fr,mspe,0.16686279,n=6400_bz=1.0_cv1=0.8_p=1_q=16_20251025-053805
6400,1.0,0.8,1,16,base,fr,bias2,0.16547638,n=6400_bz=1.0_cv1=0.8_p=1_q=16_20251025-053805
6400,1.0,0.8,1,16,base,fr,var,0.0013864199,n=6400_bz=1.0_cv1=0.8_p=1_q=16_20251025-053805
6400,1.0,0.8,1,16,posthoc,y,mspe,1.006226,n=6400_bz=1.0_cv1=0.8_p=1_q=16_20251025-053805
6400,1.0,0.8,1,16,posthoc,y,bias2,1.004087,n=6400_bz=1.0_cv1=0.8_p=1_q=16_20251025-053805
6400,1.0,0.8,1,16,posthoc,y,var,0.0021389602,n=6400_bz=1.0_cv1=0.8_p=1_q=16_20251025-053805
6400,1.0,0.8,1,16,posthoc,fx,mspe,0.008304909,n=6400_bz=1.0_cv1=0.8_p=1_q=16_20251025-053805
6400,1.0,0.8,1,16,posthoc,fx,bias2,0.00049678376,n=6400_bz=1.0_cv1=0.8_p=1_q=16_20251025-053805
6400,1.0,0.8,1,16,posthoc,fx,var,0.007808125,n=6400_bz=1.0_cv1=0.8_p=1_q=16_20251025-053805
6400,1.0,0.8,1,16,posthoc,fz,mspe,0.006868666,n=6400_bz=1.0_cv1=0.8_p=1_q=16_20251025-053805
6400,1.0,0.8,1,16,posthoc,fz,bias2,0.00028599668,n=6400_bz=1.0_cv1=0.8_p=1_q=16_20251025-053805
6400,1.0,0.8,1,16,posthoc,fz,var,0.006582669,n=6400_bz=1.0_cv1=0.8_p=1_q=16_20251025-053805
6400,1.0,0.8,1,16,posthoc,fr,mspe,0.032948427,n=6400_bz=1.0_cv1=0.8_p=1_q=16_20251025-053805
6400,1.0,0.8,1,16,posthoc,fr,bias2,0.0251403,n=6400_bz=1.0_cv1=0.8_p=1_q=16_20251025-053805
6400,1.0,0.8,1,16,posthoc,fr,var,0.007808125,n=6400_bz=1.0_cv1=0.8_p=1_q=16_20251025-053805
6400,1.0,0.8,1,16,posthoc_orth,y,mspe,1.0061983,n=6400_bz=1.0_cv1=0.8_p=1_q=16_20251025-053805
6400,1.0,0.8,1,16,posthoc_orth,y,bias2,1.0040594,n=6400_bz=1.0_cv1=0.8_p=1_q=16_20251025-053805
6400,1.0,0.8,1,16,posthoc_orth,y,var,0.0021387974,n=6400_bz=1.0_cv1=0.8_p=1_q=16_20251025-053805
6400,1.0,0.8,1,16,posthoc_orth,fx,mspe,0.021205978,n=6400_bz=1.0_cv1=0.8_p=1_q=16_20251025-053805
6400,1.0,0.8,1,16,posthoc_orth,fx,bias2,0.019677607,n=6400_bz=1.0_cv1=0.8_p=1_q=16_20251025-053805
6400,1.0,0.8,1,16,posthoc_orth,fx,var,0.0015283724,n=6400_bz=1.0_cv1=0.8_p=1_q=16_20251025-053805
6400,1.0,0.8,1,16,posthoc_orth,fz,mspe,0.02031201,n=6400_bz=1.0_cv1=0.8_p=1_q=16_20251025-053805
6400,1.0,0.8,1,16,posthoc_orth,fz,bias2,0.019968541,n=6400_bz=1.0_cv1=0.8_p=1_q=16_20251025-053805
6400,1.0,0.8,1,16,posthoc_orth,fz,var,0.00034346752,n=6400_bz=1.0_cv1=0.8_p=1_q=16_20251025-053805
6400,1.0,0.8,1,16,posthoc_orth,fr,mspe,0.0016827467,n=6400_bz=1.0_cv1=0.8_p=1_q=16_20251025-053805
6400,1.0,0.8,1,16,posthoc_orth,fr,bias2,0.00015437425,n=6400_bz=1.0_cv1=0.8_p=1_q=16_20251025-053805
6400,1.0,0.8,1,16,posthoc_orth,fr,var,0.0015283724,n=6400_bz=1.0_cv1=0.8_p=1_q=16_20251025-053805
6400,1.0,0.8,1,16,posthoc_web,y,mspe,1.215072,n=6400_bz=1.0_cv1=0.8_p=1_q=16_20251025-053805
6400,1.0,0.8,1,16,posthoc_web,y,bias2,1.2135684,n=6400_bz=1.0_cv1=0.8_p=1_q=16_20251025-053805
6400,1.0,0.8,1,16,posthoc_web,y,var,0.0015036785,n=6400_bz=1.0_cv1=0.8_p=1_q=16_20251025-053805
6400,1.0,0.8,1,16,posthoc_web,fx,mspe,0.0255871,n=6400_bz=1.0_cv1=0.8_p=1_q=16_20251025-053805
6400,1.0,0.8,1,16,posthoc_web,fx,bias2,0.024554735,n=6400_bz=1.0_cv1=0.8_p=1_q=16_20251025-053805
6400,1.0,0.8,1,16,posthoc_web,fx,var,0.0010323663,n=6400_bz=1.0_cv1=0.8_p=1_q=16_20251025-053805
6400,1.0,0.8,1,16,posthoc_web,fz,mspe,0.07795459,n=6400_bz=1.0_cv1=0.8_p=1_q=16_20251025-053805
6400,1.0,0.8,1,16,posthoc_web,fz,bias2,0.07795459,n=6400_bz=1.0_cv1=0.8_p=1_q=16_20251025-053805
6400,1.0,0.8,1,16,posthoc_web,fz,var,0.0,n=6400_bz=1.0_cv1=0.8_p=1_q=16_20251025-053805
6400,1.0,0.8,1,16,posthoc_web,fr,mspe,0.0057117906,n=6400_bz=1.0_cv1=0.8_p=1_q=16_20251025-053805
6400,1.0,0.8,1,16,posthoc_web,fr,bias2,0.004679424,n=6400_bz=1.0_cv1=0.8_p=1_q=16_20251025-053805
6400,1.0,0.8,1,16,posthoc_web,fr,var,0.0010323663,n=6400_bz=1.0_cv1=0.8_p=1_q=16_20251025-053805
6400,1.0,0.8,1,256,base,y,mspe,1.0183197,n=6400_bz=1.0_cv1=0.8_p=1_q=256_20251025-061828
6400,1.0,0.8,1,256,base,y,bias2,1.0166425,n=6400_bz=1.0_cv1=0.8_p=1_q=256_20251025-061828
6400,1.0,0.8,1,256,base,y,var,0.001677322,n=6400_bz=1.0_cv1=0.8_p=1_q=256_20251025-061828
6400,1.0,0.8,1,256,base,fx,mspe,0.07313042,n=6400_bz=1.0_cv1=0.8_p=1_q=256_20251025-061828
6400,1.0,0.8,1,256,base,fx,bias2,0.07178025,n=6400_bz=1.0_cv1=0.8_p=1_q=256_20251025-061828
6400,1.0,0.8,1,256,base,fx,var,0.0013501614,n=6400_bz=1.0_cv1=0.8_p=1_q=256_20251025-061828
6400,1.0,0.8,1,256,base,fz,mspe,0.07795459,n=6400_bz=1.0_cv1=0.8_p=1_q=256_20251025-061828
6400,1.0,0.8,1,256,base,fz,bias2,0.07795459,n=6400_bz=1.0_cv1=0.8_p=1_q=256_20251025-061828
6400,1.0,0.8,1,256,base,fz,var,0.0,n=6400_bz=1.0_cv1=0.8_p=1_q=256_20251025-061828
6400,1.0,0.8,1,256,base,fr,mspe,0.16512397,n=6400_bz=1.0_cv1=0.8_p=1_q=256_20251025-061828
6400,1.0,0.8,1,256,base,fr,bias2,0.16377382,n=6400_bz=1.0_cv1=0.8_p=1_q=256_20251025-061828
6400,1.0,0.8,1,256,base,fr,var,0.0013501614,n=6400_bz=1.0_cv1=0.8_p=1_q=256_20251025-061828
6400,1.0,0.8,1,256,posthoc,y,mspe,1.0064394,n=6400_bz=1.0_cv1=0.8_p=1_q=256_20251025-061828
6400,1.0,0.8,1,256,posthoc,y,bias2,1.0035113,n=6400_bz=1.0_cv1=0.8_p=1_q=256_20251025-061828
6400,1.0,0.8,1,256,posthoc,y,var,0.0029281273,n=6400_bz=1.0_cv1=0.8_p=1_q=256_20251025-061828
6400,1.0,0.8,1,256,posthoc,fx,mspe,0.010738353,n=6400_bz=1.0_cv1=0.8_p=1_q=256_20251025-061828
6400,1.0,0.8,1,256,posthoc,fx,bias2,0.00051851163,n=6400_bz=1.0_cv1=0.8_p=1_q=256_20251025-061828
6400,1.0,0.8,1,256,posthoc,fx,var,0.010219841,n=6400_bz=1.0_cv1=0.8_p=1_q=256_20251025-061828
6400,1.0,0.8,1,256,posthoc,fz,mspe,0.0089175105,n=6400_bz=1.0_cv1=0.8_p=1_q=256_20251025-061828
6400,1.0,0.8,1,256,posthoc,fz,bias2,0.0003871044,n=6400_bz=1.0_cv1=0.8_p=1_q=256_20251025-061828
6400,1.0,0.8,1,256,posthoc,fz,var,0.008530406,n=6400_bz=1.0_cv1=0.8_p=1_q=256_20251025-061828
6400,1.0,0.8,1,256,posthoc,fr,mspe,0.036012944,n=6400_bz=1.0_cv1=0.8_p=1_q=256_20251025-061828
6400,1.0,0.8,1,256,posthoc,fr,bias2,0.025793104,n=6400_bz=1.0_cv1=0.8_p=1_q=256_20251025-061828
6400,1.0,0.8,1,256,posthoc,fr,var,0.010219841,n=6400_bz=1.0_cv1=0.8_p=1_q=256_20251025-061828
6400,1.0,0.8,1,256,posthoc_orth,y,mspe,1.006459,n=6400_bz=1.0_cv1=0.8_p=1_q=256_20251025-061828
6400,1.0,0.8,1,256,posthoc_orth,y,bias2,1.0035186,n=6400_bz=1.0_cv1=0.8_p=1_q=256_20251025-061828
6400,1.0,0.8,1,256,posthoc_orth,y,var,0.0029404957,n=6400_bz=1.0_cv1=0.8_p=1_q=256_20251025-061828
6400,1.0,0.8,1,256,posthoc_orth,fx,mspe,0.021930344,n=6400_bz=1.0_cv1=0.8_p=1_q=256_20251025-061828
6400,1.0,0.8,1,256,posthoc_orth,fx,bias2,0.019594658,n=6400_bz=1.0_cv1=0.8_p=1_q=256_20251025-061828
6400,1.0,0.8,1,256,posthoc_orth,fx,var,0.0023356862,n=6400_bz=1.0_cv1=0.8_p=1_q=256_20251025-061828
6400,1.0,0.8,1,256,posthoc_orth,fz,mspe,0.020153182,n=6400_bz=1.0_cv1=0.8_p=1_q=256_20251025-061828
6400,1.0,0.8,1,256,posthoc_orth,fz,bias2,0.019805728,n=6400_bz=1.0_cv1=0.8_p=1_q=256_20251025-061828
6400,1.0,0.8,1,256,posthoc_orth,fz,var,0.0003474548,n=6400_bz=1.0_cv1=0.8_p=1_q=256_20251025-061828
6400,1.0,0.8,1,256,posthoc_orth,fr,mspe,0.002422557,n=6400_bz=1.0_cv1=0.8_p=1_q=256_20251025-061828
6400,1.0,0.8,1,256,posthoc_orth,fr,bias2,8.687093e-05,n=6400_bz=1.0_cv1=0.8_p=1_q=256_20251025-061828
6400,1.0,0.8,1,256,posthoc_orth,fr,var,0.0023356862,n=6400_bz=1.0_cv1=0.8_p=1_q=256_20251025-061828
6400,1.0,0.8,1,256,posthoc_web,y,mspe,1.2142127,n=6400_bz=1.0_cv1=0.8_p=1_q=256_20251025-061828
6400,1.0,0.8,1,256,posthoc_web,y,bias2,1.212639,n=6400_bz=1.0_cv1=0.8_p=1_q=256_20251025-061828
6400,1.0,0.8,1,256,posthoc_web,y,var,0.0015738567,n=6400_bz=1.0_cv1=0.8_p=1_q=256_20251025-061828
6400,1.0,0.8,1,256,posthoc_web,fx,mspe,0.025237057,n=6400_bz=1.0_cv1=0.8_p=1_q=256_20251025-061828
6400,1.0,0.8,1,256,posthoc_web,fx,bias2,0.024144325,n=6400_bz=1.0_cv1=0.8_p=1_q=256_20251025-061828
6400,1.0,0.8,1,256,posthoc_web,fx,var,0.0010927324,n=6400_bz=1.0_cv1=0.8_p=1_q=256_20251025-061828
6400,1.0,0.8,1,256,posthoc_web,fz,mspe,0.07795459,n=6400_bz=1.0_cv1=0.8_p=1_q=256_20251025-061828
6400,1.0,0.8,1,256,posthoc_web,fz,bias2,0.07795459,n=6400_bz=1.0_cv1=0.8_p=1_q=256_20251025-061828
6400,1.0,0.8,1,256,posthoc_web,fz,var,0.0,n=6400_bz=1.0_cv1=0.8_p=1_q=256_20251025-061828
6400,1.0,0.8,1,256,posthoc_web,fr,mspe,0.0054331687,n=6400_bz=1.0_cv1=0.8_p=1_q=256_20251025-061828
6400,1.0,0.8,1,256,posthoc_web,fr,bias2,0.004340437,n=6400_bz=1.0_cv1=0.8_p=1_q=256_20251025-061828
6400,1.0,0.8,1,256,posthoc_web,fr,var,0.0010927324,n=6400_bz=1.0_cv1=0.8_p=1_q=256_20251025-061828
6400,1.0,0.8,1,2,base,y,mspe,1.0188133,n=6400_bz=1.0_cv1=0.8_p=1_q=2_20251025-050829
6400,1.0,0.8,1,2,base,y,bias2,1.0173867,n=6400_bz=1.0_cv1=0.8_p=1_q=2_20251025-050829
6400,1.0,0.8,1,2,base,y,var,0.0014265999,n=6400_bz=1.0_cv1=0.8_p=1_q=2_20251025-050829
6400,1.0,0.8,1,2,base,fx,mspe,0.074564844,n=6400_bz=1.0_cv1=0.8_p=1_q=2_20251025-050829
6400,1.0,0.8,1,2,base,fx,bias2,0.07346412,n=6400_bz=1.0_cv1=0.8_p=1_q=2_20251025-050829
6400,1.0,0.8,1,2,base,fx,var,0.0011007298,n=6400_bz=1.0_cv1=0.8_p=1_q=2_20251025-050829
6400,1.0,0.8,1,2,base,fz,mspe,0.07795459,n=6400_bz=1.0_cv1=0.8_p=1_q=2_20251025-050829
6400,1.0,0.8,1,2,base,fz,bias2,0.07795459,n=6400_bz=1.0_cv1=0.8_p=1_q=2_20251025-050829
6400,1.0,0.8,1,2,base,fz,var,0.0,n=6400_bz=1.0_cv1=0.8_p=1_q=2_20251025-050829
6400,1.0,0.8,1,2,base,fr,mspe,0.1672257,n=6400_bz=1.0_cv1=0.8_p=1_q=2_20251025-050829
6400,1.0,0.8,1,2,base,fr,bias2,0.16612497,n=6400_bz=1.0_cv1=0.8_p=1_q=2_20251025-050829
6400,1.0,0.8,1,2,base,fr,var,0.0011007298,n=6400_bz=1.0_cv1=0.8_p=1_q=2_20251025-050829
6400,1.0,0.8,1,2,posthoc,y,mspe,1.0136615,n=6400_bz=1.0_cv1=0.8_p=1_q=2_20251025-050829
6400,1.0,0.8,1,2,posthoc,y,bias2,1.0116339,n=6400_bz=1.0_cv1=0.8_p=1_q=2_20251025-050829
6400,1.0,0.8,1,2,posthoc,y,var,0.002027692,n=6400_bz=1.0_cv1=0.8_p=1_q=2_20251025-050829
6400,1.0,0.8,1,2,posthoc,fx,mspe,0.04380757,n=6400_bz=1.0_cv1=0.8_p=1_q=2_20251025-050829
6400,1.0,0.8,1,2,posthoc,fx,bias2,0.03745701,n=6400_bz=1.0_cv1=0.8_p=1_q=2_20251025-050829
6400,1.0,0.8,1,2,posthoc,fx,var,0.0063505596,n=6400_bz=1.0_cv1=0.8_p=1_q=2_20251025-050829
6400,1.0,0.8,1,2,posthoc,fz,mspe,0.038704958,n=6400_bz=1.0_cv1=0.8_p=1_q=2_20251025-050829
6400,1.0,0.8,1,2,posthoc,fz,bias2,0.033773776,n=6400_bz=1.0_cv1=0.8_p=1_q=2_20251025-050829
6400,1.0,0.8,1,2,posthoc,fz,var,0.0049311826,n=6400_bz=1.0_cv1=0.8_p=1_q=2_20251025-050829
6400,1.0,0.8,1,2,posthoc,fr,mspe,0.11509932,n=6400_bz=1.0_cv1=0.8_p=1_q=2_20251025-050829
6400,1.0,0.8,1,2,posthoc,fr,bias2,0.108748764,n=6400_bz=1.0_cv1=0.8_p=1_q=2_20251025-050829
6400,1.0,0.8,1,2,posthoc,fr,var,0.0063505596,n=6400_bz=1.0_cv1=0.8_p=1_q=2_20251025-050829
6400,1.0,0.8,1,2,posthoc_orth,y,mspe,1.0136615,n=6400_bz=1.0_cv1=0.8_p=1_q=2_20251025-050829
6400,1.0,0.8,1,2,posthoc_orth,y,bias2,1.0116338,n=6400_bz=1.0_cv1=0.8_p=1_q=2_20251025-050829
6400,1.0,0.8,1,2,posthoc_orth,y,var,0.0020277116,n=6400_bz=1.0_cv1=0.8_p=1_q=2_20251025-050829
6400,1.0,0.8,1,2,posthoc_orth,fx,mspe,0.023921615,n=6400_bz=1.0_cv1=0.8_p=1_q=2_20251025-050829
6400,1.0,0.8,1,2,posthoc_orth,fx,bias2,0.022516213,n=6400_bz=1.0_cv1=0.8_p=1_q=2_20251025-050829
6400,1.0,0.8,1,2,posthoc_orth,fx,var,0.0014053992,n=6400_bz=1.0_cv1=0.8_p=1_q=2_20251025-050829
6400,1.0,0.8,1,2,posthoc_orth,fz,mspe,0.020325413,n=6400_bz=1.0_cv1=0.8_p=1_q=2_20251025-050829
6400,1.0,0.8,1,2,posthoc_orth,fz,bias2,0.01998212,n=6400_bz=1.0_cv1=0.8_p=1_q=2_20251025-050829
6400,1.0,0.8,1,2,posthoc_orth,fz,var,0.00034329187,n=6400_bz=1.0_cv1=0.8_p=1_q=2_20251025-050829
6400,1.0,0.8,1,2,posthoc_orth,fr,mspe,0.004435821,n=6400_bz=1.0_cv1=0.8_p=1_q=2_20251025-050829
6400,1.0,0.8,1,2,posthoc_orth,fr,bias2,0.0030304224,n=6400_bz=1.0_cv1=0.8_p=1_q=2_20251025-050829
6400,1.0,0.8,1,2,posthoc_orth,fr,var,0.0014053992,n=6400_bz=1.0_cv1=0.8_p=1_q=2_20251025-050829
6400,1.0,0.8,1,2,posthoc_web,y,mspe,1.2149774,n=6400_bz=1.0_cv1=0.8_p=1_q=2_20251025-050829
6400,1.0,0.8,1,2,posthoc_web,y,bias2,1.2136313,n=6400_bz=1.0_cv1=0.8_p=1_q=2_20251025-050829
6400,1.0,0.8,1,2,posthoc_web,y,var,0.0013459685,n=6400_bz=1.0_cv1=0.8_p=1_q=2_20251025-050829
6400,1.0,0.8,1,2,posthoc_web,fx,mspe,0.025459848,n=6400_bz=1.0_cv1=0.8_p=1_q=2_20251025-050829
6400,1.0,0.8,1,2,posthoc_web,fx,bias2,0.024594922,n=6400_bz=1.0_cv1=0.8_p=1_q=2_20251025-050829
6400,1.0,0.8,1,2,posthoc_web,fx,var,0.0008649258,n=6400_bz=1.0_cv1=0.8_p=1_q=2_20251025-050829
6400,1.0,0.8,1,2,posthoc_web,fz,mspe,0.07795459,n=6400_bz=1.0_cv1=0.8_p=1_q=2_20251025-050829
6400,1.0,0.8,1,2,posthoc_web,fz,bias2,0.07795459,n=6400_bz=1.0_cv1=0.8_p=1_q=2_20251025-050829
6400,1.0,0.8,1,2,posthoc_web,fz,var,0.0,n=6400_bz=1.0_cv1=0.8_p=1_q=2_20251025-050829
6400,1.0,0.8,1,2,posthoc_web,fr,mspe,0.005643577,n=6400_bz=1.0_cv1=0.8_p=1_q=2_20251025-050829
6400,1.0,0.8,1,2,posthoc_web,fr,bias2,0.0047786515,n=6400_bz=1.0_cv1=0.8_p=1_q=2_20251025-050829
6400,1.0,0.8,1,2,posthoc_web,fr,var,0.0008649258,n=6400_bz=1.0_cv1=0.8_p=1_q=2_20251025-050829
6400,1.0,0.8,1,32,base,y,mspe,1.0187615,n=6400_bz=1.0_cv1=0.8_p=1_q=32_20251025-054752
6400,1.0,0.8,1,32,base,y,bias2,1.0170665,n=6400_bz=1.0_cv1=0.8_p=1_q=32_20251025-054752
6400,1.0,0.8,1,32,base,y,var,0.001695055,n=6400_bz=1.0_cv1=0.8_p=1_q=32_20251025-054752
6400,1.0,0.8,1,32,base,fx,mspe,0.07409976,n=6400_bz=1.0_cv1=0.8_p=1_q=32_20251025-054752
6400,1.0,0.8,1,32,base,fx,bias2,0.072726145,n=6400_bz=1.0_cv1=0.8_p=1_q=32_20251025-054752
6400,1.0,0.8,1,32,base,fx,var,0.0013736027,n=6400_bz=1.0_cv1=0.8_p=1_q=32_20251025-054752
6400,1.0,0.8,1,32,base,fz,mspe,0.07795459,n=6400_bz=1.0_cv1=0.8_p=1_q=32_20251025-054752
6400,1.0,0.8,1,32,base,fz,bias2,0.07795459,n=6400_bz=1.0_cv1=0.8_p=1_q=32_20251025-054752
6400,1.0,0.8,1,32,base,fz,var,0.0,n=6400_bz=1.0_cv1=0.8_p=1_q=32_20251025-054752
6400,1.0,0.8,1,32,base,fr,mspe,0.16648145,n=6400_bz=1.0_cv1=0.8_p=1_q=32_20251025-054752
6400,1.0,0.8,1,32,base,fr,bias2,0.16510785,n=6400_bz=1.0_cv1=0.8_p=1_q=32_20251025-054752
6400,1.0,0.8,1,32,base,fr,var,0.0013736027,n=6400_bz=1.0_cv1=0.8_p=1_q=32_20251025-054752
6400,1.0,0.8,1,32,posthoc,y,mspe,1.0059316,n=6400_bz=1.0_cv1=0.8_p=1_q=32_20251025-054752
6400,1.0,0.8,1,32,posthoc,y,bias2,1.0036156,n=6400_bz=1.0_cv1=0.8_p=1_q=32_20251025-054752
6400,1.0,0.8,1,32,posthoc,y,var,0.0023160928,n=6400_bz=1.0_cv1=0.8_p=1_q=32_20251025-054752
6400,1.0,0.8,1,32,posthoc,fx,mspe,0.008580896,n=6400_bz=1.0_cv1=0.8_p=1_q=32_20251025-054752
6400,1.0,0.8,1,32,posthoc,fx,bias2,0.00035446323,n=6400_bz=1.0_cv1=0.8_p=1_q=32_20251025-054752
6400,1.0,0.8,1,32,posthoc,fx,var,0.008226433,n=6400_bz=1.0_cv1=0.8_p=1_q=32_20251025-054752
6400,1.0,0.8,1,32,posthoc,fz,mspe,0.007099153,n=6400_bz=1.0_cv1=0.8_p=1_q=32_20251025-054752
6400,1.0,0.8,1,32,posthoc,fz,bias2,0.00020405371,n=6400_bz=1.0_cv1=0.8_p=1_q=32_20251025-054752
6400,1.0,0.8,1,32,posthoc,fz,var,0.0068951,n=6400_bz=1.0_cv1=0.8_p=1_q=32_20251025-054752
6400,1.0,0.8,1,32,posthoc,fr,mspe,0.032482024,n=6400_bz=1.0_cv1=0.8_p=1_q=32_20251025-054752
6400,1.0,0.8,1,32,posthoc,fr,bias2,0.02425559,n=6400_bz=1.0_cv1=0.8_p=1_q=32_20251025-054752
6400,1.0,0.8,1,32,posthoc,fr,var,0.008226433,n=6400_bz=1.0_cv1=0.8_p=1_q=32_20251025-054752
6400,1.0,0.8,1,32,posthoc_orth,y,mspe,1.0058349,n=6400_bz=1.0_cv1=0.8_p=1_q=32_20251025-054752
6400,1.0,0.8,1,32,posthoc_orth,y,bias2,1.0035381,n=6400_bz=1.0_cv1=0.8_p=1_q=32_20251025-054752
6400,1.0,0.8,1,32,posthoc_orth,y,var,0.0022968522,n=6400_bz=1.0_cv1=0.8_p=1_q=32_20251025-054752
6400,1.0,0.8,1,32,posthoc_orth,fx,mspe,0.021316785,n=6400_bz=1.0_cv1=0.8_p=1_q=32_20251025-054752
6400,1.0,0.8,1,32,posthoc_orth,fx,bias2,0.019627068,n=6400_bz=1.0_cv1=0.8_p=1_q=32_20251025-054752
6400,1.0,0.8,1,32,posthoc_orth,fx,var,0.0016897169,n=6400_bz=1.0_cv1=0.8_p=1_q=32_20251025-054752
6400,1.0,0.8,1,32,posthoc_orth,fz,mspe,0.020309899,n=6400_bz=1.0_cv1=0.8_p=1_q=32_20251025-054752
6400,1.0,0.8,1,32,posthoc_orth,fz,bias2,0.019966593,n=6400_bz=1.0_cv1=0.8_p=1_q=32_20251025-054752
6400,1.0,0.8,1,32,posthoc_orth,fz,var,0.00034330515,n=6400_bz=1.0_cv1=0.8_p=1_q=32_20251025-054752
6400,1.0,0.8,1,32,posthoc_orth,fr,mspe,0.0017896988,n=6400_bz=1.0_cv1=0.8_p=1_q=32_20251025-054752
6400,1.0,0.8,1,32,posthoc_orth,fr,bias2,9.998167e-05,n=6400_bz=1.0_cv1=0.8_p=1_q=32_20251025-054752
6400,1.0,0.8,1,32,posthoc_orth,fr,var,0.0016897169,n=6400_bz=1.0_cv1=0.8_p=1_q=32_20251025-054752
6400,1.0,0.8,1,32,posthoc_web,y,mspe,1.2148793,n=6400_bz=1.0_cv1=0.8_p=1_q=32_20251025-054752
6400,1.0,0.8,1,32,posthoc_web,y,bias2,1.2133559,n=6400_bz=1.0_cv1=0.8_p=1_q=32_20251025-054752
6400,1.0,0.8,1,32,posthoc_web,y,var,0.0015233209,n=6400_bz=1.0_cv1=0.8_p=1_q=32_20251025-054752
6400,1.0,0.8,1,32,posthoc_web,fx,mspe,0.025468927,n=6400_bz=1.0_cv1=0.8_p=1_q=32_20251025-054752
6400,1.0,0.8,1,32,posthoc_web,fx,bias2,0.024421157,n=6400_bz=1.0_cv1=0.8_p=1_q=32_20251025-054752
6400,1.0,0.8,1,32,posthoc_web,fx,var,0.0010477686,n=6400_bz=1.0_cv1=0.8_p=1_q=32_20251025-054752
6400,1.0,0.8,1,32,posthoc_web,fz,mspe,0.07795459,n=6400_bz=1.0_cv1=0.8_p=1_q=32_20251025-054752
6400,1.0,0.8,1,32,posthoc_web,fz,bias2,0.07795459,n=6400_bz=1.0_cv1=0.8_p=1_q=32_20251025-054752
6400,1.0,0.8,1,32,posthoc_web,fz,var,0.0,n=6400_bz=1.0_cv1=0.8_p=1_q=32_20251025-054752
6400,1.0,0.8,1,32,posthoc_web,fr,mspe,0.0056115333,n=6400_bz=1.0_cv1=0.8_p=1_q=32_20251025-054752
6400,1.0,0.8,1,32,posthoc_web,fr,bias2,0.004563765,n=6400_bz=1.0_cv1=0.8_p=1_q=32_20251025-054752
6400,1.0,0.8,1,32,posthoc_web,fr,var,0.0010477686,n=6400_bz=1.0_cv1=0.8_p=1_q=32_20251025-054752
6400,1.0,0.8,1,4,base,y,mspe,1.01906,n=6400_bz=1.0_cv1=0.8_p=1_q=4_20251025-051848
6400,1.0,0.8,1,4,base,y,bias2,1.0175779,n=6400_bz=1.0_cv1=0.8_p=1_q=4_20251025-051848
6400,1.0,0.8,1,4,base,y,var,0.0014820499,n=6400_bz=1.0_cv1=0.8_p=1_q=4_20251025-051848
6400,1.0,0.8,1,4,base,fx,mspe,0.07439843,n=6400_bz=1.0_cv1=0.8_p=1_q=4_20251025-051848
6400,1.0,0.8,1,4,base,fx,bias2,0.073244244,n=6400_bz=1.0_cv1=0.8_p=1_q=4_20251025-051848
6400,1.0,0.8,1,4,base,fx,var,0.001154186,n=6400_bz=1.0_cv1=0.8_p=1_q=4_20251025-051848
6400,1.0,0.8,1,4,base,fz,mspe,0.07795459,n=6400_bz=1.0_cv1=0.8_p=1_q=4_20251025-051848
6400,1.0,0.8,1,4,base,fz,bias2,0.07795459,n=6400_bz=1.0_cv1=0.8_p=1_q=4_20251025-051848
6400,1.0,0.8,1,4,base,fz,var,0.0,n=6400_bz=1.0_cv1=0.8_p=1_q=4_20251025-051848
6400,1.0,0.8,1,4,base,fr,mspe,0.16693209,n=6400_bz=1.0_cv1=0.8_p=1_q=4_20251025-051848
6400,1.0,0.8,1,4,base,fr,bias2,0.16577789,n=6400_bz=1.0_cv1=0.8_p=1_q=4_20251025-051848
6400,1.0,0.8,1,4,base,fr,var,0.001154186,n=6400_bz=1.0_cv1=0.8_p=1_q=4_20251025-051848
6400,1.0,0.8,1,4,posthoc,y,mspe,1.0081362,n=6400_bz=1.0_cv1=0.8_p=1_q=4_20251025-051848
6400,1.0,0.8,1,4,posthoc,y,bias2,1.0061437,n=6400_bz=1.0_cv1=0.8_p=1_q=4_20251025-051848
6400,1.0,0.8,1,4,posthoc,y,var,0.0019924615,n=6400_bz=1.0_cv1=0.8_p=1_q=4_20251025-051848
6400,1.0,0.8,1,4,posthoc,fx,mspe,0.009468274,n=6400_bz=1.0_cv1=0.8_p=1_q=4_20251025-051848
6400,1.0,0.8,1,4,posthoc,fx,bias2,0.0027372187,n=6400_bz=1.0_cv1=0.8_p=1_q=4_20251025-051848
6400,1.0,0.8,1,4,posthoc,fx,var,0.0067310547,n=6400_bz=1.0_cv1=0.8_p=1_q=4_20251025-051848
6400,1.0,0.8,1,4,posthoc,fz,mspe,0.0075261733,n=6400_bz=1.0_cv1=0.8_p=1_q=4_20251025-051848
6400,1.0,0.8,1,4,posthoc,fz,bias2,0.002011287,n=6400_bz=1.0_cv1=0.8_p=1_q=4_20251025-051848
6400,1.0,0.8,1,4,posthoc,fz,var,0.0055148867,n=6400_bz=1.0_cv1=0.8_p=1_q=4_20251025-051848
6400,1.0,0.8,1,4,posthoc,fr,mspe,0.04187412,n=6400_bz=1.0_cv1=0.8_p=1_q=4_20251025-051848
6400,1.0,0.8,1,4,posthoc,fr,bias2,0.035143062,n=6400_bz=1.0_cv1=0.8_p=1_q=4_20251025-051848
6400,1.0,0.8,1,4,posthoc,fr,var,0.0067310547,n=6400_bz=1.0_cv1=0.8_p=1_q=4_20251025-051848
6400,1.0,0.8,1,4,posthoc_orth,y,mspe,1.0081433,n=6400_bz=1.0_cv1=0.8_p=1_q=4_20251025-051848
6400,1.0,0.8,1,4,posthoc_orth,y,bias2,1.0061517,n=6400_bz=1.0_cv1=0.8_p=1_q=4_20251025-051848
6400,1.0,0.8,1,4,posthoc_orth,y,var,0.0019915414,n=6400_bz=1.0_cv1=0.8_p=1_q=4_20251025-051848
6400,1.0,0.8,1,4,posthoc_orth,fx,mspe,0.021548953,n=6400_bz=1.0_cv1=0.8_p=1_q=4_20251025-051848
6400,1.0,0.8,1,4,posthoc_orth,fx,bias2,0.020171456,n=6400_bz=1.0_cv1=0.8_p=1_q=4_20251025-051848
6400,1.0,0.8,1,4,posthoc_orth,fx,var,0.0013774956,n=6400_bz=1.0_cv1=0.8_p=1_q=4_20251025-051848
6400,1.0,0.8,1,4,posthoc_orth,fz,mspe,0.020316748,n=6400_bz=1.0_cv1=0.8_p=1_q=4_20251025-051848
6400,1.0,0.8,1,4,posthoc_orth,fz,bias2,0.019973524,n=6400_bz=1.0_cv1=0.8_p=1_q=4_20251025-051848
6400,1.0,0.8,1,4,posthoc_orth,fz,var,0.00034322118,n=6400_bz=1.0_cv1=0.8_p=1_q=4_20251025-051848
6400,1.0,0.8,1,4,posthoc_orth,fr,mspe,0.001974708,n=6400_bz=1.0_cv1=0.8_p=1_q=4_20251025-051848
6400,1.0,0.8,1,4,posthoc_orth,fr,bias2,0.0005972125,n=6400_bz=1.0_cv1=0.8_p=1_q=4_20251025-051848
6400,1.0,0.8,1,4,posthoc_orth,fr,var,0.0013774956,n=6400_bz=1.0_cv1=0.8_p=1_q=4_20251025-051848
6400,1.0,0.8,1,4,posthoc_web,y,mspe,1.2151699,n=6400_bz=1.0_cv1=0.8_p=1_q=4_20251025-051848
6400,1.0,0.8,1,4,posthoc_web,y,bias2,1.2137932,n=6400_bz=1.0_cv1=0.8_p=1_q=4_20251025-051848
6400,1.0,0.8,1,4,posthoc_web,y,var,0.0013767726,n=6400_bz=1.0_cv1=0.8_p=1_q=4_20251025-051848
6400,1.0,0.8,1,4,posthoc_web,fx,mspe,0.025511147,n=6400_bz=1.0_cv1=0.8_p=1_q=4_20251025-051848
6400,1.0,0.8,1,4,posthoc_web,fx,bias2,0.024616903,n=6400_bz=1.0_cv1=0.8_p=1_q=4_20251025-051848
6400,1.0,0.8,1,4,posthoc_web,fx,var,0.0008942442,n=6400_bz=1.0_cv1=0.8_p=1_q=4_20251025-051848
6400,1.0,0.8,1,4,posthoc_web,fz,mspe,0.07795459,n=6400_bz=1.0_cv1=0.8_p=1_q=4_20251025-051848
6400,1.0,0.8,1,4,posthoc_web,fz,bias2,0.07795459,n=6400_bz=1.0_cv1=0.8_p=1_q=4_20251025-051848
6400,1.0,0.8,1,4,posthoc_web,fz,var,0.0,n=6400_bz=1.0_cv1=0.8_p=1_q=4_20251025-051848
6400,1.0,0.8,1,4,posthoc_web,fr,mspe,0.0056918035,n=6400_bz=1.0_cv1=0.8_p=1_q=4_20251025-051848
6400,1.0,0.8,1,4,posthoc_web,fr,bias2,0.004797559,n=6400_bz=1.0_cv1=0.8_p=1_q=4_20251025-051848
6400,1.0,0.8,1,4,posthoc_web,fr,var,0.0008942442,n=6400_bz=1.0_cv1=0.8_p=1_q=4_20251025-051848
6400,1.0,0.8,1,512,base,y,mspe,1.0183693,n=6400_bz=1.0_cv1=0.8_p=1_q=512_20251025-063200
6400,1.0,0.8,1,512,base,y,bias2,1.0167111,n=6400_bz=1.0_cv1=0.8_p=1_q=512_20251025-063200
6400,1.0,0.8,1,512,base,y,var,0.0016582716,n=6400_bz=1.0_cv1=0.8_p=1_q=512_20251025-063200
6400,1.0,0.8,1,512,base,fx,mspe,0.074544,n=6400_bz=1.0_cv1=0.8_p=1_q=512_20251025-063200
6400,1.0,0.8,1,512,base,fx,bias2,0.07321139,n=6400_bz=1.0_cv1=0.8_p=1_q=512_20251025-063200
6400,1.0,0.8,1,512,base,fx,var,0.0013326065,n=6400_bz=1.0_cv1=0.8_p=1_q=512_20251025-063200
6400,1.0,0.8,1,512,base,fz,mspe,0.07795459,n=6400_bz=1.0_cv1=0.8_p=1_q=512_20251025-063200
6400,1.0,0.8,1,512,base,fz,bias2,0.07795459,n=6400_bz=1.0_cv1=0.8_p=1_q=512_20251025-063200
6400,1.0,0.8,1,512,base,fz,var,0.0,n=6400_bz=1.0_cv1=0.8_p=1_q=512_20251025-063200
6400,1.0,0.8,1,512,base,fr,mspe,0.16724473,n=6400_bz=1.0_cv1=0.8_p=1_q=512_20251025-063200
6400,1.0,0.8,1,512,base,fr,bias2,0.16591214,n=6400_bz=1.0_cv1=0.8_p=1_q=512_20251025-063200
6400,1.0,0.8,1,512,base,fr,var,0.0013326065,n=6400_bz=1.0_cv1=0.8_p=1_q=512_20251025-063200
6400,1.0,0.8,1,512,posthoc,y,mspe,1.0071089,n=6400_bz=1.0_cv1=0.8_p=1_q=512_20251025-063200
6400,1.0,0.8,1,512,posthoc,y,bias2,1.0039182,n=6400_bz=1.0_cv1=0.8_p=1_q=512_20251025-063200
6400,1.0,0.8,1,512,posthoc,y,var,0.00319081,n=6400_bz=1.0_cv1=0.8_p=1_q=512_20251025-063200
6400,1.0,0.8,1,512,posthoc,fx,mspe,0.012277826,n=6400_bz=1.0_cv1=0.8_p=1_q=512_20251025-063200
6400,1.0,0.8,1,512,posthoc,fx,bias2,0.0008126763,n=6400_bz=1.0_cv1=0.8_p=1_q=512_20251025-063200
6400,1.0,0.8,1,512,posthoc,fx,var,0.01146515,n=6400_bz=1.0_cv1=0.8_p=1_q=512_20251025-063200
6400,1.0,0.8,1,512,posthoc,fz,mspe,0.010221108,n=6400_bz=1.0_cv1=0.8_p=1_q=512_20251025-063200
6400,1.0,0.8,1,512,posthoc,fz,bias2,0.0006766159,n=6400_bz=1.0_cv1=0.8_p=1_q=512_20251025-063200
6400,1.0,0.8,1,512,posthoc,fz,var,0.009544492,n=6400_bz=1.0_cv1=0.8_p=1_q=512_20251025-063200
6400,1.0,0.8,1,512,posthoc,fr,mspe,0.03909662,n=6400_bz=1.0_cv1=0.8_p=1_q=512_20251025-063200
6400,1.0,0.8,1,512,posthoc,fr,bias2,0.02763147,n=6400_bz=1.0_cv1=0.8_p=1_q=512_20251025-063200
6400,1.0,0.8,1,512,posthoc,fr,var,0.01146515,n=6400_bz=1.0_cv1=0.8_p=1_q=512_20251025-063200
6400,1.0,0.8,1,512,posthoc_orth,y,mspe,1.0071797,n=6400_bz=1.0_cv1=0.8_p=1_q=512_20251025-063200
6400,1.0,0.8,1,512,posthoc_orth,y,bias2,1.0039802,n=6400_bz=1.0_cv1=0.8_p=1_q=512_20251025-063200
6400,1.0,0.8,1,512,posthoc_orth,y,var,0.0031994467,n=6400_bz=1.0_cv1=0.8_p=1_q=512_20251025-063200
6400,1.0,0.8,1,512,posthoc_orth,fx,mspe,0.022247171,n=6400_bz=1.0_cv1=0.8_p=1_q=512_20251025-063200
6400,1.0,0.8,1,512,posthoc_orth,fx,bias2,0.019662712,n=6400_bz=1.0_cv1=0.8_p=1_q=512_20251025-063200
6400,1.0,0.8,1,512,posthoc_orth,fx,var,0.0025844583,n=6400_bz=1.0_cv1=0.8_p=1_q=512_20251025-063200
6400,1.0,0.8,1,512,posthoc_orth,fz,mspe,0.019978058,n=6400_bz=1.0_cv1=0.8_p=1_q=512_20251025-063200
6400,1.0,0.8,1,512,posthoc_orth,fz,bias2,0.019615967,n=6400_bz=1.0_cv1=0.8_p=1_q=512_20251025-063200
6400,1.0,0.8,1,512,posthoc_orth,fz,var,0.00036209196,n=6400_bz=1.0_cv1=0.8_p=1_q=512_20251025-063200
6400,1.0,0.8,1,512,posthoc_orth,fr,mspe,0.0026935155,n=6400_bz=1.0_cv1=0.8_p=1_q=512_20251025-063200
6400,1.0,0.8,1,512,posthoc_orth,fr,bias2,0.00010905698,n=6400_bz=1.0_cv1=0.8_p=1_q=512_20251025-063200
6400,1.0,0.8,1,512,posthoc_orth,fr,var,0.0025844583,n=6400_bz=1.0_cv1=0.8_p=1_q=512_20251025-063200
6400,1.0,0.8,1,512,posthoc_web,y,mspe,1.214411,n=6400_bz=1.0_cv1=0.8_p=1_q=512_20251025-063200
6400,1.0,0.8,1,512,posthoc_web,y,bias2,1.212908,n=6400_bz=1.0_cv1=0.8_p=1_q=512_20251025-063200
6400,1.0,0.8,1,512,posthoc_web,y,var,0.0015030452,n=6400_bz=1.0_cv1=0.8_p=1_q=512_20251025-063200
6400,1.0,0.8,1,512,posthoc_web,fx,mspe,0.025268374,n=6400_bz=1.0_cv1=0.8_p=1_q=512_20251025-063200
6400,1.0,0.8,1,512,posthoc_web,fx,bias2,0.024247874,n=6400_bz=1.0_cv1=0.8_p=1_q=512_20251025-063200
6400,1.0,0.8,1,512,posthoc_web,fx,var,0.0010205023,n=6400_bz=1.0_cv1=0.8_p=1_q=512_20251025-063200
6400,1.0,0.8,1,512,posthoc_web,fz,mspe,0.07795459,n=6400_bz=1.0_cv1=0.8_p=1_q=512_20251025-063200
6400,1.0,0.8,1,512,posthoc_web,fz,bias2,0.07795459,n=6400_bz=1.0_cv1=0.8_p=1_q=512_20251025-063200
6400,1.0,0.8,1,512,posthoc_web,fz,var,0.0,n=6400_bz=1.0_cv1=0.8_p=1_q=512_20251025-063200
6400,1.0,0.8,1,512,posthoc_web,fr,mspe,0.005470173,n=6400_bz=1.0_cv1=0.8_p=1_q=512_20251025-063200
6400,1.0,0.8,1,512,posthoc_web,fr,bias2,0.004449671,n=6400_bz=1.0_cv1=0.8_p=1_q=512_20251025-063200
6400,1.0,0.8,1,512,posthoc_web,fr,var,0.0010205023,n=6400_bz=1.0_cv1=0.8_p=1_q=512_20251025-063200
6400,1.0,0.8,1,64,base,y,mspe,1.0187107,n=6400_bz=1.0_cv1=0.8_p=1_q=64_20251025-055736
6400,1.0,0.8,1,64,base,y,bias2,1.0169933,n=6400_bz=1.0_cv1=0.8_p=1_q=64_20251025-055736
6400,1.0,0.8,1,64,base,y,var,0.0017174362,n=6400_bz=1.0_cv1=0.8_p=1_q=64_20251025-055736
6400,1.0,0.8,1,64,base,fx,mspe,0.07344823,n=6400_bz=1.0_cv1=0.8_p=1_q=64_20251025-055736
6400,1.0,0.8,1,64,base,fx,bias2,0.072054796,n=6400_bz=1.0_cv1=0.8_p=1_q=64_20251025-055736
6400,1.0,0.8,1,64,base,fx,var,0.001393441,n=6400_bz=1.0_cv1=0.8_p=1_q=64_20251025-055736
6400,1.0,0.8,1,64,base,fz,mspe,0.07795459,n=6400_bz=1.0_cv1=0.8_p=1_q=64_20251025-055736
6400,1.0,0.8,1,64,base,fz,bias2,0.07795459,n=6400_bz=1.0_cv1=0.8_p=1_q=64_20251025-055736
6400,1.0,0.8,1,64,base,fz,var,0.0,n=6400_bz=1.0_cv1=0.8_p=1_q=64_20251025-055736
6400,1.0,0.8,1,64,base,fr,mspe,0.16552974,n=6400_bz=1.0_cv1=0.8_p=1_q=64_20251025-055736
6400,1.0,0.8,1,64,base,fr,bias2,0.16413628,n=6400_bz=1.0_cv1=0.8_p=1_q=64_20251025-055736
6400,1.0,0.8,1,64,base,fr,var,0.001393441,n=6400_bz=1.0_cv1=0.8_p=1_q=64_20251025-055736
6400,1.0,0.8,1,64,posthoc,y,mspe,1.0060555,n=6400_bz=1.0_cv1=0.8_p=1_q=64_20251025-055736
6400,1.0,0.8,1,64,posthoc,y,bias2,1.0035363,n=6400_bz=1.0_cv1=0.8_p=1_q=64_20251025-055736
6400,1.0,0.8,1,64,posthoc,y,var,0.0025192115,n=6400_bz=1.0_cv1=0.8_p=1_q=64_20251025-055736
6400,1.0,0.8,1,64,posthoc,fx,mspe,0.008646313,n=6400_bz=1.0_cv1=0.8_p=1_q=64_20251025-055736
6400,1.0,0.8,1,64,posthoc,fx,bias2,0.00025376023,n=6400_bz=1.0_cv1=0.8_p=1_q=64_20251025-055736
6400,1.0,0.8,1,64,posthoc,fx,var,0.008392554,n=6400_bz=1.0_cv1=0.8_p=1_q=64_20251025-055736
6400,1.0,0.8,1,64,posthoc,fz,mspe,0.0070458627,n=6400_bz=1.0_cv1=0.8_p=1_q=64_20251025-055736
6400,1.0,0.8,1,64,posthoc,fz,bias2,0.00014992166,n=6400_bz=1.0_cv1=0.8_p=1_q=64_20251025-055736
6400,1.0,0.8,1,64,posthoc,fz,var,0.0068959403,n=6400_bz=1.0_cv1=0.8_p=1_q=64_20251025-055736
6400,1.0,0.8,1,64,posthoc,fr,mspe,0.031949446,n=6400_bz=1.0_cv1=0.8_p=1_q=64_20251025-055736
6400,1.0,0.8,1,64,posthoc,fr,bias2,0.023556894,n=6400_bz=1.0_cv1=0.8_p=1_q=64_20251025-055736
6400,1.0,0.8,1,64,posthoc,fr,var,0.008392554,n=6400_bz=1.0_cv1=0.8_p=1_q=64_20251025-055736
6400,1.0,0.8,1,64,posthoc_orth,y,mspe,1.006031,n=6400_bz=1.0_cv1=0.8_p=1_q=64_20251025-055736
6400,1.0,0.8,1,64,posthoc_orth,y,bias2,1.0035123,n=6400_bz=1.0_cv1=0.8_p=1_q=64_20251025-055736
6400,1.0,0.8,1,64,posthoc_orth,y,var,0.0025188075,n=6400_bz=1.0_cv1=0.8_p=1_q=64_20251025-055736
6400,1.0,0.8,1,64,posthoc_orth,fx,mspe,0.021524722,n=6400_bz=1.0_cv1=0.8_p=1_q=64_20251025-055736
6400,1.0,0.8,1,64,posthoc_orth,fx,bias2,0.019611992,n=6400_bz=1.0_cv1=0.8_p=1_q=64_20251025-055736
6400,1.0,0.8,1,64,posthoc_orth,fx,var,0.0019127271,n=6400_bz=1.0_cv1=0.8_p=1_q=64_20251025-055736
6400,1.0,0.8,1,64,posthoc_orth,fz,mspe,0.0203018,n=6400_bz=1.0_cv1=0.8_p=1_q=64_20251025-055736
6400,1.0,0.8,1,64,posthoc_orth,fz,bias2,0.019957958,n=6400_bz=1.0_cv1=0.8_p=1_q=64_20251025-055736
6400,1.0,0.8,1,64,posthoc_orth,fz,var,0.000343842,n=6400_bz=1.0_cv1=0.8_p=1_q=64_20251025-055736
6400,1.0,0.8,1,64,posthoc_orth,fr,mspe,0.001980345,n=6400_bz=1.0_cv1=0.8_p=1_q=64_20251025-055736
6400,1.0,0.8,1,64,posthoc_orth,fr,bias2,6.761777e-05,n=6400_bz=1.0_cv1=0.8_p=1_q=64_20251025-055736
6400,1.0,0.8,1,64,posthoc_orth,fr,var,0.0019127271,n=6400_bz=1.0_cv1=0.8_p=1_q=64_20251025-055736
6400,1.0,0.8,1,64,posthoc_web,y,mspe,1.2147584,n=6400_bz=1.0_cv1=0.8_p=1_q=64_20251025-055736
6400,1.0,0.8,1,64,posthoc_web,y,bias2,1.2132006,n=6400_bz=1.0_cv1=0.8_p=1_q=64_20251025-055736
6400,1.0,0.8,1,64,posthoc_web,y,var,0.001557839,n=6400_bz=1.0_cv1=0.8_p=1_q=64_20251025-055736
6400,1.0,0.8,1,64,posthoc_web,fx,mspe,0.025389643,n=6400_bz=1.0_cv1=0.8_p=1_q=64_20251025-055736
6400,1.0,0.8,1,64,posthoc_web,fx,bias2,0.024313373,n=6400_bz=1.0_cv1=0.8_p=1_q=64_20251025-055736
6400,1.0,0.8,1,64,posthoc_web,fx,var,0.0010762673,n=6400_bz=1.0_cv1=0.8_p=1_q=64_20251025-055736
6400,1.0,0.8,1,64,posthoc_web,fz,mspe,0.07795459,n=6400_bz=1.0_cv1=0.8_p=1_q=64_20251025-055736
6400,1.0,0.8,1,64,posthoc_web,fz,bias2,0.07795459,n=6400_bz=1.0_cv1=0.8_p=1_q=64_20251025-055736
6400,1.0,0.8,1,64,posthoc_web,fz,var,0.0,n=6400_bz=1.0_cv1=0.8_p=1_q=64_20251025-055736
6400,1.0,0.8,1,64,posthoc_web,fr,mspe,0.0055285874,n=6400_bz=1.0_cv1=0.8_p=1_q=64_20251025-055736
6400,1.0,0.8,1,64,posthoc_web,fr,bias2,0.00445232,n=6400_bz=1.0_cv1=0.8_p=1_q=64_20251025-055736
6400,1.0,0.8,1,64,posthoc_web,fr,var,0.0010762673,n=6400_bz=1.0_cv1=0.8_p=1_q=64_20251025-055736
6400,1.0,0.8,1,8,base,y,mspe,1.0187631,n=6400_bz=1.0_cv1=0.8_p=1_q=8_20251025-052828
6400,1.0,0.8,1,8,base,y,bias2,1.0172638,n=6400_bz=1.0_cv1=0.8_p=1_q=8_20251025-052828
6400,1.0,0.8,1,8,base,y,var,0.0014992933,n=6400_bz=1.0_cv1=0.8_p=1_q=8_20251025-052828
6400,1.0,0.8,1,8,base,fx,mspe,0.07459163,n=6400_bz=1.0_cv1=0.8_p=1_q=8_20251025-052828
6400,1.0,0.8,1,8,base,fx,bias2,0.07341441,n=6400_bz=1.0_cv1=0.8_p=1_q=8_20251025-052828
6400,1.0,0.8,1,8,base,fx,var,0.0011772162,n=6400_bz=1.0_cv1=0.8_p=1_q=8_20251025-052828
6400,1.0,0.8,1,8,base,fz,mspe,0.07795459,n=6400_bz=1.0_cv1=0.8_p=1_q=8_20251025-052828
6400,1.0,0.8,1,8,base,fz,bias2,0.07795459,n=6400_bz=1.0_cv1=0.8_p=1_q=8_20251025-052828
6400,1.0,0.8,1,8,base,fz,var,0.0,n=6400_bz=1.0_cv1=0.8_p=1_q=8_20251025-052828
6400,1.0,0.8,1,8,base,fr,mspe,0.16726762,n=6400_bz=1.0_cv1=0.8_p=1_q=8_20251025-052828
6400,1.0,0.8,1,8,base,fr,bias2,0.16609041,n=6400_bz=1.0_cv1=0.8_p=1_q=8_20251025-052828
6400,1.0,0.8,1,8,base,fr,var,0.0011772162,n=6400_bz=1.0_cv1=0.8_p=1_q=8_20251025-052828
6400,1.0,0.8,1,8,posthoc,y,mspe,1.0065467,n=6400_bz=1.0_cv1=0.8_p=1_q=8_20251025-052828
6400,1.0,0.8,1,8,posthoc,y,bias2,1.0045073,n=6400_bz=1.0_cv1=0.8_p=1_q=8_20251025-052828
6400,1.0,0.8,1,8,posthoc,y,var,0.0020393254,n=6400_bz=1.0_cv1=0.8_p=1_q=8_20251025-052828
6400,1.0,0.8,1,8,posthoc,fx,mspe,0.007938019,n=6400_bz=1.0_cv1=0.8_p=1_q=8_20251025-052828
6400,1.0,0.8,1,8,posthoc,fx,bias2,0.0008501692,n=6400_bz=1.0_cv1=0.8_p=1_q=8_20251025-052828
6400,1.0,0.8,1,8,posthoc,fx,var,0.0070878495,n=6400_bz=1.0_cv1=0.8_p=1_q=8_20251025-052828
6400,1.0,0.8,1,8,posthoc,fz,mspe,0.006426113,n=6400_bz=1.0_cv1=0.8_p=1_q=8_20251025-052828
6400,1.0,0.8,1,8,posthoc,fz,bias2,0.00050941383,n=6400_bz=1.0_cv1=0.8_p=1_q=8_20251025-052828
6400,1.0,0.8,1,8,posthoc,fz,var,0.0059166993,n=6400_bz=1.0_cv1=0.8_p=1_q=8_20251025-052828
6400,1.0,0.8,1,8,posthoc,fr,mspe,0.034146022,n=6400_bz=1.0_cv1=0.8_p=1_q=8_20251025-052828
6400,1.0,0.8,1,8,posthoc,fr,bias2,0.027058173,n=6400_bz=1.0_cv1=0.8_p=1_q=8_20251025-052828
6400,1.0,0.8,1,8,posthoc,fr,var,0.0070878495,n=6400_bz=1.0_cv1=0.8_p=1_q=8_20251025-052828
6400,1.0,0.8,1,8,posthoc_orth,y,mspe,1.0065256,n=6400_bz=1.0_cv1=0.8_p=1_q=8_20251025-052828
6400,1.0,0.8,1,8,posthoc_orth,y,bias2,1.0044802,n=6400_bz=1.0_cv1=0.8_p=1_q=8_20251025-052828
6400,1.0,0.8,1,8,posthoc_orth,y,var,0.0020453292,n=6400_bz=1.0_cv1=0.8_p=1_q=8_20251025-052828
6400,1.0,0.8,1,8,posthoc_orth,fx,mspe,0.021249102,n=6400_bz=1.0_cv1=0.8_p=1_q=8_20251025-052828
6400,1.0,0.8,1,8,posthoc_orth,fx,bias2,0.0198146,n=6400_bz=1.0_cv1=0.8_p=1_q=8_20251025-052828
6400,1.0,0.8,1,8,posthoc_orth,fx,var,0.0014345028,n=6400_bz=1.0_cv1=0.8_p=1_q=8_20251025-052828
6400,1.0,0.8,1,8,posthoc_orth,fz,mspe,0.020313092,n=6400_bz=1.0_cv1=0.8_p=1_q=8_20251025-052828
6400,1.0,0.8,1,8,posthoc_orth,fz,bias2,0.019969955,n=6400_bz=1.0_cv1=0.8_p=1_q=8_20251025-052828
6400,1.0,0.8,1,8,posthoc_orth,fz,var,0.00034313468,n=6400_bz=1.0_cv1=0.8_p=1_q=8_20251025-052828
6400,1.0,0.8,1,8,posthoc_orth,fr,mspe,0.0017001728,n=6400_bz=1.0_cv1=0.8_p=1_q=8_20251025-052828
6400,1.0,0.8,1,8,posthoc_orth,fr,bias2,0.00026567007,n=6400_bz=1.0_cv1=0.8_p=1_q=8_20251025-052828
6400,1.0,0.8,1,8,posthoc_orth,fr,var,0.0014345028,n=6400_bz=1.0_cv1=0.8_p=1_q=8_20251025-052828
6400,1.0,0.8,1,8,posthoc_web,y,mspe,1.2149985,n=6400_bz=1.0_cv1=0.8_p=1_q=8_20251025-052828
6400,1.0,0.8,1,8,posthoc_web,y,bias2,1.2136275,n=6400_bz=1.0_cv1=0.8_p=1_q=8_20251025-052828
6400,1.0,0.8,1,8,posthoc_web,y,var,0.0013709952,n=6400_bz=1.0_cv1=0.8_p=1_q=8_20251025-052828
6400,1.0,0.8,1,8,posthoc_web,fx,mspe,0.025448171,n=6400_bz=1.0_cv1=0.8_p=1_q=8_20251025-052828
6400,1.0,0.8,1,8,posthoc_web,fx,bias2,0.024553169,n=6400_bz=1.0_cv1=0.8_p=1_q=8_20251025-052828
6400,1.0,0.8,1,8,posthoc_web,fx,var,0.0008950045,n=6400_bz=1.0_cv1=0.8_p=1_q=8_20251025-052828
6400,1.0,0.8,1,8,posthoc_web,fz,mspe,0.07795459,n=6400_bz=1.0_cv1=0.8_p=1_q=8_20251025-052828
6400,1.0,0.8,1,8,posthoc_web,fz,bias2,0.07795459,n=6400_bz=1.0_cv1=0.8_p=1_q=8_20251025-052828
6400,1.0,0.8,1,8,posthoc_web,fz,var,0.0,n=6400_bz=1.0_cv1=0.8_p=1_q=8_20251025-052828
6400,1.0,0.8,1,8,posthoc_web,fr,mspe,0.0055958726,n=6400_bz=1.0_cv1=0.8_p=1_q=8_20251025-052828
6400,1.0,0.8,1,8,posthoc_web,fr,bias2,0.0047008684,n=6400_bz=1.0_cv1=0.8_p=1_q=8_20251025-052828
6400,1.0,0.8,1,8,posthoc_web,fr,var,0.0008950045,n=6400_bz=1.0_cv1=0.8_p=1_q=8_20251025-052828
800,1.0,0.8,1,1024,base,y,mspe,1.0260897,n=800_bz=1.0_cv1=0.8_p=1_q=1024_20251025-040428
800,1.0,0.8,1,1024,base,y,bias2,1.0174929,n=800_bz=1.0_cv1=0.8_p=1_q=1024_20251025-040428
800,1.0,0.8,1,1024,base,y,var,0.00859676,n=800_bz=1.0_cv1=0.8_p=1_q=1024_20251025-040428
800,1.0,0.8,1,1024,base,fx,mspe,0.078065984,n=800_bz=1.0_cv1=0.8_p=1_q=1024_20251025-040428
800,1.0,0.8,1,1024,base,fx,bias2,0.07067218,n=800_bz=1.0_cv1=0.8_p=1_q=1024_20251025-040428
800,1.0,0.8,1,1024,base,fx,var,0.007393805,n=800_bz=1.0_cv1=0.8_p=1_q=1024_20251025-040428
800,1.0,0.8,1,1024,base,fz,mspe,0.07795459,n=800_bz=1.0_cv1=0.8_p=1_q=1024_20251025-040428
800,1.0,0.8,1,1024,base,fz,bias2,0.07795459,n=800_bz=1.0_cv1=0.8_p=1_q=1024_20251025-040428
800,1.0,0.8,1,1024,base,fz,var,0.0,n=800_bz=1.0_cv1=0.8_p=1_q=1024_20251025-040428
800,1.0,0.8,1,1024,base,fr,mspe,0.1691353,n=800_bz=1.0_cv1=0.8_p=1_q=1024_20251025-040428
800,1.0,0.8,1,1024,base,fr,bias2,0.16174151,n=800_bz=1.0_cv1=0.8_p=1_q=1024_20251025-040428
800,1.0,0.8,1,1024,base,fr,var,0.007393805,n=800_bz=1.0_cv1=0.8_p=1_q=1024_20251025-040428
800,1.0,0.8,1,1024,posthoc,y,mspe,1.0344801,n=800_bz=1.0_cv1=0.8_p=1_q=1024_20251025-040428
800,1.0,0.8,1,1024,posthoc,y,bias2,1.0257021,n=800_bz=1.0_cv1=0.8_p=1_q=1024_20251025-040428
800,1.0,0.8,1,1024,posthoc,y,var,0.008777879,n=800_bz=1.0_cv1=0.8_p=1_q=1024_20251025-040428
800,1.0,0.8,1,1024,posthoc,fx,mspe,0.030018842,n=800_bz=1.0_cv1=0.8_p=1_q=1024_20251025-040428
800,1.0,0.8,1,1024,posthoc,fx,bias2,0.022657085,n=800_bz=1.0_cv1=0.8_p=1_q=1024_20251025-040428
800,1.0,0.8,1,1024,posthoc,fx,var,0.007361757,n=800_bz=1.0_cv1=0.8_p=1_q=1024_20251025-040428
800,1.0,0.8,1,1024,posthoc,fz,mspe,0.05027705,n=800_bz=1.0_cv1=0.8_p=1_q=1024_20251025-040428
800,1.0,0.8,1,1024,posthoc,fz,bias2,0.04941577,n=800_bz=1.0_cv1=0.8_p=1_q=1024_20251025-040428
800,1.0,0.8,1,1024,posthoc,fz,var,0.0008612814,n=800_bz=1.0_cv1=0.8_p=1_q=1024_20251025-040428
800,1.0,0.8,1,1024,posthoc,fr,mspe,0.08312242,n=800_bz=1.0_cv1=0.8_p=1_q=1024_20251025-040428
800,1.0,0.8,1,1024,posthoc,fr,bias2,0.07576066,n=800_bz=1.0_cv1=0.8_p=1_q=1024_20251025-040428
800,1.0,0.8,1,1024,posthoc,fr,var,0.007361757,n=800_bz=1.0_cv1=0.8_p=1_q=1024_20251025-040428
800,1.0,0.8,1,1024,posthoc_orth,y,mspe,1.0344667,n=800_bz=1.0_cv1=0.8_p=1_q=1024_20251025-040428
800,1.0,0.8,1,1024,posthoc_orth,y,bias2,1.0258248,n=800_bz=1.0_cv1=0.8_p=1_q=1024_20251025-040428
800,1.0,0.8,1,1024,posthoc_orth,y,var,0.008642051,n=800_bz=1.0_cv1=0.8_p=1_q=1024_20251025-040428
800,1.0,0.8,1,1024,posthoc_orth,fx,mspe,0.03172749,n=800_bz=1.0_cv1=0.8_p=1_q=1024_20251025-040428
800,1.0,0.8,1,1024,posthoc_orth,fx,bias2,0.027053036,n=800_bz=1.0_cv1=0.8_p=1_q=1024_20251025-040428
800,1.0,0.8,1,1024,posthoc_orth,fx,var,0.0046744538,n=800_bz=1.0_cv1=0.8_p=1_q=1024_20251025-040428
800,1.0,0.8,1,1024,posthoc_orth,fz,mspe,0.0041959845,n=800_bz=1.0_cv1=0.8_p=1_q=1024_20251025-040428
800,1.0,0.8,1,1024,posthoc_orth,fz,bias2,0.0012204457,n=800_bz=1.0_cv1=0.8_p=1_q=1024_20251025-040428
800,1.0,0.8,1,1024,posthoc_orth,fz,var,0.002975539,n=800_bz=1.0_cv1=0.8_p=1_q=1024_20251025-040428
800,1.0,0.8,1,1024,posthoc_orth,fr,mspe,0.0129212905,n=800_bz=1.0_cv1=0.8_p=1_q=1024_20251025-040428
800,1.0,0.8,1,1024,posthoc_orth,fr,bias2,0.008246836,n=800_bz=1.0_cv1=0.8_p=1_q=1024_20251025-040428
800,1.0,0.8,1,1024,posthoc_orth,fr,var,0.0046744538,n=800_bz=1.0_cv1=0.8_p=1_q=1024_20251025-040428
800,1.0,0.8,1,1024,posthoc_web,y,mspe,1.2193543,n=800_bz=1.0_cv1=0.8_p=1_q=1024_20251025-040428
800,1.0,0.8,1,1024,posthoc_web,y,bias2,1.212078,n=800_bz=1.0_cv1=0.8_p=1_q=1024_20251025-040428
800,1.0,0.8,1,1024,posthoc_web,y,var,0.007276441,n=800_bz=1.0_cv1=0.8_p=1_q=1024_20251025-040428
800,1.0,0.8,1,1024,posthoc_web,fx,mspe,0.029719915,n=800_bz=1.0_cv1=0.8_p=1_q=1024_20251025-040428
800,1.0,0.8,1,1024,posthoc_web,fx,bias2,0.02437948,n=800_bz=1.0_cv1=0.8_p=1_q=1024_20251025-040428
800,1.0,0.8,1,1024,posthoc_web,fx,var,0.0053404393,n=800_bz=1.0_cv1=0.8_p=1_q=1024_20251025-040428
800,1.0,0.8,1,1024,posthoc_web,fz,mspe,0.07795459,n=800_bz=1.0_cv1=0.8_p=1_q=1024_20251025-040428
800,1.0,0.8,1,1024,posthoc_web,fz,bias2,0.07795459,n=800_bz=1.0_cv1=0.8_p=1_q=1024_20251025-040428
800,1.0,0.8,1,1024,posthoc_web,fz,var,0.0,n=800_bz=1.0_cv1=0.8_p=1_q=1024_20251025-040428
800,1.0,0.8,1,1024,posthoc_web,fr,mspe,0.010285388,n=800_bz=1.0_cv1=0.8_p=1_q=1024_20251025-040428
800,1.0,0.8,1,1024,posthoc_web,fr,bias2,0.004944949,n=800_bz=1.0_cv1=0.8_p=1_q=1024_20251025-040428
800,1.0,0.8,1,1024,posthoc_web,fr,var,0.0053404393,n=800_bz=1.0_cv1=0.8_p=1_q=1024_20251025-040428
800,1.0,0.8,1,128,base,y,mspe,1.0256017,n=800_bz=1.0_cv1=0.8_p=1_q=128_20251025-035058
800,1.0,0.8,1,128,base,y,bias2,1.0178238,n=800_bz=1.0_cv1=0.8_p=1_q=128_20251025-035058
800,1.0,0.8,1,128,base,y,var,0.0077779167,n=800_bz=1.0_cv1=0.8_p=1_q=128_20251025-035058
800,1.0,0.8,1,128,base,fx,mspe,0.07594215,n=800_bz=1.0_cv1=0.8_p=1_q=128_20251025-035058
800,1.0,0.8,1,128,base,fx,bias2,0.06932631,n=800_bz=1.0_cv1=0.8_p=1_q=128_20251025-035058
800,1.0,0.8,1,128,base,fx,var,0.006615834,n=800_bz=1.0_cv1=0.8_p=1_q=128_20251025-035058
800,1.0,0.8,1,128,base,fz,mspe,0.07795459,n=800_bz=1.0_cv1=0.8_p=1_q=128_20251025-035058
800,1.0,0.8,1,128,base,fz,bias2,0.07795459,n=800_bz=1.0_cv1=0.8_p=1_q=128_20251025-035058
800,1.0,0.8,1,128,base,fz,var,0.0,n=800_bz=1.0_cv1=0.8_p=1_q=128_20251025-035058
800,1.0,0.8,1,128,base,fr,mspe,0.16626225,n=800_bz=1.0_cv1=0.8_p=1_q=128_20251025-035058
800,1.0,0.8,1,128,base,fr,bias2,0.15964642,n=800_bz=1.0_cv1=0.8_p=1_q=128_20251025-035058
800,1.0,0.8,1,128,base,fr,var,0.006615834,n=800_bz=1.0_cv1=0.8_p=1_q=128_20251025-035058
800,1.0,0.8,1,128,posthoc,y,mspe,1.0205243,n=800_bz=1.0_cv1=0.8_p=1_q=128_20251025-035058
800,1.0,0.8,1,128,posthoc,y,bias2,1.0106783,n=800_bz=1.0_cv1=0.8_p=1_q=128_20251025-035058
800,1.0,0.8,1,128,posthoc,y,var,0.009846043,n=800_bz=1.0_cv1=0.8_p=1_q=128_20251025-035058
800,1.0,0.8,1,128,posthoc,fx,mspe,0.046538502,n=800_bz=1.0_cv1=0.8_p=1_q=128_20251025-035058
800,1.0,0.8,1,128,posthoc,fx,bias2,0.02476683,n=800_bz=1.0_cv1=0.8_p=1_q=128_20251025-035058
800,1.0,0.8,1,128,posthoc,fx,var,0.021771671,n=800_bz=1.0_cv1=0.8_p=1_q=128_20251025-035058
800,1.0,0.8,1,128,posthoc,fz,mspe,0.043262642,n=800_bz=1.0_cv1=0.8_p=1_q=128_20251025-035058
800,1.0,0.8,1,128,posthoc,fz,bias2,0.02749775,n=800_bz=1.0_cv1=0.8_p=1_q=128_20251025-035058
800,1.0,0.8,1,128,posthoc,fz,var,0.01576489,n=800_bz=1.0_cv1=0.8_p=1_q=128_20251025-035058
800,1.0,0.8,1,128,posthoc,fr,mspe,0.10738063,n=800_bz=1.0_cv1=0.8_p=1_q=128_20251025-035058
800,1.0,0.8,1,128,posthoc,fr,bias2,0.08560896,n=800_bz=1.0_cv1=0.8_p=1_q=128_20251025-035058
800,1.0,0.8,1,128,posthoc,fr,var,0.021771671,n=800_bz=1.0_cv1=0.8_p=1_q=128_20251025-035058
800,1.0,0.8,1,128,posthoc_orth,y,mspe,1.0203297,n=800_bz=1.0_cv1=0.8_p=1_q=128_20251025-035058
800,1.0,0.8,1,128,posthoc_orth,y,bias2,1.0104148,n=800_bz=1.0_cv1=0.8_p=1_q=128_20251025-035058
800,1.0,0.8,1,128,posthoc_orth,y,var,0.009914829,n=800_bz=1.0_cv1=0.8_p=1_q=128_20251025-035058
800,1.0,0.8,1,128,posthoc_orth,fx,mspe,0.02831546,n=800_bz=1.0_cv1=0.8_p=1_q=128_20251025-035058
800,1.0,0.8,1,128,posthoc_orth,fx,bias2,0.021964187,n=800_bz=1.0_cv1=0.8_p=1_q=128_20251025-035058
800,1.0,0.8,1,128,posthoc_orth,fx,var,0.006351274,n=800_bz=1.0_cv1=0.8_p=1_q=128_20251025-035058
800,1.0,0.8,1,128,posthoc_orth,fz,mspe,0.01770766,n=800_bz=1.0_cv1=0.8_p=1_q=128_20251025-035058
800,1.0,0.8,1,128,posthoc_orth,fz,bias2,0.014850791,n=800_bz=1.0_cv1=0.8_p=1_q=128_20251025-035058
800,1.0,0.8,1,128,posthoc_orth,fz,var,0.002856869,n=800_bz=1.0_cv1=0.8_p=1_q=128_20251025-035058
800,1.0,0.8,1,128,posthoc_orth,fr,mspe,0.009144169,n=800_bz=1.0_cv1=0.8_p=1_q=128_20251025-035058
800,1.0,0.8,1,128,posthoc_orth,fr,bias2,0.002792896,n=800_bz=1.0_cv1=0.8_p=1_q=128_20251025-035058
800,1.0,0.8,1,128,posthoc_orth,fr,var,0.006351274,n=800_bz=1.0_cv1=0.8_p=1_q=128_20251025-035058
800,1.0,0.8,1,128,posthoc_web,y,mspe,1.2192942,n=800_bz=1.0_cv1=0.8_p=1_q=128_20251025-035058
800,1.0,0.8,1,128,posthoc_web,y,bias2,1.2124722,n=800_bz=1.0_cv1=0.8_p=1_q=128_20251025-035058
800,1.0,0.8,1,128,posthoc_web,y,var,0.0068218824,n=800_bz=1.0_cv1=0.8_p=1_q=128_20251025-035058
800,1.0,0.8,1,128,posthoc_web,fx,mspe,0.029399134,n=800_bz=1.0_cv1=0.8_p=1_q=128_20251025-035058
800,1.0,0.8,1,128,posthoc_web,fx,bias2,0.024505643,n=800_bz=1.0_cv1=0.8_p=1_q=128_20251025-035058
800,1.0,0.8,1,128,posthoc_web,fx,var,0.0048934906,n=800_bz=1.0_cv1=0.8_p=1_q=128_20251025-035058
800,1.0,0.8,1,128,posthoc_web,fz,mspe,0.07795459,n=800_bz=1.0_cv1=0.8_p=1_q=128_20251025-035058
800,1.0,0.8,1,128,posthoc_web,fz,bias2,0.07795459,n=800_bz=1.0_cv1=0.8_p=1_q=128_20251025-035058
800,1.0,0.8,1,128,posthoc_web,fz,var,0.0,n=800_bz=1.0_cv1=0.8_p=1_q=128_20251025-035058
800,1.0,0.8,1,128,posthoc_web,fr,mspe,0.0098616,n=800_bz=1.0_cv1=0.8_p=1_q=128_20251025-035058
800,1.0,0.8,1,128,posthoc_web,fr,bias2,0.0049681086,n=800_bz=1.0_cv1=0.8_p=1_q=128_20251025-035058
800,1.0,0.8,1,128,posthoc_web,fr,var,0.0048934906,n=800_bz=1.0_cv1=0.8_p=1_q=128_20251025-035058
800,1.0,0.8,1,16,base,y,mspe,1.0253555,n=800_bz=1.0_cv1=0.8_p=1_q=16_20251025-034037
800,1.0,0.8,1,16,base,y,bias2,1.0179763,n=800_bz=1.0_cv1=0.8_p=1_q=16_20251025-034037
800,1.0,0.8,1,16,base,y,var,0.0073791575,n=800_bz=1.0_cv1=0.8_p=1_q=16_20251025-034037
800,1.0,0.8,1,16,base,fx,mspe,0.075682476,n=800_bz=1.0_cv1=0.8_p=1_q=16_20251025-034037
800,1.0,0.8,1,16,base,fx,bias2,0.06950333,n=800_bz=1.0_cv1=0.8_p=1_q=16_20251025-034037
800,1.0,0.8,1,16,base,fx,var,0.006179151,n=800_bz=1.0_cv1=0.8_p=1_q=16_20251025-034037
800,1.0,0.8,1,16,base,fz,mspe,0.07795459,n=800_bz=1.0_cv1=0.8_p=1_q=16_20251025-034037
800,1.0,0.8,1,16,base,fz,bias2,0.07795459,n=800_bz=1.0_cv1=0.8_p=1_q=16_20251025-034037
800,1.0,0.8,1,16,base,fz,var,0.0,n=800_bz=1.0_cv1=0.8_p=1_q=16_20251025-034037
800,1.0,0.8,1,16,base,fr,mspe,0.16601309,n=800_bz=1.0_cv1=0.8_p=1_q=16_20251025-034037
800,1.0,0.8,1,16,base,fr,bias2,0.15983392,n=800_bz=1.0_cv1=0.8_p=1_q=16_20251025-034037
800,1.0,0.8,1,16,base,fr,var,0.006179151,n=800_bz=1.0_cv1=0.8_p=1_q=16_20251025-034037
800,1.0,0.8,1,16,posthoc,y,mspe,1.020176,n=800_bz=1.0_cv1=0.8_p=1_q=16_20251025-034037
800,1.0,0.8,1,16,posthoc,y,bias2,1.0101902,n=800_bz=1.0_cv1=0.8_p=1_q=16_20251025-034037
800,1.0,0.8,1,16,posthoc,y,var,0.009985847,n=800_bz=1.0_cv1=0.8_p=1_q=16_20251025-034037
800,1.0,0.8,1,16,posthoc,fx,mspe,0.049472075,n=800_bz=1.0_cv1=0.8_p=1_q=16_20251025-034037
800,1.0,0.8,1,16,posthoc,fx,bias2,0.02303699,n=800_bz=1.0_cv1=0.8_p=1_q=16_20251025-034037
800,1.0,0.8,1,16,posthoc,fx,var,0.026435083,n=800_bz=1.0_cv1=0.8_p=1_q=16_20251025-034037
800,1.0,0.8,1,16,posthoc,fz,mspe,0.044043504,n=800_bz=1.0_cv1=0.8_p=1_q=16_20251025-034037
800,1.0,0.8,1,16,posthoc,fz,bias2,0.021859452,n=800_bz=1.0_cv1=0.8_p=1_q=16_20251025-034037
800,1.0,0.8,1,16,posthoc,fz,var,0.022184052,n=800_bz=1.0_cv1=0.8_p=1_q=16_20251025-034037
800,1.0,0.8,1,16,posthoc,fr,mspe,0.10907251,n=800_bz=1.0_cv1=0.8_p=1_q=16_20251025-034037
800,1.0,0.8,1,16,posthoc,fr,bias2,0.082637414,n=800_bz=1.0_cv1=0.8_p=1_q=16_20251025-034037
800,1.0,0.8,1,16,posthoc,fr,var,0.026435083,n=800_bz=1.0_cv1=0.8_p=1_q=16_20251025-034037
800,1.0,0.8,1,16,posthoc_orth,y,mspe,1.0203295,n=800_bz=1.0_cv1=0.8_p=1_q=16_20251025-034037
800,1.0,0.8,1,16,posthoc_orth,y,bias2,1.0105338,n=800_bz=1.0_cv1=0.8_p=1_q=16_20251025-034037
800,1.0,0.8,1,16,posthoc_orth,y,var,0.0097956695,n=800_bz=1.0_cv1=0.8_p=1_q=16_20251025-034037
800,1.0,0.8,1,16,posthoc_orth,fx,mspe,0.02795143,n=800_bz=1.0_cv1=0.8_p=1_q=16_20251025-034037
800,1.0,0.8,1,16,posthoc_orth,fx,bias2,0.02186843,n=800_bz=1.0_cv1=0.8_p=1_q=16_20251025-034037
800,1.0,0.8,1,16,posthoc_orth,fx,var,0.0060830023,n=800_bz=1.0_cv1=0.8_p=1_q=16_20251025-034037
800,1.0,0.8,1,16,posthoc_orth,fz,mspe,0.021122035,n=800_bz=1.0_cv1=0.8_p=1_q=16_20251025-034037
800,1.0,0.8,1,16,posthoc_orth,fz,bias2,0.018062398,n=800_bz=1.0_cv1=0.8_p=1_q=16_20251025-034037
800,1.0,0.8,1,16,posthoc_orth,fz,var,0.003059637,n=800_bz=1.0_cv1=0.8_p=1_q=16_20251025-034037
800,1.0,0.8,1,16,posthoc_orth,fr,mspe,0.0086750975,n=800_bz=1.0_cv1=0.8_p=1_q=16_20251025-034037
800,1.0,0.8,1,16,posthoc_orth,fr,bias2,0.0025920954,n=800_bz=1.0_cv1=0.8_p=1_q=16_20251025-034037
800,1.0,0.8,1,16,posthoc_orth,fr,var,0.0060830023,n=800_bz=1.0_cv1=0.8_p=1_q=16_20251025-034037
800,1.0,0.8,1,16,posthoc_web,y,mspe,1.2190058,n=800_bz=1.0_cv1=0.8_p=1_q=16_20251025-034037
800,1.0,0.8,1,16,posthoc_web,y,bias2,1.21263,n=800_bz=1.0_cv1=0.8_p=1_q=16_20251025-034037
800,1.0,0.8,1,16,posthoc_web,y,var,0.0063758697,n=800_bz=1.0_cv1=0.8_p=1_q=16_20251025-034037
800,1.0,0.8,1,16,posthoc_web,fx,mspe,0.029068409,n=800_bz=1.0_cv1=0.8_p=1_q=16_20251025-034037
800,1.0,0.8,1,16,posthoc_web,fx,bias2,0.024663692,n=800_bz=1.0_cv1=0.8_p=1_q=16_20251025-034037
800,1.0,0.8,1,16,posthoc_web,fx,var,0.004404719,n=800_bz=1.0_cv1=0.8_p=1_q=16_20251025-034037
800,1.0,0.8,1,16,posthoc_web,fz,mspe,0.07795459,n=800_bz=1.0_cv1=0.8_p=1_q=16_20251025-034037
800,1.0,0.8,1,16,posthoc_web,fz,bias2,0.07795459,n=800_bz=1.0_cv1=0.8_p=1_q=16_20251025-034037
800,1.0,0.8,1,16,posthoc_web,fz,var,0.0,n=800_bz=1.0_cv1=0.8_p=1_q=16_20251025-034037
800,1.0,0.8,1,16,posthoc_web,fr,mspe,0.00953012,n=800_bz=1.0_cv1=0.8_p=1_q=16_20251025-034037
800,1.0,0.8,1,16,posthoc_web,fr,bias2,0.005125401,n=800_bz=1.0_cv1=0.8_p=1_q=16_20251025-034037
800,1.0,0.8,1,16,posthoc_web,fr,var,0.004404719,n=800_bz=1.0_cv1=0.8_p=1_q=16_20251025-034037
800,1.0,0.8,1,256,base,y,mspe,1.0261136,n=800_bz=1.0_cv1=0.8_p=1_q=256_20251025-035426
800,1.0,0.8,1,256,base,y,bias2,1.0176294,n=800_bz=1.0_cv1=0.8_p=1_q=256_20251025-035426
800,1.0,0.8,1,256,base,y,var,0.008484182,n=800_bz=1.0_cv1=0.8_p=1_q=256_20251025-035426
800,1.0,0.8,1,256,base,fx,mspe,0.079066835,n=800_bz=1.0_cv1=0.8_p=1_q=256_20251025-035426
800,1.0,0.8,1,256,base,fx,bias2,0.07169202,n=800_bz=1.0_cv1=0.8_p=1_q=256_20251025-035426
800,1.0,0.8,1,256,base,fx,var,0.007374814,n=800_bz=1.0_cv1=0.8_p=1_q=256_20251025-035426
800,1.0,0.8,1,256,base,fz,mspe,0.07795459,n=800_bz=1.0_cv1=0.8_p=1_q=256_20251025-035426
800,1.0,0.8,1,256,base,fz,bias2,0.07795459,n=800_bz=1.0_cv1=0.8_p=1_q=256_20251025-035426
800,1.0,0.8,1,256,base,fz,var,0.0,n=800_bz=1.0_cv1=0.8_p=1_q=256_20251025-035426
800,1.0,0.8,1,256,base,fr,mspe,0.17057395,n=800_bz=1.0_cv1=0.8_p=1_q=256_20251025-035426
800,1.0,0.8,1,256,base,fr,bias2,0.16319914,n=800_bz=1.0_cv1=0.8_p=1_q=256_20251025-035426
800,1.0,0.8,1,256,base,fr,var,0.007374814,n=800_bz=1.0_cv1=0.8_p=1_q=256_20251025-035426
800,1.0,0.8,1,256,posthoc,y,mspe,1.0217531,n=800_bz=1.0_cv1=0.8_p=1_q=256_20251025-035426
800,1.0,0.8,1,256,posthoc,y,bias2,1.0115741,n=800_bz=1.0_cv1=0.8_p=1_q=256_20251025-035426
800,1.0,0.8,1,256,posthoc,y,var,0.0101791,n=800_bz=1.0_cv1=0.8_p=1_q=256_20251025-035426
800,1.0,0.8,1,256,posthoc,fx,mspe,0.04421737,n=800_bz=1.0_cv1=0.8_p=1_q=256_20251025-035426
800,1.0,0.8,1,256,posthoc,fx,bias2,0.023983527,n=800_bz=1.0_cv1=0.8_p=1_q=256_20251025-035426
800,1.0,0.8,1,256,posthoc,fx,var,0.020233845,n=800_bz=1.0_cv1=0.8_p=1_q=256_20251025-035426
800,1.0,0.8,1,256,posthoc,fz,mspe,0.046360373,n=800_bz=1.0_cv1=0.8_p=1_q=256_20251025-035426
800,1.0,0.8,1,256,posthoc,fz,bias2,0.031363215,n=800_bz=1.0_cv1=0.8_p=1_q=256_20251025-035426
800,1.0,0.8,1,256,posthoc,fz,var,0.014997155,n=800_bz=1.0_cv1=0.8_p=1_q=256_20251025-035426
800,1.0,0.8,1,256,posthoc,fr,mspe,0.10369693,n=800_bz=1.0_cv1=0.8_p=1_q=256_20251025-035426
800,1.0,0.8,1,256,posthoc,fr,bias2,0.08346308,n=800_bz=1.0_cv1=0.8_p=1_q=256_20251025-035426
800,1.0,0.8,1,256,posthoc,fr,var,0.020233845,n=800_bz=1.0_cv1=0.8_p=1_q=256_20251025-035426
800,1.0,0.8,1,256,posthoc_orth,y,mspe,1.0221183,n=800_bz=1.0_cv1=0.8_p=1_q=256_20251025-035426
800,1.0,0.8,1,256,posthoc_orth,y,bias2,1.0120739,n=800_bz=1.0_cv1=0.8_p=1_q=256_20251025-035426
800,1.0,0.8,1,256,posthoc_orth,y,var,0.010044481,n=800_bz=1.0_cv1=0.8_p=1_q=256_20251025-035426
800,1.0,0.8,1,256,posthoc_orth,fx,mspe,0.029180707,n=800_bz=1.0_cv1=0.8_p=1_q=256_20251025-035426
800,1.0,0.8,1,256,posthoc_orth,fx,bias2,0.022753453,n=800_bz=1.0_cv1=0.8_p=1_q=256_20251025-035426
800,1.0,0.8,1,256,posthoc_orth,fx,var,0.006427252,n=800_bz=1.0_cv1=0.8_p=1_q=256_20251025-035426
800,1.0,0.8,1,256,posthoc_orth,fz,mspe,0.01362721,n=800_bz=1.0_cv1=0.8_p=1_q=256_20251025-035426
800,1.0,0.8,1,256,posthoc_orth,fz,bias2,0.010732177,n=800_bz=1.0_cv1=0.8_p=1_q=256_20251025-035426
800,1.0,0.8,1,256,posthoc_orth,fz,var,0.002895033,n=800_bz=1.0_cv1=0.8_p=1_q=256_20251025-035426
800,1.0,0.8,1,256,posthoc_orth,fr,mspe,0.01006456,n=800_bz=1.0_cv1=0.8_p=1_q=256_20251025-035426
800,1.0,0.8,1,256,posthoc_orth,fr,bias2,0.0036373085,n=800_bz=1.0_cv1=0.8_p=1_q=256_20251025-035426
800,1.0,0.8,1,256,posthoc_orth,fr,var,0.006427252,n=800_bz=1.0_cv1=0.8_p=1_q=256_20251025-035426
800,1.0,0.8,1,256,posthoc_web,y,mspe,1.219525,n=800_bz=1.0_cv1=0.8_p=1_q=256_20251025-035426
800,1.0,0.8,1,256,posthoc_web,y,bias2,1.2126238,n=800_bz=1.0_cv1=0.8_p=1_q=256_20251025-035426
800,1.0,0.8,1,256,posthoc_web,y,var,0.006901236,n=800_bz=1.0_cv1=0.8_p=1_q=256_20251025-035426
800,1.0,0.8,1,256,posthoc_web,fx,mspe,0.029702174,n=800_bz=1.0_cv1=0.8_p=1_q=256_20251025-035426
800,1.0,0.8,1,256,posthoc_web,fx,bias2,0.024675095,n=800_bz=1.0_cv1=0.8_p=1_q=256_20251025-035426
800,1.0,0.8,1,256,posthoc_web,fx,var,0.005027076,n=800_bz=1.0_cv1=0.8_p=1_q=256_20251025-035426
800,1.0,0.8,1,256,posthoc_web,fz,mspe,0.07795459,n=800_bz=1.0_cv1=0.8_p=1_q=256_20251025-035426
800,1.0,0.8,1,256,posthoc_web,fz,bias2,0.07795459,n=800_bz=1.0_cv1=0.8_p=1_q=256_20251025-035426
800,1.0,0.8,1,256,posthoc_web,fz,var,0.0,n=800_bz=1.0_cv1=0.8_p=1_q=256_20251025-035426
800,1.0,0.8,1,256,posthoc_web,fr,mspe,0.010185273,n=800_bz=1.0_cv1=0.8_p=1_q=256_20251025-035426
800,1.0,0.8,1,256,posthoc_web,fr,bias2,0.005158197,n=800_bz=1.0_cv1=0.8_p=1_q=256_20251025-035426
800,1.0,0.8,1,256,posthoc_web,fr,var,0.005027076,n=800_bz=1.0_cv1=0.8_p=1_q=256_20251025-035426
800,1.0,0.8,1,2,base,y,mspe,1.0256473,n=800_bz=1.0_cv1=0.8_p=1_q=2_20251025-033002
800,1.0,0.8,1,2,base,y,bias2,1.0183626,n=800_bz=1.0_cv1=0.8_p=1_q=2_20251025-033002
800,1.0,0.8,1,2,base,y,var,0.0072845872,n=800_bz=1.0_cv1=0.8_p=1_q=2_20251025-033002
800,1.0,0.8,1,2,base,fx,mspe,0.072960414,n=800_bz=1.0_cv1=0.8_p=1_q=2_20251025-033002
800,1.0,0.8,1,2,base,fx,bias2,0.066860035,n=800_bz=1.0_cv1=0.8_p=1_q=2_20251025-033002
800,1.0,0.8,1,2,base,fx,var,0.006100375,n=800_bz=1.0_cv1=0.8_p=1_q=2_20251025-033002
800,1.0,0.8,1,2,base,fz,mspe,0.07795459,n=800_bz=1.0_cv1=0.8_p=1_q=2_20251025-033002
800,1.0,0.8,1,2,base,fz,bias2,0.07795459,n=800_bz=1.0_cv1=0.8_p=1_q=2_20251025-033002
800,1.0,0.8,1,2,base,fz,var,0.0,n=800_bz=1.0_cv1=0.8_p=1_q=2_20251025-033002
800,1.0,0.8,1,2,base,fr,mspe,0.1617887,n=800_bz=1.0_cv1=0.8_p=1_q=2_20251025-033002
800,1.0,0.8,1,2,base,fr,bias2,0.15568833,n=800_bz=1.0_cv1=0.8_p=1_q=2_20251025-033002
800,1.0,0.8,1,2,base,fr,var,0.006100375,n=800_bz=1.0_cv1=0.8_p=1_q=2_20251025-033002
800,1.0,0.8,1,2,posthoc,y,mspe,1.021914,n=800_bz=1.0_cv1=0.8_p=1_q=2_20251025-033002
800,1.0,0.8,1,2,posthoc,y,bias2,1.0124973,n=800_bz=1.0_cv1=0.8_p=1_q=2_20251025-033002
800,1.0,0.8,1,2,posthoc,y,var,0.009416792,n=800_bz=1.0_cv1=0.8_p=1_q=2_20251025-033002
800,1.0,0.8,1,2,posthoc,fx,mspe,0.05628237,n=800_bz=1.0_cv1=0.8_p=1_q=2_20251025-033002
800,1.0,0.8,1,2,posthoc,fx,bias2,0.038382817,n=800_bz=1.0_cv1=0.8_p=1_q=2_20251025-033002
800,1.0,0.8,1,2,posthoc,fx,var,0.017899552,n=800_bz=1.0_cv1=0.8_p=1_q=2_20251025-033002
800,1.0,0.8,1,2,posthoc,fz,mspe,0.0486602,n=800_bz=1.0_cv1=0.8_p=1_q=2_20251025-033002
800,1.0,0.8,1,2,posthoc,fz,bias2,0.035634093,n=800_bz=1.0_cv1=0.8_p=1_q=2_20251025-033002
800,1.0,0.8,1,2,posthoc,fz,var,0.013026103,n=800_bz=1.0_cv1=0.8_p=1_q=2_20251025-033002
800,1.0,0.8,1,2,posthoc,fr,mspe,0.12783115,n=800_bz=1.0_cv1=0.8_p=1_q=2_20251025-033002
800,1.0,0.8,1,2,posthoc,fr,bias2,0.1099316,n=800_bz=1.0_cv1=0.8_p=1_q=2_20251025-033002
800,1.0,0.8,1,2,posthoc,fr,var,0.017899552,n=800_bz=1.0_cv1=0.8_p=1_q=2_20251025-033002
800,1.0,0.8,1,2,posthoc_orth,y,mspe,1.0219728,n=800_bz=1.0_cv1=0.8_p=1_q=2_20251025-033002
800,1.0,0.8,1,2,posthoc_orth,y,bias2,1.0125833,n=800_bz=1.0_cv1=0.8_p=1_q=2_20251025-033002
800,1.0,0.8,1,2,posthoc_orth,y,var,0.009389428,n=800_bz=1.0_cv1=0.8_p=1_q=2_20251025-033002
800,1.0,0.8,1,2,posthoc_orth,fx,mspe,0.02852896,n=800_bz=1.0_cv1=0.8_p=1_q=2_20251025-033002
800,1.0,0.8,1,2,posthoc_orth,fx,bias2,0.022887355,n=800_bz=1.0_cv1=0.8_p=1_q=2_20251025-033002
800,1.0,0.8,1,2,posthoc_orth,fx,var,0.0056416113,n=800_bz=1.0_cv1=0.8_p=1_q=2_20251025-033002
800,1.0,0.8,1,2,posthoc_orth,fz,mspe,0.021677133,n=800_bz=1.0_cv1=0.8_p=1_q=2_20251025-033002
800,1.0,0.8,1,2,posthoc_orth,fz,bias2,0.018578103,n=800_bz=1.0_cv1=0.8_p=1_q=2_20251025-033002
800,1.0,0.8,1,2,posthoc_orth,fz,var,0.003099031,n=800_bz=1.0_cv1=0.8_p=1_q=2_20251025-033002
800,1.0,0.8,1,2,posthoc_orth,fr,mspe,0.009300913,n=800_bz=1.0_cv1=0.8_p=1_q=2_20251025-033002
800,1.0,0.8,1,2,posthoc_orth,fr,bias2,0.0036593007,n=800_bz=1.0_cv1=0.8_p=1_q=2_20251025-033002
800,1.0,0.8,1,2,posthoc_orth,fr,var,0.0056416113,n=800_bz=1.0_cv1=0.8_p=1_q=2_20251025-033002
800,1.0,0.8,1,2,posthoc_web,y,mspe,1.2183783,n=800_bz=1.0_cv1=0.8_p=1_q=2_20251025-033002
800,1.0,0.8,1,2,posthoc_web,y,bias2,1.212222,n=800_bz=1.0_cv1=0.8_p=1_q=2_20251025-033002
800,1.0,0.8,1,2,posthoc_web,y,var,0.0061563104,n=800_bz=1.0_cv1=0.8_p=1_q=2_20251025-033002
800,1.0,0.8,1,2,posthoc_web,fx,mspe,0.02887879,n=800_bz=1.0_cv1=0.8_p=1_q=2_20251025-033002
800,1.0,0.8,1,2,posthoc_web,fx,bias2,0.024652291,n=800_bz=1.0_cv1=0.8_p=1_q=2_20251025-033002
800,1.0,0.8,1,2,posthoc_web,fx,var,0.0042265006,n=800_bz=1.0_cv1=0.8_p=1_q=2_20251025-033002
800,1.0,0.8,1,2,posthoc_web,fz,mspe,0.07795459,n=800_bz=1.0_cv1=0.8_p=1_q=2_20251025-033002
800,1.0,0.8,1,2,posthoc_web,fz,bias2,0.07795459,n=800_bz=1.0_cv1=0.8_p=1_q=2_20251025-033002
800,1.0,0.8,1,2,posthoc_web,fz,var,0.0,n=800_bz=1.0_cv1=0.8_p=1_q=2_20251025-033002
800,1.0,0.8,1,2,posthoc_web,fr,mspe,0.0094101,n=800_bz=1.0_cv1=0.8_p=1_q=2_20251025-033002
800,1.0,0.8,1,2,posthoc_web,fr,bias2,0.005183599,n=800_bz=1.0_cv1=0.8_p=1_q=2_20251025-033002
800,1.0,0.8,1,2,posthoc_web,fr,var,0.0042265006,n=800_bz=1.0_cv1=0.8_p=1_q=2_20251025-033002
800,1.0,0.8,1,32,base,y,mspe,1.025726,n=800_bz=1.0_cv1=0.8_p=1_q=32_20251025-034402
800,1.0,0.8,1,32,base,y,bias2,1.017805,n=800_bz=1.0_cv1=0.8_p=1_q=32_20251025-034402
800,1.0,0.8,1,32,base,y,var,0.007921001,n=800_bz=1.0_cv1=0.8_p=1_q=32_20251025-034402
800,1.0,0.8,1,32,base,fx,mspe,0.073992215,n=800_bz=1.0_cv1=0.8_p=1_q=32_20251025-034402
800,1.0,0.8,1,32,base,fx,bias2,0.067204885,n=800_bz=1.0_cv1=0.8_p=1_q=32_20251025-034402
800,1.0,0.8,1,32,base,fx,var,0.0067873327,n=800_bz=1.0_cv1=0.8_p=1_q=32_20251025-034402
800,1.0,0.8,1,32,base,fz,mspe,0.07795459,n=800_bz=1.0_cv1=0.8_p=1_q=32_20251025-034402
800,1.0,0.8,1,32,base,fz,bias2,0.07795459,n=800_bz=1.0_cv1=0.8_p=1_q=32_20251025-034402
800,1.0,0.8,1,32,base,fz,var,0.0,n=800_bz=1.0_cv1=0.8_p=1_q=32_20251025-034402
800,1.0,0.8,1,32,base,fr,mspe,0.16316628,n=800_bz=1.0_cv1=0.8_p=1_q=32_20251025-034402
800,1.0,0.8,1,32,base,fr,bias2,0.15637895,n=800_bz=1.0_cv1=0.8_p=1_q=32_20251025-034402
800,1.0,0.8,1,32,base,fr,var,0.0067873327,n=800_bz=1.0_cv1=0.8_p=1_q=32_20251025-034402
800,1.0,0.8,1,32,posthoc,y,mspe,1.0201994,n=800_bz=1.0_cv1=0.8_p=1_q=32_20251025-034402
800,1.0,0.8,1,32,posthoc,y,bias2,1.0097331,n=800_bz=1.0_cv1=0.8_p=1_q=32_20251025-034402
800,1.0,0.8,1,32,posthoc,y,var,0.010466278,n=800_bz=1.0_cv1=0.8_p=1_q=32_20251025-034402
800,1.0,0.8,1,32,posthoc,fx,mspe,0.04956981,n=800_bz=1.0_cv1=0.8_p=1_q=32_20251025-034402
800,1.0,0.8,1,32,posthoc,fx,bias2,0.021692814,n=800_bz=1.0_cv1=0.8_p=1_q=32_20251025-034402
800,1.0,0.8,1,32,posthoc,fx,var,0.027876996,n=800_bz=1.0_cv1=0.8_p=1_q=32_20251025-034402
800,1.0,0.8,1,32,posthoc,fz,mspe,0.04368786,n=800_bz=1.0_cv1=0.8_p=1_q=32_20251025-034402
800,1.0,0.8,1,32,posthoc,fz,bias2,0.02107192,n=800_bz=1.0_cv1=0.8_p=1_q=32_20251025-034402
800,1.0,0.8,1,32,posthoc,fz,var,0.02261594,n=800_bz=1.0_cv1=0.8_p=1_q=32_20251025-034402
800,1.0,0.8,1,32,posthoc,fr,mspe,0.10799263,n=800_bz=1.0_cv1=0.8_p=1_q=32_20251025-034402
800,1.0,0.8,1,32,posthoc,fr,bias2,0.080115624,n=800_bz=1.0_cv1=0.8_p=1_q=32_20251025-034402
800,1.0,0.8,1,32,posthoc,fr,var,0.027876996,n=800_bz=1.0_cv1=0.8_p=1_q=32_20251025-034402
800,1.0,0.8,1,32,posthoc_orth,y,mspe,1.0200322,n=800_bz=1.0_cv1=0.8_p=1_q=32_20251025-034402
800,1.0,0.8,1,32,posthoc_orth,y,bias2,1.0096725,n=800_bz=1.0_cv1=0.8_p=1_q=32_20251025-034402
800,1.0,0.8,1,32,posthoc_orth,y,var,0.010359735,n=800_bz=1.0_cv1=0.8_p=1_q=32_20251025-034402
800,1.0,0.8,1,32,posthoc_orth,fx,mspe,0.028163122,n=800_bz=1.0_cv1=0.8_p=1_q=32_20251025-034402
800,1.0,0.8,1,32,posthoc_orth,fx,bias2,0.021442527,n=800_bz=1.0_cv1=0.8_p=1_q=32_20251025-034402
800,1.0,0.8,1,32,posthoc_orth,fx,var,0.006720598,n=800_bz=1.0_cv1=0.8_p=1_q=32_20251025-034402
800,1.0,0.8,1,32,posthoc_orth,fz,mspe,0.020628389,n=800_bz=1.0_cv1=0.8_p=1_q=32_20251025-034402
800,1.0,0.8,1,32,posthoc_orth,fz,bias2,0.017631734,n=800_bz=1.0_cv1=0.8_p=1_q=32_20251025-034402
800,1.0,0.8,1,32,posthoc_orth,fz,var,0.002996653,n=800_bz=1.0_cv1=0.8_p=1_q=32_20251025-034402
800,1.0,0.8,1,32,posthoc_orth,fr,mspe,0.008964093,n=800_bz=1.0_cv1=0.8_p=1_q=32_20251025-034402
800,1.0,0.8,1,32,posthoc_orth,fr,bias2,0.0022434958,n=800_bz=1.0_cv1=0.8_p=1_q=32_20251025-034402
800,1.0,0.8,1,32,posthoc_orth,fr,var,0.006720598,n=800_bz=1.0_cv1=0.8_p=1_q=32_20251025-034402
800,1.0,0.8,1,32,posthoc_web,y,mspe,1.218935,n=800_bz=1.0_cv1=0.8_p=1_q=32_20251025-034402
800,1.0,0.8,1,32,posthoc_web,y,bias2,1.2121322,n=800_bz=1.0_cv1=0.8_p=1_q=32_20251025-034402
800,1.0,0.8,1,32,posthoc_web,y,var,0.006802817,n=800_bz=1.0_cv1=0.8_p=1_q=32_20251025-034402
800,1.0,0.8,1,32,posthoc_web,fx,mspe,0.029385393,n=800_bz=1.0_cv1=0.8_p=1_q=32_20251025-034402
800,1.0,0.8,1,32,posthoc_web,fx,bias2,0.024484592,n=800_bz=1.0_cv1=0.8_p=1_q=32_20251025-034402
800,1.0,0.8,1,32,posthoc_web,fx,var,0.004900802,n=800_bz=1.0_cv1=0.8_p=1_q=32_20251025-034402
800,1.0,0.8,1,32,posthoc_web,fz,mspe,0.07795459,n=800_bz=1.0_cv1=0.8_p=1_q=32_20251025-034402
800,1.0,0.8,1,32,posthoc_web,fz,bias2,0.07795459,n=800_bz=1.0_cv1=0.8_p=1_q=32_20251025-034402
800,1.0,0.8,1,32,posthoc_web,fz,var,0.0,n=800_bz=1.0_cv1=0.8_p=1_q=32_20251025-034402
800,1.0,0.8,1,32,posthoc_web,fr,mspe,0.009812654,n=800_bz=1.0_cv1=0.8_p=1_q=32_20251025-034402
800,1.0,0.8,1,32,posthoc_web,fr,bias2,0.0049118525,n=800_bz=1.0_cv1=0.8_p=1_q=32_20251025-034402
800,1.0,0.8,1,32,posthoc_web,fr,var,0.004900802,n=800_bz=1.0_cv1=0.8_p=1_q=32_20251025-034402
800,1.0,0.8,1,4,base,y,mspe,1.0257609,n=800_bz=1.0_cv1=0.8_p=1_q=4_20251025-033341
800,1.0,0.8,1,4,base,y,bias2,1.0182717,n=800_bz=1.0_cv1=0.8_p=1_q=4_20251025-033341
800,1.0,0.8,1,4,base,y,var,0.007489154,n=800_bz=1.0_cv1=0.8_p=1_q=4_20251025-033341
800,1.0,0.8,1,4,base,fx,mspe,0.07406857,n=800_bz=1.0_cv1=0.8_p=1_q=4_20251025-033341
800,1.0,0.8,1,4,base,fx,bias2,0.06774569,n=800_bz=1.0_cv1=0.8_p=1_q=4_20251025-033341
800,1.0,0.8,1,4,base,fx,var,0.006322867,n=800_bz=1.0_cv1=0.8_p=1_q=4_20251025-033341
800,1.0,0.8,1,4,base,fz,mspe,0.07795459,n=800_bz=1.0_cv1=0.8_p=1_q=4_20251025-033341
800,1.0,0.8,1,4,base,fz,bias2,0.07795459,n=800_bz=1.0_cv1=0.8_p=1_q=4_20251025-033341
800,1.0,0.8,1,4,base,fz,var,0.0,n=800_bz=1.0_cv1=0.8_p=1_q=4_20251025-033341
800,1.0,0.8,1,4,base,fr,mspe,0.16344216,n=800_bz=1.0_cv1=0.8_p=1_q=4_20251025-033341
800,1.0,0.8,1,4,base,fr,bias2,0.15711929,n=800_bz=1.0_cv1=0.8_p=1_q=4_20251025-033341
800,1.0,0.8,1,4,base,fr,var,0.006322867,n=800_bz=1.0_cv1=0.8_p=1_q=4_20251025-033341
800,1.0,0.8,1,4,posthoc,y,mspe,1.0210168,n=800_bz=1.0_cv1=0.8_p=1_q=4_20251025-033341
800,1.0,0.8,1,4,posthoc,y,bias2,1.0114684,n=800_bz=1.0_cv1=0.8_p=1_q=4_20251025-033341
800,1.0,0.8,1,4,posthoc,y,var,0.009548485,n=800_bz=1.0_cv1=0.8_p=1_q=4_20251025-033341
800,1.0,0.8,1,4,posthoc,fx,mspe,0.04546961,n=800_bz=1.0_cv1=0.8_p=1_q=4_20251025-033341
800,1.0,0.8,1,4,posthoc,fx,bias2,0.030002408,n=800_bz=1.0_cv1=0.8_p=1_q=4_20251025-033341
800,1.0,0.8,1,4,posthoc,fx,var,0.0154671995,n=800_bz=1.0_cv1=0.8_p=1_q=4_20251025-033341
800,1.0,0.8,1,4,posthoc,fz,mspe,0.038253743,n=800_bz=1.0_cv1=0.8_p=1_q=4_20251025-033341
800,1.0,0.8,1,4,posthoc,fz,bias2,0.027974362,n=800_bz=1.0_cv1=0.8_p=1_q=4_20251025-033341
800,1.0,0.8,1,4,posthoc,fz,var,0.010279379,n=800_bz=1.0_cv1=0.8_p=1_q=4_20251025-033341
800,1.0,0.8,1,4,posthoc,fr,mspe,0.11082615,n=800_bz=1.0_cv1=0.8_p=1_q=4_20251025-033341
800,1.0,0.8,1,4,posthoc,fr,bias2,0.09535895,n=800_bz=1.0_cv1=0.8_p=1_q=4_20251025-033341
800,1.0,0.8,1,4,posthoc,fr,var,0.0154671995,n=800_bz=1.0_cv1=0.8_p=1_q=4_20251025-033341
800,1.0,0.8,1,4,posthoc_orth,y,mspe,1.0210001,n=800_bz=1.0_cv1=0.8_p=1_q=4_20251025-033341
800,1.0,0.8,1,4,posthoc_orth,y,bias2,1.0114952,n=800_bz=1.0_cv1=0.8_p=1_q=4_20251025-033341
800,1.0,0.8,1,4,posthoc_orth,y,var,0.009505,n=800_bz=1.0_cv1=0.8_p=1_q=4_20251025-033341
800,1.0,0.8,1,4,posthoc_orth,fx,mspe,0.028027264,n=800_bz=1.0_cv1=0.8_p=1_q=4_20251025-033341
800,1.0,0.8,1,4,posthoc_orth,fx,bias2,0.02228232,n=800_bz=1.0_cv1=0.8_p=1_q=4_20251025-033341
800,1.0,0.8,1,4,posthoc_orth,fx,var,0.0057449457,n=800_bz=1.0_cv1=0.8_p=1_q=4_20251025-033341
800,1.0,0.8,1,4,posthoc_orth,fz,mspe,0.021551197,n=800_bz=1.0_cv1=0.8_p=1_q=4_20251025-033341
800,1.0,0.8,1,4,posthoc_orth,fz,bias2,0.018457906,n=800_bz=1.0_cv1=0.8_p=1_q=4_20251025-033341
800,1.0,0.8,1,4,posthoc_orth,fz,var,0.003093293,n=800_bz=1.0_cv1=0.8_p=1_q=4_20251025-033341
800,1.0,0.8,1,4,posthoc_orth,fr,mspe,0.00877108,n=800_bz=1.0_cv1=0.8_p=1_q=4_20251025-033341
800,1.0,0.8,1,4,posthoc_orth,fr,bias2,0.0030261343,n=800_bz=1.0_cv1=0.8_p=1_q=4_20251025-033341
800,1.0,0.8,1,4,posthoc_orth,fr,var,0.0057449457,n=800_bz=1.0_cv1=0.8_p=1_q=4_20251025-033341
800,1.0,0.8,1,4,posthoc_web,y,mspe,1.2185801,n=800_bz=1.0_cv1=0.8_p=1_q=4_20251025-033341
800,1.0,0.8,1,4,posthoc_web,y,bias2,1.2124904,n=800_bz=1.0_cv1=0.8_p=1_q=4_20251025-033341
800,1.0,0.8,1,4,posthoc_web,y,var,0.0060895747,n=800_bz=1.0_cv1=0.8_p=1_q=4_20251025-033341
800,1.0,0.8,1,4,posthoc_web,fx,mspe,0.028780496,n=800_bz=1.0_cv1=0.8_p=1_q=4_20251025-033341
800,1.0,0.8,1,4,posthoc_web,fx,bias2,0.024609694,n=800_bz=1.0_cv1=0.8_p=1_q=4_20251025-033341
800,1.0,0.8,1,4,posthoc_web,fx,var,0.0041708048,n=800_bz=1.0_cv1=0.8_p=1_q=4_20251025-033341
800,1.0,0.8,1,4,posthoc_web,fz,mspe,0.07795459,n=800_bz=1.0_cv1=0.8_p=1_q=4_20251025-033341
800,1.0,0.8,1,4,posthoc_web,fz,bias2,0.07795459,n=800_bz=1.0_cv1=0.8_p=1_q=4_20251025-033341
800,1.0,0.8,1,4,posthoc_web,fz,var,0.0,n=800_bz=1.0_cv1=0.8_p=1_q=4_20251025-033341
800,1.0,0.8,1,4,posthoc_web,fr,mspe,0.009266373,n=800_bz=1.0_cv1=0.8_p=1_q=4_20251025-033341
800,1.0,0.8,1,4,posthoc_web,fr,bias2,0.005095569,n=800_bz=1.0_cv1=0.8_p=1_q=4_20251025-033341
800,1.0,0.8,1,4,posthoc_web,fr,var,0.0041708048,n=800_bz=1.0_cv1=0.8_p=1_q=4_20251025-033341
800,1.0,0.8,1,512,base,y,mspe,1.0262616,n=800_bz=1.0_cv1=0.8_p=1_q=512_20251025-035922
800,1.0,0.8,1,512,base,y,bias2,1.0171647,n=800_bz=1.0_cv1=0.8_p=1_q=512_20251025-035922
800,1.0,0.8,1,512,base,y,var,0.009096767,n=800_bz=1.0_cv1=0.8_p=1_q=512_20251025-035922
800,1.0,0.8,1,512,base,fx,mspe,0.07661306,n=800_bz=1.0_cv1=0.8_p=1_q=512_20251025-035922
800,1.0,0.8,1,512,base,fx,bias2,0.06866751,n=800_bz=1.0_cv1=0.8_p=1_q=512_20251025-035922
800,1.0,0.8,1,512,base,fx,var,0.007945557,n=800_bz=1.0_cv1=0.8_p=1_q=512_20251025-035922
800,1.0,0.8,1,512,base,fz,mspe,0.07795459,n=800_bz=1.0_cv1=0.8_p=1_q=512_20251025-035922
800,1.0,0.8,1,512,base,fz,bias2,0.07795459,n=800_bz=1.0_cv1=0.8_p=1_q=512_20251025-035922
800,1.0,0.8,1,512,base,fz,var,0.0,n=800_bz=1.0_cv1=0.8_p=1_q=512_20251025-035922
800,1.0,0.8,1,512,base,fr,mspe,0.16675279,n=800_bz=1.0_cv1=0.8_p=1_q=512_20251025-035922
800,1.0,0.8,1,512,base,fr,bias2,0.15880723,n=800_bz=1.0_cv1=0.8_p=1_q=512_20251025-035922
800,1.0,0.8,1,512,base,fr,var,0.007945557,n=800_bz=1.0_cv1=0.8_p=1_q=512_20251025-035922
800,1.0,0.8,1,512,posthoc,y,mspe,1.0255972,n=800_bz=1.0_cv1=0.8_p=1_q=512_20251025-035922
800,1.0,0.8,1,512,posthoc,y,bias2,1.0170505,n=800_bz=1.0_cv1=0.8_p=1_q=512_20251025-035922
800,1.0,0.8,1,512,posthoc,y,var,0.008546591,n=800_bz=1.0_cv1=0.8_p=1_q=512_20251025-035922
800,1.0,0.8,1,512,posthoc,fx,mspe,0.03518607,n=800_bz=1.0_cv1=0.8_p=1_q=512_20251025-035922
800,1.0,0.8,1,512,posthoc,fx,bias2,0.027470702,n=800_bz=1.0_cv1=0.8_p=1_q=512_20251025-035922
800,1.0,0.8,1,512,posthoc,fx,var,0.0077153696,n=800_bz=1.0_cv1=0.8_p=1_q=512_20251025-035922
800,1.0,0.8,1,512,posthoc,fz,mspe,0.04685905,n=800_bz=1.0_cv1=0.8_p=1_q=512_20251025-035922
800,1.0,0.8,1,512,posthoc,fz,bias2,0.04571608,n=800_bz=1.0_cv1=0.8_p=1_q=512_20251025-035922
800,1.0,0.8,1,512,posthoc,fz,var,0.0011429642,n=800_bz=1.0_cv1=0.8_p=1_q=512_20251025-035922
800,1.0,0.8,1,512,posthoc,fr,mspe,0.09614148,n=800_bz=1.0_cv1=0.8_p=1_q=512_20251025-035922
800,1.0,0.8,1,512,posthoc,fr,bias2,0.08842611,n=800_bz=1.0_cv1=0.8_p=1_q=512_20251025-035922
800,1.0,0.8,1,512,posthoc,fr,var,0.0077153696,n=800_bz=1.0_cv1=0.8_p=1_q=512_20251025-035922
800,1.0,0.8,1,512,posthoc_orth,y,mspe,1.0254617,n=800_bz=1.0_cv1=0.8_p=1_q=512_20251025-035922
800,1.0,0.8,1,512,posthoc_orth,y,bias2,1.0168201,n=800_bz=1.0_cv1=0.8_p=1_q=512_20251025-035922
800,1.0,0.8,1,512,posthoc_orth,y,var,0.008641699,n=800_bz=1.0_cv1=0.8_p=1_q=512_20251025-035922
800,1.0,0.8,1,512,posthoc_orth,fx,mspe,0.02941615,n=800_bz=1.0_cv1=0.8_p=1_q=512_20251025-035922
800,1.0,0.8,1,512,posthoc_orth,fx,bias2,0.024279187,n=800_bz=1.0_cv1=0.8_p=1_q=512_20251025-035922
800,1.0,0.8,1,512,posthoc_orth,fx,var,0.005136962,n=800_bz=1.0_cv1=0.8_p=1_q=512_20251025-035922
800,1.0,0.8,1,512,posthoc_orth,fz,mspe,0.008110884,n=800_bz=1.0_cv1=0.8_p=1_q=512_20251025-035922
800,1.0,0.8,1,512,posthoc_orth,fz,bias2,0.0053741247,n=800_bz=1.0_cv1=0.8_p=1_q=512_20251025-035922
800,1.0,0.8,1,512,posthoc_orth,fz,var,0.0027367591,n=800_bz=1.0_cv1=0.8_p=1_q=512_20251025-035922
800,1.0,0.8,1,512,posthoc_orth,fr,mspe,0.010456566,n=800_bz=1.0_cv1=0.8_p=1_q=512_20251025-035922
800,1.0,0.8,1,512,posthoc_orth,fr,bias2,0.0053196033,n=800_bz=1.0_cv1=0.8_p=1_q=512_20251025-035922
800,1.0,0.8,1,512,posthoc_orth,fr,var,0.005136962,n=800_bz=1.0_cv1=0.8_p=1_q=512_20251025-035922
800,1.0,0.8,1,512,posthoc_web,y,mspe,1.2194717,n=800_bz=1.0_cv1=0.8_p=1_q=512_20251025-035922
800,1.0,0.8,1,512,posthoc_web,y,bias2,1.2116612,n=800_bz=1.0_cv1=0.8_p=1_q=512_20251025-035922
800,1.0,0.8,1,512,posthoc_web,y,var,0.00781038,n=800_bz=1.0_cv1=0.8_p=1_q=512_20251025-035922
800,1.0,0.8,1,512,posthoc_web,fx,mspe,0.030052958,n=800_bz=1.0_cv1=0.8_p=1_q=512_20251025-035922
800,1.0,0.8,1,512,posthoc_web,fx,bias2,0.024147267,n=800_bz=1.0_cv1=0.8_p=1_q=512_20251025-035922
800,1.0,0.8,1,512,posthoc_web,fx,var,0.005905689,n=800_bz=1.0_cv1=0.8_p=1_q=512_20251025-035922
800,1.0,0.8,1,512,posthoc_web,fz,mspe,0.07795459,n=800_bz=1.0_cv1=0.8_p=1_q=512_20251025-035922
800,1.0,0.8,1,512,posthoc_web,fz,bias2,0.07795459,n=800_bz=1.0_cv1=0.8_p=1_q=512_20251025-035922
800,1.0,0.8,1,512,posthoc_web,fz,var,0.0,n=800_bz=1.0_cv1=0.8_p=1_q=512_20251025-035922
800,1.0,0.8,1,512,posthoc_web,fr,mspe,0.010542543,n=800_bz=1.0_cv1=0.8_p=1_q=512_20251025-035922
800,1.0,0.8,1,512,posthoc_web,fr,bias2,0.004636854,n=800_bz=1.0_cv1=0.8_p=1_q=512_20251025-035922
800,1.0,0.8,1,512,posthoc_web,fr,var,0.005905689,n=800_bz=1.0_cv1=0.8_p=1_q=512_20251025-035922
800,1.0,0.8,1,64,base,y,mspe,1.0257016,n=800_bz=1.0_cv1=0.8_p=1_q=64_20251025-034729
800,1.0,0.8,1,64,base,y,bias2,1.01782,n=800_bz=1.0_cv1=0.8_p=1_q=64_20251025-034729
800,1.0,0.8,1,64,base,y,var,0.007881723,n=800_bz=1.0_cv1=0.8_p=1_q=64_20251025-034729
800,1.0,0.8,1,64,base,fx,mspe,0.07572169,n=800_bz=1.0_cv1=0.8_p=1_q=64_20251025-034729
800,1.0,0.8,1,64,base,fx,bias2,0.06901942,n=800_bz=1.0_cv1=0.8_p=1_q=64_20251025-034729
800,1.0,0.8,1,64,base,fx,var,0.0067022676,n=800_bz=1.0_cv1=0.8_p=1_q=64_20251025-034729
800,1.0,0.8,1,64,base,fz,mspe,0.07795459,n=800_bz=1.0_cv1=0.8_p=1_q=64_20251025-034729
800,1.0,0.8,1,64,base,fz,bias2,0.07795459,n=800_bz=1.0_cv1=0.8_p=1_q=64_20251025-034729
800,1.0,0.8,1,64,base,fz,var,0.0,n=800_bz=1.0_cv1=0.8_p=1_q=64_20251025-034729
800,1.0,0.8,1,64,base,fr,mspe,0.16590716,n=800_bz=1.0_cv1=0.8_p=1_q=64_20251025-034729
800,1.0,0.8,1,64,base,fr,bias2,0.15920489,n=800_bz=1.0_cv1=0.8_p=1_q=64_20251025-034729
800,1.0,0.8,1,64,base,fr,var,0.0067022676,n=800_bz=1.0_cv1=0.8_p=1_q=64_20251025-034729
800,1.0,0.8,1,64,posthoc,y,mspe,1.020129,n=800_bz=1.0_cv1=0.8_p=1_q=64_20251025-034729
800,1.0,0.8,1,64,posthoc,y,bias2,1.009381,n=800_bz=1.0_cv1=0.8_p=1_q=64_20251025-034729
800,1.0,0.8,1,64,posthoc,y,var,0.010747635,n=800_bz=1.0_cv1=0.8_p=1_q=64_20251025-034729
800,1.0,0.8,1,64,posthoc,fx,mspe,0.0509887,n=800_bz=1.0_cv1=0.8_p=1_q=64_20251025-034729
800,1.0,0.8,1,64,posthoc,fx,bias2,0.019876856,n=800_bz=1.0_cv1=0.8_p=1_q=64_20251025-034729
800,1.0,0.8,1,64,posthoc,fx,var,0.03111184,n=800_bz=1.0_cv1=0.8_p=1_q=64_20251025-034729
800,1.0,0.8,1,64,posthoc,fz,mspe,0.045815423,n=800_bz=1.0_cv1=0.8_p=1_q=64_20251025-034729
800,1.0,0.8,1,64,posthoc,fz,bias2,0.020394519,n=800_bz=1.0_cv1=0.8_p=1_q=64_20251025-034729
800,1.0,0.8,1,64,posthoc,fz,var,0.025420904,n=800_bz=1.0_cv1=0.8_p=1_q=64_20251025-034729
800,1.0,0.8,1,64,posthoc,fr,mspe,0.10769441,n=800_bz=1.0_cv1=0.8_p=1_q=64_20251025-034729
800,1.0,0.8,1,64,posthoc,fr,bias2,0.07658257,n=800_bz=1.0_cv1=0.8_p=1_q=64_20251025-034729
800,1.0,0.8,1,64,posthoc,fr,var,0.03111184,n=800_bz=1.0_cv1=0.8_p=1_q=64_20251025-034729
800,1.0,0.8,1,64,posthoc_orth,y,mspe,1.0206547,n=800_bz=1.0_cv1=0.8_p=1_q=64_20251025-034729
800,1.0,0.8,1,64,posthoc_orth,y,bias2,1.0105124,n=800_bz=1.0_cv1=0.8_p=1_q=64_20251025-034729
800,1.0,0.8,1,64,posthoc_orth,y,var,0.0101424055,n=800_bz=1.0_cv1=0.8_p=1_q=64_20251025-034729
800,1.0,0.8,1,64,posthoc_orth,fx,mspe,0.028412739,n=800_bz=1.0_cv1=0.8_p=1_q=64_20251025-034729
800,1.0,0.8,1,64,posthoc_orth,fx,bias2,0.021921275,n=800_bz=1.0_cv1=0.8_p=1_q=64_20251025-034729
800,1.0,0.8,1,64,posthoc_orth,fx,var,0.006491464,n=800_bz=1.0_cv1=0.8_p=1_q=64_20251025-034729
800,1.0,0.8,1,64,posthoc_orth,fz,mspe,0.0193129,n=800_bz=1.0_cv1=0.8_p=1_q=64_20251025-034729
800,1.0,0.8,1,64,posthoc_orth,fz,bias2,0.016357392,n=800_bz=1.0_cv1=0.8_p=1_q=64_20251025-034729
800,1.0,0.8,1,64,posthoc_orth,fz,var,0.0029555084,n=800_bz=1.0_cv1=0.8_p=1_q=64_20251025-034729
800,1.0,0.8,1,64,posthoc_orth,fr,mspe,0.009154563,n=800_bz=1.0_cv1=0.8_p=1_q=64_20251025-034729
800,1.0,0.8,1,64,posthoc_orth,fr,bias2,0.0026631001,n=800_bz=1.0_cv1=0.8_p=1_q=64_20251025-034729
800,1.0,0.8,1,64,posthoc_orth,fr,var,0.006491464,n=800_bz=1.0_cv1=0.8_p=1_q=64_20251025-034729
800,1.0,0.8,1,64,posthoc_web,y,mspe,1.2190639,n=800_bz=1.0_cv1=0.8_p=1_q=64_20251025-034729
800,1.0,0.8,1,64,posthoc_web,y,bias2,1.2124841,n=800_bz=1.0_cv1=0.8_p=1_q=64_20251025-034729
800,1.0,0.8,1,64,posthoc_web,y,var,0.00657979,n=800_bz=1.0_cv1=0.8_p=1_q=64_20251025-034729
800,1.0,0.8,1,64,posthoc_web,fx,mspe,0.029103158,n=800_bz=1.0_cv1=0.8_p=1_q=64_20251025-034729
800,1.0,0.8,1,64,posthoc_web,fx,bias2,0.024463208,n=800_bz=1.0_cv1=0.8_p=1_q=64_20251025-034729
800,1.0,0.8,1,64,posthoc_web,fx,var,0.004639949,n=800_bz=1.0_cv1=0.8_p=1_q=64_20251025-034729
800,1.0,0.8,1,64,posthoc_web,fz,mspe,0.07795459,n=800_bz=1.0_cv1=0.8_p=1_q=64_20251025-034729
800,1.0,0.8,1,64,posthoc_web,fz,bias2,0.07795459,n=800_bz=1.0_cv1=0.8_p=1_q=64_20251025-034729
800,1.0,0.8,1,64,posthoc_web,fz,var,0.0,n=800_bz=1.0_cv1=0.8_p=1_q=64_20251025-034729
800,1.0,0.8,1,64,posthoc_web,fr,mspe,0.009544987,n=800_bz=1.0_cv1=0.8_p=1_q=64_20251025-034729
800,1.0,0.8,1,64,posthoc_web,fr,bias2,0.0049050385,n=800_bz=1.0_cv1=0.8_p=1_q=64_20251025-034729
800,1.0,0.8,1,64,posthoc_web,fr,var,0.004639949,n=800_bz=1.0_cv1=0.8_p=1_q=64_20251025-034729
800,1.0,0.8,1,8,base,y,mspe,1.0255506,n=800_bz=1.0_cv1=0.8_p=1_q=8_20251025-033711
800,1.0,0.8,1,8,base,y,bias2,1.018303,n=800_bz=1.0_cv1=0.8_p=1_q=8_20251025-033711
800,1.0,0.8,1,8,base,y,var,0.00724751,n=800_bz=1.0_cv1=0.8_p=1_q=8_20251025-033711
800,1.0,0.8,1,8,base,fx,mspe,0.07690626,n=800_bz=1.0_cv1=0.8_p=1_q=8_20251025-033711
800,1.0,0.8,1,8,base,fx,bias2,0.07082454,n=800_bz=1.0_cv1=0.8_p=1_q=8_20251025-033711
800,1.0,0.8,1,8,base,fx,var,0.0060817115,n=800_bz=1.0_cv1=0.8_p=1_q=8_20251025-033711
800,1.0,0.8,1,8,base,fz,mspe,0.07795459,n=800_bz=1.0_cv1=0.8_p=1_q=8_20251025-033711
800,1.0,0.8,1,8,base,fz,bias2,0.07795459,n=800_bz=1.0_cv1=0.8_p=1_q=8_20251025-033711
800,1.0,0.8,1,8,base,fz,var,0.0,n=800_bz=1.0_cv1=0.8_p=1_q=8_20251025-033711
800,1.0,0.8,1,8,base,fr,mspe,0.16789483,n=800_bz=1.0_cv1=0.8_p=1_q=8_20251025-033711
800,1.0,0.8,1,8,base,fr,bias2,0.16181311,n=800_bz=1.0_cv1=0.8_p=1_q=8_20251025-033711
800,1.0,0.8,1,8,base,fr,var,0.0060817115,n=800_bz=1.0_cv1=0.8_p=1_q=8_20251025-033711
800,1.0,0.8,1,8,posthoc,y,mspe,1.0207176,n=800_bz=1.0_cv1=0.8_p=1_q=8_20251025-033711
800,1.0,0.8,1,8,posthoc,y,bias2,1.0110799,n=800_bz=1.0_cv1=0.8_p=1_q=8_20251025-033711
800,1.0,0.8,1,8,posthoc,y,var,0.009637659,n=800_bz=1.0_cv1=0.8_p=1_q=8_20251025-033711
800,1.0,0.8,1,8,posthoc,fx,mspe,0.046813592,n=800_bz=1.0_cv1=0.8_p=1_q=8_20251025-033711
800,1.0,0.8,1,8,posthoc,fx,bias2,0.026323576,n=800_bz=1.0_cv1=0.8_p=1_q=8_20251025-033711
800,1.0,0.8,1,8,posthoc,fx,var,0.020490015,n=800_bz=1.0_cv1=0.8_p=1_q=8_20251025-033711
800,1.0,0.8,1,8,posthoc,fz,mspe,0.040629774,n=800_bz=1.0_cv1=0.8_p=1_q=8_20251025-033711
800,1.0,0.8,1,8,posthoc,fz,bias2,0.024740195,n=800_bz=1.0_cv1=0.8_p=1_q=8_20251025-033711
800,1.0,0.8,1,8,posthoc,fz,var,0.015889581,n=800_bz=1.0_cv1=0.8_p=1_q=8_20251025-033711
800,1.0,0.8,1,8,posthoc,fr,mspe,0.109180465,n=800_bz=1.0_cv1=0.8_p=1_q=8_20251025-033711
800,1.0,0.8,1,8,posthoc,fr,bias2,0.08869045,n=800_bz=1.0_cv1=0.8_p=1_q=8_20251025-033711
800,1.0,0.8,1,8,posthoc,fr,var,0.020490015,n=800_bz=1.0_cv1=0.8_p=1_q=8_20251025-033711
800,1.0,0.8,1,8,posthoc_orth,y,mspe,1.02071,n=800_bz=1.0_cv1=0.8_p=1_q=8_20251025-033711
800,1.0,0.8,1,8,posthoc_orth,y,bias2,1.0109644,n=800_bz=1.0_cv1=0.8_p=1_q=8_20251025-033711
800,1.0,0.8,1,8,posthoc_orth,y,var,0.009745615,n=800_bz=1.0_cv1=0.8_p=1_q=8_20251025-033711
800,1.0,0.8,1,8,posthoc_orth,fx,mspe,0.027928803,n=800_bz=1.0_cv1=0.8_p=1_q=8_20251025-033711
800,1.0,0.8,1,8,posthoc_orth,fx,bias2,0.021938432,n=800_bz=1.0_cv1=0.8_p=1_q=8_20251025-033711
800,1.0,0.8,1,8,posthoc_orth,fx,var,0.005990371,n=800_bz=1.0_cv1=0.8_p=1_q=8_20251025-033711
800,1.0,0.8,1,8,posthoc_orth,fz,mspe,0.021355093,n=800_bz=1.0_cv1=0.8_p=1_q=8_20251025-033711
800,1.0,0.8,1,8,posthoc_orth,fz,bias2,0.018271819,n=800_bz=1.0_cv1=0.8_p=1_q=8_20251025-033711
800,1.0,0.8,1,8,posthoc_orth,fz,var,0.0030832738,n=800_bz=1.0_cv1=0.8_p=1_q=8_20251025-033711
800,1.0,0.8,1,8,posthoc_orth,fr,mspe,0.008677237,n=800_bz=1.0_cv1=0.8_p=1_q=8_20251025-033711
800,1.0,0.8,1,8,posthoc_orth,fr,bias2,0.0026868659,n=800_bz=1.0_cv1=0.8_p=1_q=8_20251025-033711
800,1.0,0.8,1,8,posthoc_orth,fr,var,0.005990371,n=800_bz=1.0_cv1=0.8_p=1_q=8_20251025-033711
800,1.0,0.8,1,8,posthoc_web,y,mspe,1.2194037,n=800_bz=1.0_cv1=0.8_p=1_q=8_20251025-033711
800,1.0,0.8,1,8,posthoc_web,y,bias2,1.2135185,n=800_bz=1.0_cv1=0.8_p=1_q=8_20251025-033711
800,1.0,0.8,1,8,posthoc_web,y,var,0.0058852257,n=800_bz=1.0_cv1=0.8_p=1_q=8_20251025-033711
800,1.0,0.8,1,8,posthoc_web,fx,mspe,0.028839283,n=800_bz=1.0_cv1=0.8_p=1_q=8_20251025-033711
800,1.0,0.8,1,8,posthoc_web,fx,bias2,0.024887044,n=800_bz=1.0_cv1=0.8_p=1_q=8_20251025-033711
800,1.0,0.8,1,8,posthoc_web,fx,var,0.0039522354,n=800_bz=1.0_cv1=0.8_p=1_q=8_20251025-033711
800,1.0,0.8,1,8,posthoc_web,fz,mspe,0.07795459,n=800_bz=1.0_cv1=0.8_p=1_q=8_20251025-033711
800,1.0,0.8,1,8,posthoc_web,fz,bias2,0.07795459,n=800_bz=1.0_cv1=0.8_p=1_q=8_20251025-033711
800,1.0,0.8,1,8,posthoc_web,fz,var,0.0,n=800_bz=1.0_cv1=0.8_p=1_q=8_20251025-033711
800,1.0,0.8,1,8,posthoc_web,fr,mspe,0.009197761,n=800_bz=1.0_cv1=0.8_p=1_q=8_20251025-033711
800,1.0,0.8,1,8,posthoc_web,fr,bias2,0.005245526,n=800_bz=1.0_cv1=0.8_p=1_q=8_20251025-033711
800,1.0,0.8,1,8,posthoc_web,fr,var,0.0039522354,n=800_bz=1.0_cv1=0.8_p=1_q=8_20251025-033711
