n,bz,cv1,p,q,model,effect,metric,value,experiment_folder
12800,1.0,0.1,1,32,base,y,mspe,1.061954,n=12800_bz=1.0_cv1=0.1_p=1_q=32_20260127-021946
12800,1.0,0.1,1,32,base,y,bias2,1.0603158,n=12800_bz=1.0_cv1=0.1_p=1_q=32_20260127-021946
12800,1.0,0.1,1,32,base,y,var,0.0016381874,n=12800_bz=1.0_cv1=0.1_p=1_q=32_20260127-021946
12800,1.0,0.1,1,32,base,fx,mspe,0.03692016,n=12800_bz=1.0_cv1=0.1_p=1_q=32_20260127-021946
12800,1.0,0.1,1,32,base,fx,bias2,0.035607625,n=12800_bz=1.0_cv1=0.1_p=1_q=32_20260127-021946
12800,1.0,0.1,1,32,base,fx,var,0.001312532,n=12800_bz=1.0_cv1=0.1_p=1_q=32_20260127-021946
12800,1.0,0.1,1,32,base,fz,mspe,0.07795459,n=12800_bz=1.0_cv1=0.1_p=1_q=32_20260127-021946
12800,1.0,0.1,1,32,base,fz,bias2,0.07795459,n=12800_bz=1.0_cv1=0.1_p=1_q=32_20260127-021946
12800,1.0,0.1,1,32,base,fz,var,0.0,n=12800_bz=1.0_cv1=0.1_p=1_q=32_20260127-021946
12800,1.0,0.1,1,32,base,fr,mspe,0.09218029,n=12800_bz=1.0_cv1=0.1_p=1_q=32_20260127-021946
12800,1.0,0.1,1,32,base,fr,bias2,0.09086775,n=12800_bz=1.0_cv1=0.1_p=1_q=32_20260127-021946
12800,1.0,0.1,1,32,base,fr,var,0.001312532,n=12800_bz=1.0_cv1=0.1_p=1_q=32_20260127-021946
12800,1.0,0.1,1,32,posthoc,y,mspe,1.0046197,n=12800_bz=1.0_cv1=0.1_p=1_q=32_20260127-021946
12800,1.0,0.1,1,32,posthoc,y,bias2,1.0029886,n=12800_bz=1.0_cv1=0.1_p=1_q=32_20260127-021946
12800,1.0,0.1,1,32,posthoc,y,var,0.0016310606,n=12800_bz=1.0_cv1=0.1_p=1_q=32_20260127-021946
12800,1.0,0.1,1,32,posthoc,fx,mspe,0.0015338812,n=12800_bz=1.0_cv1=0.1_p=1_q=32_20260127-021946
12800,1.0,0.1,1,32,posthoc,fx,bias2,6.535067e-05,n=12800_bz=1.0_cv1=0.1_p=1_q=32_20260127-021946
12800,1.0,0.1,1,32,posthoc,fx,var,0.0014685305,n=12800_bz=1.0_cv1=0.1_p=1_q=32_20260127-021946
12800,1.0,0.1,1,32,posthoc,fz,mspe,0.00027684835,n=12800_bz=1.0_cv1=0.1_p=1_q=32_20260127-021946
12800,1.0,0.1,1,32,posthoc,fz,bias2,3.4907694e-07,n=12800_bz=1.0_cv1=0.1_p=1_q=32_20260127-021946
12800,1.0,0.1,1,32,posthoc,fz,var,0.00027649928,n=12800_bz=1.0_cv1=0.1_p=1_q=32_20260127-021946
12800,1.0,0.1,1,32,posthoc,fr,mspe,0.020819824,n=12800_bz=1.0_cv1=0.1_p=1_q=32_20260127-021946
12800,1.0,0.1,1,32,posthoc,fr,bias2,0.019351294,n=12800_bz=1.0_cv1=0.1_p=1_q=32_20260127-021946
12800,1.0,0.1,1,32,posthoc,fr,var,0.0014685305,n=12800_bz=1.0_cv1=0.1_p=1_q=32_20260127-021946
12800,1.0,0.1,1,32,posthoc_orth,y,mspe,1.0045973,n=12800_bz=1.0_cv1=0.1_p=1_q=32_20260127-021946
12800,1.0,0.1,1,32,posthoc_orth,y,bias2,1.0029718,n=12800_bz=1.0_cv1=0.1_p=1_q=32_20260127-021946
12800,1.0,0.1,1,32,posthoc_orth,y,var,0.001625459,n=12800_bz=1.0_cv1=0.1_p=1_q=32_20260127-021946
12800,1.0,0.1,1,32,posthoc_orth,fx,mspe,0.020938983,n=12800_bz=1.0_cv1=0.1_p=1_q=32_20260127-021946
12800,1.0,0.1,1,32,posthoc_orth,fx,bias2,0.01955221,n=12800_bz=1.0_cv1=0.1_p=1_q=32_20260127-021946
12800,1.0,0.1,1,32,posthoc_orth,fx,var,0.0013867731,n=12800_bz=1.0_cv1=0.1_p=1_q=32_20260127-021946
12800,1.0,0.1,1,32,posthoc_orth,fz,mspe,0.01939109,n=12800_bz=1.0_cv1=0.1_p=1_q=32_20260127-021946
12800,1.0,0.1,1,32,posthoc_orth,fz,bias2,0.019236282,n=12800_bz=1.0_cv1=0.1_p=1_q=32_20260127-021946
12800,1.0,0.1,1,32,posthoc_orth,fz,var,0.00015480861,n=12800_bz=1.0_cv1=0.1_p=1_q=32_20260127-021946
12800,1.0,0.1,1,32,posthoc_orth,fr,mspe,0.0014537812,n=12800_bz=1.0_cv1=0.1_p=1_q=32_20260127-021946
12800,1.0,0.1,1,32,posthoc_orth,fr,bias2,6.7008004e-05,n=12800_bz=1.0_cv1=0.1_p=1_q=32_20260127-021946
12800,1.0,0.1,1,32,posthoc_orth,fr,var,0.0013867731,n=12800_bz=1.0_cv1=0.1_p=1_q=32_20260127-021946
12800,1.0,0.2,1,32,base,y,mspe,1.06139,n=12800_bz=1.0_cv1=0.2_p=1_q=32_20260127-023547
12800,1.0,0.2,1,32,base,y,bias2,1.0598166,n=12800_bz=1.0_cv1=0.2_p=1_q=32_20260127-023547
12800,1.0,0.2,1,32,base,y,var,0.0015734711,n=12800_bz=1.0_cv1=0.2_p=1_q=32_20260127-023547
12800,1.0,0.2,1,32,base,fx,mspe,0.037845287,n=12800_bz=1.0_cv1=0.2_p=1_q=32_20260127-023547
12800,1.0,0.2,1,32,base,fx,bias2,0.036498226,n=12800_bz=1.0_cv1=0.2_p=1_q=32_20260127-023547
12800,1.0,0.2,1,32,base,fx,var,0.0013470569,n=12800_bz=1.0_cv1=0.2_p=1_q=32_20260127-023547
12800,1.0,0.2,1,32,base,fz,mspe,0.07795459,n=12800_bz=1.0_cv1=0.2_p=1_q=32_20260127-023547
12800,1.0,0.2,1,32,base,fz,bias2,0.07795459,n=12800_bz=1.0_cv1=0.2_p=1_q=32_20260127-023547
12800,1.0,0.2,1,32,base,fz,var,0.0,n=12800_bz=1.0_cv1=0.2_p=1_q=32_20260127-023547
12800,1.0,0.2,1,32,base,fr,mspe,0.09434454,n=12800_bz=1.0_cv1=0.2_p=1_q=32_20260127-023547
12800,1.0,0.2,1,32,base,fr,bias2,0.092997484,n=12800_bz=1.0_cv1=0.2_p=1_q=32_20260127-023547
12800,1.0,0.2,1,32,base,fr,var,0.0013470569,n=12800_bz=1.0_cv1=0.2_p=1_q=32_20260127-023547
12800,1.0,0.2,1,32,posthoc,y,mspe,1.0044881,n=12800_bz=1.0_cv1=0.2_p=1_q=32_20260127-023547
12800,1.0,0.2,1,32,posthoc,y,bias2,1.0028508,n=12800_bz=1.0_cv1=0.2_p=1_q=32_20260127-023547
12800,1.0,0.2,1,32,posthoc,y,var,0.0016372473,n=12800_bz=1.0_cv1=0.2_p=1_q=32_20260127-023547
12800,1.0,0.2,1,32,posthoc,fx,mspe,0.0015291877,n=12800_bz=1.0_cv1=0.2_p=1_q=32_20260127-023547
12800,1.0,0.2,1,32,posthoc,fx,bias2,5.067371e-05,n=12800_bz=1.0_cv1=0.2_p=1_q=32_20260127-023547
12800,1.0,0.2,1,32,posthoc,fx,var,0.001478514,n=12800_bz=1.0_cv1=0.2_p=1_q=32_20260127-023547
12800,1.0,0.2,1,32,posthoc,fz,mspe,0.00027301704,n=12800_bz=1.0_cv1=0.2_p=1_q=32_20260127-023547
12800,1.0,0.2,1,32,posthoc,fz,bias2,5.669236e-07,n=12800_bz=1.0_cv1=0.2_p=1_q=32_20260127-023547
12800,1.0,0.2,1,32,posthoc,fz,var,0.00027245012,n=12800_bz=1.0_cv1=0.2_p=1_q=32_20260127-023547
12800,1.0,0.2,1,32,posthoc,fr,mspe,0.02088119,n=12800_bz=1.0_cv1=0.2_p=1_q=32_20260127-023547
12800,1.0,0.2,1,32,posthoc,fr,bias2,0.019402677,n=12800_bz=1.0_cv1=0.2_p=1_q=32_20260127-023547
12800,1.0,0.2,1,32,posthoc,fr,var,0.001478514,n=12800_bz=1.0_cv1=0.2_p=1_q=32_20260127-023547
12800,1.0,0.2,1,32,posthoc_orth,y,mspe,1.0044767,n=12800_bz=1.0_cv1=0.2_p=1_q=32_20260127-023547
12800,1.0,0.2,1,32,posthoc_orth,y,bias2,1.0028427,n=12800_bz=1.0_cv1=0.2_p=1_q=32_20260127-023547
12800,1.0,0.2,1,32,posthoc_orth,y,var,0.0016340908,n=12800_bz=1.0_cv1=0.2_p=1_q=32_20260127-023547
12800,1.0,0.2,1,32,posthoc_orth,fx,mspe,0.020955075,n=12800_bz=1.0_cv1=0.2_p=1_q=32_20260127-023547
12800,1.0,0.2,1,32,posthoc_orth,fx,bias2,0.01956082,n=12800_bz=1.0_cv1=0.2_p=1_q=32_20260127-023547
12800,1.0,0.2,1,32,posthoc_orth,fx,var,0.0013942543,n=12800_bz=1.0_cv1=0.2_p=1_q=32_20260127-023547
12800,1.0,0.2,1,32,posthoc_orth,fz,mspe,0.019391092,n=12800_bz=1.0_cv1=0.2_p=1_q=32_20260127-023547
12800,1.0,0.2,1,32,posthoc_orth,fz,bias2,0.019236283,n=12800_bz=1.0_cv1=0.2_p=1_q=32_20260127-023547
12800,1.0,0.2,1,32,posthoc_orth,fz,var,0.00015480745,n=12800_bz=1.0_cv1=0.2_p=1_q=32_20260127-023547
12800,1.0,0.2,1,32,posthoc_orth,fr,mspe,0.0014451602,n=12800_bz=1.0_cv1=0.2_p=1_q=32_20260127-023547
12800,1.0,0.2,1,32,posthoc_orth,fr,bias2,5.090609e-05,n=12800_bz=1.0_cv1=0.2_p=1_q=32_20260127-023547
12800,1.0,0.2,1,32,posthoc_orth,fr,var,0.0013942543,n=12800_bz=1.0_cv1=0.2_p=1_q=32_20260127-023547
12800,1.0,0.3,1,32,base,y,mspe,1.060397,n=12800_bz=1.0_cv1=0.3_p=1_q=32_20260127-025238
12800,1.0,0.3,1,32,base,y,bias2,1.0588819,n=12800_bz=1.0_cv1=0.3_p=1_q=32_20260127-025238
12800,1.0,0.3,1,32,base,y,var,0.0015152221,n=12800_bz=1.0_cv1=0.3_p=1_q=32_20260127-025238
12800,1.0,0.3,1,32,base,fx,mspe,0.03947538,n=12800_bz=1.0_cv1=0.3_p=1_q=32_20260127-025238
12800,1.0,0.3,1,32,base,fx,bias2,0.03815239,n=12800_bz=1.0_cv1=0.3_p=1_q=32_20260127-025238
12800,1.0,0.3,1,32,base,fx,var,0.0013229966,n=12800_bz=1.0_cv1=0.3_p=1_q=32_20260127-025238
12800,1.0,0.3,1,32,base,fz,mspe,0.07795459,n=12800_bz=1.0_cv1=0.3_p=1_q=32_20260127-025238
12800,1.0,0.3,1,32,base,fz,bias2,0.07795459,n=12800_bz=1.0_cv1=0.3_p=1_q=32_20260127-025238
12800,1.0,0.3,1,32,base,fz,var,0.0,n=12800_bz=1.0_cv1=0.3_p=1_q=32_20260127-025238
12800,1.0,0.3,1,32,base,fr,mspe,0.09809912,n=12800_bz=1.0_cv1=0.3_p=1_q=32_20260127-025238
12800,1.0,0.3,1,32,base,fr,bias2,0.09677612,n=12800_bz=1.0_cv1=0.3_p=1_q=32_20260127-025238
12800,1.0,0.3,1,32,base,fr,var,0.0013229966,n=12800_bz=1.0_cv1=0.3_p=1_q=32_20260127-025238
12800,1.0,0.3,1,32,posthoc,y,mspe,1.0044062,n=12800_bz=1.0_cv1=0.3_p=1_q=32_20260127-025238
12800,1.0,0.3,1,32,posthoc,y,bias2,1.0028424,n=12800_bz=1.0_cv1=0.3_p=1_q=32_20260127-025238
12800,1.0,0.3,1,32,posthoc,y,var,0.0015638313,n=12800_bz=1.0_cv1=0.3_p=1_q=32_20260127-025238
12800,1.0,0.3,1,32,posthoc,fx,mspe,0.001482378,n=12800_bz=1.0_cv1=0.3_p=1_q=32_20260127-025238
12800,1.0,0.3,1,32,posthoc,fx,bias2,6.0032555e-05,n=12800_bz=1.0_cv1=0.3_p=1_q=32_20260127-025238
12800,1.0,0.3,1,32,posthoc,fx,var,0.0014223454,n=12800_bz=1.0_cv1=0.3_p=1_q=32_20260127-025238
12800,1.0,0.3,1,32,posthoc,fz,mspe,0.0002872413,n=12800_bz=1.0_cv1=0.3_p=1_q=32_20260127-025238
12800,1.0,0.3,1,32,posthoc,fz,bias2,1.0280768e-06,n=12800_bz=1.0_cv1=0.3_p=1_q=32_20260127-025238
12800,1.0,0.3,1,32,posthoc,fz,var,0.00028621324,n=12800_bz=1.0_cv1=0.3_p=1_q=32_20260127-025238
12800,1.0,0.3,1,32,posthoc,fr,mspe,0.020917483,n=12800_bz=1.0_cv1=0.3_p=1_q=32_20260127-025238
12800,1.0,0.3,1,32,posthoc,fr,bias2,0.019495137,n=12800_bz=1.0_cv1=0.3_p=1_q=32_20260127-025238
12800,1.0,0.3,1,32,posthoc,fr,var,0.0014223454,n=12800_bz=1.0_cv1=0.3_p=1_q=32_20260127-025238
12800,1.0,0.3,1,32,posthoc_orth,y,mspe,1.0043973,n=12800_bz=1.0_cv1=0.3_p=1_q=32_20260127-025238
12800,1.0,0.3,1,32,posthoc_orth,y,bias2,1.0028316,n=12800_bz=1.0_cv1=0.3_p=1_q=32_20260127-025238
12800,1.0,0.3,1,32,posthoc_orth,y,var,0.0015657879,n=12800_bz=1.0_cv1=0.3_p=1_q=32_20260127-025238
12800,1.0,0.3,1,32,posthoc_orth,fx,mspe,0.020902848,n=12800_bz=1.0_cv1=0.3_p=1_q=32_20260127-025238
12800,1.0,0.3,1,32,posthoc_orth,fx,bias2,0.01957832,n=12800_bz=1.0_cv1=0.3_p=1_q=32_20260127-025238
12800,1.0,0.3,1,32,posthoc_orth,fx,var,0.0013245271,n=12800_bz=1.0_cv1=0.3_p=1_q=32_20260127-025238
12800,1.0,0.3,1,32,posthoc_orth,fz,mspe,0.019391082,n=12800_bz=1.0_cv1=0.3_p=1_q=32_20260127-025238
12800,1.0,0.3,1,32,posthoc_orth,fz,bias2,0.019236276,n=12800_bz=1.0_cv1=0.3_p=1_q=32_20260127-025238
12800,1.0,0.3,1,32,posthoc_orth,fz,var,0.00015480716,n=12800_bz=1.0_cv1=0.3_p=1_q=32_20260127-025238
12800,1.0,0.3,1,32,posthoc_orth,fr,mspe,0.0013842228,n=12800_bz=1.0_cv1=0.3_p=1_q=32_20260127-025238
12800,1.0,0.3,1,32,posthoc_orth,fr,bias2,5.9695718e-05,n=12800_bz=1.0_cv1=0.3_p=1_q=32_20260127-025238
12800,1.0,0.3,1,32,posthoc_orth,fr,var,0.0013245271,n=12800_bz=1.0_cv1=0.3_p=1_q=32_20260127-025238
12800,1.0,0.4,1,32,base,y,mspe,1.0579631,n=12800_bz=1.0_cv1=0.4_p=1_q=32_20260127-030830
12800,1.0,0.4,1,32,base,y,bias2,1.0566045,n=12800_bz=1.0_cv1=0.4_p=1_q=32_20260127-030830
12800,1.0,0.4,1,32,base,y,var,0.0013586116,n=12800_bz=1.0_cv1=0.4_p=1_q=32_20260127-030830
12800,1.0,0.4,1,32,base,fx,mspe,0.04326292,n=12800_bz=1.0_cv1=0.4_p=1_q=32_20260127-030830
12800,1.0,0.4,1,32,base,fx,bias2,0.042140573,n=12800_bz=1.0_cv1=0.4_p=1_q=32_20260127-030830
12800,1.0,0.4,1,32,base,fx,var,0.0011223486,n=12800_bz=1.0_cv1=0.4_p=1_q=32_20260127-030830
12800,1.0,0.4,1,32,base,fz,mspe,0.07795459,n=12800_bz=1.0_cv1=0.4_p=1_q=32_20260127-030830
12800,1.0,0.4,1,32,base,fz,bias2,0.07795459,n=12800_bz=1.0_cv1=0.4_p=1_q=32_20260127-030830
12800,1.0,0.4,1,32,base,fz,var,0.0,n=12800_bz=1.0_cv1=0.4_p=1_q=32_20260127-030830
12800,1.0,0.4,1,32,base,fr,mspe,0.10591309,n=12800_bz=1.0_cv1=0.4_p=1_q=32_20260127-030830
12800,1.0,0.4,1,32,base,fr,bias2,0.10479073,n=12800_bz=1.0_cv1=0.4_p=1_q=32_20260127-030830
12800,1.0,0.4,1,32,base,fr,var,0.0011223486,n=12800_bz=1.0_cv1=0.4_p=1_q=32_20260127-030830
12800,1.0,0.4,1,32,posthoc,y,mspe,1.0044416,n=12800_bz=1.0_cv1=0.4_p=1_q=32_20260127-030830
12800,1.0,0.4,1,32,posthoc,y,bias2,1.0028756,n=12800_bz=1.0_cv1=0.4_p=1_q=32_20260127-030830
12800,1.0,0.4,1,32,posthoc,y,var,0.0015659478,n=12800_bz=1.0_cv1=0.4_p=1_q=32_20260127-030830
12800,1.0,0.4,1,32,posthoc,fx,mspe,0.0015246036,n=12800_bz=1.0_cv1=0.4_p=1_q=32_20260127-030830
12800,1.0,0.4,1,32,posthoc,fx,bias2,6.897845e-05,n=12800_bz=1.0_cv1=0.4_p=1_q=32_20260127-030830
12800,1.0,0.4,1,32,posthoc,fx,var,0.0014556249,n=12800_bz=1.0_cv1=0.4_p=1_q=32_20260127-030830
12800,1.0,0.4,1,32,posthoc,fz,mspe,0.00030393715,n=12800_bz=1.0_cv1=0.4_p=1_q=32_20260127-030830
12800,1.0,0.4,1,32,posthoc,fz,bias2,1.4472497e-06,n=12800_bz=1.0_cv1=0.4_p=1_q=32_20260127-030830
12800,1.0,0.4,1,32,posthoc,fz,var,0.0003024899,n=12800_bz=1.0_cv1=0.4_p=1_q=32_20260127-030830
12800,1.0,0.4,1,32,posthoc,fr,mspe,0.021043003,n=12800_bz=1.0_cv1=0.4_p=1_q=32_20260127-030830
12800,1.0,0.4,1,32,posthoc,fr,bias2,0.019587377,n=12800_bz=1.0_cv1=0.4_p=1_q=32_20260127-030830
12800,1.0,0.4,1,32,posthoc,fr,var,0.0014556249,n=12800_bz=1.0_cv1=0.4_p=1_q=32_20260127-030830
12800,1.0,0.4,1,32,posthoc_orth,y,mspe,1.0044338,n=12800_bz=1.0_cv1=0.4_p=1_q=32_20260127-030830
12800,1.0,0.4,1,32,posthoc_orth,y,bias2,1.0028683,n=12800_bz=1.0_cv1=0.4_p=1_q=32_20260127-030830
12800,1.0,0.4,1,32,posthoc_orth,y,var,0.0015655252,n=12800_bz=1.0_cv1=0.4_p=1_q=32_20260127-030830
12800,1.0,0.4,1,32,posthoc_orth,fx,mspe,0.020893835,n=12800_bz=1.0_cv1=0.4_p=1_q=32_20260127-030830
12800,1.0,0.4,1,32,posthoc_orth,fx,bias2,0.019569645,n=12800_bz=1.0_cv1=0.4_p=1_q=32_20260127-030830
12800,1.0,0.4,1,32,posthoc_orth,fx,var,0.0013241901,n=12800_bz=1.0_cv1=0.4_p=1_q=32_20260127-030830
12800,1.0,0.4,1,32,posthoc_orth,fz,mspe,0.019391105,n=12800_bz=1.0_cv1=0.4_p=1_q=32_20260127-030830
12800,1.0,0.4,1,32,posthoc_orth,fz,bias2,0.019236295,n=12800_bz=1.0_cv1=0.4_p=1_q=32_20260127-030830
12800,1.0,0.4,1,32,posthoc_orth,fz,var,0.00015480939,n=12800_bz=1.0_cv1=0.4_p=1_q=32_20260127-030830
12800,1.0,0.4,1,32,posthoc_orth,fr,mspe,0.0013937906,n=12800_bz=1.0_cv1=0.4_p=1_q=32_20260127-030830
12800,1.0,0.4,1,32,posthoc_orth,fr,bias2,6.960064e-05,n=12800_bz=1.0_cv1=0.4_p=1_q=32_20260127-030830
12800,1.0,0.4,1,32,posthoc_orth,fr,var,0.0013241901,n=12800_bz=1.0_cv1=0.4_p=1_q=32_20260127-030830
12800,1.0,0.5,1,32,base,y,mspe,1.0523118,n=12800_bz=1.0_cv1=0.5_p=1_q=32_20260127-032437
12800,1.0,0.5,1,32,base,y,bias2,1.0508828,n=12800_bz=1.0_cv1=0.5_p=1_q=32_20260127-032437
12800,1.0,0.5,1,32,base,y,var,0.0014287703,n=12800_bz=1.0_cv1=0.5_p=1_q=32_20260127-032437
12800,1.0,0.5,1,32,base,fx,mspe,0.04997511,n=12800_bz=1.0_cv1=0.5_p=1_q=32_20260127-032437
12800,1.0,0.5,1,32,base,fx,bias2,0.048792258,n=12800_bz=1.0_cv1=0.5_p=1_q=32_20260127-032437
12800,1.0,0.5,1,32,base,fx,var,0.0011828451,n=12800_bz=1.0_cv1=0.5_p=1_q=32_20260127-032437
12800,1.0,0.5,1,32,base,fz,mspe,0.07795459,n=12800_bz=1.0_cv1=0.5_p=1_q=32_20260127-032437
12800,1.0,0.5,1,32,base,fz,bias2,0.07795459,n=12800_bz=1.0_cv1=0.5_p=1_q=32_20260127-032437
12800,1.0,0.5,1,32,base,fz,var,0.0,n=12800_bz=1.0_cv1=0.5_p=1_q=32_20260127-032437
12800,1.0,0.5,1,32,base,fr,mspe,0.11909544,n=12800_bz=1.0_cv1=0.5_p=1_q=32_20260127-032437
12800,1.0,0.5,1,32,base,fr,bias2,0.1179126,n=12800_bz=1.0_cv1=0.5_p=1_q=32_20260127-032437
12800,1.0,0.5,1,32,base,fr,var,0.0011828451,n=12800_bz=1.0_cv1=0.5_p=1_q=32_20260127-032437
12800,1.0,0.5,1,32,posthoc,y,mspe,1.0045445,n=12800_bz=1.0_cv1=0.5_p=1_q=32_20260127-032437
12800,1.0,0.5,1,32,posthoc,y,bias2,1.0029589,n=12800_bz=1.0_cv1=0.5_p=1_q=32_20260127-032437
12800,1.0,0.5,1,32,posthoc,y,var,0.0015856477,n=12800_bz=1.0_cv1=0.5_p=1_q=32_20260127-032437
12800,1.0,0.5,1,32,posthoc,fx,mspe,0.0016307152,n=12800_bz=1.0_cv1=0.5_p=1_q=32_20260127-032437
12800,1.0,0.5,1,32,posthoc,fx,bias2,7.6431046e-05,n=12800_bz=1.0_cv1=0.5_p=1_q=32_20260127-032437
12800,1.0,0.5,1,32,posthoc,fx,var,0.0015542844,n=12800_bz=1.0_cv1=0.5_p=1_q=32_20260127-032437
12800,1.0,0.5,1,32,posthoc,fz,mspe,0.00036790475,n=12800_bz=1.0_cv1=0.5_p=1_q=32_20260127-032437
12800,1.0,0.5,1,32,posthoc,fz,bias2,1.4255991e-06,n=12800_bz=1.0_cv1=0.5_p=1_q=32_20260127-032437
12800,1.0,0.5,1,32,posthoc,fz,var,0.0003664792,n=12800_bz=1.0_cv1=0.5_p=1_q=32_20260127-032437
12800,1.0,0.5,1,32,posthoc,fr,mspe,0.021161122,n=12800_bz=1.0_cv1=0.5_p=1_q=32_20260127-032437
12800,1.0,0.5,1,32,posthoc,fr,bias2,0.019606838,n=12800_bz=1.0_cv1=0.5_p=1_q=32_20260127-032437
12800,1.0,0.5,1,32,posthoc,fr,var,0.0015542844,n=12800_bz=1.0_cv1=0.5_p=1_q=32_20260127-032437
12800,1.0,0.5,1,32,posthoc_orth,y,mspe,1.0045433,n=12800_bz=1.0_cv1=0.5_p=1_q=32_20260127-032437
12800,1.0,0.5,1,32,posthoc_orth,y,bias2,1.0029516,n=12800_bz=1.0_cv1=0.5_p=1_q=32_20260127-032437
12800,1.0,0.5,1,32,posthoc_orth,y,var,0.0015917073,n=12800_bz=1.0_cv1=0.5_p=1_q=32_20260127-032437
12800,1.0,0.5,1,32,posthoc_orth,fx,mspe,0.02091268,n=12800_bz=1.0_cv1=0.5_p=1_q=32_20260127-032437
12800,1.0,0.5,1,32,posthoc_orth,fx,bias2,0.019561157,n=12800_bz=1.0_cv1=0.5_p=1_q=32_20260127-032437
12800,1.0,0.5,1,32,posthoc_orth,fx,var,0.0013515245,n=12800_bz=1.0_cv1=0.5_p=1_q=32_20260127-032437
12800,1.0,0.5,1,32,posthoc_orth,fz,mspe,0.019391114,n=12800_bz=1.0_cv1=0.5_p=1_q=32_20260127-032437
12800,1.0,0.5,1,32,posthoc_orth,fz,bias2,0.019236304,n=12800_bz=1.0_cv1=0.5_p=1_q=32_20260127-032437
12800,1.0,0.5,1,32,posthoc_orth,fz,var,0.00015480923,n=12800_bz=1.0_cv1=0.5_p=1_q=32_20260127-032437
12800,1.0,0.5,1,32,posthoc_orth,fr,mspe,0.0014270168,n=12800_bz=1.0_cv1=0.5_p=1_q=32_20260127-032437
12800,1.0,0.5,1,32,posthoc_orth,fr,bias2,7.549252e-05,n=12800_bz=1.0_cv1=0.5_p=1_q=32_20260127-032437
12800,1.0,0.5,1,32,posthoc_orth,fr,var,0.0013515245,n=12800_bz=1.0_cv1=0.5_p=1_q=32_20260127-032437
12800,1.0,0.6,1,32,base,y,mspe,1.0415527,n=12800_bz=1.0_cv1=0.6_p=1_q=32_20260127-033920
12800,1.0,0.6,1,32,base,y,bias2,1.0401123,n=12800_bz=1.0_cv1=0.6_p=1_q=32_20260127-033920
12800,1.0,0.6,1,32,base,y,var,0.0014404631,n=12800_bz=1.0_cv1=0.6_p=1_q=32_20260127-033920
12800,1.0,0.6,1,32,base,fx,mspe,0.05894212,n=12800_bz=1.0_cv1=0.6_p=1_q=32_20260127-033920
12800,1.0,0.6,1,32,base,fx,bias2,0.05775405,n=12800_bz=1.0_cv1=0.6_p=1_q=32_20260127-033920
12800,1.0,0.6,1,32,base,fx,var,0.0011880657,n=12800_bz=1.0_cv1=0.6_p=1_q=32_20260127-033920
12800,1.0,0.6,1,32,base,fz,mspe,0.07795459,n=12800_bz=1.0_cv1=0.6_p=1_q=32_20260127-033920
12800,1.0,0.6,1,32,base,fz,bias2,0.07795459,n=12800_bz=1.0_cv1=0.6_p=1_q=32_20260127-033920
12800,1.0,0.6,1,32,base,fz,var,0.0,n=12800_bz=1.0_cv1=0.6_p=1_q=32_20260127-033920
12800,1.0,0.6,1,32,base,fr,mspe,0.13672344,n=12800_bz=1.0_cv1=0.6_p=1_q=32_20260127-033920
12800,1.0,0.6,1,32,base,fr,bias2,0.13553537,n=12800_bz=1.0_cv1=0.6_p=1_q=32_20260127-033920
12800,1.0,0.6,1,32,base,fr,var,0.0011880657,n=12800_bz=1.0_cv1=0.6_p=1_q=32_20260127-033920
12800,1.0,0.6,1,32,posthoc,y,mspe,1.0043796,n=12800_bz=1.0_cv1=0.6_p=1_q=32_20260127-033920
12800,1.0,0.6,1,32,posthoc,y,bias2,1.0027438,n=12800_bz=1.0_cv1=0.6_p=1_q=32_20260127-033920
12800,1.0,0.6,1,32,posthoc,y,var,0.0016358028,n=12800_bz=1.0_cv1=0.6_p=1_q=32_20260127-033920
12800,1.0,0.6,1,32,posthoc,fx,mspe,0.0018900044,n=12800_bz=1.0_cv1=0.6_p=1_q=32_20260127-033920
12800,1.0,0.6,1,32,posthoc,fx,bias2,8.209155e-05,n=12800_bz=1.0_cv1=0.6_p=1_q=32_20260127-033920
12800,1.0,0.6,1,32,posthoc,fx,var,0.0018079128,n=12800_bz=1.0_cv1=0.6_p=1_q=32_20260127-033920
12800,1.0,0.6,1,32,posthoc,fz,mspe,0.0005599043,n=12800_bz=1.0_cv1=0.6_p=1_q=32_20260127-033920
12800,1.0,0.6,1,32,posthoc,fz,bias2,3.4179425e-06,n=12800_bz=1.0_cv1=0.6_p=1_q=32_20260127-033920
12800,1.0,0.6,1,32,posthoc,fz,var,0.0005564864,n=12800_bz=1.0_cv1=0.6_p=1_q=32_20260127-033920
12800,1.0,0.6,1,32,posthoc,fr,mspe,0.021654947,n=12800_bz=1.0_cv1=0.6_p=1_q=32_20260127-033920
12800,1.0,0.6,1,32,posthoc,fr,bias2,0.019847034,n=12800_bz=1.0_cv1=0.6_p=1_q=32_20260127-033920
12800,1.0,0.6,1,32,posthoc,fr,var,0.0018079128,n=12800_bz=1.0_cv1=0.6_p=1_q=32_20260127-033920
12800,1.0,0.6,1,32,posthoc_orth,y,mspe,1.0043762,n=12800_bz=1.0_cv1=0.6_p=1_q=32_20260127-033920
12800,1.0,0.6,1,32,posthoc_orth,y,bias2,1.0027404,n=12800_bz=1.0_cv1=0.6_p=1_q=32_20260127-033920
12800,1.0,0.6,1,32,posthoc_orth,y,var,0.0016357971,n=12800_bz=1.0_cv1=0.6_p=1_q=32_20260127-033920
12800,1.0,0.6,1,32,posthoc_orth,fx,mspe,0.02092485,n=12800_bz=1.0_cv1=0.6_p=1_q=32_20260127-033920
12800,1.0,0.6,1,32,posthoc_orth,fx,bias2,0.019530725,n=12800_bz=1.0_cv1=0.6_p=1_q=32_20260127-033920
12800,1.0,0.6,1,32,posthoc_orth,fx,var,0.0013941248,n=12800_bz=1.0_cv1=0.6_p=1_q=32_20260127-033920
12800,1.0,0.6,1,32,posthoc_orth,fz,mspe,0.019391106,n=12800_bz=1.0_cv1=0.6_p=1_q=32_20260127-033920
12800,1.0,0.6,1,32,posthoc_orth,fz,bias2,0.019236298,n=12800_bz=1.0_cv1=0.6_p=1_q=32_20260127-033920
12800,1.0,0.6,1,32,posthoc_orth,fz,var,0.00015480882,n=12800_bz=1.0_cv1=0.6_p=1_q=32_20260127-033920
12800,1.0,0.6,1,32,posthoc_orth,fr,mspe,0.0014744804,n=12800_bz=1.0_cv1=0.6_p=1_q=32_20260127-033920
12800,1.0,0.6,1,32,posthoc_orth,fr,bias2,8.035544e-05,n=12800_bz=1.0_cv1=0.6_p=1_q=32_20260127-033920
12800,1.0,0.6,1,32,posthoc_orth,fr,var,0.0013941248,n=12800_bz=1.0_cv1=0.6_p=1_q=32_20260127-033920
12800,1.0,0.7,1,32,base,y,mspe,1.0290148,n=12800_bz=1.0_cv1=0.7_p=1_q=32_20260127-035407
12800,1.0,0.7,1,32,base,y,bias2,1.0276139,n=12800_bz=1.0_cv1=0.7_p=1_q=32_20260127-035407
12800,1.0,0.7,1,32,base,y,var,0.0014010011,n=12800_bz=1.0_cv1=0.7_p=1_q=32_20260127-035407
12800,1.0,0.7,1,32,base,fx,mspe,0.06916941,n=12800_bz=1.0_cv1=0.7_p=1_q=32_20260127-035407
12800,1.0,0.7,1,32,base,fx,bias2,0.06798033,n=12800_bz=1.0_cv1=0.7_p=1_q=32_20260127-035407
12800,1.0,0.7,1,32,base,fx,var,0.0011890886,n=12800_bz=1.0_cv1=0.7_p=1_q=32_20260127-035407
12800,1.0,0.7,1,32,base,fz,mspe,0.07795459,n=12800_bz=1.0_cv1=0.7_p=1_q=32_20260127-035407
12800,1.0,0.7,1,32,base,fz,bias2,0.07795459,n=12800_bz=1.0_cv1=0.7_p=1_q=32_20260127-035407
12800,1.0,0.7,1,32,base,fz,var,0.0,n=12800_bz=1.0_cv1=0.7_p=1_q=32_20260127-035407
12800,1.0,0.7,1,32,base,fr,mspe,0.15622999,n=12800_bz=1.0_cv1=0.7_p=1_q=32_20260127-035407
12800,1.0,0.7,1,32,base,fr,bias2,0.15504092,n=12800_bz=1.0_cv1=0.7_p=1_q=32_20260127-035407
12800,1.0,0.7,1,32,base,fr,var,0.0011890886,n=12800_bz=1.0_cv1=0.7_p=1_q=32_20260127-035407
12800,1.0,0.7,1,32,posthoc,y,mspe,1.0044123,n=12800_bz=1.0_cv1=0.7_p=1_q=32_20260127-035407
12800,1.0,0.7,1,32,posthoc,y,bias2,1.002782,n=12800_bz=1.0_cv1=0.7_p=1_q=32_20260127-035407
12800,1.0,0.7,1,32,posthoc,y,var,0.0016303974,n=12800_bz=1.0_cv1=0.7_p=1_q=32_20260127-035407
12800,1.0,0.7,1,32,posthoc,fx,mspe,0.0024197178,n=12800_bz=1.0_cv1=0.7_p=1_q=32_20260127-035407
12800,1.0,0.7,1,32,posthoc,fx,bias2,9.896341e-05,n=12800_bz=1.0_cv1=0.7_p=1_q=32_20260127-035407
12800,1.0,0.7,1,32,posthoc,fx,var,0.0023207543,n=12800_bz=1.0_cv1=0.7_p=1_q=32_20260127-035407
12800,1.0,0.7,1,32,posthoc,fz,mspe,0.0010614725,n=12800_bz=1.0_cv1=0.7_p=1_q=32_20260127-035407
12800,1.0,0.7,1,32,posthoc,fz,bias2,1.2542499e-05,n=12800_bz=1.0_cv1=0.7_p=1_q=32_20260127-035407
12800,1.0,0.7,1,32,posthoc,fz,var,0.00104893,n=12800_bz=1.0_cv1=0.7_p=1_q=32_20260127-035407
12800,1.0,0.7,1,32,posthoc,fr,mspe,0.02267889,n=12800_bz=1.0_cv1=0.7_p=1_q=32_20260127-035407
12800,1.0,0.7,1,32,posthoc,fr,bias2,0.020358134,n=12800_bz=1.0_cv1=0.7_p=1_q=32_20260127-035407
12800,1.0,0.7,1,32,posthoc,fr,var,0.0023207543,n=12800_bz=1.0_cv1=0.7_p=1_q=32_20260127-035407
12800,1.0,0.7,1,32,posthoc_orth,y,mspe,1.0044117,n=12800_bz=1.0_cv1=0.7_p=1_q=32_20260127-035407
12800,1.0,0.7,1,32,posthoc_orth,y,bias2,1.0027795,n=12800_bz=1.0_cv1=0.7_p=1_q=32_20260127-035407
12800,1.0,0.7,1,32,posthoc_orth,y,var,0.001632139,n=12800_bz=1.0_cv1=0.7_p=1_q=32_20260127-035407
12800,1.0,0.7,1,32,posthoc_orth,fx,mspe,0.020919247,n=12800_bz=1.0_cv1=0.7_p=1_q=32_20260127-035407
12800,1.0,0.7,1,32,posthoc_orth,fx,bias2,0.019530663,n=12800_bz=1.0_cv1=0.7_p=1_q=32_20260127-035407
12800,1.0,0.7,1,32,posthoc_orth,fx,var,0.0013885815,n=12800_bz=1.0_cv1=0.7_p=1_q=32_20260127-035407
12800,1.0,0.7,1,32,posthoc_orth,fz,mspe,0.019391123,n=12800_bz=1.0_cv1=0.7_p=1_q=32_20260127-035407
12800,1.0,0.7,1,32,posthoc_orth,fz,bias2,0.019236311,n=12800_bz=1.0_cv1=0.7_p=1_q=32_20260127-035407
12800,1.0,0.7,1,32,posthoc_orth,fz,var,0.00015481,n=12800_bz=1.0_cv1=0.7_p=1_q=32_20260127-035407
12800,1.0,0.7,1,32,posthoc_orth,fr,mspe,0.0014792583,n=12800_bz=1.0_cv1=0.7_p=1_q=32_20260127-035407
12800,1.0,0.7,1,32,posthoc_orth,fr,bias2,9.067673e-05,n=12800_bz=1.0_cv1=0.7_p=1_q=32_20260127-035407
12800,1.0,0.7,1,32,posthoc_orth,fr,var,0.0013885815,n=12800_bz=1.0_cv1=0.7_p=1_q=32_20260127-035407
12800,1.0,0.8,1,32,base,y,mspe,1.0172439,n=12800_bz=1.0_cv1=0.8_p=1_q=32_20260127-040832
12800,1.0,0.8,1,32,base,y,bias2,1.0159537,n=12800_bz=1.0_cv1=0.8_p=1_q=32_20260127-040832
12800,1.0,0.8,1,32,base,y,var,0.0012901865,n=12800_bz=1.0_cv1=0.8_p=1_q=32_20260127-040832
12800,1.0,0.8,1,32,base,fx,mspe,0.07480071,n=12800_bz=1.0_cv1=0.8_p=1_q=32_20260127-040832
12800,1.0,0.8,1,32,base,fx,bias2,0.07370536,n=12800_bz=1.0_cv1=0.8_p=1_q=32_20260127-040832
12800,1.0,0.8,1,32,base,fx,var,0.0010953504,n=12800_bz=1.0_cv1=0.8_p=1_q=32_20260127-040832
12800,1.0,0.8,1,32,base,fz,mspe,0.07795459,n=12800_bz=1.0_cv1=0.8_p=1_q=32_20260127-040832
12800,1.0,0.8,1,32,base,fz,bias2,0.07795459,n=12800_bz=1.0_cv1=0.8_p=1_q=32_20260127-040832
12800,1.0,0.8,1,32,base,fz,var,0.0,n=12800_bz=1.0_cv1=0.8_p=1_q=32_20260127-040832
12800,1.0,0.8,1,32,base,fr,mspe,0.1678312,n=12800_bz=1.0_cv1=0.8_p=1_q=32_20260127-040832
12800,1.0,0.8,1,32,base,fr,bias2,0.16673586,n=12800_bz=1.0_cv1=0.8_p=1_q=32_20260127-040832
12800,1.0,0.8,1,32,base,fr,var,0.0010953504,n=12800_bz=1.0_cv1=0.8_p=1_q=32_20260127-040832
12800,1.0,0.8,1,32,posthoc,y,mspe,1.0043643,n=12800_bz=1.0_cv1=0.8_p=1_q=32_20260127-040832
12800,1.0,0.8,1,32,posthoc,y,bias2,1.0027772,n=12800_bz=1.0_cv1=0.8_p=1_q=32_20260127-040832
12800,1.0,0.8,1,32,posthoc,y,var,0.0015869739,n=12800_bz=1.0_cv1=0.8_p=1_q=32_20260127-040832
12800,1.0,0.8,1,32,posthoc,fx,mspe,0.004200002,n=12800_bz=1.0_cv1=0.8_p=1_q=32_20260127-040832
12800,1.0,0.8,1,32,posthoc,fx,bias2,0.0001539477,n=12800_bz=1.0_cv1=0.8_p=1_q=32_20260127-040832
12800,1.0,0.8,1,32,posthoc,fx,var,0.0040460546,n=12800_bz=1.0_cv1=0.8_p=1_q=32_20260127-040832
12800,1.0,0.8,1,32,posthoc,fz,mspe,0.0028204117,n=12800_bz=1.0_cv1=0.8_p=1_q=32_20260127-040832
12800,1.0,0.8,1,32,posthoc,fz,bias2,7.651939e-05,n=12800_bz=1.0_cv1=0.8_p=1_q=32_20260127-040832
12800,1.0,0.8,1,32,posthoc,fz,var,0.0027438924,n=12800_bz=1.0_cv1=0.8_p=1_q=32_20260127-040832
12800,1.0,0.8,1,32,posthoc,fr,mspe,0.025905624,n=12800_bz=1.0_cv1=0.8_p=1_q=32_20260127-040832
12800,1.0,0.8,1,32,posthoc,fr,bias2,0.02185957,n=12800_bz=1.0_cv1=0.8_p=1_q=32_20260127-040832
12800,1.0,0.8,1,32,posthoc,fr,var,0.0040460546,n=12800_bz=1.0_cv1=0.8_p=1_q=32_20260127-040832
12800,1.0,0.8,1,32,posthoc_orth,y,mspe,1.0043678,n=12800_bz=1.0_cv1=0.8_p=1_q=32_20260127-040832
12800,1.0,0.8,1,32,posthoc_orth,y,bias2,1.00278,n=12800_bz=1.0_cv1=0.8_p=1_q=32_20260127-040832
12800,1.0,0.8,1,32,posthoc_orth,y,var,0.0015878669,n=12800_bz=1.0_cv1=0.8_p=1_q=32_20260127-040832
12800,1.0,0.8,1,32,posthoc_orth,fx,mspe,0.02089056,n=12800_bz=1.0_cv1=0.8_p=1_q=32_20260127-040832
12800,1.0,0.8,1,32,posthoc_orth,fx,bias2,0.019546056,n=12800_bz=1.0_cv1=0.8_p=1_q=32_20260127-040832
12800,1.0,0.8,1,32,posthoc_orth,fx,var,0.0013445028,n=12800_bz=1.0_cv1=0.8_p=1_q=32_20260127-040832
12800,1.0,0.8,1,32,posthoc_orth,fz,mspe,0.01939114,n=12800_bz=1.0_cv1=0.8_p=1_q=32_20260127-040832
12800,1.0,0.8,1,32,posthoc_orth,fz,bias2,0.019236334,n=12800_bz=1.0_cv1=0.8_p=1_q=32_20260127-040832
12800,1.0,0.8,1,32,posthoc_orth,fz,var,0.00015480828,n=12800_bz=1.0_cv1=0.8_p=1_q=32_20260127-040832
12800,1.0,0.8,1,32,posthoc_orth,fr,mspe,0.0014350516,n=12800_bz=1.0_cv1=0.8_p=1_q=32_20260127-040832
12800,1.0,0.8,1,32,posthoc_orth,fr,bias2,9.0548696e-05,n=12800_bz=1.0_cv1=0.8_p=1_q=32_20260127-040832
12800,1.0,0.8,1,32,posthoc_orth,fr,var,0.0013445028,n=12800_bz=1.0_cv1=0.8_p=1_q=32_20260127-040832
12800,1.0,0.9,1,32,base,y,mspe,1.0089108,n=12800_bz=1.0_cv1=0.9_p=1_q=32_20260127-042300
12800,1.0,0.9,1,32,base,y,bias2,1.0075905,n=12800_bz=1.0_cv1=0.9_p=1_q=32_20260127-042300
12800,1.0,0.9,1,32,base,y,var,0.001320355,n=12800_bz=1.0_cv1=0.9_p=1_q=32_20260127-042300
12800,1.0,0.9,1,32,base,fx,mspe,0.07735036,n=12800_bz=1.0_cv1=0.9_p=1_q=32_20260127-042300
12800,1.0,0.9,1,32,base,fx,bias2,0.07622596,n=12800_bz=1.0_cv1=0.9_p=1_q=32_20260127-042300
12800,1.0,0.9,1,32,base,fx,var,0.0011244039,n=12800_bz=1.0_cv1=0.9_p=1_q=32_20260127-042300
12800,1.0,0.9,1,32,base,fz,mspe,0.07795459,n=12800_bz=1.0_cv1=0.9_p=1_q=32_20260127-042300
12800,1.0,0.9,1,32,base,fz,bias2,0.07795459,n=12800_bz=1.0_cv1=0.9_p=1_q=32_20260127-042300
12800,1.0,0.9,1,32,base,fz,var,0.0,n=12800_bz=1.0_cv1=0.9_p=1_q=32_20260127-042300
12800,1.0,0.9,1,32,base,fr,mspe,0.17333992,n=12800_bz=1.0_cv1=0.9_p=1_q=32_20260127-042300
12800,1.0,0.9,1,32,base,fr,bias2,0.17221554,n=12800_bz=1.0_cv1=0.9_p=1_q=32_20260127-042300
12800,1.0,0.9,1,32,base,fr,var,0.0011244039,n=12800_bz=1.0_cv1=0.9_p=1_q=32_20260127-042300
12800,1.0,0.9,1,32,posthoc,y,mspe,1.0052379,n=12800_bz=1.0_cv1=0.9_p=1_q=32_20260127-042300
12800,1.0,0.9,1,32,posthoc,y,bias2,1.0038214,n=12800_bz=1.0_cv1=0.9_p=1_q=32_20260127-042300
12800,1.0,0.9,1,32,posthoc,y,var,0.0014166259,n=12800_bz=1.0_cv1=0.9_p=1_q=32_20260127-042300
12800,1.0,0.9,1,32,posthoc,fx,mspe,0.025011063,n=12800_bz=1.0_cv1=0.9_p=1_q=32_20260127-042300
12800,1.0,0.9,1,32,posthoc,fx,bias2,0.008197994,n=12800_bz=1.0_cv1=0.9_p=1_q=32_20260127-042300
12800,1.0,0.9,1,32,posthoc,fx,var,0.01681307,n=12800_bz=1.0_cv1=0.9_p=1_q=32_20260127-042300
12800,1.0,0.9,1,32,posthoc,fz,mspe,0.023460418,n=12800_bz=1.0_cv1=0.9_p=1_q=32_20260127-042300
12800,1.0,0.9,1,32,posthoc,fz,bias2,0.008068997,n=12800_bz=1.0_cv1=0.9_p=1_q=32_20260127-042300
12800,1.0,0.9,1,32,posthoc,fz,var,0.0153914215,n=12800_bz=1.0_cv1=0.9_p=1_q=32_20260127-042300
12800,1.0,0.9,1,32,posthoc,fr,mspe,0.0694287,n=12800_bz=1.0_cv1=0.9_p=1_q=32_20260127-042300
12800,1.0,0.9,1,32,posthoc,fr,bias2,0.052615624,n=12800_bz=1.0_cv1=0.9_p=1_q=32_20260127-042300
12800,1.0,0.9,1,32,posthoc,fr,var,0.01681307,n=12800_bz=1.0_cv1=0.9_p=1_q=32_20260127-042300
12800,1.0,0.9,1,32,posthoc_orth,y,mspe,1.0052371,n=12800_bz=1.0_cv1=0.9_p=1_q=32_20260127-042300
12800,1.0,0.9,1,32,posthoc_orth,y,bias2,1.00383,n=12800_bz=1.0_cv1=0.9_p=1_q=32_20260127-042300
12800,1.0,0.9,1,32,posthoc_orth,y,var,0.0014072042,n=12800_bz=1.0_cv1=0.9_p=1_q=32_20260127-042300
12800,1.0,0.9,1,32,posthoc_orth,fx,mspe,0.020778636,n=12800_bz=1.0_cv1=0.9_p=1_q=32_20260127-042300
12800,1.0,0.9,1,32,posthoc_orth,fx,bias2,0.019611666,n=12800_bz=1.0_cv1=0.9_p=1_q=32_20260127-042300
12800,1.0,0.9,1,32,posthoc_orth,fx,var,0.0011669684,n=12800_bz=1.0_cv1=0.9_p=1_q=32_20260127-042300
12800,1.0,0.9,1,32,posthoc_orth,fz,mspe,0.019391123,n=12800_bz=1.0_cv1=0.9_p=1_q=32_20260127-042300
12800,1.0,0.9,1,32,posthoc_orth,fz,bias2,0.019236315,n=12800_bz=1.0_cv1=0.9_p=1_q=32_20260127-042300
12800,1.0,0.9,1,32,posthoc_orth,fz,var,0.0001548079,n=12800_bz=1.0_cv1=0.9_p=1_q=32_20260127-042300
12800,1.0,0.9,1,32,posthoc_orth,fr,mspe,0.0013967503,n=12800_bz=1.0_cv1=0.9_p=1_q=32_20260127-042300
12800,1.0,0.9,1,32,posthoc_orth,fr,bias2,0.00022978183,n=12800_bz=1.0_cv1=0.9_p=1_q=32_20260127-042300
12800,1.0,0.9,1,32,posthoc_orth,fr,var,0.0011669684,n=12800_bz=1.0_cv1=0.9_p=1_q=32_20260127-042300
12800,1.0,0.0,1,32,base,y,mspe,1.0615599,n=12800_bz=1.0_cv1=0_p=1_q=32_20260127-020404
12800,1.0,0.0,1,32,base,y,bias2,1.0600674,n=12800_bz=1.0_cv1=0_p=1_q=32_20260127-020404
12800,1.0,0.0,1,32,base,y,var,0.0014926888,n=12800_bz=1.0_cv1=0_p=1_q=32_20260127-020404
12800,1.0,0.0,1,32,base,fx,mspe,0.036367662,n=12800_bz=1.0_cv1=0_p=1_q=32_20260127-020404
12800,1.0,0.0,1,32,base,fx,bias2,0.03512188,n=12800_bz=1.0_cv1=0_p=1_q=32_20260127-020404
12800,1.0,0.0,1,32,base,fx,var,0.0012457821,n=12800_bz=1.0_cv1=0_p=1_q=32_20260127-020404
12800,1.0,0.0,1,32,base,fz,mspe,0.07795459,n=12800_bz=1.0_cv1=0_p=1_q=32_20260127-020404
12800,1.0,0.0,1,32,base,fz,bias2,0.07795459,n=12800_bz=1.0_cv1=0_p=1_q=32_20260127-020404
12800,1.0,0.0,1,32,base,fz,var,0.0,n=12800_bz=1.0_cv1=0_p=1_q=32_20260127-020404
12800,1.0,0.0,1,32,base,fr,mspe,0.09111136,n=12800_bz=1.0_cv1=0_p=1_q=32_20260127-020404
12800,1.0,0.0,1,32,base,fr,bias2,0.08986559,n=12800_bz=1.0_cv1=0_p=1_q=32_20260127-020404
12800,1.0,0.0,1,32,base,fr,var,0.0012457821,n=12800_bz=1.0_cv1=0_p=1_q=32_20260127-020404
12800,1.0,0.0,1,32,posthoc,y,mspe,1.0047344,n=12800_bz=1.0_cv1=0_p=1_q=32_20260127-020404
12800,1.0,0.0,1,32,posthoc,y,bias2,1.0030977,n=12800_bz=1.0_cv1=0_p=1_q=32_20260127-020404
12800,1.0,0.0,1,32,posthoc,y,var,0.0016368667,n=12800_bz=1.0_cv1=0_p=1_q=32_20260127-020404
12800,1.0,0.0,1,32,posthoc,fx,mspe,0.001561714,n=12800_bz=1.0_cv1=0_p=1_q=32_20260127-020404
12800,1.0,0.0,1,32,posthoc,fx,bias2,8.8010616e-05,n=12800_bz=1.0_cv1=0_p=1_q=32_20260127-020404
12800,1.0,0.0,1,32,posthoc,fx,var,0.0014737034,n=12800_bz=1.0_cv1=0_p=1_q=32_20260127-020404
12800,1.0,0.0,1,32,posthoc,fz,mspe,0.00028335015,n=12800_bz=1.0_cv1=0_p=1_q=32_20260127-020404
12800,1.0,0.0,1,32,posthoc,fz,bias2,3.3394423e-07,n=12800_bz=1.0_cv1=0_p=1_q=32_20260127-020404
12800,1.0,0.0,1,32,posthoc,fz,var,0.0002830162,n=12800_bz=1.0_cv1=0_p=1_q=32_20260127-020404
12800,1.0,0.0,1,32,posthoc,fr,mspe,0.020825442,n=12800_bz=1.0_cv1=0_p=1_q=32_20260127-020404
12800,1.0,0.0,1,32,posthoc,fr,bias2,0.019351741,n=12800_bz=1.0_cv1=0_p=1_q=32_20260127-020404
12800,1.0,0.0,1,32,posthoc,fr,var,0.0014737034,n=12800_bz=1.0_cv1=0_p=1_q=32_20260127-020404
12800,1.0,0.0,1,32,posthoc_orth,y,mspe,1.004732,n=12800_bz=1.0_cv1=0_p=1_q=32_20260127-020404
12800,1.0,0.0,1,32,posthoc_orth,y,bias2,1.0030966,n=12800_bz=1.0_cv1=0_p=1_q=32_20260127-020404
12800,1.0,0.0,1,32,posthoc_orth,y,var,0.0016354367,n=12800_bz=1.0_cv1=0_p=1_q=32_20260127-020404
12800,1.0,0.0,1,32,posthoc_orth,fx,mspe,0.02097886,n=12800_bz=1.0_cv1=0_p=1_q=32_20260127-020404
12800,1.0,0.0,1,32,posthoc_orth,fx,bias2,0.019582393,n=12800_bz=1.0_cv1=0_p=1_q=32_20260127-020404
12800,1.0,0.0,1,32,posthoc_orth,fx,var,0.0013964691,n=12800_bz=1.0_cv1=0_p=1_q=32_20260127-020404
12800,1.0,0.0,1,32,posthoc_orth,fz,mspe,0.0193911,n=12800_bz=1.0_cv1=0_p=1_q=32_20260127-020404
12800,1.0,0.0,1,32,posthoc_orth,fz,bias2,0.019236293,n=12800_bz=1.0_cv1=0_p=1_q=32_20260127-020404
12800,1.0,0.0,1,32,posthoc_orth,fz,var,0.00015480917,n=12800_bz=1.0_cv1=0_p=1_q=32_20260127-020404
12800,1.0,0.0,1,32,posthoc_orth,fr,mspe,0.0014835653,n=12800_bz=1.0_cv1=0_p=1_q=32_20260127-020404
12800,1.0,0.0,1,32,posthoc_orth,fr,bias2,8.709628e-05,n=12800_bz=1.0_cv1=0_p=1_q=32_20260127-020404
12800,1.0,0.0,1,32,posthoc_orth,fr,var,0.0013964691,n=12800_bz=1.0_cv1=0_p=1_q=32_20260127-020404
12800,1.0,1.0,1,32,base,y,mspe,1.0043918,n=12800_bz=1.0_cv1=1.0_p=1_q=32_20260127-043743
12800,1.0,1.0,1,32,base,y,bias2,1.0030118,n=12800_bz=1.0_cv1=1.0_p=1_q=32_20260127-043743
12800,1.0,1.0,1,32,base,y,var,0.0013799823,n=12800_bz=1.0_cv1=1.0_p=1_q=32_20260127-043743
12800,1.0,1.0,1,32,base,fx,mspe,0.07871782,n=12800_bz=1.0_cv1=1.0_p=1_q=32_20260127-043743
12800,1.0,1.0,1,32,base,fx,bias2,0.0775609,n=12800_bz=1.0_cv1=1.0_p=1_q=32_20260127-043743
12800,1.0,1.0,1,32,base,fx,var,0.0011569256,n=12800_bz=1.0_cv1=1.0_p=1_q=32_20260127-043743
12800,1.0,1.0,1,32,base,fz,mspe,0.07795459,n=12800_bz=1.0_cv1=1.0_p=1_q=32_20260127-043743
12800,1.0,1.0,1,32,base,fz,bias2,0.07795459,n=12800_bz=1.0_cv1=1.0_p=1_q=32_20260127-043743
12800,1.0,1.0,1,32,base,fz,var,0.0,n=12800_bz=1.0_cv1=1.0_p=1_q=32_20260127-043743
12800,1.0,1.0,1,32,base,fr,mspe,0.17584252,n=12800_bz=1.0_cv1=1.0_p=1_q=32_20260127-043743
12800,1.0,1.0,1,32,base,fr,bias2,0.1746856,n=12800_bz=1.0_cv1=1.0_p=1_q=32_20260127-043743
12800,1.0,1.0,1,32,base,fr,var,0.0011569256,n=12800_bz=1.0_cv1=1.0_p=1_q=32_20260127-043743
12800,1.0,1.0,1,32,posthoc,y,mspe,1.0043441,n=12800_bz=1.0_cv1=1.0_p=1_q=32_20260127-043743
12800,1.0,1.0,1,32,posthoc,y,bias2,1.0031326,n=12800_bz=1.0_cv1=1.0_p=1_q=32_20260127-043743
12800,1.0,1.0,1,32,posthoc,y,var,0.0012114879,n=12800_bz=1.0_cv1=1.0_p=1_q=32_20260127-043743
12800,1.0,1.0,1,32,posthoc,fx,mspe,0.07367179,n=12800_bz=1.0_cv1=1.0_p=1_q=32_20260127-043743
12800,1.0,1.0,1,32,posthoc,fx,bias2,0.06461257,n=12800_bz=1.0_cv1=1.0_p=1_q=32_20260127-043743
12800,1.0,1.0,1,32,posthoc,fx,var,0.009059223,n=12800_bz=1.0_cv1=1.0_p=1_q=32_20260127-043743
12800,1.0,1.0,1,32,posthoc,fz,mspe,0.07259028,n=12800_bz=1.0_cv1=1.0_p=1_q=32_20260127-043743
12800,1.0,1.0,1,32,posthoc,fz,bias2,0.064728744,n=12800_bz=1.0_cv1=1.0_p=1_q=32_20260127-043743
12800,1.0,1.0,1,32,posthoc,fz,var,0.007861532,n=12800_bz=1.0_cv1=1.0_p=1_q=32_20260127-043743
12800,1.0,1.0,1,32,posthoc,fr,mspe,0.16404891,n=12800_bz=1.0_cv1=1.0_p=1_q=32_20260127-043743
12800,1.0,1.0,1,32,posthoc,fr,bias2,0.1549897,n=12800_bz=1.0_cv1=1.0_p=1_q=32_20260127-043743
12800,1.0,1.0,1,32,posthoc,fr,var,0.009059223,n=12800_bz=1.0_cv1=1.0_p=1_q=32_20260127-043743
12800,1.0,1.0,1,32,posthoc_orth,y,mspe,1.0043288,n=12800_bz=1.0_cv1=1.0_p=1_q=32_20260127-043743
12800,1.0,1.0,1,32,posthoc_orth,y,bias2,1.0031137,n=12800_bz=1.0_cv1=1.0_p=1_q=32_20260127-043743
12800,1.0,1.0,1,32,posthoc_orth,y,var,0.0012150868,n=12800_bz=1.0_cv1=1.0_p=1_q=32_20260127-043743
12800,1.0,1.0,1,32,posthoc_orth,fx,mspe,0.020503588,n=12800_bz=1.0_cv1=1.0_p=1_q=32_20260127-043743
12800,1.0,1.0,1,32,posthoc_orth,fx,bias2,0.019527785,n=12800_bz=1.0_cv1=1.0_p=1_q=32_20260127-043743
12800,1.0,1.0,1,32,posthoc_orth,fx,var,0.000975805,n=12800_bz=1.0_cv1=1.0_p=1_q=32_20260127-043743
12800,1.0,1.0,1,32,posthoc_orth,fz,mspe,0.019391118,n=12800_bz=1.0_cv1=1.0_p=1_q=32_20260127-043743
12800,1.0,1.0,1,32,posthoc_orth,fz,bias2,0.019236308,n=12800_bz=1.0_cv1=1.0_p=1_q=32_20260127-043743
12800,1.0,1.0,1,32,posthoc_orth,fz,var,0.00015480962,n=12800_bz=1.0_cv1=1.0_p=1_q=32_20260127-043743
12800,1.0,1.0,1,32,posthoc_orth,fr,mspe,0.0011271061,n=12800_bz=1.0_cv1=1.0_p=1_q=32_20260127-043743
12800,1.0,1.0,1,32,posthoc_orth,fr,bias2,0.00015130108,n=12800_bz=1.0_cv1=1.0_p=1_q=32_20260127-043743
12800,1.0,1.0,1,32,posthoc_orth,fr,var,0.000975805,n=12800_bz=1.0_cv1=1.0_p=1_q=32_20260127-043743
1600,1.0,0.1,1,32,base,y,mspe,1.0678115,n=1600_bz=1.0_cv1=0.1_p=1_q=32_20260126-233552
1600,1.0,0.1,1,32,base,y,bias2,1.062029,n=1600_bz=1.0_cv1=0.1_p=1_q=32_20260126-233552
1600,1.0,0.1,1,32,base,y,var,0.005782469,n=1600_bz=1.0_cv1=0.1_p=1_q=32_20260126-233552
1600,1.0,0.1,1,32,base,fx,mspe,0.04055874,n=1600_bz=1.0_cv1=0.1_p=1_q=32_20260126-233552
1600,1.0,0.1,1,32,base,fx,bias2,0.036311094,n=1600_bz=1.0_cv1=0.1_p=1_q=32_20260126-233552
1600,1.0,0.1,1,32,base,fx,var,0.004247643,n=1600_bz=1.0_cv1=0.1_p=1_q=32_20260126-233552
1600,1.0,0.1,1,32,base,fz,mspe,0.07795459,n=1600_bz=1.0_cv1=0.1_p=1_q=32_20260126-233552
1600,1.0,0.1,1,32,base,fz,bias2,0.07795459,n=1600_bz=1.0_cv1=0.1_p=1_q=32_20260126-233552
1600,1.0,0.1,1,32,base,fz,var,0.0,n=1600_bz=1.0_cv1=0.1_p=1_q=32_20260126-233552
1600,1.0,0.1,1,32,base,fr,mspe,0.095973335,n=1600_bz=1.0_cv1=0.1_p=1_q=32_20260126-233552
1600,1.0,0.1,1,32,base,fr,bias2,0.09172569,n=1600_bz=1.0_cv1=0.1_p=1_q=32_20260126-233552
1600,1.0,0.1,1,32,base,fr,var,0.004247643,n=1600_bz=1.0_cv1=0.1_p=1_q=32_20260126-233552
1600,1.0,0.1,1,32,posthoc,y,mspe,1.0111692,n=1600_bz=1.0_cv1=0.1_p=1_q=32_20260126-233552
1600,1.0,0.1,1,32,posthoc,y,bias2,1.0037416,n=1600_bz=1.0_cv1=0.1_p=1_q=32_20260126-233552
1600,1.0,0.1,1,32,posthoc,y,var,0.007427588,n=1600_bz=1.0_cv1=0.1_p=1_q=32_20260126-233552
1600,1.0,0.1,1,32,posthoc,fx,mspe,0.0065487945,n=1600_bz=1.0_cv1=0.1_p=1_q=32_20260126-233552
1600,1.0,0.1,1,32,posthoc,fx,bias2,0.0005226914,n=1600_bz=1.0_cv1=0.1_p=1_q=32_20260126-233552
1600,1.0,0.1,1,32,posthoc,fx,var,0.006026103,n=1600_bz=1.0_cv1=0.1_p=1_q=32_20260126-233552
1600,1.0,0.1,1,32,posthoc,fz,mspe,0.0027922455,n=1600_bz=1.0_cv1=0.1_p=1_q=32_20260126-233552
1600,1.0,0.1,1,32,posthoc,fz,bias2,0.0001198956,n=1600_bz=1.0_cv1=0.1_p=1_q=32_20260126-233552
1600,1.0,0.1,1,32,posthoc,fz,var,0.00267235,n=1600_bz=1.0_cv1=0.1_p=1_q=32_20260126-233552
1600,1.0,0.1,1,32,posthoc,fr,mspe,0.028248407,n=1600_bz=1.0_cv1=0.1_p=1_q=32_20260126-233552
1600,1.0,0.1,1,32,posthoc,fr,bias2,0.022222305,n=1600_bz=1.0_cv1=0.1_p=1_q=32_20260126-233552
1600,1.0,0.1,1,32,posthoc,fr,var,0.006026103,n=1600_bz=1.0_cv1=0.1_p=1_q=32_20260126-233552
1600,1.0,0.1,1,32,posthoc_orth,y,mspe,1.0113615,n=1600_bz=1.0_cv1=0.1_p=1_q=32_20260126-233552
1600,1.0,0.1,1,32,posthoc_orth,y,bias2,1.0037827,n=1600_bz=1.0_cv1=0.1_p=1_q=32_20260126-233552
1600,1.0,0.1,1,32,posthoc_orth,y,var,0.0075786505,n=1600_bz=1.0_cv1=0.1_p=1_q=32_20260126-233552
1600,1.0,0.1,1,32,posthoc_orth,fx,mspe,0.025852093,n=1600_bz=1.0_cv1=0.1_p=1_q=32_20260126-233552
1600,1.0,0.1,1,32,posthoc_orth,fx,bias2,0.020518059,n=1600_bz=1.0_cv1=0.1_p=1_q=32_20260126-233552
1600,1.0,0.1,1,32,posthoc_orth,fx,var,0.005334034,n=1600_bz=1.0_cv1=0.1_p=1_q=32_20260126-233552
1600,1.0,0.1,1,32,posthoc_orth,fz,mspe,0.020857481,n=1600_bz=1.0_cv1=0.1_p=1_q=32_20260126-233552
1600,1.0,0.1,1,32,posthoc_orth,fz,bias2,0.019231226,n=1600_bz=1.0_cv1=0.1_p=1_q=32_20260126-233552
1600,1.0,0.1,1,32,posthoc_orth,fz,var,0.001626255,n=1600_bz=1.0_cv1=0.1_p=1_q=32_20260126-233552
1600,1.0,0.1,1,32,posthoc_orth,fr,mspe,0.0057691005,n=1600_bz=1.0_cv1=0.1_p=1_q=32_20260126-233552
1600,1.0,0.1,1,32,posthoc_orth,fr,bias2,0.00043506682,n=1600_bz=1.0_cv1=0.1_p=1_q=32_20260126-233552
1600,1.0,0.1,1,32,posthoc_orth,fr,var,0.005334034,n=1600_bz=1.0_cv1=0.1_p=1_q=32_20260126-233552
1600,1.0,0.2,1,32,base,y,mspe,1.069208,n=1600_bz=1.0_cv1=0.2_p=1_q=32_20260126-233811
1600,1.0,0.2,1,32,base,y,bias2,1.0628324,n=1600_bz=1.0_cv1=0.2_p=1_q=32_20260126-233811
1600,1.0,0.2,1,32,base,y,var,0.0063757347,n=1600_bz=1.0_cv1=0.2_p=1_q=32_20260126-233811
1600,1.0,0.2,1,32,base,fx,mspe,0.040609185,n=1600_bz=1.0_cv1=0.2_p=1_q=32_20260126-233811
1600,1.0,0.2,1,32,base,fx,bias2,0.035662953,n=1600_bz=1.0_cv1=0.2_p=1_q=32_20260126-233811
1600,1.0,0.2,1,32,base,fx,var,0.0049462332,n=1600_bz=1.0_cv1=0.2_p=1_q=32_20260126-233811
1600,1.0,0.2,1,32,base,fz,mspe,0.07795459,n=1600_bz=1.0_cv1=0.2_p=1_q=32_20260126-233811
1600,1.0,0.2,1,32,base,fz,bias2,0.07795459,n=1600_bz=1.0_cv1=0.2_p=1_q=32_20260126-233811
1600,1.0,0.2,1,32,base,fz,var,0.0,n=1600_bz=1.0_cv1=0.2_p=1_q=32_20260126-233811
1600,1.0,0.2,1,32,base,fr,mspe,0.096290916,n=1600_bz=1.0_cv1=0.2_p=1_q=32_20260126-233811
1600,1.0,0.2,1,32,base,fr,bias2,0.091344684,n=1600_bz=1.0_cv1=0.2_p=1_q=32_20260126-233811
1600,1.0,0.2,1,32,base,fr,var,0.0049462332,n=1600_bz=1.0_cv1=0.2_p=1_q=32_20260126-233811
1600,1.0,0.2,1,32,posthoc,y,mspe,1.011739,n=1600_bz=1.0_cv1=0.2_p=1_q=32_20260126-233811
1600,1.0,0.2,1,32,posthoc,y,bias2,1.0041791,n=1600_bz=1.0_cv1=0.2_p=1_q=32_20260126-233811
1600,1.0,0.2,1,32,posthoc,y,var,0.00755997,n=1600_bz=1.0_cv1=0.2_p=1_q=32_20260126-233811
1600,1.0,0.2,1,32,posthoc,fx,mspe,0.0066509233,n=1600_bz=1.0_cv1=0.2_p=1_q=32_20260126-233811
1600,1.0,0.2,1,32,posthoc,fx,bias2,0.00047924768,n=1600_bz=1.0_cv1=0.2_p=1_q=32_20260126-233811
1600,1.0,0.2,1,32,posthoc,fx,var,0.0061716754,n=1600_bz=1.0_cv1=0.2_p=1_q=32_20260126-233811
1600,1.0,0.2,1,32,posthoc,fz,mspe,0.0028548664,n=1600_bz=1.0_cv1=0.2_p=1_q=32_20260126-233811
1600,1.0,0.2,1,32,posthoc,fz,bias2,0.00012736655,n=1600_bz=1.0_cv1=0.2_p=1_q=32_20260126-233811
1600,1.0,0.2,1,32,posthoc,fz,var,0.0027274997,n=1600_bz=1.0_cv1=0.2_p=1_q=32_20260126-233811
1600,1.0,0.2,1,32,posthoc,fr,mspe,0.028406873,n=1600_bz=1.0_cv1=0.2_p=1_q=32_20260126-233811
1600,1.0,0.2,1,32,posthoc,fr,bias2,0.022235196,n=1600_bz=1.0_cv1=0.2_p=1_q=32_20260126-233811
1600,1.0,0.2,1,32,posthoc,fr,var,0.0061716754,n=1600_bz=1.0_cv1=0.2_p=1_q=32_20260126-233811
1600,1.0,0.2,1,32,posthoc_orth,y,mspe,1.0118464,n=1600_bz=1.0_cv1=0.2_p=1_q=32_20260126-233811
1600,1.0,0.2,1,32,posthoc_orth,y,bias2,1.0042131,n=1600_bz=1.0_cv1=0.2_p=1_q=32_20260126-233811
1600,1.0,0.2,1,32,posthoc_orth,y,var,0.0076333024,n=1600_bz=1.0_cv1=0.2_p=1_q=32_20260126-233811
1600,1.0,0.2,1,32,posthoc_orth,fx,mspe,0.025932966,n=1600_bz=1.0_cv1=0.2_p=1_q=32_20260126-233811
1600,1.0,0.2,1,32,posthoc_orth,fx,bias2,0.02055077,n=1600_bz=1.0_cv1=0.2_p=1_q=32_20260126-233811
1600,1.0,0.2,1,32,posthoc_orth,fx,var,0.0053821956,n=1600_bz=1.0_cv1=0.2_p=1_q=32_20260126-233811
1600,1.0,0.2,1,32,posthoc_orth,fz,mspe,0.020857478,n=1600_bz=1.0_cv1=0.2_p=1_q=32_20260126-233811
1600,1.0,0.2,1,32,posthoc_orth,fz,bias2,0.019231226,n=1600_bz=1.0_cv1=0.2_p=1_q=32_20260126-233811
1600,1.0,0.2,1,32,posthoc_orth,fz,var,0.0016262531,n=1600_bz=1.0_cv1=0.2_p=1_q=32_20260126-233811
1600,1.0,0.2,1,32,posthoc_orth,fr,mspe,0.005824501,n=1600_bz=1.0_cv1=0.2_p=1_q=32_20260126-233811
1600,1.0,0.2,1,32,posthoc_orth,fr,bias2,0.00044230532,n=1600_bz=1.0_cv1=0.2_p=1_q=32_20260126-233811
1600,1.0,0.2,1,32,posthoc_orth,fr,var,0.0053821956,n=1600_bz=1.0_cv1=0.2_p=1_q=32_20260126-233811
1600,1.0,0.3,1,32,base,y,mspe,1.0687982,n=1600_bz=1.0_cv1=0.3_p=1_q=32_20260126-234029
1600,1.0,0.3,1,32,base,y,bias2,1.062254,n=1600_bz=1.0_cv1=0.3_p=1_q=32_20260126-234029
1600,1.0,0.3,1,32,base,y,var,0.0065442733,n=1600_bz=1.0_cv1=0.3_p=1_q=32_20260126-234029
1600,1.0,0.3,1,32,base,fx,mspe,0.04247655,n=1600_bz=1.0_cv1=0.3_p=1_q=32_20260126-234029
1600,1.0,0.3,1,32,base,fx,bias2,0.037566964,n=1600_bz=1.0_cv1=0.3_p=1_q=32_20260126-234029
1600,1.0,0.3,1,32,base,fx,var,0.00490959,n=1600_bz=1.0_cv1=0.3_p=1_q=32_20260126-234029
1600,1.0,0.3,1,32,base,fz,mspe,0.07795459,n=1600_bz=1.0_cv1=0.3_p=1_q=32_20260126-234029
1600,1.0,0.3,1,32,base,fz,bias2,0.07795459,n=1600_bz=1.0_cv1=0.3_p=1_q=32_20260126-234029
1600,1.0,0.3,1,32,base,fz,var,0.0,n=1600_bz=1.0_cv1=0.3_p=1_q=32_20260126-234029
1600,1.0,0.3,1,32,base,fr,mspe,0.1003854,n=1600_bz=1.0_cv1=0.3_p=1_q=32_20260126-234029
1600,1.0,0.3,1,32,base,fr,bias2,0.09547581,n=1600_bz=1.0_cv1=0.3_p=1_q=32_20260126-234029
1600,1.0,0.3,1,32,base,fr,var,0.00490959,n=1600_bz=1.0_cv1=0.3_p=1_q=32_20260126-234029
1600,1.0,0.3,1,32,posthoc,y,mspe,1.0114927,n=1600_bz=1.0_cv1=0.3_p=1_q=32_20260126-234029
1600,1.0,0.3,1,32,posthoc,y,bias2,1.0042244,n=1600_bz=1.0_cv1=0.3_p=1_q=32_20260126-234029
1600,1.0,0.3,1,32,posthoc,y,var,0.0072684195,n=1600_bz=1.0_cv1=0.3_p=1_q=32_20260126-234029
1600,1.0,0.3,1,32,posthoc,fx,mspe,0.006486423,n=1600_bz=1.0_cv1=0.3_p=1_q=32_20260126-234029
1600,1.0,0.3,1,32,posthoc,fx,bias2,0.0005077922,n=1600_bz=1.0_cv1=0.3_p=1_q=32_20260126-234029
1600,1.0,0.3,1,32,posthoc,fx,var,0.00597863,n=1600_bz=1.0_cv1=0.3_p=1_q=32_20260126-234029
1600,1.0,0.3,1,32,posthoc,fz,mspe,0.0030146325,n=1600_bz=1.0_cv1=0.3_p=1_q=32_20260126-234029
1600,1.0,0.3,1,32,posthoc,fz,bias2,0.00016192917,n=1600_bz=1.0_cv1=0.3_p=1_q=32_20260126-234029
1600,1.0,0.3,1,32,posthoc,fz,var,0.002852703,n=1600_bz=1.0_cv1=0.3_p=1_q=32_20260126-234029
1600,1.0,0.3,1,32,posthoc,fr,mspe,0.028672492,n=1600_bz=1.0_cv1=0.3_p=1_q=32_20260126-234029
1600,1.0,0.3,1,32,posthoc,fr,bias2,0.022693858,n=1600_bz=1.0_cv1=0.3_p=1_q=32_20260126-234029
1600,1.0,0.3,1,32,posthoc,fr,var,0.00597863,n=1600_bz=1.0_cv1=0.3_p=1_q=32_20260126-234029
1600,1.0,0.3,1,32,posthoc_orth,y,mspe,1.0115138,n=1600_bz=1.0_cv1=0.3_p=1_q=32_20260126-234029
1600,1.0,0.3,1,32,posthoc_orth,y,bias2,1.0041844,n=1600_bz=1.0_cv1=0.3_p=1_q=32_20260126-234029
1600,1.0,0.3,1,32,posthoc_orth,y,var,0.0073294197,n=1600_bz=1.0_cv1=0.3_p=1_q=32_20260126-234029
1600,1.0,0.3,1,32,posthoc_orth,fx,mspe,0.025558487,n=1600_bz=1.0_cv1=0.3_p=1_q=32_20260126-234029
1600,1.0,0.3,1,32,posthoc_orth,fx,bias2,0.02048628,n=1600_bz=1.0_cv1=0.3_p=1_q=32_20260126-234029
1600,1.0,0.3,1,32,posthoc_orth,fx,var,0.0050722077,n=1600_bz=1.0_cv1=0.3_p=1_q=32_20260126-234029
1600,1.0,0.3,1,32,posthoc_orth,fz,mspe,0.020857481,n=1600_bz=1.0_cv1=0.3_p=1_q=32_20260126-234029
1600,1.0,0.3,1,32,posthoc_orth,fz,bias2,0.019231232,n=1600_bz=1.0_cv1=0.3_p=1_q=32_20260126-234029
1600,1.0,0.3,1,32,posthoc_orth,fz,var,0.0016262518,n=1600_bz=1.0_cv1=0.3_p=1_q=32_20260126-234029
1600,1.0,0.3,1,32,posthoc_orth,fr,mspe,0.005482381,n=1600_bz=1.0_cv1=0.3_p=1_q=32_20260126-234029
1600,1.0,0.3,1,32,posthoc_orth,fr,bias2,0.0004101731,n=1600_bz=1.0_cv1=0.3_p=1_q=32_20260126-234029
1600,1.0,0.3,1,32,posthoc_orth,fr,var,0.0050722077,n=1600_bz=1.0_cv1=0.3_p=1_q=32_20260126-234029
1600,1.0,0.4,1,32,base,y,mspe,1.0651859,n=1600_bz=1.0_cv1=0.4_p=1_q=32_20260126-234249
1600,1.0,0.4,1,32,base,y,bias2,1.0590179,n=1600_bz=1.0_cv1=0.4_p=1_q=32_20260126-234249
1600,1.0,0.4,1,32,base,y,var,0.006167978,n=1600_bz=1.0_cv1=0.4_p=1_q=32_20260126-234249
1600,1.0,0.4,1,32,base,fx,mspe,0.046943452,n=1600_bz=1.0_cv1=0.4_p=1_q=32_20260126-234249
1600,1.0,0.4,1,32,base,fx,bias2,0.042338606,n=1600_bz=1.0_cv1=0.4_p=1_q=32_20260126-234249
1600,1.0,0.4,1,32,base,fx,var,0.0046048495,n=1600_bz=1.0_cv1=0.4_p=1_q=32_20260126-234249
1600,1.0,0.4,1,32,base,fz,mspe,0.07795459,n=1600_bz=1.0_cv1=0.4_p=1_q=32_20260126-234249
1600,1.0,0.4,1,32,base,fz,bias2,0.07795459,n=1600_bz=1.0_cv1=0.4_p=1_q=32_20260126-234249
1600,1.0,0.4,1,32,base,fz,var,0.0,n=1600_bz=1.0_cv1=0.4_p=1_q=32_20260126-234249
1600,1.0,0.4,1,32,base,fr,mspe,0.109382644,n=1600_bz=1.0_cv1=0.4_p=1_q=32_20260126-234249
1600,1.0,0.4,1,32,base,fr,bias2,0.10477779,n=1600_bz=1.0_cv1=0.4_p=1_q=32_20260126-234249
1600,1.0,0.4,1,32,base,fr,var,0.0046048495,n=1600_bz=1.0_cv1=0.4_p=1_q=32_20260126-234249
1600,1.0,0.4,1,32,posthoc,y,mspe,1.0117592,n=1600_bz=1.0_cv1=0.4_p=1_q=32_20260126-234249
1600,1.0,0.4,1,32,posthoc,y,bias2,1.0043012,n=1600_bz=1.0_cv1=0.4_p=1_q=32_20260126-234249
1600,1.0,0.4,1,32,posthoc,y,var,0.0074579665,n=1600_bz=1.0_cv1=0.4_p=1_q=32_20260126-234249
1600,1.0,0.4,1,32,posthoc,fx,mspe,0.0070320494,n=1600_bz=1.0_cv1=0.4_p=1_q=32_20260126-234249
1600,1.0,0.4,1,32,posthoc,fx,bias2,0.0005721286,n=1600_bz=1.0_cv1=0.4_p=1_q=32_20260126-234249
1600,1.0,0.4,1,32,posthoc,fx,var,0.006459921,n=1600_bz=1.0_cv1=0.4_p=1_q=32_20260126-234249
1600,1.0,0.4,1,32,posthoc,fz,mspe,0.0033824418,n=1600_bz=1.0_cv1=0.4_p=1_q=32_20260126-234249
1600,1.0,0.4,1,32,posthoc,fz,bias2,0.00021897475,n=1600_bz=1.0_cv1=0.4_p=1_q=32_20260126-234249
1600,1.0,0.4,1,32,posthoc,fz,var,0.003163467,n=1600_bz=1.0_cv1=0.4_p=1_q=32_20260126-234249
1600,1.0,0.4,1,32,posthoc,fr,mspe,0.029850475,n=1600_bz=1.0_cv1=0.4_p=1_q=32_20260126-234249
1600,1.0,0.4,1,32,posthoc,fr,bias2,0.023390554,n=1600_bz=1.0_cv1=0.4_p=1_q=32_20260126-234249
1600,1.0,0.4,1,32,posthoc,fr,var,0.006459921,n=1600_bz=1.0_cv1=0.4_p=1_q=32_20260126-234249
1600,1.0,0.4,1,32,posthoc_orth,y,mspe,1.0117527,n=1600_bz=1.0_cv1=0.4_p=1_q=32_20260126-234249
1600,1.0,0.4,1,32,posthoc_orth,y,bias2,1.00443,n=1600_bz=1.0_cv1=0.4_p=1_q=32_20260126-234249
1600,1.0,0.4,1,32,posthoc_orth,y,var,0.007322719,n=1600_bz=1.0_cv1=0.4_p=1_q=32_20260126-234249
1600,1.0,0.4,1,32,posthoc_orth,fx,mspe,0.025583213,n=1600_bz=1.0_cv1=0.4_p=1_q=32_20260126-234249
1600,1.0,0.4,1,32,posthoc_orth,fx,bias2,0.020510731,n=1600_bz=1.0_cv1=0.4_p=1_q=32_20260126-234249
1600,1.0,0.4,1,32,posthoc_orth,fx,var,0.005072479,n=1600_bz=1.0_cv1=0.4_p=1_q=32_20260126-234249
1600,1.0,0.4,1,32,posthoc_orth,fz,mspe,0.020857489,n=1600_bz=1.0_cv1=0.4_p=1_q=32_20260126-234249
1600,1.0,0.4,1,32,posthoc_orth,fz,bias2,0.019231236,n=1600_bz=1.0_cv1=0.4_p=1_q=32_20260126-234249
1600,1.0,0.4,1,32,posthoc_orth,fz,var,0.0016262543,n=1600_bz=1.0_cv1=0.4_p=1_q=32_20260126-234249
1600,1.0,0.4,1,32,posthoc_orth,fr,mspe,0.005524244,n=1600_bz=1.0_cv1=0.4_p=1_q=32_20260126-234249
1600,1.0,0.4,1,32,posthoc_orth,fr,bias2,0.0004517652,n=1600_bz=1.0_cv1=0.4_p=1_q=32_20260126-234249
1600,1.0,0.4,1,32,posthoc_orth,fr,var,0.005072479,n=1600_bz=1.0_cv1=0.4_p=1_q=32_20260126-234249
1600,1.0,0.5,1,32,base,y,mspe,1.0591384,n=1600_bz=1.0_cv1=0.5_p=1_q=32_20260126-234516
1600,1.0,0.5,1,32,base,y,bias2,1.052734,n=1600_bz=1.0_cv1=0.5_p=1_q=32_20260126-234516
1600,1.0,0.5,1,32,base,y,var,0.0064044558,n=1600_bz=1.0_cv1=0.5_p=1_q=32_20260126-234516
1600,1.0,0.5,1,32,base,fx,mspe,0.05447029,n=1600_bz=1.0_cv1=0.5_p=1_q=32_20260126-234516
1600,1.0,0.5,1,32,base,fx,bias2,0.04961537,n=1600_bz=1.0_cv1=0.5_p=1_q=32_20260126-234516
1600,1.0,0.5,1,32,base,fx,var,0.0048549254,n=1600_bz=1.0_cv1=0.5_p=1_q=32_20260126-234516
1600,1.0,0.5,1,32,base,fz,mspe,0.07795459,n=1600_bz=1.0_cv1=0.5_p=1_q=32_20260126-234516
1600,1.0,0.5,1,32,base,fz,bias2,0.07795459,n=1600_bz=1.0_cv1=0.5_p=1_q=32_20260126-234516
1600,1.0,0.5,1,32,base,fz,var,0.0,n=1600_bz=1.0_cv1=0.5_p=1_q=32_20260126-234516
1600,1.0,0.5,1,32,base,fr,mspe,0.123752005,n=1600_bz=1.0_cv1=0.5_p=1_q=32_20260126-234516
1600,1.0,0.5,1,32,base,fr,bias2,0.11889707,n=1600_bz=1.0_cv1=0.5_p=1_q=32_20260126-234516
1600,1.0,0.5,1,32,base,fr,var,0.0048549254,n=1600_bz=1.0_cv1=0.5_p=1_q=32_20260126-234516
1600,1.0,0.5,1,32,posthoc,y,mspe,1.0123391,n=1600_bz=1.0_cv1=0.5_p=1_q=32_20260126-234516
1600,1.0,0.5,1,32,posthoc,y,bias2,1.0049335,n=1600_bz=1.0_cv1=0.5_p=1_q=32_20260126-234516
1600,1.0,0.5,1,32,posthoc,y,var,0.0074056764,n=1600_bz=1.0_cv1=0.5_p=1_q=32_20260126-234516
1600,1.0,0.5,1,32,posthoc,fx,mspe,0.0078605665,n=1600_bz=1.0_cv1=0.5_p=1_q=32_20260126-234516
1600,1.0,0.5,1,32,posthoc,fx,bias2,0.0007226127,n=1600_bz=1.0_cv1=0.5_p=1_q=32_20260126-234516
1600,1.0,0.5,1,32,posthoc,fx,var,0.0071379547,n=1600_bz=1.0_cv1=0.5_p=1_q=32_20260126-234516
1600,1.0,0.5,1,32,posthoc,fz,mspe,0.004324277,n=1600_bz=1.0_cv1=0.5_p=1_q=32_20260126-234516
1600,1.0,0.5,1,32,posthoc,fz,bias2,0.00034259242,n=1600_bz=1.0_cv1=0.5_p=1_q=32_20260126-234516
1600,1.0,0.5,1,32,posthoc,fz,var,0.003981685,n=1600_bz=1.0_cv1=0.5_p=1_q=32_20260126-234516
1600,1.0,0.5,1,32,posthoc,fr,mspe,0.03172305,n=1600_bz=1.0_cv1=0.5_p=1_q=32_20260126-234516
1600,1.0,0.5,1,32,posthoc,fr,bias2,0.024585092,n=1600_bz=1.0_cv1=0.5_p=1_q=32_20260126-234516
1600,1.0,0.5,1,32,posthoc,fr,var,0.0071379547,n=1600_bz=1.0_cv1=0.5_p=1_q=32_20260126-234516
1600,1.0,0.5,1,32,posthoc_orth,y,mspe,1.0122294,n=1600_bz=1.0_cv1=0.5_p=1_q=32_20260126-234516
1600,1.0,0.5,1,32,posthoc_orth,y,bias2,1.0048605,n=1600_bz=1.0_cv1=0.5_p=1_q=32_20260126-234516
1600,1.0,0.5,1,32,posthoc_orth,y,var,0.0073689744,n=1600_bz=1.0_cv1=0.5_p=1_q=32_20260126-234516
1600,1.0,0.5,1,32,posthoc_orth,fx,mspe,0.025595544,n=1600_bz=1.0_cv1=0.5_p=1_q=32_20260126-234516
1600,1.0,0.5,1,32,posthoc_orth,fx,bias2,0.02048442,n=1600_bz=1.0_cv1=0.5_p=1_q=32_20260126-234516
1600,1.0,0.5,1,32,posthoc_orth,fx,var,0.0051111267,n=1600_bz=1.0_cv1=0.5_p=1_q=32_20260126-234516
1600,1.0,0.5,1,32,posthoc_orth,fz,mspe,0.020857494,n=1600_bz=1.0_cv1=0.5_p=1_q=32_20260126-234516
1600,1.0,0.5,1,32,posthoc_orth,fz,bias2,0.019231241,n=1600_bz=1.0_cv1=0.5_p=1_q=32_20260126-234516
1600,1.0,0.5,1,32,posthoc_orth,fz,var,0.0016262531,n=1600_bz=1.0_cv1=0.5_p=1_q=32_20260126-234516
1600,1.0,0.5,1,32,posthoc_orth,fr,mspe,0.005584067,n=1600_bz=1.0_cv1=0.5_p=1_q=32_20260126-234516
1600,1.0,0.5,1,32,posthoc_orth,fr,bias2,0.0004729405,n=1600_bz=1.0_cv1=0.5_p=1_q=32_20260126-234516
1600,1.0,0.5,1,32,posthoc_orth,fr,var,0.0051111267,n=1600_bz=1.0_cv1=0.5_p=1_q=32_20260126-234516
1600,1.0,0.6,1,32,base,y,mspe,1.0473173,n=1600_bz=1.0_cv1=0.6_p=1_q=32_20260126-234739
1600,1.0,0.6,1,32,base,y,bias2,1.0414456,n=1600_bz=1.0_cv1=0.6_p=1_q=32_20260126-234739
1600,1.0,0.6,1,32,base,y,var,0.0058717444,n=1600_bz=1.0_cv1=0.6_p=1_q=32_20260126-234739
1600,1.0,0.6,1,32,base,fx,mspe,0.061506838,n=1600_bz=1.0_cv1=0.6_p=1_q=32_20260126-234739
1600,1.0,0.6,1,32,base,fx,bias2,0.056892596,n=1600_bz=1.0_cv1=0.6_p=1_q=32_20260126-234739
1600,1.0,0.6,1,32,base,fx,var,0.0046142396,n=1600_bz=1.0_cv1=0.6_p=1_q=32_20260126-234739
1600,1.0,0.6,1,32,base,fz,mspe,0.07795459,n=1600_bz=1.0_cv1=0.6_p=1_q=32_20260126-234739
1600,1.0,0.6,1,32,base,fz,bias2,0.07795459,n=1600_bz=1.0_cv1=0.6_p=1_q=32_20260126-234739
1600,1.0,0.6,1,32,base,fz,var,0.0,n=1600_bz=1.0_cv1=0.6_p=1_q=32_20260126-234739
1600,1.0,0.6,1,32,base,fr,mspe,0.13856052,n=1600_bz=1.0_cv1=0.6_p=1_q=32_20260126-234739
1600,1.0,0.6,1,32,base,fr,bias2,0.13394628,n=1600_bz=1.0_cv1=0.6_p=1_q=32_20260126-234739
1600,1.0,0.6,1,32,base,fr,var,0.0046142396,n=1600_bz=1.0_cv1=0.6_p=1_q=32_20260126-234739
1600,1.0,0.6,1,32,posthoc,y,mspe,1.012884,n=1600_bz=1.0_cv1=0.6_p=1_q=32_20260126-234739
1600,1.0,0.6,1,32,posthoc,y,bias2,1.0051162,n=1600_bz=1.0_cv1=0.6_p=1_q=32_20260126-234739
1600,1.0,0.6,1,32,posthoc,y,var,0.007767604,n=1600_bz=1.0_cv1=0.6_p=1_q=32_20260126-234739
1600,1.0,0.6,1,32,posthoc,fx,mspe,0.010235308,n=1600_bz=1.0_cv1=0.6_p=1_q=32_20260126-234739
1600,1.0,0.6,1,32,posthoc,fx,bias2,0.0010360829,n=1600_bz=1.0_cv1=0.6_p=1_q=32_20260126-234739
1600,1.0,0.6,1,32,posthoc,fx,var,0.009199224,n=1600_bz=1.0_cv1=0.6_p=1_q=32_20260126-234739
1600,1.0,0.6,1,32,posthoc,fz,mspe,0.006363762,n=1600_bz=1.0_cv1=0.6_p=1_q=32_20260126-234739
1600,1.0,0.6,1,32,posthoc,fz,bias2,0.00063601794,n=1600_bz=1.0_cv1=0.6_p=1_q=32_20260126-234739
1600,1.0,0.6,1,32,posthoc,fz,var,0.005727744,n=1600_bz=1.0_cv1=0.6_p=1_q=32_20260126-234739
1600,1.0,0.6,1,32,posthoc,fr,mspe,0.03605249,n=1600_bz=1.0_cv1=0.6_p=1_q=32_20260126-234739
1600,1.0,0.6,1,32,posthoc,fr,bias2,0.026853265,n=1600_bz=1.0_cv1=0.6_p=1_q=32_20260126-234739
1600,1.0,0.6,1,32,posthoc,fr,var,0.009199224,n=1600_bz=1.0_cv1=0.6_p=1_q=32_20260126-234739
1600,1.0,0.6,1,32,posthoc_orth,y,mspe,1.0128642,n=1600_bz=1.0_cv1=0.6_p=1_q=32_20260126-234739
1600,1.0,0.6,1,32,posthoc_orth,y,bias2,1.0051789,n=1600_bz=1.0_cv1=0.6_p=1_q=32_20260126-234739
1600,1.0,0.6,1,32,posthoc_orth,y,var,0.007685329,n=1600_bz=1.0_cv1=0.6_p=1_q=32_20260126-234739
1600,1.0,0.6,1,32,posthoc_orth,fx,mspe,0.025918525,n=1600_bz=1.0_cv1=0.6_p=1_q=32_20260126-234739
1600,1.0,0.6,1,32,posthoc_orth,fx,bias2,0.020488532,n=1600_bz=1.0_cv1=0.6_p=1_q=32_20260126-234739
1600,1.0,0.6,1,32,posthoc_orth,fx,var,0.0054299925,n=1600_bz=1.0_cv1=0.6_p=1_q=32_20260126-234739
1600,1.0,0.6,1,32,posthoc_orth,fz,mspe,0.020857494,n=1600_bz=1.0_cv1=0.6_p=1_q=32_20260126-234739
1600,1.0,0.6,1,32,posthoc_orth,fz,bias2,0.019231243,n=1600_bz=1.0_cv1=0.6_p=1_q=32_20260126-234739
1600,1.0,0.6,1,32,posthoc_orth,fz,var,0.0016262514,n=1600_bz=1.0_cv1=0.6_p=1_q=32_20260126-234739
1600,1.0,0.6,1,32,posthoc_orth,fr,mspe,0.0059611276,n=1600_bz=1.0_cv1=0.6_p=1_q=32_20260126-234739
1600,1.0,0.6,1,32,posthoc_orth,fr,bias2,0.00053113507,n=1600_bz=1.0_cv1=0.6_p=1_q=32_20260126-234739
1600,1.0,0.6,1,32,posthoc_orth,fr,var,0.0054299925,n=1600_bz=1.0_cv1=0.6_p=1_q=32_20260126-234739
1600,1.0,0.7,1,32,base,y,mspe,1.0346519,n=1600_bz=1.0_cv1=0.7_p=1_q=32_20260126-234956
1600,1.0,0.7,1,32,base,y,bias2,1.02863,n=1600_bz=1.0_cv1=0.7_p=1_q=32_20260126-234956
1600,1.0,0.7,1,32,base,y,var,0.006021756,n=1600_bz=1.0_cv1=0.7_p=1_q=32_20260126-234956
1600,1.0,0.7,1,32,base,fx,mspe,0.070507504,n=1600_bz=1.0_cv1=0.7_p=1_q=32_20260126-234956
1600,1.0,0.7,1,32,base,fx,bias2,0.06605597,n=1600_bz=1.0_cv1=0.7_p=1_q=32_20260126-234956
1600,1.0,0.7,1,32,base,fx,var,0.0044515356,n=1600_bz=1.0_cv1=0.7_p=1_q=32_20260126-234956
1600,1.0,0.7,1,32,base,fz,mspe,0.07795459,n=1600_bz=1.0_cv1=0.7_p=1_q=32_20260126-234956
1600,1.0,0.7,1,32,base,fz,bias2,0.07795459,n=1600_bz=1.0_cv1=0.7_p=1_q=32_20260126-234956
1600,1.0,0.7,1,32,base,fz,var,0.0,n=1600_bz=1.0_cv1=0.7_p=1_q=32_20260126-234956
1600,1.0,0.7,1,32,base,fr,mspe,0.15634383,n=1600_bz=1.0_cv1=0.7_p=1_q=32_20260126-234956
1600,1.0,0.7,1,32,base,fr,bias2,0.1518923,n=1600_bz=1.0_cv1=0.7_p=1_q=32_20260126-234956
1600,1.0,0.7,1,32,base,fr,var,0.0044515356,n=1600_bz=1.0_cv1=0.7_p=1_q=32_20260126-234956
1600,1.0,0.7,1,32,posthoc,y,mspe,1.0138115,n=1600_bz=1.0_cv1=0.7_p=1_q=32_20260126-234956
1600,1.0,0.7,1,32,posthoc,y,bias2,1.0060054,n=1600_bz=1.0_cv1=0.7_p=1_q=32_20260126-234956
1600,1.0,0.7,1,32,posthoc,y,var,0.007806091,n=1600_bz=1.0_cv1=0.7_p=1_q=32_20260126-234956
1600,1.0,0.7,1,32,posthoc,fx,mspe,0.016702292,n=1600_bz=1.0_cv1=0.7_p=1_q=32_20260126-234956
1600,1.0,0.7,1,32,posthoc,fx,bias2,0.002434574,n=1600_bz=1.0_cv1=0.7_p=1_q=32_20260126-234956
1600,1.0,0.7,1,32,posthoc,fx,var,0.014267718,n=1600_bz=1.0_cv1=0.7_p=1_q=32_20260126-234956
1600,1.0,0.7,1,32,posthoc,fz,mspe,0.012704407,n=1600_bz=1.0_cv1=0.7_p=1_q=32_20260126-234956
1600,1.0,0.7,1,32,posthoc,fz,bias2,0.002000199,n=1600_bz=1.0_cv1=0.7_p=1_q=32_20260126-234956
1600,1.0,0.7,1,32,posthoc,fz,var,0.010704208,n=1600_bz=1.0_cv1=0.7_p=1_q=32_20260126-234956
1600,1.0,0.7,1,32,posthoc,fr,mspe,0.04797238,n=1600_bz=1.0_cv1=0.7_p=1_q=32_20260126-234956
1600,1.0,0.7,1,32,posthoc,fr,bias2,0.03370466,n=1600_bz=1.0_cv1=0.7_p=1_q=32_20260126-234956
1600,1.0,0.7,1,32,posthoc,fr,var,0.014267718,n=1600_bz=1.0_cv1=0.7_p=1_q=32_20260126-234956
1600,1.0,0.7,1,32,posthoc_orth,y,mspe,1.0137919,n=1600_bz=1.0_cv1=0.7_p=1_q=32_20260126-234956
1600,1.0,0.7,1,32,posthoc_orth,y,bias2,1.0060709,n=1600_bz=1.0_cv1=0.7_p=1_q=32_20260126-234956
1600,1.0,0.7,1,32,posthoc_orth,y,var,0.0077210623,n=1600_bz=1.0_cv1=0.7_p=1_q=32_20260126-234956
1600,1.0,0.7,1,32,posthoc_orth,fx,mspe,0.026103457,n=1600_bz=1.0_cv1=0.7_p=1_q=32_20260126-234956
1600,1.0,0.7,1,32,posthoc_orth,fx,bias2,0.020623934,n=1600_bz=1.0_cv1=0.7_p=1_q=32_20260126-234956
1600,1.0,0.7,1,32,posthoc_orth,fx,var,0.005479524,n=1600_bz=1.0_cv1=0.7_p=1_q=32_20260126-234956
1600,1.0,0.7,1,32,posthoc_orth,fz,mspe,0.020857511,n=1600_bz=1.0_cv1=0.7_p=1_q=32_20260126-234956
1600,1.0,0.7,1,32,posthoc_orth,fz,bias2,0.019231256,n=1600_bz=1.0_cv1=0.7_p=1_q=32_20260126-234956
1600,1.0,0.7,1,32,posthoc_orth,fz,var,0.0016262567,n=1600_bz=1.0_cv1=0.7_p=1_q=32_20260126-234956
1600,1.0,0.7,1,32,posthoc_orth,fr,mspe,0.006197719,n=1600_bz=1.0_cv1=0.7_p=1_q=32_20260126-234956
1600,1.0,0.7,1,32,posthoc_orth,fr,bias2,0.00071819464,n=1600_bz=1.0_cv1=0.7_p=1_q=32_20260126-234956
1600,1.0,0.7,1,32,posthoc_orth,fr,var,0.005479524,n=1600_bz=1.0_cv1=0.7_p=1_q=32_20260126-234956
1600,1.0,0.8,1,32,base,y,mspe,1.0222582,n=1600_bz=1.0_cv1=0.8_p=1_q=32_20260126-235208
1600,1.0,0.8,1,32,base,y,bias2,1.0167134,n=1600_bz=1.0_cv1=0.8_p=1_q=32_20260126-235208
1600,1.0,0.8,1,32,base,y,var,0.005544696,n=1600_bz=1.0_cv1=0.8_p=1_q=32_20260126-235208
1600,1.0,0.8,1,32,base,fx,mspe,0.07594405,n=1600_bz=1.0_cv1=0.8_p=1_q=32_20260126-235208
1600,1.0,0.8,1,32,base,fx,bias2,0.07171164,n=1600_bz=1.0_cv1=0.8_p=1_q=32_20260126-235208
1600,1.0,0.8,1,32,base,fx,var,0.0042324103,n=1600_bz=1.0_cv1=0.8_p=1_q=32_20260126-235208
1600,1.0,0.8,1,32,base,fz,mspe,0.07795459,n=1600_bz=1.0_cv1=0.8_p=1_q=32_20260126-235208
1600,1.0,0.8,1,32,base,fz,bias2,0.07795459,n=1600_bz=1.0_cv1=0.8_p=1_q=32_20260126-235208
1600,1.0,0.8,1,32,base,fz,var,0.0,n=1600_bz=1.0_cv1=0.8_p=1_q=32_20260126-235208
1600,1.0,0.8,1,32,base,fr,mspe,0.16781315,n=1600_bz=1.0_cv1=0.8_p=1_q=32_20260126-235208
1600,1.0,0.8,1,32,base,fr,bias2,0.16358075,n=1600_bz=1.0_cv1=0.8_p=1_q=32_20260126-235208
1600,1.0,0.8,1,32,base,fr,var,0.0042324103,n=1600_bz=1.0_cv1=0.8_p=1_q=32_20260126-235208
1600,1.0,0.8,1,32,posthoc,y,mspe,1.0147957,n=1600_bz=1.0_cv1=0.8_p=1_q=32_20260126-235208
1600,1.0,0.8,1,32,posthoc,y,bias2,1.0074054,n=1600_bz=1.0_cv1=0.8_p=1_q=32_20260126-235208
1600,1.0,0.8,1,32,posthoc,y,var,0.00739021,n=1600_bz=1.0_cv1=0.8_p=1_q=32_20260126-235208
1600,1.0,0.8,1,32,posthoc,fx,mspe,0.036934443,n=1600_bz=1.0_cv1=0.8_p=1_q=32_20260126-235208
1600,1.0,0.8,1,32,posthoc,fx,bias2,0.011216731,n=1600_bz=1.0_cv1=0.8_p=1_q=32_20260126-235208
1600,1.0,0.8,1,32,posthoc,fx,var,0.025717713,n=1600_bz=1.0_cv1=0.8_p=1_q=32_20260126-235208
1600,1.0,0.8,1,32,posthoc,fz,mspe,0.03343565,n=1600_bz=1.0_cv1=0.8_p=1_q=32_20260126-235208
1600,1.0,0.8,1,32,posthoc,fz,bias2,0.010696161,n=1600_bz=1.0_cv1=0.8_p=1_q=32_20260126-235208
1600,1.0,0.8,1,32,posthoc,fz,var,0.022739487,n=1600_bz=1.0_cv1=0.8_p=1_q=32_20260126-235208
1600,1.0,0.8,1,32,posthoc,fr,mspe,0.08461665,n=1600_bz=1.0_cv1=0.8_p=1_q=32_20260126-235208
1600,1.0,0.8,1,32,posthoc,fr,bias2,0.058898944,n=1600_bz=1.0_cv1=0.8_p=1_q=32_20260126-235208
1600,1.0,0.8,1,32,posthoc,fr,var,0.025717713,n=1600_bz=1.0_cv1=0.8_p=1_q=32_20260126-235208
1600,1.0,0.8,1,32,posthoc_orth,y,mspe,1.0147408,n=1600_bz=1.0_cv1=0.8_p=1_q=32_20260126-235208
1600,1.0,0.8,1,32,posthoc_orth,y,bias2,1.0073807,n=1600_bz=1.0_cv1=0.8_p=1_q=32_20260126-235208
1600,1.0,0.8,1,32,posthoc_orth,y,var,0.007360115,n=1600_bz=1.0_cv1=0.8_p=1_q=32_20260126-235208
1600,1.0,0.8,1,32,posthoc_orth,fx,mspe,0.026031427,n=1600_bz=1.0_cv1=0.8_p=1_q=32_20260126-235208
1600,1.0,0.8,1,32,posthoc_orth,fx,bias2,0.020917287,n=1600_bz=1.0_cv1=0.8_p=1_q=32_20260126-235208
1600,1.0,0.8,1,32,posthoc_orth,fx,var,0.0051141386,n=1600_bz=1.0_cv1=0.8_p=1_q=32_20260126-235208
1600,1.0,0.8,1,32,posthoc_orth,fz,mspe,0.020857515,n=1600_bz=1.0_cv1=0.8_p=1_q=32_20260126-235208
1600,1.0,0.8,1,32,posthoc_orth,fz,bias2,0.01923126,n=1600_bz=1.0_cv1=0.8_p=1_q=32_20260126-235208
1600,1.0,0.8,1,32,posthoc_orth,fz,var,0.0016262558,n=1600_bz=1.0_cv1=0.8_p=1_q=32_20260126-235208
1600,1.0,0.8,1,32,posthoc_orth,fr,mspe,0.0061469553,n=1600_bz=1.0_cv1=0.8_p=1_q=32_20260126-235208
1600,1.0,0.8,1,32,posthoc_orth,fr,bias2,0.0010328164,n=1600_bz=1.0_cv1=0.8_p=1_q=32_20260126-235208
1600,1.0,0.8,1,32,posthoc_orth,fr,var,0.0051141386,n=1600_bz=1.0_cv1=0.8_p=1_q=32_20260126-235208
1600,1.0,0.9,1,32,base,y,mspe,1.0141568,n=1600_bz=1.0_cv1=0.9_p=1_q=32_20260126-235425
1600,1.0,0.9,1,32,base,y,bias2,1.0086694,n=1600_bz=1.0_cv1=0.9_p=1_q=32_20260126-235425
1600,1.0,0.9,1,32,base,y,var,0.0054874327,n=1600_bz=1.0_cv1=0.9_p=1_q=32_20260126-235425
1600,1.0,0.9,1,32,base,fx,mspe,0.08078634,n=1600_bz=1.0_cv1=0.9_p=1_q=32_20260126-235425
1600,1.0,0.9,1,32,base,fx,bias2,0.07657066,n=1600_bz=1.0_cv1=0.9_p=1_q=32_20260126-235425
1600,1.0,0.9,1,32,base,fx,var,0.0042156796,n=1600_bz=1.0_cv1=0.9_p=1_q=32_20260126-235425
1600,1.0,0.9,1,32,base,fz,mspe,0.07795459,n=1600_bz=1.0_cv1=0.9_p=1_q=32_20260126-235425
1600,1.0,0.9,1,32,base,fz,bias2,0.07795459,n=1600_bz=1.0_cv1=0.9_p=1_q=32_20260126-235425
1600,1.0,0.9,1,32,base,fz,var,0.0,n=1600_bz=1.0_cv1=0.9_p=1_q=32_20260126-235425
1600,1.0,0.9,1,32,base,fr,mspe,0.17676504,n=1600_bz=1.0_cv1=0.9_p=1_q=32_20260126-235425
1600,1.0,0.9,1,32,base,fr,bias2,0.17254937,n=1600_bz=1.0_cv1=0.9_p=1_q=32_20260126-235425
1600,1.0,0.9,1,32,base,fr,var,0.0042156796,n=1600_bz=1.0_cv1=0.9_p=1_q=32_20260126-235425
1600,1.0,0.9,1,32,posthoc,y,mspe,1.0135881,n=1600_bz=1.0_cv1=0.9_p=1_q=32_20260126-235425
1600,1.0,0.9,1,32,posthoc,y,bias2,1.0071955,n=1600_bz=1.0_cv1=0.9_p=1_q=32_20260126-235425
1600,1.0,0.9,1,32,posthoc,y,var,0.006392638,n=1600_bz=1.0_cv1=0.9_p=1_q=32_20260126-235425
1600,1.0,0.9,1,32,posthoc,fx,mspe,0.07840526,n=1600_bz=1.0_cv1=0.9_p=1_q=32_20260126-235425
1600,1.0,0.9,1,32,posthoc,fx,bias2,0.0375821,n=1600_bz=1.0_cv1=0.9_p=1_q=32_20260126-235425
1600,1.0,0.9,1,32,posthoc,fx,var,0.04082317,n=1600_bz=1.0_cv1=0.9_p=1_q=32_20260126-235425
1600,1.0,0.9,1,32,posthoc,fz,mspe,0.0764183,n=1600_bz=1.0_cv1=0.9_p=1_q=32_20260126-235425
1600,1.0,0.9,1,32,posthoc,fz,bias2,0.0376902,n=1600_bz=1.0_cv1=0.9_p=1_q=32_20260126-235425
1600,1.0,0.9,1,32,posthoc,fz,var,0.038728107,n=1600_bz=1.0_cv1=0.9_p=1_q=32_20260126-235425
1600,1.0,0.9,1,32,posthoc,fr,mspe,0.15138729,n=1600_bz=1.0_cv1=0.9_p=1_q=32_20260126-235425
1600,1.0,0.9,1,32,posthoc,fr,bias2,0.11056413,n=1600_bz=1.0_cv1=0.9_p=1_q=32_20260126-235425
1600,1.0,0.9,1,32,posthoc,fr,var,0.04082317,n=1600_bz=1.0_cv1=0.9_p=1_q=32_20260126-235425
1600,1.0,0.9,1,32,posthoc_orth,y,mspe,1.0133662,n=1600_bz=1.0_cv1=0.9_p=1_q=32_20260126-235425
1600,1.0,0.9,1,32,posthoc_orth,y,bias2,1.0069469,n=1600_bz=1.0_cv1=0.9_p=1_q=32_20260126-235425
1600,1.0,0.9,1,32,posthoc_orth,y,var,0.006419426,n=1600_bz=1.0_cv1=0.9_p=1_q=32_20260126-235425
1600,1.0,0.9,1,32,posthoc_orth,fx,mspe,0.024907539,n=1600_bz=1.0_cv1=0.9_p=1_q=32_20260126-235425
1600,1.0,0.9,1,32,posthoc_orth,fx,bias2,0.020748835,n=1600_bz=1.0_cv1=0.9_p=1_q=32_20260126-235425
1600,1.0,0.9,1,32,posthoc_orth,fx,var,0.004158703,n=1600_bz=1.0_cv1=0.9_p=1_q=32_20260126-235425
1600,1.0,0.9,1,32,posthoc_orth,fz,mspe,0.020857511,n=1600_bz=1.0_cv1=0.9_p=1_q=32_20260126-235425
1600,1.0,0.9,1,32,posthoc_orth,fz,bias2,0.019231258,n=1600_bz=1.0_cv1=0.9_p=1_q=32_20260126-235425
1600,1.0,0.9,1,32,posthoc_orth,fz,var,0.0016262543,n=1600_bz=1.0_cv1=0.9_p=1_q=32_20260126-235425
1600,1.0,0.9,1,32,posthoc_orth,fr,mspe,0.0050263633,n=1600_bz=1.0_cv1=0.9_p=1_q=32_20260126-235425
1600,1.0,0.9,1,32,posthoc_orth,fr,bias2,0.0008676604,n=1600_bz=1.0_cv1=0.9_p=1_q=32_20260126-235425
1600,1.0,0.9,1,32,posthoc_orth,fr,var,0.004158703,n=1600_bz=1.0_cv1=0.9_p=1_q=32_20260126-235425
1600,1.0,0.0,1,32,base,y,mspe,1.0663484,n=1600_bz=1.0_cv1=0_p=1_q=32_20260126-233326
1600,1.0,0.0,1,32,base,y,bias2,1.0606343,n=1600_bz=1.0_cv1=0_p=1_q=32_20260126-233326
1600,1.0,0.0,1,32,base,y,var,0.0057141273,n=1600_bz=1.0_cv1=0_p=1_q=32_20260126-233326
1600,1.0,0.0,1,32,base,fx,mspe,0.040535815,n=1600_bz=1.0_cv1=0_p=1_q=32_20260126-233326
1600,1.0,0.0,1,32,base,fx,bias2,0.0361474,n=1600_bz=1.0_cv1=0_p=1_q=32_20260126-233326
1600,1.0,0.0,1,32,base,fx,var,0.0043884167,n=1600_bz=1.0_cv1=0_p=1_q=32_20260126-233326
1600,1.0,0.0,1,32,base,fz,mspe,0.07795459,n=1600_bz=1.0_cv1=0_p=1_q=32_20260126-233326
1600,1.0,0.0,1,32,base,fz,bias2,0.07795459,n=1600_bz=1.0_cv1=0_p=1_q=32_20260126-233326
1600,1.0,0.0,1,32,base,fz,var,0.0,n=1600_bz=1.0_cv1=0_p=1_q=32_20260126-233326
1600,1.0,0.0,1,32,base,fr,mspe,0.09567982,n=1600_bz=1.0_cv1=0_p=1_q=32_20260126-233326
1600,1.0,0.0,1,32,base,fr,bias2,0.091291405,n=1600_bz=1.0_cv1=0_p=1_q=32_20260126-233326
1600,1.0,0.0,1,32,base,fr,var,0.0043884167,n=1600_bz=1.0_cv1=0_p=1_q=32_20260126-233326
1600,1.0,0.0,1,32,posthoc,y,mspe,1.0115893,n=1600_bz=1.0_cv1=0_p=1_q=32_20260126-233326
1600,1.0,0.0,1,32,posthoc,y,bias2,1.0037845,n=1600_bz=1.0_cv1=0_p=1_q=32_20260126-233326
1600,1.0,0.0,1,32,posthoc,y,var,0.0078047393,n=1600_bz=1.0_cv1=0_p=1_q=32_20260126-233326
1600,1.0,0.0,1,32,posthoc,fx,mspe,0.0068877093,n=1600_bz=1.0_cv1=0_p=1_q=32_20260126-233326
1600,1.0,0.0,1,32,posthoc,fx,bias2,0.00048032746,n=1600_bz=1.0_cv1=0_p=1_q=32_20260126-233326
1600,1.0,0.0,1,32,posthoc,fx,var,0.0064073824,n=1600_bz=1.0_cv1=0_p=1_q=32_20260126-233326
1600,1.0,0.0,1,32,posthoc,fz,mspe,0.0027421296,n=1600_bz=1.0_cv1=0_p=1_q=32_20260126-233326
1600,1.0,0.0,1,32,posthoc,fz,bias2,0.000110041605,n=1600_bz=1.0_cv1=0_p=1_q=32_20260126-233326
1600,1.0,0.0,1,32,posthoc,fz,var,0.002632088,n=1600_bz=1.0_cv1=0_p=1_q=32_20260126-233326
1600,1.0,0.0,1,32,posthoc,fr,mspe,0.028406704,n=1600_bz=1.0_cv1=0_p=1_q=32_20260126-233326
1600,1.0,0.0,1,32,posthoc,fr,bias2,0.021999322,n=1600_bz=1.0_cv1=0_p=1_q=32_20260126-233326
1600,1.0,0.0,1,32,posthoc,fr,var,0.0064073824,n=1600_bz=1.0_cv1=0_p=1_q=32_20260126-233326
1600,1.0,0.0,1,32,posthoc_orth,y,mspe,1.0116191,n=1600_bz=1.0_cv1=0_p=1_q=32_20260126-233326
1600,1.0,0.0,1,32,posthoc_orth,y,bias2,1.0038865,n=1600_bz=1.0_cv1=0_p=1_q=32_20260126-233326
1600,1.0,0.0,1,32,posthoc_orth,y,var,0.0077325488,n=1600_bz=1.0_cv1=0_p=1_q=32_20260126-233326
1600,1.0,0.0,1,32,posthoc_orth,fx,mspe,0.026082925,n=1600_bz=1.0_cv1=0_p=1_q=32_20260126-233326
1600,1.0,0.0,1,32,posthoc_orth,fx,bias2,0.020596413,n=1600_bz=1.0_cv1=0_p=1_q=32_20260126-233326
1600,1.0,0.0,1,32,posthoc_orth,fx,var,0.0054865126,n=1600_bz=1.0_cv1=0_p=1_q=32_20260126-233326
1600,1.0,0.0,1,32,posthoc_orth,fz,mspe,0.020857476,n=1600_bz=1.0_cv1=0_p=1_q=32_20260126-233326
1600,1.0,0.0,1,32,posthoc_orth,fz,bias2,0.019231223,n=1600_bz=1.0_cv1=0_p=1_q=32_20260126-233326
1600,1.0,0.0,1,32,posthoc_orth,fz,var,0.0016262531,n=1600_bz=1.0_cv1=0_p=1_q=32_20260126-233326
1600,1.0,0.0,1,32,posthoc_orth,fr,mspe,0.00593984,n=1600_bz=1.0_cv1=0_p=1_q=32_20260126-233326
1600,1.0,0.0,1,32,posthoc_orth,fr,bias2,0.0004533276,n=1600_bz=1.0_cv1=0_p=1_q=32_20260126-233326
1600,1.0,0.0,1,32,posthoc_orth,fr,var,0.0054865126,n=1600_bz=1.0_cv1=0_p=1_q=32_20260126-233326
1600,1.0,1.0,1,32,base,y,mspe,1.0098908,n=1600_bz=1.0_cv1=1.0_p=1_q=32_20260126-235632
1600,1.0,1.0,1,32,base,y,bias2,1.0039804,n=1600_bz=1.0_cv1=1.0_p=1_q=32_20260126-235632
1600,1.0,1.0,1,32,base,y,var,0.0059103156,n=1600_bz=1.0_cv1=1.0_p=1_q=32_20260126-235632
1600,1.0,1.0,1,32,base,fx,mspe,0.08148639,n=1600_bz=1.0_cv1=1.0_p=1_q=32_20260126-235632
1600,1.0,1.0,1,32,base,fx,bias2,0.077129066,n=1600_bz=1.0_cv1=1.0_p=1_q=32_20260126-235632
1600,1.0,1.0,1,32,base,fx,var,0.0043573175,n=1600_bz=1.0_cv1=1.0_p=1_q=32_20260126-235632
1600,1.0,1.0,1,32,base,fz,mspe,0.07795459,n=1600_bz=1.0_cv1=1.0_p=1_q=32_20260126-235632
1600,1.0,1.0,1,32,base,fz,bias2,0.07795459,n=1600_bz=1.0_cv1=1.0_p=1_q=32_20260126-235632
1600,1.0,1.0,1,32,base,fz,var,0.0,n=1600_bz=1.0_cv1=1.0_p=1_q=32_20260126-235632
1600,1.0,1.0,1,32,base,fr,mspe,0.17810339,n=1600_bz=1.0_cv1=1.0_p=1_q=32_20260126-235632
1600,1.0,1.0,1,32,base,fr,bias2,0.17374606,n=1600_bz=1.0_cv1=1.0_p=1_q=32_20260126-235632
1600,1.0,1.0,1,32,base,fr,var,0.0043573175,n=1600_bz=1.0_cv1=1.0_p=1_q=32_20260126-235632
1600,1.0,1.0,1,32,posthoc,y,mspe,1.0111072,n=1600_bz=1.0_cv1=1.0_p=1_q=32_20260126-235632
1600,1.0,1.0,1,32,posthoc,y,bias2,1.0047679,n=1600_bz=1.0_cv1=1.0_p=1_q=32_20260126-235632
1600,1.0,1.0,1,32,posthoc,y,var,0.0063393526,n=1600_bz=1.0_cv1=1.0_p=1_q=32_20260126-235632
1600,1.0,1.0,1,32,posthoc,fx,mspe,0.11594035,n=1600_bz=1.0_cv1=1.0_p=1_q=32_20260126-235632
1600,1.0,1.0,1,32,posthoc,fx,bias2,0.060844593,n=1600_bz=1.0_cv1=1.0_p=1_q=32_20260126-235632
1600,1.0,1.0,1,32,posthoc,fx,var,0.05509576,n=1600_bz=1.0_cv1=1.0_p=1_q=32_20260126-235632
1600,1.0,1.0,1,32,posthoc,fz,mspe,0.1142768,n=1600_bz=1.0_cv1=1.0_p=1_q=32_20260126-235632
1600,1.0,1.0,1,32,posthoc,fz,bias2,0.0615076,n=1600_bz=1.0_cv1=1.0_p=1_q=32_20260126-235632
1600,1.0,1.0,1,32,posthoc,fz,var,0.052769188,n=1600_bz=1.0_cv1=1.0_p=1_q=32_20260126-235632
1600,1.0,1.0,1,32,posthoc,fr,mspe,0.20401525,n=1600_bz=1.0_cv1=1.0_p=1_q=32_20260126-235632
1600,1.0,1.0,1,32,posthoc,fr,bias2,0.14891951,n=1600_bz=1.0_cv1=1.0_p=1_q=32_20260126-235632
1600,1.0,1.0,1,32,posthoc,fr,var,0.05509576,n=1600_bz=1.0_cv1=1.0_p=1_q=32_20260126-235632
1600,1.0,1.0,1,32,posthoc_orth,y,mspe,1.0111057,n=1600_bz=1.0_cv1=1.0_p=1_q=32_20260126-235632
1600,1.0,1.0,1,32,posthoc_orth,y,bias2,1.0048999,n=1600_bz=1.0_cv1=1.0_p=1_q=32_20260126-235632
1600,1.0,1.0,1,32,posthoc_orth,y,var,0.006205839,n=1600_bz=1.0_cv1=1.0_p=1_q=32_20260126-235632
1600,1.0,1.0,1,32,posthoc_orth,fx,mspe,0.024355052,n=1600_bz=1.0_cv1=1.0_p=1_q=32_20260126-235632
1600,1.0,1.0,1,32,posthoc_orth,fx,bias2,0.020399118,n=1600_bz=1.0_cv1=1.0_p=1_q=32_20260126-235632
1600,1.0,1.0,1,32,posthoc_orth,fx,var,0.0039559347,n=1600_bz=1.0_cv1=1.0_p=1_q=32_20260126-235632
1600,1.0,1.0,1,32,posthoc_orth,fz,mspe,0.02085752,n=1600_bz=1.0_cv1=1.0_p=1_q=32_20260126-235632
1600,1.0,1.0,1,32,posthoc_orth,fz,bias2,0.019231265,n=1600_bz=1.0_cv1=1.0_p=1_q=32_20260126-235632
1600,1.0,1.0,1,32,posthoc_orth,fz,var,0.0016262543,n=1600_bz=1.0_cv1=1.0_p=1_q=32_20260126-235632
1600,1.0,1.0,1,32,posthoc_orth,fr,mspe,0.0044592055,n=1600_bz=1.0_cv1=1.0_p=1_q=32_20260126-235632
1600,1.0,1.0,1,32,posthoc_orth,fr,bias2,0.0005032711,n=1600_bz=1.0_cv1=1.0_p=1_q=32_20260126-235632
1600,1.0,1.0,1,32,posthoc_orth,fr,var,0.0039559347,n=1600_bz=1.0_cv1=1.0_p=1_q=32_20260126-235632
200,1.0,0.1,1,32,base,y,mspe,1.1178453,n=200_bz=1.0_cv1=0.1_p=1_q=32_20260126-230032
200,1.0,0.1,1,32,base,y,bias2,1.0669606,n=200_bz=1.0_cv1=0.1_p=1_q=32_20260126-230032
200,1.0,0.1,1,32,base,y,var,0.050884776,n=200_bz=1.0_cv1=0.1_p=1_q=32_20260126-230032
200,1.0,0.1,1,32,base,fx,mspe,0.0573312,n=200_bz=1.0_cv1=0.1_p=1_q=32_20260126-230032
200,1.0,0.1,1,32,base,fx,bias2,0.014301286,n=200_bz=1.0_cv1=0.1_p=1_q=32_20260126-230032
200,1.0,0.1,1,32,base,fx,var,0.04302991,n=200_bz=1.0_cv1=0.1_p=1_q=32_20260126-230032
200,1.0,0.1,1,32,base,fz,mspe,0.07795459,n=200_bz=1.0_cv1=0.1_p=1_q=32_20260126-230032
200,1.0,0.1,1,32,base,fz,bias2,0.07795459,n=200_bz=1.0_cv1=0.1_p=1_q=32_20260126-230032
200,1.0,0.1,1,32,base,fz,var,0.0,n=200_bz=1.0_cv1=0.1_p=1_q=32_20260126-230032
200,1.0,0.1,1,32,base,fr,mspe,0.09713904,n=200_bz=1.0_cv1=0.1_p=1_q=32_20260126-230032
200,1.0,0.1,1,32,base,fr,bias2,0.054109126,n=200_bz=1.0_cv1=0.1_p=1_q=32_20260126-230032
200,1.0,0.1,1,32,base,fr,var,0.04302991,n=200_bz=1.0_cv1=0.1_p=1_q=32_20260126-230032
200,1.0,0.1,1,32,posthoc,y,mspe,1.0600135,n=200_bz=1.0_cv1=0.1_p=1_q=32_20260126-230032
200,1.0,0.1,1,32,posthoc,y,bias2,1.0069063,n=200_bz=1.0_cv1=0.1_p=1_q=32_20260126-230032
200,1.0,0.1,1,32,posthoc,y,var,0.053107142,n=200_bz=1.0_cv1=0.1_p=1_q=32_20260126-230032
200,1.0,0.1,1,32,posthoc,fx,mspe,0.044503413,n=200_bz=1.0_cv1=0.1_p=1_q=32_20260126-230032
200,1.0,0.1,1,32,posthoc,fx,bias2,0.008460542,n=200_bz=1.0_cv1=0.1_p=1_q=32_20260126-230032
200,1.0,0.1,1,32,posthoc,fx,var,0.036042873,n=200_bz=1.0_cv1=0.1_p=1_q=32_20260126-230032
200,1.0,0.1,1,32,posthoc,fz,mspe,0.02316476,n=200_bz=1.0_cv1=0.1_p=1_q=32_20260126-230032
200,1.0,0.1,1,32,posthoc,fz,bias2,6.832819e-05,n=200_bz=1.0_cv1=0.1_p=1_q=32_20260126-230032
200,1.0,0.1,1,32,posthoc,fz,var,0.023096431,n=200_bz=1.0_cv1=0.1_p=1_q=32_20260126-230032
200,1.0,0.1,1,32,posthoc,fr,mspe,0.062420204,n=200_bz=1.0_cv1=0.1_p=1_q=32_20260126-230032
200,1.0,0.1,1,32,posthoc,fr,bias2,0.026377326,n=200_bz=1.0_cv1=0.1_p=1_q=32_20260126-230032
200,1.0,0.1,1,32,posthoc,fr,var,0.036042873,n=200_bz=1.0_cv1=0.1_p=1_q=32_20260126-230032
200,1.0,0.1,1,32,posthoc_orth,y,mspe,1.0597763,n=200_bz=1.0_cv1=0.1_p=1_q=32_20260126-230032
200,1.0,0.1,1,32,posthoc_orth,y,bias2,1.0068336,n=200_bz=1.0_cv1=0.1_p=1_q=32_20260126-230032
200,1.0,0.1,1,32,posthoc_orth,y,var,0.052942663,n=200_bz=1.0_cv1=0.1_p=1_q=32_20260126-230032
200,1.0,0.1,1,32,posthoc_orth,fx,mspe,0.057354957,n=200_bz=1.0_cv1=0.1_p=1_q=32_20260126-230032
200,1.0,0.1,1,32,posthoc_orth,fx,bias2,0.027398357,n=200_bz=1.0_cv1=0.1_p=1_q=32_20260126-230032
200,1.0,0.1,1,32,posthoc_orth,fx,var,0.029956603,n=200_bz=1.0_cv1=0.1_p=1_q=32_20260126-230032
200,1.0,0.1,1,32,posthoc_orth,fz,mspe,0.02970239,n=200_bz=1.0_cv1=0.1_p=1_q=32_20260126-230032
200,1.0,0.1,1,32,posthoc_orth,fz,bias2,0.015499519,n=200_bz=1.0_cv1=0.1_p=1_q=32_20260126-230032
200,1.0,0.1,1,32,posthoc_orth,fz,var,0.014202871,n=200_bz=1.0_cv1=0.1_p=1_q=32_20260126-230032
200,1.0,0.1,1,32,posthoc_orth,fr,mspe,0.038093854,n=200_bz=1.0_cv1=0.1_p=1_q=32_20260126-230032
200,1.0,0.1,1,32,posthoc_orth,fr,bias2,0.00813725,n=200_bz=1.0_cv1=0.1_p=1_q=32_20260126-230032
200,1.0,0.1,1,32,posthoc_orth,fr,var,0.029956603,n=200_bz=1.0_cv1=0.1_p=1_q=32_20260126-230032
200,1.0,0.2,1,32,base,y,mspe,1.1207025,n=200_bz=1.0_cv1=0.2_p=1_q=32_20260126-230111
200,1.0,0.2,1,32,base,y,bias2,1.068172,n=200_bz=1.0_cv1=0.2_p=1_q=32_20260126-230111
200,1.0,0.2,1,32,base,y,var,0.05253058,n=200_bz=1.0_cv1=0.2_p=1_q=32_20260126-230111
200,1.0,0.2,1,32,base,fx,mspe,0.060224805,n=200_bz=1.0_cv1=0.2_p=1_q=32_20260126-230111
200,1.0,0.2,1,32,base,fx,bias2,0.015029872,n=200_bz=1.0_cv1=0.2_p=1_q=32_20260126-230111
200,1.0,0.2,1,32,base,fx,var,0.045194935,n=200_bz=1.0_cv1=0.2_p=1_q=32_20260126-230111
200,1.0,0.2,1,32,base,fz,mspe,0.07795459,n=200_bz=1.0_cv1=0.2_p=1_q=32_20260126-230111
200,1.0,0.2,1,32,base,fz,bias2,0.07795459,n=200_bz=1.0_cv1=0.2_p=1_q=32_20260126-230111
200,1.0,0.2,1,32,base,fz,var,0.0,n=200_bz=1.0_cv1=0.2_p=1_q=32_20260126-230111
200,1.0,0.2,1,32,base,fr,mspe,0.100716665,n=200_bz=1.0_cv1=0.2_p=1_q=32_20260126-230111
200,1.0,0.2,1,32,base,fr,bias2,0.055521738,n=200_bz=1.0_cv1=0.2_p=1_q=32_20260126-230111
200,1.0,0.2,1,32,base,fr,var,0.045194935,n=200_bz=1.0_cv1=0.2_p=1_q=32_20260126-230111
200,1.0,0.2,1,32,posthoc,y,mspe,1.0614473,n=200_bz=1.0_cv1=0.2_p=1_q=32_20260126-230111
200,1.0,0.2,1,32,posthoc,y,bias2,1.0084827,n=200_bz=1.0_cv1=0.2_p=1_q=32_20260126-230111
200,1.0,0.2,1,32,posthoc,y,var,0.052964624,n=200_bz=1.0_cv1=0.2_p=1_q=32_20260126-230111
200,1.0,0.2,1,32,posthoc,fx,mspe,0.045228638,n=200_bz=1.0_cv1=0.2_p=1_q=32_20260126-230111
200,1.0,0.2,1,32,posthoc,fx,bias2,0.0094105685,n=200_bz=1.0_cv1=0.2_p=1_q=32_20260126-230111
200,1.0,0.2,1,32,posthoc,fx,var,0.035818074,n=200_bz=1.0_cv1=0.2_p=1_q=32_20260126-230111
200,1.0,0.2,1,32,posthoc,fz,mspe,0.022003083,n=200_bz=1.0_cv1=0.2_p=1_q=32_20260126-230111
200,1.0,0.2,1,32,posthoc,fz,bias2,6.0098173e-05,n=200_bz=1.0_cv1=0.2_p=1_q=32_20260126-230111
200,1.0,0.2,1,32,posthoc,fz,var,0.021942984,n=200_bz=1.0_cv1=0.2_p=1_q=32_20260126-230111
200,1.0,0.2,1,32,posthoc,fr,mspe,0.06272089,n=200_bz=1.0_cv1=0.2_p=1_q=32_20260126-230111
200,1.0,0.2,1,32,posthoc,fr,bias2,0.026902813,n=200_bz=1.0_cv1=0.2_p=1_q=32_20260126-230111
200,1.0,0.2,1,32,posthoc,fr,var,0.035818074,n=200_bz=1.0_cv1=0.2_p=1_q=32_20260126-230111
200,1.0,0.2,1,32,posthoc_orth,y,mspe,1.0608757,n=200_bz=1.0_cv1=0.2_p=1_q=32_20260126-230111
200,1.0,0.2,1,32,posthoc_orth,y,bias2,1.0082347,n=200_bz=1.0_cv1=0.2_p=1_q=32_20260126-230111
200,1.0,0.2,1,32,posthoc_orth,y,var,0.052640803,n=200_bz=1.0_cv1=0.2_p=1_q=32_20260126-230111
200,1.0,0.2,1,32,posthoc_orth,fx,mspe,0.05780797,n=200_bz=1.0_cv1=0.2_p=1_q=32_20260126-230111
200,1.0,0.2,1,32,posthoc_orth,fx,bias2,0.027990542,n=200_bz=1.0_cv1=0.2_p=1_q=32_20260126-230111
200,1.0,0.2,1,32,posthoc_orth,fx,var,0.029817432,n=200_bz=1.0_cv1=0.2_p=1_q=32_20260126-230111
200,1.0,0.2,1,32,posthoc_orth,fz,mspe,0.029702393,n=200_bz=1.0_cv1=0.2_p=1_q=32_20260126-230111
200,1.0,0.2,1,32,posthoc_orth,fz,bias2,0.015499521,n=200_bz=1.0_cv1=0.2_p=1_q=32_20260126-230111
200,1.0,0.2,1,32,posthoc_orth,fz,var,0.014202871,n=200_bz=1.0_cv1=0.2_p=1_q=32_20260126-230111
200,1.0,0.2,1,32,posthoc_orth,fr,mspe,0.03852141,n=200_bz=1.0_cv1=0.2_p=1_q=32_20260126-230111
200,1.0,0.2,1,32,posthoc_orth,fr,bias2,0.00870398,n=200_bz=1.0_cv1=0.2_p=1_q=32_20260126-230111
200,1.0,0.2,1,32,posthoc_orth,fr,var,0.029817432,n=200_bz=1.0_cv1=0.2_p=1_q=32_20260126-230111
200,1.0,0.3,1,32,base,y,mspe,1.1205869,n=200_bz=1.0_cv1=0.3_p=1_q=32_20260126-230149
200,1.0,0.3,1,32,base,y,bias2,1.0692278,n=200_bz=1.0_cv1=0.3_p=1_q=32_20260126-230149
200,1.0,0.3,1,32,base,y,var,0.05135901,n=200_bz=1.0_cv1=0.3_p=1_q=32_20260126-230149
200,1.0,0.3,1,32,base,fx,mspe,0.05998728,n=200_bz=1.0_cv1=0.3_p=1_q=32_20260126-230149
200,1.0,0.3,1,32,base,fx,bias2,0.01607913,n=200_bz=1.0_cv1=0.3_p=1_q=32_20260126-230149
200,1.0,0.3,1,32,base,fx,var,0.043908153,n=200_bz=1.0_cv1=0.3_p=1_q=32_20260126-230149
200,1.0,0.3,1,32,base,fz,mspe,0.07795459,n=200_bz=1.0_cv1=0.3_p=1_q=32_20260126-230149
200,1.0,0.3,1,32,base,fz,bias2,0.07795459,n=200_bz=1.0_cv1=0.3_p=1_q=32_20260126-230149
200,1.0,0.3,1,32,base,fz,var,0.0,n=200_bz=1.0_cv1=0.3_p=1_q=32_20260126-230149
200,1.0,0.3,1,32,base,fr,mspe,0.1019243,n=200_bz=1.0_cv1=0.3_p=1_q=32_20260126-230149
200,1.0,0.3,1,32,base,fr,bias2,0.058016144,n=200_bz=1.0_cv1=0.3_p=1_q=32_20260126-230149
200,1.0,0.3,1,32,base,fr,var,0.043908153,n=200_bz=1.0_cv1=0.3_p=1_q=32_20260126-230149
200,1.0,0.3,1,32,posthoc,y,mspe,1.0621498,n=200_bz=1.0_cv1=0.3_p=1_q=32_20260126-230149
200,1.0,0.3,1,32,posthoc,y,bias2,1.009439,n=200_bz=1.0_cv1=0.3_p=1_q=32_20260126-230149
200,1.0,0.3,1,32,posthoc,y,var,0.052710883,n=200_bz=1.0_cv1=0.3_p=1_q=32_20260126-230149
200,1.0,0.3,1,32,posthoc,fx,mspe,0.04455383,n=200_bz=1.0_cv1=0.3_p=1_q=32_20260126-230149
200,1.0,0.3,1,32,posthoc,fx,bias2,0.008691401,n=200_bz=1.0_cv1=0.3_p=1_q=32_20260126-230149
200,1.0,0.3,1,32,posthoc,fx,var,0.035862435,n=200_bz=1.0_cv1=0.3_p=1_q=32_20260126-230149
200,1.0,0.3,1,32,posthoc,fz,mspe,0.022755539,n=200_bz=1.0_cv1=0.3_p=1_q=32_20260126-230149
200,1.0,0.3,1,32,posthoc,fz,bias2,6.114106e-05,n=200_bz=1.0_cv1=0.3_p=1_q=32_20260126-230149
200,1.0,0.3,1,32,posthoc,fz,var,0.022694398,n=200_bz=1.0_cv1=0.3_p=1_q=32_20260126-230149
200,1.0,0.3,1,32,posthoc,fr,mspe,0.062429283,n=200_bz=1.0_cv1=0.3_p=1_q=32_20260126-230149
200,1.0,0.3,1,32,posthoc,fr,bias2,0.026566856,n=200_bz=1.0_cv1=0.3_p=1_q=32_20260126-230149
200,1.0,0.3,1,32,posthoc,fr,var,0.035862435,n=200_bz=1.0_cv1=0.3_p=1_q=32_20260126-230149
200,1.0,0.3,1,32,posthoc_orth,y,mspe,1.0616724,n=200_bz=1.0_cv1=0.3_p=1_q=32_20260126-230149
200,1.0,0.3,1,32,posthoc_orth,y,bias2,1.0097786,n=200_bz=1.0_cv1=0.3_p=1_q=32_20260126-230149
200,1.0,0.3,1,32,posthoc_orth,y,var,0.051893756,n=200_bz=1.0_cv1=0.3_p=1_q=32_20260126-230149
200,1.0,0.3,1,32,posthoc_orth,fx,mspe,0.056877784,n=200_bz=1.0_cv1=0.3_p=1_q=32_20260126-230149
200,1.0,0.3,1,32,posthoc_orth,fx,bias2,0.02799581,n=200_bz=1.0_cv1=0.3_p=1_q=32_20260126-230149
200,1.0,0.3,1,32,posthoc_orth,fx,var,0.028881976,n=200_bz=1.0_cv1=0.3_p=1_q=32_20260126-230149
200,1.0,0.3,1,32,posthoc_orth,fz,mspe,0.029702386,n=200_bz=1.0_cv1=0.3_p=1_q=32_20260126-230149
200,1.0,0.3,1,32,posthoc_orth,fz,bias2,0.015499518,n=200_bz=1.0_cv1=0.3_p=1_q=32_20260126-230149
200,1.0,0.3,1,32,posthoc_orth,fz,var,0.014202867,n=200_bz=1.0_cv1=0.3_p=1_q=32_20260126-230149
200,1.0,0.3,1,32,posthoc_orth,fr,mspe,0.037913654,n=200_bz=1.0_cv1=0.3_p=1_q=32_20260126-230149
200,1.0,0.3,1,32,posthoc_orth,fr,bias2,0.009031679,n=200_bz=1.0_cv1=0.3_p=1_q=32_20260126-230149
200,1.0,0.3,1,32,posthoc_orth,fr,var,0.028881976,n=200_bz=1.0_cv1=0.3_p=1_q=32_20260126-230149
200,1.0,0.4,1,32,base,y,mspe,1.1152055,n=200_bz=1.0_cv1=0.4_p=1_q=32_20260126-230226
200,1.0,0.4,1,32,base,y,bias2,1.0652214,n=200_bz=1.0_cv1=0.4_p=1_q=32_20260126-230226
200,1.0,0.4,1,32,base,y,var,0.04998417,n=200_bz=1.0_cv1=0.4_p=1_q=32_20260126-230226
200,1.0,0.4,1,32,base,fx,mspe,0.064001136,n=200_bz=1.0_cv1=0.4_p=1_q=32_20260126-230226
200,1.0,0.4,1,32,base,fx,bias2,0.021475663,n=200_bz=1.0_cv1=0.4_p=1_q=32_20260126-230226
200,1.0,0.4,1,32,base,fx,var,0.042525478,n=200_bz=1.0_cv1=0.4_p=1_q=32_20260126-230226
200,1.0,0.4,1,32,base,fz,mspe,0.07795459,n=200_bz=1.0_cv1=0.4_p=1_q=32_20260126-230226
200,1.0,0.4,1,32,base,fz,bias2,0.07795459,n=200_bz=1.0_cv1=0.4_p=1_q=32_20260126-230226
200,1.0,0.4,1,32,base,fz,var,0.0,n=200_bz=1.0_cv1=0.4_p=1_q=32_20260126-230226
200,1.0,0.4,1,32,base,fr,mspe,0.11133149,n=200_bz=1.0_cv1=0.4_p=1_q=32_20260126-230226
200,1.0,0.4,1,32,base,fr,bias2,0.068806015,n=200_bz=1.0_cv1=0.4_p=1_q=32_20260126-230226
200,1.0,0.4,1,32,base,fr,var,0.042525478,n=200_bz=1.0_cv1=0.4_p=1_q=32_20260126-230226
200,1.0,0.4,1,32,posthoc,y,mspe,1.0639461,n=200_bz=1.0_cv1=0.4_p=1_q=32_20260126-230226
200,1.0,0.4,1,32,posthoc,y,bias2,1.0106655,n=200_bz=1.0_cv1=0.4_p=1_q=32_20260126-230226
200,1.0,0.4,1,32,posthoc,y,var,0.05328049,n=200_bz=1.0_cv1=0.4_p=1_q=32_20260126-230226
200,1.0,0.4,1,32,posthoc,fx,mspe,0.047851995,n=200_bz=1.0_cv1=0.4_p=1_q=32_20260126-230226
200,1.0,0.4,1,32,posthoc,fx,bias2,0.0090503665,n=200_bz=1.0_cv1=0.4_p=1_q=32_20260126-230226
200,1.0,0.4,1,32,posthoc,fx,var,0.03880163,n=200_bz=1.0_cv1=0.4_p=1_q=32_20260126-230226
200,1.0,0.4,1,32,posthoc,fz,mspe,0.0241827,n=200_bz=1.0_cv1=0.4_p=1_q=32_20260126-230226
200,1.0,0.4,1,32,posthoc,fz,bias2,0.000108268476,n=200_bz=1.0_cv1=0.4_p=1_q=32_20260126-230226
200,1.0,0.4,1,32,posthoc,fz,var,0.024074432,n=200_bz=1.0_cv1=0.4_p=1_q=32_20260126-230226
200,1.0,0.4,1,32,posthoc,fr,mspe,0.06703476,n=200_bz=1.0_cv1=0.4_p=1_q=32_20260126-230226
200,1.0,0.4,1,32,posthoc,fr,bias2,0.02823313,n=200_bz=1.0_cv1=0.4_p=1_q=32_20260126-230226
200,1.0,0.4,1,32,posthoc,fr,var,0.03880163,n=200_bz=1.0_cv1=0.4_p=1_q=32_20260126-230226
200,1.0,0.4,1,32,posthoc_orth,y,mspe,1.0643697,n=200_bz=1.0_cv1=0.4_p=1_q=32_20260126-230226
200,1.0,0.4,1,32,posthoc_orth,y,bias2,1.0109576,n=200_bz=1.0_cv1=0.4_p=1_q=32_20260126-230226
200,1.0,0.4,1,32,posthoc_orth,y,var,0.05341211,n=200_bz=1.0_cv1=0.4_p=1_q=32_20260126-230226
200,1.0,0.4,1,32,posthoc_orth,fx,mspe,0.05807998,n=200_bz=1.0_cv1=0.4_p=1_q=32_20260126-230226
200,1.0,0.4,1,32,posthoc_orth,fx,bias2,0.027938262,n=200_bz=1.0_cv1=0.4_p=1_q=32_20260126-230226
200,1.0,0.4,1,32,posthoc_orth,fx,var,0.030141726,n=200_bz=1.0_cv1=0.4_p=1_q=32_20260126-230226
200,1.0,0.4,1,32,posthoc_orth,fz,mspe,0.029702399,n=200_bz=1.0_cv1=0.4_p=1_q=32_20260126-230226
200,1.0,0.4,1,32,posthoc_orth,fz,bias2,0.015499525,n=200_bz=1.0_cv1=0.4_p=1_q=32_20260126-230226
200,1.0,0.4,1,32,posthoc_orth,fz,var,0.014202871,n=200_bz=1.0_cv1=0.4_p=1_q=32_20260126-230226
200,1.0,0.4,1,32,posthoc_orth,fr,mspe,0.039309442,n=200_bz=1.0_cv1=0.4_p=1_q=32_20260126-230226
200,1.0,0.4,1,32,posthoc_orth,fr,bias2,0.00916772,n=200_bz=1.0_cv1=0.4_p=1_q=32_20260126-230226
200,1.0,0.4,1,32,posthoc_orth,fr,var,0.030141726,n=200_bz=1.0_cv1=0.4_p=1_q=32_20260126-230226
200,1.0,0.5,1,32,base,y,mspe,1.1007967,n=200_bz=1.0_cv1=0.5_p=1_q=32_20260126-230304
200,1.0,0.5,1,32,base,y,bias2,1.0563084,n=200_bz=1.0_cv1=0.5_p=1_q=32_20260126-230304
200,1.0,0.5,1,32,base,y,var,0.04448821,n=200_bz=1.0_cv1=0.5_p=1_q=32_20260126-230304
200,1.0,0.5,1,32,base,fx,mspe,0.06808386,n=200_bz=1.0_cv1=0.5_p=1_q=32_20260126-230304
200,1.0,0.5,1,32,base,fx,bias2,0.031363793,n=200_bz=1.0_cv1=0.5_p=1_q=32_20260126-230304
200,1.0,0.5,1,32,base,fx,var,0.036720067,n=200_bz=1.0_cv1=0.5_p=1_q=32_20260126-230304
200,1.0,0.5,1,32,base,fz,mspe,0.07795459,n=200_bz=1.0_cv1=0.5_p=1_q=32_20260126-230304
200,1.0,0.5,1,32,base,fz,bias2,0.07795459,n=200_bz=1.0_cv1=0.5_p=1_q=32_20260126-230304
200,1.0,0.5,1,32,base,fz,var,0.0,n=200_bz=1.0_cv1=0.5_p=1_q=32_20260126-230304
200,1.0,0.5,1,32,base,fr,mspe,0.124757364,n=200_bz=1.0_cv1=0.5_p=1_q=32_20260126-230304
200,1.0,0.5,1,32,base,fr,bias2,0.0880373,n=200_bz=1.0_cv1=0.5_p=1_q=32_20260126-230304
200,1.0,0.5,1,32,base,fr,var,0.036720067,n=200_bz=1.0_cv1=0.5_p=1_q=32_20260126-230304
200,1.0,0.5,1,32,posthoc,y,mspe,1.0632688,n=200_bz=1.0_cv1=0.5_p=1_q=32_20260126-230304
200,1.0,0.5,1,32,posthoc,y,bias2,1.011269,n=200_bz=1.0_cv1=0.5_p=1_q=32_20260126-230304
200,1.0,0.5,1,32,posthoc,y,var,0.051999822,n=200_bz=1.0_cv1=0.5_p=1_q=32_20260126-230304
200,1.0,0.5,1,32,posthoc,fx,mspe,0.049966544,n=200_bz=1.0_cv1=0.5_p=1_q=32_20260126-230304
200,1.0,0.5,1,32,posthoc,fx,bias2,0.009337699,n=200_bz=1.0_cv1=0.5_p=1_q=32_20260126-230304
200,1.0,0.5,1,32,posthoc,fx,var,0.040628847,n=200_bz=1.0_cv1=0.5_p=1_q=32_20260126-230304
200,1.0,0.5,1,32,posthoc,fz,mspe,0.026049368,n=200_bz=1.0_cv1=0.5_p=1_q=32_20260126-230304
200,1.0,0.5,1,32,posthoc,fz,bias2,0.00040649893,n=200_bz=1.0_cv1=0.5_p=1_q=32_20260126-230304
200,1.0,0.5,1,32,posthoc,fz,var,0.025642872,n=200_bz=1.0_cv1=0.5_p=1_q=32_20260126-230304
200,1.0,0.5,1,32,posthoc,fr,mspe,0.071887344,n=200_bz=1.0_cv1=0.5_p=1_q=32_20260126-230304
200,1.0,0.5,1,32,posthoc,fr,bias2,0.031258494,n=200_bz=1.0_cv1=0.5_p=1_q=32_20260126-230304
200,1.0,0.5,1,32,posthoc,fr,var,0.040628847,n=200_bz=1.0_cv1=0.5_p=1_q=32_20260126-230304
200,1.0,0.5,1,32,posthoc_orth,y,mspe,1.0625386,n=200_bz=1.0_cv1=0.5_p=1_q=32_20260126-230304
200,1.0,0.5,1,32,posthoc_orth,y,bias2,1.0107073,n=200_bz=1.0_cv1=0.5_p=1_q=32_20260126-230304
200,1.0,0.5,1,32,posthoc_orth,y,var,0.051831305,n=200_bz=1.0_cv1=0.5_p=1_q=32_20260126-230304
200,1.0,0.5,1,32,posthoc_orth,fx,mspe,0.05614457,n=200_bz=1.0_cv1=0.5_p=1_q=32_20260126-230304
200,1.0,0.5,1,32,posthoc_orth,fx,bias2,0.026921777,n=200_bz=1.0_cv1=0.5_p=1_q=32_20260126-230304
200,1.0,0.5,1,32,posthoc_orth,fx,var,0.029222794,n=200_bz=1.0_cv1=0.5_p=1_q=32_20260126-230304
200,1.0,0.5,1,32,posthoc_orth,fz,mspe,0.02970241,n=200_bz=1.0_cv1=0.5_p=1_q=32_20260126-230304
200,1.0,0.5,1,32,posthoc_orth,fz,bias2,0.015499535,n=200_bz=1.0_cv1=0.5_p=1_q=32_20260126-230304
200,1.0,0.5,1,32,posthoc_orth,fz,var,0.014202875,n=200_bz=1.0_cv1=0.5_p=1_q=32_20260126-230304
200,1.0,0.5,1,32,posthoc_orth,fr,mspe,0.037893124,n=200_bz=1.0_cv1=0.5_p=1_q=32_20260126-230304
200,1.0,0.5,1,32,posthoc_orth,fr,bias2,0.00867033,n=200_bz=1.0_cv1=0.5_p=1_q=32_20260126-230304
200,1.0,0.5,1,32,posthoc_orth,fr,var,0.029222794,n=200_bz=1.0_cv1=0.5_p=1_q=32_20260126-230304
200,1.0,0.6,1,32,base,y,mspe,1.0839192,n=200_bz=1.0_cv1=0.6_p=1_q=32_20260126-230343
200,1.0,0.6,1,32,base,y,bias2,1.0440853,n=200_bz=1.0_cv1=0.6_p=1_q=32_20260126-230343
200,1.0,0.6,1,32,base,y,var,0.03983391,n=200_bz=1.0_cv1=0.6_p=1_q=32_20260126-230343
200,1.0,0.6,1,32,base,fx,mspe,0.07386168,n=200_bz=1.0_cv1=0.6_p=1_q=32_20260126-230343
200,1.0,0.6,1,32,base,fx,bias2,0.04120661,n=200_bz=1.0_cv1=0.6_p=1_q=32_20260126-230343
200,1.0,0.6,1,32,base,fx,var,0.03265508,n=200_bz=1.0_cv1=0.6_p=1_q=32_20260126-230343
200,1.0,0.6,1,32,base,fz,mspe,0.07795459,n=200_bz=1.0_cv1=0.6_p=1_q=32_20260126-230343
200,1.0,0.6,1,32,base,fz,bias2,0.07795459,n=200_bz=1.0_cv1=0.6_p=1_q=32_20260126-230343
200,1.0,0.6,1,32,base,fz,var,0.0,n=200_bz=1.0_cv1=0.6_p=1_q=32_20260126-230343
200,1.0,0.6,1,32,base,fr,mspe,0.14055644,n=200_bz=1.0_cv1=0.6_p=1_q=32_20260126-230343
200,1.0,0.6,1,32,base,fr,bias2,0.107901365,n=200_bz=1.0_cv1=0.6_p=1_q=32_20260126-230343
200,1.0,0.6,1,32,base,fr,var,0.03265508,n=200_bz=1.0_cv1=0.6_p=1_q=32_20260126-230343
200,1.0,0.6,1,32,posthoc,y,mspe,1.0619595,n=200_bz=1.0_cv1=0.6_p=1_q=32_20260126-230343
200,1.0,0.6,1,32,posthoc,y,bias2,1.0115206,n=200_bz=1.0_cv1=0.6_p=1_q=32_20260126-230343
200,1.0,0.6,1,32,posthoc,y,var,0.05043887,n=200_bz=1.0_cv1=0.6_p=1_q=32_20260126-230343
200,1.0,0.6,1,32,posthoc,fx,mspe,0.057895567,n=200_bz=1.0_cv1=0.6_p=1_q=32_20260126-230343
200,1.0,0.6,1,32,posthoc,fx,bias2,0.009556732,n=200_bz=1.0_cv1=0.6_p=1_q=32_20260126-230343
200,1.0,0.6,1,32,posthoc,fx,var,0.04833883,n=200_bz=1.0_cv1=0.6_p=1_q=32_20260126-230343
200,1.0,0.6,1,32,posthoc,fz,mspe,0.031184724,n=200_bz=1.0_cv1=0.6_p=1_q=32_20260126-230343
200,1.0,0.6,1,32,posthoc,fz,bias2,0.0012475034,n=200_bz=1.0_cv1=0.6_p=1_q=32_20260126-230343
200,1.0,0.6,1,32,posthoc,fz,var,0.029937219,n=200_bz=1.0_cv1=0.6_p=1_q=32_20260126-230343
200,1.0,0.6,1,32,posthoc,fr,mspe,0.08484437,n=200_bz=1.0_cv1=0.6_p=1_q=32_20260126-230343
200,1.0,0.6,1,32,posthoc,fr,bias2,0.036505543,n=200_bz=1.0_cv1=0.6_p=1_q=32_20260126-230343
200,1.0,0.6,1,32,posthoc,fr,var,0.04833883,n=200_bz=1.0_cv1=0.6_p=1_q=32_20260126-230343
200,1.0,0.6,1,32,posthoc_orth,y,mspe,1.0619537,n=200_bz=1.0_cv1=0.6_p=1_q=32_20260126-230343
200,1.0,0.6,1,32,posthoc_orth,y,bias2,1.0113002,n=200_bz=1.0_cv1=0.6_p=1_q=32_20260126-230343
200,1.0,0.6,1,32,posthoc_orth,y,var,0.050653424,n=200_bz=1.0_cv1=0.6_p=1_q=32_20260126-230343
200,1.0,0.6,1,32,posthoc_orth,fx,mspe,0.05500124,n=200_bz=1.0_cv1=0.6_p=1_q=32_20260126-230343
200,1.0,0.6,1,32,posthoc_orth,fx,bias2,0.027025605,n=200_bz=1.0_cv1=0.6_p=1_q=32_20260126-230343
200,1.0,0.6,1,32,posthoc_orth,fx,var,0.027975636,n=200_bz=1.0_cv1=0.6_p=1_q=32_20260126-230343
200,1.0,0.6,1,32,posthoc_orth,fz,mspe,0.029702418,n=200_bz=1.0_cv1=0.6_p=1_q=32_20260126-230343
200,1.0,0.6,1,32,posthoc_orth,fz,bias2,0.015499541,n=200_bz=1.0_cv1=0.6_p=1_q=32_20260126-230343
200,1.0,0.6,1,32,posthoc_orth,fz,var,0.014202876,n=200_bz=1.0_cv1=0.6_p=1_q=32_20260126-230343
200,1.0,0.6,1,32,posthoc_orth,fr,mspe,0.037092194,n=200_bz=1.0_cv1=0.6_p=1_q=32_20260126-230343
200,1.0,0.6,1,32,posthoc_orth,fr,bias2,0.00911656,n=200_bz=1.0_cv1=0.6_p=1_q=32_20260126-230343
200,1.0,0.6,1,32,posthoc_orth,fr,var,0.027975636,n=200_bz=1.0_cv1=0.6_p=1_q=32_20260126-230343
200,1.0,0.7,1,32,base,y,mspe,1.0664617,n=200_bz=1.0_cv1=0.7_p=1_q=32_20260126-230420
200,1.0,0.7,1,32,base,y,bias2,1.0300614,n=200_bz=1.0_cv1=0.7_p=1_q=32_20260126-230420
200,1.0,0.7,1,32,base,y,var,0.0364005,n=200_bz=1.0_cv1=0.7_p=1_q=32_20260126-230420
200,1.0,0.7,1,32,base,fx,mspe,0.08094059,n=200_bz=1.0_cv1=0.7_p=1_q=32_20260126-230420
200,1.0,0.7,1,32,base,fx,bias2,0.051195126,n=200_bz=1.0_cv1=0.7_p=1_q=32_20260126-230420
200,1.0,0.7,1,32,base,fx,var,0.029745461,n=200_bz=1.0_cv1=0.7_p=1_q=32_20260126-230420
200,1.0,0.7,1,32,base,fz,mspe,0.07795459,n=200_bz=1.0_cv1=0.7_p=1_q=32_20260126-230420
200,1.0,0.7,1,32,base,fz,bias2,0.07795459,n=200_bz=1.0_cv1=0.7_p=1_q=32_20260126-230420
200,1.0,0.7,1,32,base,fz,var,0.0,n=200_bz=1.0_cv1=0.7_p=1_q=32_20260126-230420
200,1.0,0.7,1,32,base,fr,mspe,0.15794533,n=200_bz=1.0_cv1=0.7_p=1_q=32_20260126-230420
200,1.0,0.7,1,32,base,fr,bias2,0.12819988,n=200_bz=1.0_cv1=0.7_p=1_q=32_20260126-230420
200,1.0,0.7,1,32,base,fr,var,0.029745461,n=200_bz=1.0_cv1=0.7_p=1_q=32_20260126-230420
200,1.0,0.7,1,32,posthoc,y,mspe,1.0595906,n=200_bz=1.0_cv1=0.7_p=1_q=32_20260126-230420
200,1.0,0.7,1,32,posthoc,y,bias2,1.0101417,n=200_bz=1.0_cv1=0.7_p=1_q=32_20260126-230420
200,1.0,0.7,1,32,posthoc,y,var,0.049448863,n=200_bz=1.0_cv1=0.7_p=1_q=32_20260126-230420
200,1.0,0.7,1,32,posthoc,fx,mspe,0.07057382,n=200_bz=1.0_cv1=0.7_p=1_q=32_20260126-230420
200,1.0,0.7,1,32,posthoc,fx,bias2,0.00984541,n=200_bz=1.0_cv1=0.7_p=1_q=32_20260126-230420
200,1.0,0.7,1,32,posthoc,fx,var,0.060728412,n=200_bz=1.0_cv1=0.7_p=1_q=32_20260126-230420
200,1.0,0.7,1,32,posthoc,fz,mspe,0.045295995,n=200_bz=1.0_cv1=0.7_p=1_q=32_20260126-230420
200,1.0,0.7,1,32,posthoc,fz,bias2,0.0032615073,n=200_bz=1.0_cv1=0.7_p=1_q=32_20260126-230420
200,1.0,0.7,1,32,posthoc,fz,var,0.042034484,n=200_bz=1.0_cv1=0.7_p=1_q=32_20260126-230420
200,1.0,0.7,1,32,posthoc,fr,mspe,0.10363823,n=200_bz=1.0_cv1=0.7_p=1_q=32_20260126-230420
200,1.0,0.7,1,32,posthoc,fr,bias2,0.042909812,n=200_bz=1.0_cv1=0.7_p=1_q=32_20260126-230420
200,1.0,0.7,1,32,posthoc,fr,var,0.060728412,n=200_bz=1.0_cv1=0.7_p=1_q=32_20260126-230420
200,1.0,0.7,1,32,posthoc_orth,y,mspe,1.0580608,n=200_bz=1.0_cv1=0.7_p=1_q=32_20260126-230420
200,1.0,0.7,1,32,posthoc_orth,y,bias2,1.0098453,n=200_bz=1.0_cv1=0.7_p=1_q=32_20260126-230420
200,1.0,0.7,1,32,posthoc_orth,y,var,0.0482154,n=200_bz=1.0_cv1=0.7_p=1_q=32_20260126-230420
200,1.0,0.7,1,32,posthoc_orth,fx,mspe,0.050908107,n=200_bz=1.0_cv1=0.7_p=1_q=32_20260126-230420
200,1.0,0.7,1,32,posthoc_orth,fx,bias2,0.024854233,n=200_bz=1.0_cv1=0.7_p=1_q=32_20260126-230420
200,1.0,0.7,1,32,posthoc_orth,fx,var,0.026053872,n=200_bz=1.0_cv1=0.7_p=1_q=32_20260126-230420
200,1.0,0.7,1,32,posthoc_orth,fz,mspe,0.029702429,n=200_bz=1.0_cv1=0.7_p=1_q=32_20260126-230420
200,1.0,0.7,1,32,posthoc_orth,fz,bias2,0.015499551,n=200_bz=1.0_cv1=0.7_p=1_q=32_20260126-230420
200,1.0,0.7,1,32,posthoc_orth,fz,var,0.014202876,n=200_bz=1.0_cv1=0.7_p=1_q=32_20260126-230420
200,1.0,0.7,1,32,posthoc_orth,fr,mspe,0.033367638,n=200_bz=1.0_cv1=0.7_p=1_q=32_20260126-230420
200,1.0,0.7,1,32,posthoc_orth,fr,bias2,0.0073137665,n=200_bz=1.0_cv1=0.7_p=1_q=32_20260126-230420
200,1.0,0.7,1,32,posthoc_orth,fr,var,0.026053872,n=200_bz=1.0_cv1=0.7_p=1_q=32_20260126-230420
200,1.0,0.8,1,32,base,y,mspe,1.0522251,n=200_bz=1.0_cv1=0.8_p=1_q=32_20260126-230455
200,1.0,0.8,1,32,base,y,bias2,1.0184728,n=200_bz=1.0_cv1=0.8_p=1_q=32_20260126-230455
200,1.0,0.8,1,32,base,y,var,0.033752233,n=200_bz=1.0_cv1=0.8_p=1_q=32_20260126-230455
200,1.0,0.8,1,32,base,fx,mspe,0.08565691,n=200_bz=1.0_cv1=0.8_p=1_q=32_20260126-230455
200,1.0,0.8,1,32,base,fx,bias2,0.059096947,n=200_bz=1.0_cv1=0.8_p=1_q=32_20260126-230455
200,1.0,0.8,1,32,base,fx,var,0.02655997,n=200_bz=1.0_cv1=0.8_p=1_q=32_20260126-230455
200,1.0,0.8,1,32,base,fz,mspe,0.07795459,n=200_bz=1.0_cv1=0.8_p=1_q=32_20260126-230455
200,1.0,0.8,1,32,base,fz,bias2,0.07795459,n=200_bz=1.0_cv1=0.8_p=1_q=32_20260126-230455
200,1.0,0.8,1,32,base,fz,var,0.0,n=200_bz=1.0_cv1=0.8_p=1_q=32_20260126-230455
200,1.0,0.8,1,32,base,fr,mspe,0.16992462,n=200_bz=1.0_cv1=0.8_p=1_q=32_20260126-230455
200,1.0,0.8,1,32,base,fr,bias2,0.14336464,n=200_bz=1.0_cv1=0.8_p=1_q=32_20260126-230455
200,1.0,0.8,1,32,base,fr,var,0.02655997,n=200_bz=1.0_cv1=0.8_p=1_q=32_20260126-230455
200,1.0,0.8,1,32,posthoc,y,mspe,1.0559009,n=200_bz=1.0_cv1=0.8_p=1_q=32_20260126-230455
200,1.0,0.8,1,32,posthoc,y,bias2,1.0091791,n=200_bz=1.0_cv1=0.8_p=1_q=32_20260126-230455
200,1.0,0.8,1,32,posthoc,y,var,0.0467218,n=200_bz=1.0_cv1=0.8_p=1_q=32_20260126-230455
200,1.0,0.8,1,32,posthoc,fx,mspe,0.090863355,n=200_bz=1.0_cv1=0.8_p=1_q=32_20260126-230455
200,1.0,0.8,1,32,posthoc,fx,bias2,0.012172821,n=200_bz=1.0_cv1=0.8_p=1_q=32_20260126-230455
200,1.0,0.8,1,32,posthoc,fx,var,0.07869054,n=200_bz=1.0_cv1=0.8_p=1_q=32_20260126-230455
200,1.0,0.8,1,32,posthoc,fz,mspe,0.0653921,n=200_bz=1.0_cv1=0.8_p=1_q=32_20260126-230455
200,1.0,0.8,1,32,posthoc,fz,bias2,0.0066486634,n=200_bz=1.0_cv1=0.8_p=1_q=32_20260126-230455
200,1.0,0.8,1,32,posthoc,fz,var,0.058743432,n=200_bz=1.0_cv1=0.8_p=1_q=32_20260126-230455
200,1.0,0.8,1,32,posthoc,fr,mspe,0.13069141,n=200_bz=1.0_cv1=0.8_p=1_q=32_20260126-230455
200,1.0,0.8,1,32,posthoc,fr,bias2,0.052000877,n=200_bz=1.0_cv1=0.8_p=1_q=32_20260126-230455
200,1.0,0.8,1,32,posthoc,fr,var,0.07869054,n=200_bz=1.0_cv1=0.8_p=1_q=32_20260126-230455
200,1.0,0.8,1,32,posthoc_orth,y,mspe,1.0558496,n=200_bz=1.0_cv1=0.8_p=1_q=32_20260126-230455
200,1.0,0.8,1,32,posthoc_orth,y,bias2,1.0092643,n=200_bz=1.0_cv1=0.8_p=1_q=32_20260126-230455
200,1.0,0.8,1,32,posthoc_orth,y,var,0.04658522,n=200_bz=1.0_cv1=0.8_p=1_q=32_20260126-230455
200,1.0,0.8,1,32,posthoc_orth,fx,mspe,0.048673254,n=200_bz=1.0_cv1=0.8_p=1_q=32_20260126-230455
200,1.0,0.8,1,32,posthoc_orth,fx,bias2,0.024294956,n=200_bz=1.0_cv1=0.8_p=1_q=32_20260126-230455
200,1.0,0.8,1,32,posthoc_orth,fx,var,0.0243783,n=200_bz=1.0_cv1=0.8_p=1_q=32_20260126-230455
200,1.0,0.8,1,32,posthoc_orth,fz,mspe,0.029702432,n=200_bz=1.0_cv1=0.8_p=1_q=32_20260126-230455
200,1.0,0.8,1,32,posthoc_orth,fz,bias2,0.015499557,n=200_bz=1.0_cv1=0.8_p=1_q=32_20260126-230455
200,1.0,0.8,1,32,posthoc_orth,fz,var,0.014202878,n=200_bz=1.0_cv1=0.8_p=1_q=32_20260126-230455
200,1.0,0.8,1,32,posthoc_orth,fr,mspe,0.031066518,n=200_bz=1.0_cv1=0.8_p=1_q=32_20260126-230455
200,1.0,0.8,1,32,posthoc_orth,fr,bias2,0.006688218,n=200_bz=1.0_cv1=0.8_p=1_q=32_20260126-230455
200,1.0,0.8,1,32,posthoc_orth,fr,var,0.0243783,n=200_bz=1.0_cv1=0.8_p=1_q=32_20260126-230455
200,1.0,0.9,1,32,base,y,mspe,1.0419089,n=200_bz=1.0_cv1=0.9_p=1_q=32_20260126-230532
200,1.0,0.9,1,32,base,y,bias2,1.0104587,n=200_bz=1.0_cv1=0.9_p=1_q=32_20260126-230532
200,1.0,0.9,1,32,base,y,var,0.031450227,n=200_bz=1.0_cv1=0.9_p=1_q=32_20260126-230532
200,1.0,0.9,1,32,base,fx,mspe,0.09011414,n=200_bz=1.0_cv1=0.9_p=1_q=32_20260126-230532
200,1.0,0.9,1,32,base,fx,bias2,0.06560214,n=200_bz=1.0_cv1=0.9_p=1_q=32_20260126-230532
200,1.0,0.9,1,32,base,fx,var,0.024512002,n=200_bz=1.0_cv1=0.9_p=1_q=32_20260126-230532
200,1.0,0.9,1,32,base,fz,mspe,0.07795459,n=200_bz=1.0_cv1=0.9_p=1_q=32_20260126-230532
200,1.0,0.9,1,32,base,fz,bias2,0.07795459,n=200_bz=1.0_cv1=0.9_p=1_q=32_20260126-230532
200,1.0,0.9,1,32,base,fz,var,0.0,n=200_bz=1.0_cv1=0.9_p=1_q=32_20260126-230532
200,1.0,0.9,1,32,base,fr,mspe,0.17942478,n=200_bz=1.0_cv1=0.9_p=1_q=32_20260126-230532
200,1.0,0.9,1,32,base,fr,bias2,0.15491277,n=200_bz=1.0_cv1=0.9_p=1_q=32_20260126-230532
200,1.0,0.9,1,32,base,fr,var,0.024512002,n=200_bz=1.0_cv1=0.9_p=1_q=32_20260126-230532
200,1.0,0.9,1,32,posthoc,y,mspe,1.0551199,n=200_bz=1.0_cv1=0.9_p=1_q=32_20260126-230532
200,1.0,0.9,1,32,posthoc,y,bias2,1.0085428,n=200_bz=1.0_cv1=0.9_p=1_q=32_20260126-230532
200,1.0,0.9,1,32,posthoc,y,var,0.04657715,n=200_bz=1.0_cv1=0.9_p=1_q=32_20260126-230532
200,1.0,0.9,1,32,posthoc,fx,mspe,0.10853728,n=200_bz=1.0_cv1=0.9_p=1_q=32_20260126-230532
200,1.0,0.9,1,32,posthoc,fx,bias2,0.023655854,n=200_bz=1.0_cv1=0.9_p=1_q=32_20260126-230532
200,1.0,0.9,1,32,posthoc,fx,var,0.08488142,n=200_bz=1.0_cv1=0.9_p=1_q=32_20260126-230532
200,1.0,0.9,1,32,posthoc,fz,mspe,0.089462265,n=200_bz=1.0_cv1=0.9_p=1_q=32_20260126-230532
200,1.0,0.9,1,32,posthoc,fz,bias2,0.019349627,n=200_bz=1.0_cv1=0.9_p=1_q=32_20260126-230532
200,1.0,0.9,1,32,posthoc,fz,var,0.070112646,n=200_bz=1.0_cv1=0.9_p=1_q=32_20260126-230532
200,1.0,0.9,1,32,posthoc,fr,mspe,0.16421206,n=200_bz=1.0_cv1=0.9_p=1_q=32_20260126-230532
200,1.0,0.9,1,32,posthoc,fr,bias2,0.07933064,n=200_bz=1.0_cv1=0.9_p=1_q=32_20260126-230532
200,1.0,0.9,1,32,posthoc,fr,var,0.08488142,n=200_bz=1.0_cv1=0.9_p=1_q=32_20260126-230532
200,1.0,0.9,1,32,posthoc_orth,y,mspe,1.0536224,n=200_bz=1.0_cv1=0.9_p=1_q=32_20260126-230532
200,1.0,0.9,1,32,posthoc_orth,y,bias2,1.0080863,n=200_bz=1.0_cv1=0.9_p=1_q=32_20260126-230532
200,1.0,0.9,1,32,posthoc_orth,y,var,0.045536064,n=200_bz=1.0_cv1=0.9_p=1_q=32_20260126-230532
200,1.0,0.9,1,32,posthoc_orth,fx,mspe,0.04741231,n=200_bz=1.0_cv1=0.9_p=1_q=32_20260126-230532
200,1.0,0.9,1,32,posthoc_orth,fx,bias2,0.024407994,n=200_bz=1.0_cv1=0.9_p=1_q=32_20260126-230532
200,1.0,0.9,1,32,posthoc_orth,fx,var,0.023004314,n=200_bz=1.0_cv1=0.9_p=1_q=32_20260126-230532
200,1.0,0.9,1,32,posthoc_orth,fz,mspe,0.029702442,n=200_bz=1.0_cv1=0.9_p=1_q=32_20260126-230532
200,1.0,0.9,1,32,posthoc_orth,fz,bias2,0.015499566,n=200_bz=1.0_cv1=0.9_p=1_q=32_20260126-230532
200,1.0,0.9,1,32,posthoc_orth,fz,var,0.014202878,n=200_bz=1.0_cv1=0.9_p=1_q=32_20260126-230532
200,1.0,0.9,1,32,posthoc_orth,fr,mspe,0.029600646,n=200_bz=1.0_cv1=0.9_p=1_q=32_20260126-230532
200,1.0,0.9,1,32,posthoc_orth,fr,bias2,0.006596334,n=200_bz=1.0_cv1=0.9_p=1_q=32_20260126-230532
200,1.0,0.9,1,32,posthoc_orth,fr,var,0.023004314,n=200_bz=1.0_cv1=0.9_p=1_q=32_20260126-230532
200,1.0,0.0,1,32,base,y,mspe,1.1177516,n=200_bz=1.0_cv1=0_p=1_q=32_20260126-225953
200,1.0,0.0,1,32,base,y,bias2,1.0646002,n=200_bz=1.0_cv1=0_p=1_q=32_20260126-225953
200,1.0,0.0,1,32,base,y,var,0.053151283,n=200_bz=1.0_cv1=0_p=1_q=32_20260126-225953
200,1.0,0.0,1,32,base,fx,mspe,0.06027368,n=200_bz=1.0_cv1=0_p=1_q=32_20260126-225953
200,1.0,0.0,1,32,base,fx,bias2,0.014850223,n=200_bz=1.0_cv1=0_p=1_q=32_20260126-225953
200,1.0,0.0,1,32,base,fx,var,0.045423463,n=200_bz=1.0_cv1=0_p=1_q=32_20260126-225953
200,1.0,0.0,1,32,base,fz,mspe,0.07795459,n=200_bz=1.0_cv1=0_p=1_q=32_20260126-225953
200,1.0,0.0,1,32,base,fz,bias2,0.07795459,n=200_bz=1.0_cv1=0_p=1_q=32_20260126-225953
200,1.0,0.0,1,32,base,fz,var,0.0,n=200_bz=1.0_cv1=0_p=1_q=32_20260126-225953
200,1.0,0.0,1,32,base,fr,mspe,0.10043833,n=200_bz=1.0_cv1=0_p=1_q=32_20260126-225953
200,1.0,0.0,1,32,base,fr,bias2,0.05501487,n=200_bz=1.0_cv1=0_p=1_q=32_20260126-225953
200,1.0,0.0,1,32,base,fr,var,0.045423463,n=200_bz=1.0_cv1=0_p=1_q=32_20260126-225953
200,1.0,0.0,1,32,posthoc,y,mspe,1.0590725,n=200_bz=1.0_cv1=0_p=1_q=32_20260126-225953
200,1.0,0.0,1,32,posthoc,y,bias2,1.0057511,n=200_bz=1.0_cv1=0_p=1_q=32_20260126-225953
200,1.0,0.0,1,32,posthoc,y,var,0.05332133,n=200_bz=1.0_cv1=0_p=1_q=32_20260126-225953
200,1.0,0.0,1,32,posthoc,fx,mspe,0.044200096,n=200_bz=1.0_cv1=0_p=1_q=32_20260126-225953
200,1.0,0.0,1,32,posthoc,fx,bias2,0.008110935,n=200_bz=1.0_cv1=0_p=1_q=32_20260126-225953
200,1.0,0.0,1,32,posthoc,fx,var,0.036089167,n=200_bz=1.0_cv1=0_p=1_q=32_20260126-225953
200,1.0,0.0,1,32,posthoc,fz,mspe,0.022487221,n=200_bz=1.0_cv1=0_p=1_q=32_20260126-225953
200,1.0,0.0,1,32,posthoc,fz,bias2,9.30703e-05,n=200_bz=1.0_cv1=0_p=1_q=32_20260126-225953
200,1.0,0.0,1,32,posthoc,fz,var,0.02239415,n=200_bz=1.0_cv1=0_p=1_q=32_20260126-225953
200,1.0,0.0,1,32,posthoc,fr,mspe,0.062322218,n=200_bz=1.0_cv1=0_p=1_q=32_20260126-225953
200,1.0,0.0,1,32,posthoc,fr,bias2,0.026233051,n=200_bz=1.0_cv1=0_p=1_q=32_20260126-225953
200,1.0,0.0,1,32,posthoc,fr,var,0.036089167,n=200_bz=1.0_cv1=0_p=1_q=32_20260126-225953
200,1.0,0.0,1,32,posthoc_orth,y,mspe,1.059705,n=200_bz=1.0_cv1=0_p=1_q=32_20260126-225953
200,1.0,0.0,1,32,posthoc_orth,y,bias2,1.0063282,n=200_bz=1.0_cv1=0_p=1_q=32_20260126-225953
200,1.0,0.0,1,32,posthoc_orth,y,var,0.05337677,n=200_bz=1.0_cv1=0_p=1_q=32_20260126-225953
200,1.0,0.0,1,32,posthoc_orth,fx,mspe,0.058718793,n=200_bz=1.0_cv1=0_p=1_q=32_20260126-225953
200,1.0,0.0,1,32,posthoc_orth,fx,bias2,0.02809182,n=200_bz=1.0_cv1=0_p=1_q=32_20260126-225953
200,1.0,0.0,1,32,posthoc_orth,fx,var,0.030626975,n=200_bz=1.0_cv1=0_p=1_q=32_20260126-225953
200,1.0,0.0,1,32,posthoc_orth,fz,mspe,0.029702386,n=200_bz=1.0_cv1=0_p=1_q=32_20260126-225953
200,1.0,0.0,1,32,posthoc_orth,fz,bias2,0.015499518,n=200_bz=1.0_cv1=0_p=1_q=32_20260126-225953
200,1.0,0.0,1,32,posthoc_orth,fz,var,0.01420287,n=200_bz=1.0_cv1=0_p=1_q=32_20260126-225953
200,1.0,0.0,1,32,posthoc_orth,fr,mspe,0.039412398,n=200_bz=1.0_cv1=0_p=1_q=32_20260126-225953
200,1.0,0.0,1,32,posthoc_orth,fr,bias2,0.008785421,n=200_bz=1.0_cv1=0_p=1_q=32_20260126-225953
200,1.0,0.0,1,32,posthoc_orth,fr,var,0.030626975,n=200_bz=1.0_cv1=0_p=1_q=32_20260126-225953
200,1.0,1.0,1,32,base,y,mspe,1.0373291,n=200_bz=1.0_cv1=1.0_p=1_q=32_20260126-230609
200,1.0,1.0,1,32,base,y,bias2,1.0058265,n=200_bz=1.0_cv1=1.0_p=1_q=32_20260126-230609
200,1.0,1.0,1,32,base,y,var,0.0315026,n=200_bz=1.0_cv1=1.0_p=1_q=32_20260126-230609
200,1.0,1.0,1,32,base,fx,mspe,0.093699165,n=200_bz=1.0_cv1=1.0_p=1_q=32_20260126-230609
200,1.0,1.0,1,32,base,fx,bias2,0.069774054,n=200_bz=1.0_cv1=1.0_p=1_q=32_20260126-230609
200,1.0,1.0,1,32,base,fx,var,0.02392511,n=200_bz=1.0_cv1=1.0_p=1_q=32_20260126-230609
200,1.0,1.0,1,32,base,fz,mspe,0.07795459,n=200_bz=1.0_cv1=1.0_p=1_q=32_20260126-230609
200,1.0,1.0,1,32,base,fz,bias2,0.07795459,n=200_bz=1.0_cv1=1.0_p=1_q=32_20260126-230609
200,1.0,1.0,1,32,base,fz,var,0.0,n=200_bz=1.0_cv1=1.0_p=1_q=32_20260126-230609
200,1.0,1.0,1,32,base,fr,mspe,0.18531084,n=200_bz=1.0_cv1=1.0_p=1_q=32_20260126-230609
200,1.0,1.0,1,32,base,fr,bias2,0.16138573,n=200_bz=1.0_cv1=1.0_p=1_q=32_20260126-230609
200,1.0,1.0,1,32,base,fr,var,0.02392511,n=200_bz=1.0_cv1=1.0_p=1_q=32_20260126-230609
200,1.0,1.0,1,32,posthoc,y,mspe,1.0500795,n=200_bz=1.0_cv1=1.0_p=1_q=32_20260126-230609
200,1.0,1.0,1,32,posthoc,y,bias2,1.0058947,n=200_bz=1.0_cv1=1.0_p=1_q=32_20260126-230609
200,1.0,1.0,1,32,posthoc,y,var,0.044184882,n=200_bz=1.0_cv1=1.0_p=1_q=32_20260126-230609
200,1.0,1.0,1,32,posthoc,fx,mspe,0.09266425,n=200_bz=1.0_cv1=1.0_p=1_q=32_20260126-230609
200,1.0,1.0,1,32,posthoc,fx,bias2,0.037107423,n=200_bz=1.0_cv1=1.0_p=1_q=32_20260126-230609
200,1.0,1.0,1,32,posthoc,fx,var,0.055556823,n=200_bz=1.0_cv1=1.0_p=1_q=32_20260126-230609
200,1.0,1.0,1,32,posthoc,fz,mspe,0.08310879,n=200_bz=1.0_cv1=1.0_p=1_q=32_20260126-230609
200,1.0,1.0,1,32,posthoc,fz,bias2,0.03505472,n=200_bz=1.0_cv1=1.0_p=1_q=32_20260126-230609
200,1.0,1.0,1,32,posthoc,fz,var,0.04805407,n=200_bz=1.0_cv1=1.0_p=1_q=32_20260126-230609
200,1.0,1.0,1,32,posthoc,fr,mspe,0.16161875,n=200_bz=1.0_cv1=1.0_p=1_q=32_20260126-230609
200,1.0,1.0,1,32,posthoc,fr,bias2,0.10606191,n=200_bz=1.0_cv1=1.0_p=1_q=32_20260126-230609
200,1.0,1.0,1,32,posthoc,fr,var,0.055556823,n=200_bz=1.0_cv1=1.0_p=1_q=32_20260126-230609
200,1.0,1.0,1,32,posthoc_orth,y,mspe,1.0510463,n=200_bz=1.0_cv1=1.0_p=1_q=32_20260126-230609
200,1.0,1.0,1,32,posthoc_orth,y,bias2,1.0062728,n=200_bz=1.0_cv1=1.0_p=1_q=32_20260126-230609
200,1.0,1.0,1,32,posthoc_orth,y,var,0.04477347,n=200_bz=1.0_cv1=1.0_p=1_q=32_20260126-230609
200,1.0,1.0,1,32,posthoc_orth,fx,mspe,0.04682127,n=200_bz=1.0_cv1=1.0_p=1_q=32_20260126-230609
200,1.0,1.0,1,32,posthoc_orth,fx,bias2,0.02449927,n=200_bz=1.0_cv1=1.0_p=1_q=32_20260126-230609
200,1.0,1.0,1,32,posthoc_orth,fx,var,0.022322003,n=200_bz=1.0_cv1=1.0_p=1_q=32_20260126-230609
200,1.0,1.0,1,32,posthoc_orth,fz,mspe,0.029702436,n=200_bz=1.0_cv1=1.0_p=1_q=32_20260126-230609
200,1.0,1.0,1,32,posthoc_orth,fz,bias2,0.015499562,n=200_bz=1.0_cv1=1.0_p=1_q=32_20260126-230609
200,1.0,1.0,1,32,posthoc_orth,fz,var,0.014202875,n=200_bz=1.0_cv1=1.0_p=1_q=32_20260126-230609
200,1.0,1.0,1,32,posthoc_orth,fr,mspe,0.028696563,n=200_bz=1.0_cv1=1.0_p=1_q=32_20260126-230609
200,1.0,1.0,1,32,posthoc_orth,fr,bias2,0.00637456,n=200_bz=1.0_cv1=1.0_p=1_q=32_20260126-230609
200,1.0,1.0,1,32,posthoc_orth,fr,var,0.022322003,n=200_bz=1.0_cv1=1.0_p=1_q=32_20260126-230609
25600,1.0,0.1,1,32,base,y,mspe,1.0606952,n=25600_bz=1.0_cv1=0.1_p=1_q=32_20260127-052419
25600,1.0,0.1,1,32,base,y,bias2,1.0596044,n=25600_bz=1.0_cv1=0.1_p=1_q=32_20260127-052419
25600,1.0,0.1,1,32,base,y,var,0.001090726,n=25600_bz=1.0_cv1=0.1_p=1_q=32_20260127-052419
25600,1.0,0.1,1,32,base,fx,mspe,0.037228014,n=25600_bz=1.0_cv1=0.1_p=1_q=32_20260127-052419
25600,1.0,0.1,1,32,base,fx,bias2,0.036334414,n=25600_bz=1.0_cv1=0.1_p=1_q=32_20260127-052419
25600,1.0,0.1,1,32,base,fx,var,0.0008935978,n=25600_bz=1.0_cv1=0.1_p=1_q=32_20260127-052419
25600,1.0,0.1,1,32,base,fz,mspe,0.07795459,n=25600_bz=1.0_cv1=0.1_p=1_q=32_20260127-052419
25600,1.0,0.1,1,32,base,fz,bias2,0.07795459,n=25600_bz=1.0_cv1=0.1_p=1_q=32_20260127-052419
25600,1.0,0.1,1,32,base,fz,var,0.0,n=25600_bz=1.0_cv1=0.1_p=1_q=32_20260127-052419
25600,1.0,0.1,1,32,base,fr,mspe,0.09294513,n=25600_bz=1.0_cv1=0.1_p=1_q=32_20260127-052419
25600,1.0,0.1,1,32,base,fr,bias2,0.092051536,n=25600_bz=1.0_cv1=0.1_p=1_q=32_20260127-052419
25600,1.0,0.1,1,32,base,fr,var,0.0008935978,n=25600_bz=1.0_cv1=0.1_p=1_q=32_20260127-052419
25600,1.0,0.1,1,32,posthoc,y,mspe,1.0032972,n=25600_bz=1.0_cv1=0.1_p=1_q=32_20260127-052419
25600,1.0,0.1,1,32,posthoc,y,bias2,1.0022777,n=25600_bz=1.0_cv1=0.1_p=1_q=32_20260127-052419
25600,1.0,0.1,1,32,posthoc,y,var,0.0010194686,n=25600_bz=1.0_cv1=0.1_p=1_q=32_20260127-052419
25600,1.0,0.1,1,32,posthoc,fx,mspe,0.0009271759,n=25600_bz=1.0_cv1=0.1_p=1_q=32_20260127-052419
25600,1.0,0.1,1,32,posthoc,fx,bias2,1.5821455e-05,n=25600_bz=1.0_cv1=0.1_p=1_q=32_20260127-052419
25600,1.0,0.1,1,32,posthoc,fx,var,0.00091135444,n=25600_bz=1.0_cv1=0.1_p=1_q=32_20260127-052419
25600,1.0,0.1,1,32,posthoc,fz,mspe,0.00013949639,n=25600_bz=1.0_cv1=0.1_p=1_q=32_20260127-052419
25600,1.0,0.1,1,32,posthoc,fz,bias2,9.481662e-07,n=25600_bz=1.0_cv1=0.1_p=1_q=32_20260127-052419
25600,1.0,0.1,1,32,posthoc,fz,var,0.00013854823,n=25600_bz=1.0_cv1=0.1_p=1_q=32_20260127-052419
25600,1.0,0.1,1,32,posthoc,fr,mspe,0.020703556,n=25600_bz=1.0_cv1=0.1_p=1_q=32_20260127-052419
25600,1.0,0.1,1,32,posthoc,fr,bias2,0.019792201,n=25600_bz=1.0_cv1=0.1_p=1_q=32_20260127-052419
25600,1.0,0.1,1,32,posthoc,fr,var,0.00091135444,n=25600_bz=1.0_cv1=0.1_p=1_q=32_20260127-052419
25600,1.0,0.1,1,32,posthoc_orth,y,mspe,1.0032955,n=25600_bz=1.0_cv1=0.1_p=1_q=32_20260127-052419
25600,1.0,0.1,1,32,posthoc_orth,y,bias2,1.0022748,n=25600_bz=1.0_cv1=0.1_p=1_q=32_20260127-052419
25600,1.0,0.1,1,32,posthoc_orth,y,var,0.0010207086,n=25600_bz=1.0_cv1=0.1_p=1_q=32_20260127-052419
25600,1.0,0.1,1,32,posthoc_orth,fx,mspe,0.020374715,n=25600_bz=1.0_cv1=0.1_p=1_q=32_20260127-052419
25600,1.0,0.1,1,32,posthoc_orth,fx,bias2,0.019509165,n=25600_bz=1.0_cv1=0.1_p=1_q=32_20260127-052419
25600,1.0,0.1,1,32,posthoc_orth,fx,var,0.0008655504,n=25600_bz=1.0_cv1=0.1_p=1_q=32_20260127-052419
25600,1.0,0.1,1,32,posthoc_orth,fz,mspe,0.019618385,n=25600_bz=1.0_cv1=0.1_p=1_q=32_20260127-052419
25600,1.0,0.1,1,32,posthoc_orth,fz,bias2,0.019517006,n=25600_bz=1.0_cv1=0.1_p=1_q=32_20260127-052419
25600,1.0,0.1,1,32,posthoc_orth,fz,var,0.00010137651,n=25600_bz=1.0_cv1=0.1_p=1_q=32_20260127-052419
25600,1.0,0.1,1,32,posthoc_orth,fr,mspe,0.0008801329,n=25600_bz=1.0_cv1=0.1_p=1_q=32_20260127-052419
25600,1.0,0.1,1,32,posthoc_orth,fr,bias2,1.4582546e-05,n=25600_bz=1.0_cv1=0.1_p=1_q=32_20260127-052419
25600,1.0,0.1,1,32,posthoc_orth,fr,var,0.0008655504,n=25600_bz=1.0_cv1=0.1_p=1_q=32_20260127-052419
25600,1.0,0.2,1,32,base,y,mspe,1.0594865,n=25600_bz=1.0_cv1=0.2_p=1_q=32_20260127-055556
25600,1.0,0.2,1,32,base,y,bias2,1.0583931,n=25600_bz=1.0_cv1=0.2_p=1_q=32_20260127-055556
25600,1.0,0.2,1,32,base,y,var,0.0010934307,n=25600_bz=1.0_cv1=0.2_p=1_q=32_20260127-055556
25600,1.0,0.2,1,32,base,fx,mspe,0.038113024,n=25600_bz=1.0_cv1=0.2_p=1_q=32_20260127-055556
25600,1.0,0.2,1,32,base,fx,bias2,0.037197966,n=25600_bz=1.0_cv1=0.2_p=1_q=32_20260127-055556
25600,1.0,0.2,1,32,base,fx,var,0.00091505813,n=25600_bz=1.0_cv1=0.2_p=1_q=32_20260127-055556
25600,1.0,0.2,1,32,base,fz,mspe,0.07795459,n=25600_bz=1.0_cv1=0.2_p=1_q=32_20260127-055556
25600,1.0,0.2,1,32,base,fz,bias2,0.07795459,n=25600_bz=1.0_cv1=0.2_p=1_q=32_20260127-055556
25600,1.0,0.2,1,32,base,fz,var,0.0,n=25600_bz=1.0_cv1=0.2_p=1_q=32_20260127-055556
25600,1.0,0.2,1,32,base,fr,mspe,0.09513931,n=25600_bz=1.0_cv1=0.2_p=1_q=32_20260127-055556
25600,1.0,0.2,1,32,base,fr,bias2,0.094224244,n=25600_bz=1.0_cv1=0.2_p=1_q=32_20260127-055556
25600,1.0,0.2,1,32,base,fr,var,0.00091505813,n=25600_bz=1.0_cv1=0.2_p=1_q=32_20260127-055556
25600,1.0,0.2,1,32,posthoc,y,mspe,1.0032684,n=25600_bz=1.0_cv1=0.2_p=1_q=32_20260127-055556
25600,1.0,0.2,1,32,posthoc,y,bias2,1.0022703,n=25600_bz=1.0_cv1=0.2_p=1_q=32_20260127-055556
25600,1.0,0.2,1,32,posthoc,y,var,0.0009980549,n=25600_bz=1.0_cv1=0.2_p=1_q=32_20260127-055556
25600,1.0,0.2,1,32,posthoc,fx,mspe,0.00091357995,n=25600_bz=1.0_cv1=0.2_p=1_q=32_20260127-055556
25600,1.0,0.2,1,32,posthoc,fx,bias2,1.7426168e-05,n=25600_bz=1.0_cv1=0.2_p=1_q=32_20260127-055556
25600,1.0,0.2,1,32,posthoc,fx,var,0.00089615386,n=25600_bz=1.0_cv1=0.2_p=1_q=32_20260127-055556
25600,1.0,0.2,1,32,posthoc,fz,mspe,0.0001480939,n=25600_bz=1.0_cv1=0.2_p=1_q=32_20260127-055556
25600,1.0,0.2,1,32,posthoc,fz,bias2,1.585688e-06,n=25600_bz=1.0_cv1=0.2_p=1_q=32_20260127-055556
25600,1.0,0.2,1,32,posthoc,fz,var,0.0001465082,n=25600_bz=1.0_cv1=0.2_p=1_q=32_20260127-055556
25600,1.0,0.2,1,32,posthoc,fr,mspe,0.020757126,n=25600_bz=1.0_cv1=0.2_p=1_q=32_20260127-055556
25600,1.0,0.2,1,32,posthoc,fr,bias2,0.019860972,n=25600_bz=1.0_cv1=0.2_p=1_q=32_20260127-055556
25600,1.0,0.2,1,32,posthoc,fr,var,0.00089615386,n=25600_bz=1.0_cv1=0.2_p=1_q=32_20260127-055556
25600,1.0,0.2,1,32,posthoc_orth,y,mspe,1.0032684,n=25600_bz=1.0_cv1=0.2_p=1_q=32_20260127-055556
25600,1.0,0.2,1,32,posthoc_orth,y,bias2,1.0022697,n=25600_bz=1.0_cv1=0.2_p=1_q=32_20260127-055556
25600,1.0,0.2,1,32,posthoc_orth,y,var,0.0009986324,n=25600_bz=1.0_cv1=0.2_p=1_q=32_20260127-055556
25600,1.0,0.2,1,32,posthoc_orth,fx,mspe,0.02036971,n=25600_bz=1.0_cv1=0.2_p=1_q=32_20260127-055556
25600,1.0,0.2,1,32,posthoc_orth,fx,bias2,0.019525163,n=25600_bz=1.0_cv1=0.2_p=1_q=32_20260127-055556
25600,1.0,0.2,1,32,posthoc_orth,fx,var,0.0008445482,n=25600_bz=1.0_cv1=0.2_p=1_q=32_20260127-055556
25600,1.0,0.2,1,32,posthoc_orth,fz,mspe,0.019618386,n=25600_bz=1.0_cv1=0.2_p=1_q=32_20260127-055556
25600,1.0,0.2,1,32,posthoc_orth,fz,bias2,0.01951701,n=25600_bz=1.0_cv1=0.2_p=1_q=32_20260127-055556
25600,1.0,0.2,1,32,posthoc_orth,fz,var,0.000101376674,n=25600_bz=1.0_cv1=0.2_p=1_q=32_20260127-055556
25600,1.0,0.2,1,32,posthoc_orth,fr,mspe,0.0008601448,n=25600_bz=1.0_cv1=0.2_p=1_q=32_20260127-055556
25600,1.0,0.2,1,32,posthoc_orth,fr,bias2,1.5596488e-05,n=25600_bz=1.0_cv1=0.2_p=1_q=32_20260127-055556
25600,1.0,0.2,1,32,posthoc_orth,fr,var,0.0008445482,n=25600_bz=1.0_cv1=0.2_p=1_q=32_20260127-055556
25600,1.0,0.3,1,32,base,y,mspe,1.0586456,n=25600_bz=1.0_cv1=0.3_p=1_q=32_20260127-062925
25600,1.0,0.3,1,32,base,y,bias2,1.0574604,n=25600_bz=1.0_cv1=0.3_p=1_q=32_20260127-062925
25600,1.0,0.3,1,32,base,y,var,0.0011851932,n=25600_bz=1.0_cv1=0.3_p=1_q=32_20260127-062925
25600,1.0,0.3,1,32,base,fx,mspe,0.04041736,n=25600_bz=1.0_cv1=0.3_p=1_q=32_20260127-062925
25600,1.0,0.3,1,32,base,fx,bias2,0.039438795,n=25600_bz=1.0_cv1=0.3_p=1_q=32_20260127-062925
25600,1.0,0.3,1,32,base,fx,var,0.0009785673,n=25600_bz=1.0_cv1=0.3_p=1_q=32_20260127-062925
25600,1.0,0.3,1,32,base,fz,mspe,0.07795459,n=25600_bz=1.0_cv1=0.3_p=1_q=32_20260127-062925
25600,1.0,0.3,1,32,base,fz,bias2,0.07795459,n=25600_bz=1.0_cv1=0.3_p=1_q=32_20260127-062925
25600,1.0,0.3,1,32,base,fz,var,0.0,n=25600_bz=1.0_cv1=0.3_p=1_q=32_20260127-062925
25600,1.0,0.3,1,32,base,fr,mspe,0.09990547,n=25600_bz=1.0_cv1=0.3_p=1_q=32_20260127-062925
25600,1.0,0.3,1,32,base,fr,bias2,0.09892691,n=25600_bz=1.0_cv1=0.3_p=1_q=32_20260127-062925
25600,1.0,0.3,1,32,base,fr,var,0.0009785673,n=25600_bz=1.0_cv1=0.3_p=1_q=32_20260127-062925
25600,1.0,0.3,1,32,posthoc,y,mspe,1.0033134,n=25600_bz=1.0_cv1=0.3_p=1_q=32_20260127-062925
25600,1.0,0.3,1,32,posthoc,y,bias2,1.002321,n=25600_bz=1.0_cv1=0.3_p=1_q=32_20260127-062925
25600,1.0,0.3,1,32,posthoc,y,var,0.0009925611,n=25600_bz=1.0_cv1=0.3_p=1_q=32_20260127-062925
25600,1.0,0.3,1,32,posthoc,fx,mspe,0.00092647696,n=25600_bz=1.0_cv1=0.3_p=1_q=32_20260127-062925
25600,1.0,0.3,1,32,posthoc,fx,bias2,2.4732895e-05,n=25600_bz=1.0_cv1=0.3_p=1_q=32_20260127-062925
25600,1.0,0.3,1,32,posthoc,fx,var,0.00090174406,n=25600_bz=1.0_cv1=0.3_p=1_q=32_20260127-062925
25600,1.0,0.3,1,32,posthoc,fz,mspe,0.00015851918,n=25600_bz=1.0_cv1=0.3_p=1_q=32_20260127-062925
25600,1.0,0.3,1,32,posthoc,fz,bias2,2.2846639e-06,n=25600_bz=1.0_cv1=0.3_p=1_q=32_20260127-062925
25600,1.0,0.3,1,32,posthoc,fz,var,0.00015623453,n=25600_bz=1.0_cv1=0.3_p=1_q=32_20260127-062925
25600,1.0,0.3,1,32,posthoc,fr,mspe,0.020857967,n=25600_bz=1.0_cv1=0.3_p=1_q=32_20260127-062925
25600,1.0,0.3,1,32,posthoc,fr,bias2,0.019956224,n=25600_bz=1.0_cv1=0.3_p=1_q=32_20260127-062925
25600,1.0,0.3,1,32,posthoc,fr,var,0.00090174406,n=25600_bz=1.0_cv1=0.3_p=1_q=32_20260127-062925
25600,1.0,0.3,1,32,posthoc_orth,y,mspe,1.003311,n=25600_bz=1.0_cv1=0.3_p=1_q=32_20260127-062925
25600,1.0,0.3,1,32,posthoc_orth,y,bias2,1.0023192,n=25600_bz=1.0_cv1=0.3_p=1_q=32_20260127-062925
25600,1.0,0.3,1,32,posthoc_orth,y,var,0.0009918453,n=25600_bz=1.0_cv1=0.3_p=1_q=32_20260127-062925
25600,1.0,0.3,1,32,posthoc_orth,fx,mspe,0.020349208,n=25600_bz=1.0_cv1=0.3_p=1_q=32_20260127-062925
25600,1.0,0.3,1,32,posthoc_orth,fx,bias2,0.019513046,n=25600_bz=1.0_cv1=0.3_p=1_q=32_20260127-062925
25600,1.0,0.3,1,32,posthoc_orth,fx,var,0.0008361615,n=25600_bz=1.0_cv1=0.3_p=1_q=32_20260127-062925
25600,1.0,0.3,1,32,posthoc_orth,fz,mspe,0.01961839,n=25600_bz=1.0_cv1=0.3_p=1_q=32_20260127-062925
25600,1.0,0.3,1,32,posthoc_orth,fz,bias2,0.019517012,n=25600_bz=1.0_cv1=0.3_p=1_q=32_20260127-062925
25600,1.0,0.3,1,32,posthoc_orth,fz,var,0.00010137656,n=25600_bz=1.0_cv1=0.3_p=1_q=32_20260127-062925
25600,1.0,0.3,1,32,posthoc_orth,fr,mspe,0.0008582928,n=25600_bz=1.0_cv1=0.3_p=1_q=32_20260127-062925
25600,1.0,0.3,1,32,posthoc_orth,fr,bias2,2.213121e-05,n=25600_bz=1.0_cv1=0.3_p=1_q=32_20260127-062925
25600,1.0,0.3,1,32,posthoc_orth,fr,var,0.0008361615,n=25600_bz=1.0_cv1=0.3_p=1_q=32_20260127-062925
25600,1.0,0.4,1,32,base,y,mspe,1.0570141,n=25600_bz=1.0_cv1=0.4_p=1_q=32_20260127-070401
25600,1.0,0.4,1,32,base,y,bias2,1.0559354,n=25600_bz=1.0_cv1=0.4_p=1_q=32_20260127-070401
25600,1.0,0.4,1,32,base,y,var,0.0010786165,n=25600_bz=1.0_cv1=0.4_p=1_q=32_20260127-070401
25600,1.0,0.4,1,32,base,fx,mspe,0.04426353,n=25600_bz=1.0_cv1=0.4_p=1_q=32_20260127-070401
25600,1.0,0.4,1,32,base,fx,bias2,0.043389812,n=25600_bz=1.0_cv1=0.4_p=1_q=32_20260127-070401
25600,1.0,0.4,1,32,base,fx,var,0.0008737215,n=25600_bz=1.0_cv1=0.4_p=1_q=32_20260127-070401
25600,1.0,0.4,1,32,base,fz,mspe,0.07795459,n=25600_bz=1.0_cv1=0.4_p=1_q=32_20260127-070401
25600,1.0,0.4,1,32,base,fz,bias2,0.07795459,n=25600_bz=1.0_cv1=0.4_p=1_q=32_20260127-070401
25600,1.0,0.4,1,32,base,fz,var,0.0,n=25600_bz=1.0_cv1=0.4_p=1_q=32_20260127-070401
25600,1.0,0.4,1,32,base,fr,mspe,0.1076425,n=25600_bz=1.0_cv1=0.4_p=1_q=32_20260127-070401
25600,1.0,0.4,1,32,base,fr,bias2,0.10676878,n=25600_bz=1.0_cv1=0.4_p=1_q=32_20260127-070401
25600,1.0,0.4,1,32,base,fr,var,0.0008737215,n=25600_bz=1.0_cv1=0.4_p=1_q=32_20260127-070401
25600,1.0,0.4,1,32,posthoc,y,mspe,1.0034832,n=25600_bz=1.0_cv1=0.4_p=1_q=32_20260127-070401
25600,1.0,0.4,1,32,posthoc,y,bias2,1.002515,n=25600_bz=1.0_cv1=0.4_p=1_q=32_20260127-070401
25600,1.0,0.4,1,32,posthoc,y,var,0.0009682642,n=25600_bz=1.0_cv1=0.4_p=1_q=32_20260127-070401
25600,1.0,0.4,1,32,posthoc,fx,mspe,0.0009238228,n=25600_bz=1.0_cv1=0.4_p=1_q=32_20260127-070401
25600,1.0,0.4,1,32,posthoc,fx,bias2,2.6493319e-05,n=25600_bz=1.0_cv1=0.4_p=1_q=32_20260127-070401
25600,1.0,0.4,1,32,posthoc,fx,var,0.00089732953,n=25600_bz=1.0_cv1=0.4_p=1_q=32_20260127-070401
25600,1.0,0.4,1,32,posthoc,fz,mspe,0.00017520892,n=25600_bz=1.0_cv1=0.4_p=1_q=32_20260127-070401
25600,1.0,0.4,1,32,posthoc,fz,bias2,1.8324524e-06,n=25600_bz=1.0_cv1=0.4_p=1_q=32_20260127-070401
25600,1.0,0.4,1,32,posthoc,fz,var,0.00017337647,n=25600_bz=1.0_cv1=0.4_p=1_q=32_20260127-070401
25600,1.0,0.4,1,32,posthoc,fr,mspe,0.020824691,n=25600_bz=1.0_cv1=0.4_p=1_q=32_20260127-070401
25600,1.0,0.4,1,32,posthoc,fr,bias2,0.019927364,n=25600_bz=1.0_cv1=0.4_p=1_q=32_20260127-070401
25600,1.0,0.4,1,32,posthoc,fr,var,0.00089732953,n=25600_bz=1.0_cv1=0.4_p=1_q=32_20260127-070401
25600,1.0,0.4,1,32,posthoc_orth,y,mspe,1.0034822,n=25600_bz=1.0_cv1=0.4_p=1_q=32_20260127-070401
25600,1.0,0.4,1,32,posthoc_orth,y,bias2,1.0025133,n=25600_bz=1.0_cv1=0.4_p=1_q=32_20260127-070401
25600,1.0,0.4,1,32,posthoc_orth,y,var,0.00096900616,n=25600_bz=1.0_cv1=0.4_p=1_q=32_20260127-070401
25600,1.0,0.4,1,32,posthoc_orth,fx,mspe,0.020318085,n=25600_bz=1.0_cv1=0.4_p=1_q=32_20260127-070401
25600,1.0,0.4,1,32,posthoc_orth,fx,bias2,0.019502949,n=25600_bz=1.0_cv1=0.4_p=1_q=32_20260127-070401
25600,1.0,0.4,1,32,posthoc_orth,fx,var,0.00081513566,n=25600_bz=1.0_cv1=0.4_p=1_q=32_20260127-070401
25600,1.0,0.4,1,32,posthoc_orth,fz,mspe,0.019618392,n=25600_bz=1.0_cv1=0.4_p=1_q=32_20260127-070401
25600,1.0,0.4,1,32,posthoc_orth,fz,bias2,0.019517014,n=25600_bz=1.0_cv1=0.4_p=1_q=32_20260127-070401
25600,1.0,0.4,1,32,posthoc_orth,fz,var,0.000101376536,n=25600_bz=1.0_cv1=0.4_p=1_q=32_20260127-070401
25600,1.0,0.4,1,32,posthoc_orth,fr,mspe,0.00083931634,n=25600_bz=1.0_cv1=0.4_p=1_q=32_20260127-070401
25600,1.0,0.4,1,32,posthoc_orth,fr,bias2,2.4180676e-05,n=25600_bz=1.0_cv1=0.4_p=1_q=32_20260127-070401
25600,1.0,0.4,1,32,posthoc_orth,fr,var,0.00081513566,n=25600_bz=1.0_cv1=0.4_p=1_q=32_20260127-070401
25600,1.0,0.5,1,32,base,y,mspe,1.0511918,n=25600_bz=1.0_cv1=0.5_p=1_q=32_20260127-073319
25600,1.0,0.5,1,32,base,y,bias2,1.0502069,n=25600_bz=1.0_cv1=0.5_p=1_q=32_20260127-073319
25600,1.0,0.5,1,32,base,y,var,0.0009848659,n=25600_bz=1.0_cv1=0.5_p=1_q=32_20260127-073319
25600,1.0,0.5,1,32,base,fx,mspe,0.050067406,n=25600_bz=1.0_cv1=0.5_p=1_q=32_20260127-073319
25600,1.0,0.5,1,32,base,fx,bias2,0.04928854,n=25600_bz=1.0_cv1=0.5_p=1_q=32_20260127-073319
25600,1.0,0.5,1,32,base,fx,var,0.0007788672,n=25600_bz=1.0_cv1=0.5_p=1_q=32_20260127-073319
25600,1.0,0.5,1,32,base,fz,mspe,0.07795459,n=25600_bz=1.0_cv1=0.5_p=1_q=32_20260127-073319
25600,1.0,0.5,1,32,base,fz,bias2,0.07795459,n=25600_bz=1.0_cv1=0.5_p=1_q=32_20260127-073319
25600,1.0,0.5,1,32,base,fz,var,0.0,n=25600_bz=1.0_cv1=0.5_p=1_q=32_20260127-073319
25600,1.0,0.5,1,32,base,fr,mspe,0.119497485,n=25600_bz=1.0_cv1=0.5_p=1_q=32_20260127-073319
25600,1.0,0.5,1,32,base,fr,bias2,0.11871862,n=25600_bz=1.0_cv1=0.5_p=1_q=32_20260127-073319
25600,1.0,0.5,1,32,base,fr,var,0.0007788672,n=25600_bz=1.0_cv1=0.5_p=1_q=32_20260127-073319
25600,1.0,0.5,1,32,posthoc,y,mspe,1.0035689,n=25600_bz=1.0_cv1=0.5_p=1_q=32_20260127-073319
25600,1.0,0.5,1,32,posthoc,y,bias2,1.0026233,n=25600_bz=1.0_cv1=0.5_p=1_q=32_20260127-073319
25600,1.0,0.5,1,32,posthoc,y,var,0.0009456752,n=25600_bz=1.0_cv1=0.5_p=1_q=32_20260127-073319
25600,1.0,0.5,1,32,posthoc,fx,mspe,0.0009378763,n=25600_bz=1.0_cv1=0.5_p=1_q=32_20260127-073319
25600,1.0,0.5,1,32,posthoc,fx,bias2,2.420212e-05,n=25600_bz=1.0_cv1=0.5_p=1_q=32_20260127-073319
25600,1.0,0.5,1,32,posthoc,fx,var,0.00091367436,n=25600_bz=1.0_cv1=0.5_p=1_q=32_20260127-073319
25600,1.0,0.5,1,32,posthoc,fz,mspe,0.00021037903,n=25600_bz=1.0_cv1=0.5_p=1_q=32_20260127-073319
25600,1.0,0.5,1,32,posthoc,fz,bias2,1.4425104e-06,n=25600_bz=1.0_cv1=0.5_p=1_q=32_20260127-073319
25600,1.0,0.5,1,32,posthoc,fz,var,0.0002089365,n=25600_bz=1.0_cv1=0.5_p=1_q=32_20260127-073319
25600,1.0,0.5,1,32,posthoc,fr,mspe,0.020804545,n=25600_bz=1.0_cv1=0.5_p=1_q=32_20260127-073319
25600,1.0,0.5,1,32,posthoc,fr,bias2,0.01989087,n=25600_bz=1.0_cv1=0.5_p=1_q=32_20260127-073319
25600,1.0,0.5,1,32,posthoc,fr,var,0.00091367436,n=25600_bz=1.0_cv1=0.5_p=1_q=32_20260127-073319
25600,1.0,0.5,1,32,posthoc_orth,y,mspe,1.0035688,n=25600_bz=1.0_cv1=0.5_p=1_q=32_20260127-073319
25600,1.0,0.5,1,32,posthoc_orth,y,bias2,1.002623,n=25600_bz=1.0_cv1=0.5_p=1_q=32_20260127-073319
25600,1.0,0.5,1,32,posthoc_orth,y,var,0.000945755,n=25600_bz=1.0_cv1=0.5_p=1_q=32_20260127-073319
25600,1.0,0.5,1,32,posthoc_orth,fx,mspe,0.02028641,n=25600_bz=1.0_cv1=0.5_p=1_q=32_20260127-073319
25600,1.0,0.5,1,32,posthoc_orth,fx,bias2,0.01949211,n=25600_bz=1.0_cv1=0.5_p=1_q=32_20260127-073319
25600,1.0,0.5,1,32,posthoc_orth,fx,var,0.0007942973,n=25600_bz=1.0_cv1=0.5_p=1_q=32_20260127-073319
25600,1.0,0.5,1,32,posthoc_orth,fz,mspe,0.019618396,n=25600_bz=1.0_cv1=0.5_p=1_q=32_20260127-073319
25600,1.0,0.5,1,32,posthoc_orth,fz,bias2,0.01951702,n=25600_bz=1.0_cv1=0.5_p=1_q=32_20260127-073319
25600,1.0,0.5,1,32,posthoc_orth,fz,var,0.000101376536,n=25600_bz=1.0_cv1=0.5_p=1_q=32_20260127-073319
25600,1.0,0.5,1,32,posthoc_orth,fr,mspe,0.0008165693,n=25600_bz=1.0_cv1=0.5_p=1_q=32_20260127-073319
25600,1.0,0.5,1,32,posthoc_orth,fr,bias2,2.2271992e-05,n=25600_bz=1.0_cv1=0.5_p=1_q=32_20260127-073319
25600,1.0,0.5,1,32,posthoc_orth,fr,var,0.0007942973,n=25600_bz=1.0_cv1=0.5_p=1_q=32_20260127-073319
25600,1.0,0.6,1,32,base,y,mspe,1.0405546,n=25600_bz=1.0_cv1=0.6_p=1_q=32_20260127-080103
25600,1.0,0.6,1,32,base,y,bias2,1.0395651,n=25600_bz=1.0_cv1=0.6_p=1_q=32_20260127-080103
25600,1.0,0.6,1,32,base,y,var,0.0009895556,n=25600_bz=1.0_cv1=0.6_p=1_q=32_20260127-080103
25600,1.0,0.6,1,32,base,fx,mspe,0.059383027,n=25600_bz=1.0_cv1=0.6_p=1_q=32_20260127-080103
25600,1.0,0.6,1,32,base,fx,bias2,0.05858224,n=25600_bz=1.0_cv1=0.6_p=1_q=32_20260127-080103
25600,1.0,0.6,1,32,base,fx,var,0.0008007823,n=25600_bz=1.0_cv1=0.6_p=1_q=32_20260127-080103
25600,1.0,0.6,1,32,base,fz,mspe,0.07795459,n=25600_bz=1.0_cv1=0.6_p=1_q=32_20260127-080103
25600,1.0,0.6,1,32,base,fz,bias2,0.07795459,n=25600_bz=1.0_cv1=0.6_p=1_q=32_20260127-080103
25600,1.0,0.6,1,32,base,fz,var,0.0,n=25600_bz=1.0_cv1=0.6_p=1_q=32_20260127-080103
25600,1.0,0.6,1,32,base,fr,mspe,0.13765758,n=25600_bz=1.0_cv1=0.6_p=1_q=32_20260127-080103
25600,1.0,0.6,1,32,base,fr,bias2,0.13685681,n=25600_bz=1.0_cv1=0.6_p=1_q=32_20260127-080103
25600,1.0,0.6,1,32,base,fr,var,0.0008007823,n=25600_bz=1.0_cv1=0.6_p=1_q=32_20260127-080103
25600,1.0,0.6,1,32,posthoc,y,mspe,1.0034938,n=25600_bz=1.0_cv1=0.6_p=1_q=32_20260127-080103
25600,1.0,0.6,1,32,posthoc,y,bias2,1.002505,n=25600_bz=1.0_cv1=0.6_p=1_q=32_20260127-080103
25600,1.0,0.6,1,32,posthoc,y,var,0.0009888067,n=25600_bz=1.0_cv1=0.6_p=1_q=32_20260127-080103
25600,1.0,0.6,1,32,posthoc,fx,mspe,0.0010669294,n=25600_bz=1.0_cv1=0.6_p=1_q=32_20260127-080103
25600,1.0,0.6,1,32,posthoc,fx,bias2,2.9986533e-05,n=25600_bz=1.0_cv1=0.6_p=1_q=32_20260127-080103
25600,1.0,0.6,1,32,posthoc,fx,var,0.0010369429,n=25600_bz=1.0_cv1=0.6_p=1_q=32_20260127-080103
25600,1.0,0.6,1,32,posthoc,fz,mspe,0.00029849602,n=25600_bz=1.0_cv1=0.6_p=1_q=32_20260127-080103
25600,1.0,0.6,1,32,posthoc,fz,bias2,3.838897e-06,n=25600_bz=1.0_cv1=0.6_p=1_q=32_20260127-080103
25600,1.0,0.6,1,32,posthoc,fz,var,0.00029465713,n=25600_bz=1.0_cv1=0.6_p=1_q=32_20260127-080103
25600,1.0,0.6,1,32,posthoc,fr,mspe,0.021149797,n=25600_bz=1.0_cv1=0.6_p=1_q=32_20260127-080103
25600,1.0,0.6,1,32,posthoc,fr,bias2,0.020112853,n=25600_bz=1.0_cv1=0.6_p=1_q=32_20260127-080103
25600,1.0,0.6,1,32,posthoc,fr,var,0.0010369429,n=25600_bz=1.0_cv1=0.6_p=1_q=32_20260127-080103
25600,1.0,0.6,1,32,posthoc_orth,y,mspe,1.0034939,n=25600_bz=1.0_cv1=0.6_p=1_q=32_20260127-080103
25600,1.0,0.6,1,32,posthoc_orth,y,bias2,1.0025057,n=25600_bz=1.0_cv1=0.6_p=1_q=32_20260127-080103
25600,1.0,0.6,1,32,posthoc_orth,y,var,0.0009881969,n=25600_bz=1.0_cv1=0.6_p=1_q=32_20260127-080103
25600,1.0,0.6,1,32,posthoc_orth,fx,mspe,0.02032846,n=25600_bz=1.0_cv1=0.6_p=1_q=32_20260127-080103
25600,1.0,0.6,1,32,posthoc_orth,fx,bias2,0.019492323,n=25600_bz=1.0_cv1=0.6_p=1_q=32_20260127-080103
25600,1.0,0.6,1,32,posthoc_orth,fx,var,0.000836138,n=25600_bz=1.0_cv1=0.6_p=1_q=32_20260127-080103
25600,1.0,0.6,1,32,posthoc_orth,fz,mspe,0.019618403,n=25600_bz=1.0_cv1=0.6_p=1_q=32_20260127-080103
25600,1.0,0.6,1,32,posthoc_orth,fz,bias2,0.019517027,n=25600_bz=1.0_cv1=0.6_p=1_q=32_20260127-080103
25600,1.0,0.6,1,32,posthoc_orth,fz,var,0.000101376536,n=25600_bz=1.0_cv1=0.6_p=1_q=32_20260127-080103
25600,1.0,0.6,1,32,posthoc_orth,fr,mspe,0.00086160336,n=25600_bz=1.0_cv1=0.6_p=1_q=32_20260127-080103
25600,1.0,0.6,1,32,posthoc_orth,fr,bias2,2.5465375e-05,n=25600_bz=1.0_cv1=0.6_p=1_q=32_20260127-080103
25600,1.0,0.6,1,32,posthoc_orth,fr,var,0.000836138,n=25600_bz=1.0_cv1=0.6_p=1_q=32_20260127-080103
25600,1.0,0.7,1,32,base,y,mspe,1.0276238,n=25600_bz=1.0_cv1=0.7_p=1_q=32_20260127-082929
25600,1.0,0.7,1,32,base,y,bias2,1.026742,n=25600_bz=1.0_cv1=0.7_p=1_q=32_20260127-082929
25600,1.0,0.7,1,32,base,y,var,0.0008818289,n=25600_bz=1.0_cv1=0.7_p=1_q=32_20260127-082929
25600,1.0,0.7,1,32,base,fx,mspe,0.06847167,n=25600_bz=1.0_cv1=0.7_p=1_q=32_20260127-082929
25600,1.0,0.7,1,32,base,fx,bias2,0.06773076,n=25600_bz=1.0_cv1=0.7_p=1_q=32_20260127-082929
25600,1.0,0.7,1,32,base,fx,var,0.00074090576,n=25600_bz=1.0_cv1=0.7_p=1_q=32_20260127-082929
25600,1.0,0.7,1,32,base,fz,mspe,0.07795459,n=25600_bz=1.0_cv1=0.7_p=1_q=32_20260127-082929
25600,1.0,0.7,1,32,base,fz,bias2,0.07795459,n=25600_bz=1.0_cv1=0.7_p=1_q=32_20260127-082929
25600,1.0,0.7,1,32,base,fz,var,0.0,n=25600_bz=1.0_cv1=0.7_p=1_q=32_20260127-082929
25600,1.0,0.7,1,32,base,fr,mspe,0.1555165,n=25600_bz=1.0_cv1=0.7_p=1_q=32_20260127-082929
25600,1.0,0.7,1,32,base,fr,bias2,0.1547756,n=25600_bz=1.0_cv1=0.7_p=1_q=32_20260127-082929
25600,1.0,0.7,1,32,base,fr,var,0.00074090576,n=25600_bz=1.0_cv1=0.7_p=1_q=32_20260127-082929
25600,1.0,0.7,1,32,posthoc,y,mspe,1.0035404,n=25600_bz=1.0_cv1=0.7_p=1_q=32_20260127-082929
25600,1.0,0.7,1,32,posthoc,y,bias2,1.0025449,n=25600_bz=1.0_cv1=0.7_p=1_q=32_20260127-082929
25600,1.0,0.7,1,32,posthoc,y,var,0.0009955486,n=25600_bz=1.0_cv1=0.7_p=1_q=32_20260127-082929
25600,1.0,0.7,1,32,posthoc,fx,mspe,0.0013120966,n=25600_bz=1.0_cv1=0.7_p=1_q=32_20260127-082929
25600,1.0,0.7,1,32,posthoc,fx,bias2,3.966363e-05,n=25600_bz=1.0_cv1=0.7_p=1_q=32_20260127-082929
25600,1.0,0.7,1,32,posthoc,fx,var,0.0012724329,n=25600_bz=1.0_cv1=0.7_p=1_q=32_20260127-082929
25600,1.0,0.7,1,32,posthoc,fz,mspe,0.00053699594,n=25600_bz=1.0_cv1=0.7_p=1_q=32_20260127-082929
25600,1.0,0.7,1,32,posthoc,fz,bias2,1.3015976e-05,n=25600_bz=1.0_cv1=0.7_p=1_q=32_20260127-082929
25600,1.0,0.7,1,32,posthoc,fz,var,0.00052397995,n=25600_bz=1.0_cv1=0.7_p=1_q=32_20260127-082929
25600,1.0,0.7,1,32,posthoc,fr,mspe,0.021893524,n=25600_bz=1.0_cv1=0.7_p=1_q=32_20260127-082929
25600,1.0,0.7,1,32,posthoc,fr,bias2,0.02062109,n=25600_bz=1.0_cv1=0.7_p=1_q=32_20260127-082929
25600,1.0,0.7,1,32,posthoc,fr,var,0.0012724329,n=25600_bz=1.0_cv1=0.7_p=1_q=32_20260127-082929
25600,1.0,0.7,1,32,posthoc_orth,y,mspe,1.0035403,n=25600_bz=1.0_cv1=0.7_p=1_q=32_20260127-082929
25600,1.0,0.7,1,32,posthoc_orth,y,bias2,1.0025446,n=25600_bz=1.0_cv1=0.7_p=1_q=32_20260127-082929
25600,1.0,0.7,1,32,posthoc_orth,y,var,0.0009956739,n=25600_bz=1.0_cv1=0.7_p=1_q=32_20260127-082929
25600,1.0,0.7,1,32,posthoc_orth,fx,mspe,0.020298677,n=25600_bz=1.0_cv1=0.7_p=1_q=32_20260127-082929
25600,1.0,0.7,1,32,posthoc_orth,fx,bias2,0.019454444,n=25600_bz=1.0_cv1=0.7_p=1_q=32_20260127-082929
25600,1.0,0.7,1,32,posthoc_orth,fx,var,0.00084423315,n=25600_bz=1.0_cv1=0.7_p=1_q=32_20260127-082929
25600,1.0,0.7,1,32,posthoc_orth,fz,mspe,0.019618412,n=25600_bz=1.0_cv1=0.7_p=1_q=32_20260127-082929
25600,1.0,0.7,1,32,posthoc_orth,fz,bias2,0.019517036,n=25600_bz=1.0_cv1=0.7_p=1_q=32_20260127-082929
25600,1.0,0.7,1,32,posthoc_orth,fz,var,0.00010137634,n=25600_bz=1.0_cv1=0.7_p=1_q=32_20260127-082929
25600,1.0,0.7,1,32,posthoc_orth,fr,mspe,0.00086852605,n=25600_bz=1.0_cv1=0.7_p=1_q=32_20260127-082929
25600,1.0,0.7,1,32,posthoc_orth,fr,bias2,2.4292858e-05,n=25600_bz=1.0_cv1=0.7_p=1_q=32_20260127-082929
25600,1.0,0.7,1,32,posthoc_orth,fr,var,0.00084423315,n=25600_bz=1.0_cv1=0.7_p=1_q=32_20260127-082929
25600,1.0,0.8,1,32,base,y,mspe,1.0161041,n=25600_bz=1.0_cv1=0.8_p=1_q=32_20260127-085930
25600,1.0,0.8,1,32,base,y,bias2,1.0152088,n=25600_bz=1.0_cv1=0.8_p=1_q=32_20260127-085930
25600,1.0,0.8,1,32,base,y,var,0.0008952954,n=25600_bz=1.0_cv1=0.8_p=1_q=32_20260127-085930
25600,1.0,0.8,1,32,base,fx,mspe,0.07457764,n=25600_bz=1.0_cv1=0.8_p=1_q=32_20260127-085930
25600,1.0,0.8,1,32,base,fx,bias2,0.07384777,n=25600_bz=1.0_cv1=0.8_p=1_q=32_20260127-085930
25600,1.0,0.8,1,32,base,fx,var,0.00072986796,n=25600_bz=1.0_cv1=0.8_p=1_q=32_20260127-085930
25600,1.0,0.8,1,32,base,fz,mspe,0.07795459,n=25600_bz=1.0_cv1=0.8_p=1_q=32_20260127-085930
25600,1.0,0.8,1,32,base,fz,bias2,0.07795459,n=25600_bz=1.0_cv1=0.8_p=1_q=32_20260127-085930
25600,1.0,0.8,1,32,base,fz,var,0.0,n=25600_bz=1.0_cv1=0.8_p=1_q=32_20260127-085930
25600,1.0,0.8,1,32,base,fr,mspe,0.16774087,n=25600_bz=1.0_cv1=0.8_p=1_q=32_20260127-085930
25600,1.0,0.8,1,32,base,fr,bias2,0.167011,n=25600_bz=1.0_cv1=0.8_p=1_q=32_20260127-085930
25600,1.0,0.8,1,32,base,fr,var,0.00072986796,n=25600_bz=1.0_cv1=0.8_p=1_q=32_20260127-085930
25600,1.0,0.8,1,32,posthoc,y,mspe,1.0035615,n=25600_bz=1.0_cv1=0.8_p=1_q=32_20260127-085930
25600,1.0,0.8,1,32,posthoc,y,bias2,1.0026307,n=25600_bz=1.0_cv1=0.8_p=1_q=32_20260127-085930
25600,1.0,0.8,1,32,posthoc,y,var,0.00093076704,n=25600_bz=1.0_cv1=0.8_p=1_q=32_20260127-085930
25600,1.0,0.8,1,32,posthoc,fx,mspe,0.002047781,n=25600_bz=1.0_cv1=0.8_p=1_q=32_20260127-085930
25600,1.0,0.8,1,32,posthoc,fx,bias2,7.709691e-05,n=25600_bz=1.0_cv1=0.8_p=1_q=32_20260127-085930
25600,1.0,0.8,1,32,posthoc,fx,var,0.0019706842,n=25600_bz=1.0_cv1=0.8_p=1_q=32_20260127-085930
25600,1.0,0.8,1,32,posthoc,fz,mspe,0.0013374765,n=25600_bz=1.0_cv1=0.8_p=1_q=32_20260127-085930
25600,1.0,0.8,1,32,posthoc,fz,bias2,4.7166053e-05,n=25600_bz=1.0_cv1=0.8_p=1_q=32_20260127-085930
25600,1.0,0.8,1,32,posthoc,fz,var,0.0012903105,n=25600_bz=1.0_cv1=0.8_p=1_q=32_20260127-085930
25600,1.0,0.8,1,32,posthoc,fr,mspe,0.023519268,n=25600_bz=1.0_cv1=0.8_p=1_q=32_20260127-085930
25600,1.0,0.8,1,32,posthoc,fr,bias2,0.021548584,n=25600_bz=1.0_cv1=0.8_p=1_q=32_20260127-085930
25600,1.0,0.8,1,32,posthoc,fr,var,0.0019706842,n=25600_bz=1.0_cv1=0.8_p=1_q=32_20260127-085930
25600,1.0,0.8,1,32,posthoc_orth,y,mspe,1.0035614,n=25600_bz=1.0_cv1=0.8_p=1_q=32_20260127-085930
25600,1.0,0.8,1,32,posthoc_orth,y,bias2,1.0026305,n=25600_bz=1.0_cv1=0.8_p=1_q=32_20260127-085930
25600,1.0,0.8,1,32,posthoc_orth,y,var,0.0009309817,n=25600_bz=1.0_cv1=0.8_p=1_q=32_20260127-085930
25600,1.0,0.8,1,32,posthoc_orth,fx,mspe,0.02025641,n=25600_bz=1.0_cv1=0.8_p=1_q=32_20260127-085930
25600,1.0,0.8,1,32,posthoc_orth,fx,bias2,0.01947762,n=25600_bz=1.0_cv1=0.8_p=1_q=32_20260127-085930
25600,1.0,0.8,1,32,posthoc_orth,fx,var,0.0007787896,n=25600_bz=1.0_cv1=0.8_p=1_q=32_20260127-085930
25600,1.0,0.8,1,32,posthoc_orth,fz,mspe,0.019618416,n=25600_bz=1.0_cv1=0.8_p=1_q=32_20260127-085930
25600,1.0,0.8,1,32,posthoc_orth,fz,bias2,0.01951704,n=25600_bz=1.0_cv1=0.8_p=1_q=32_20260127-085930
25600,1.0,0.8,1,32,posthoc_orth,fz,var,0.000101376536,n=25600_bz=1.0_cv1=0.8_p=1_q=32_20260127-085930
25600,1.0,0.8,1,32,posthoc_orth,fr,mspe,0.0008053152,n=25600_bz=1.0_cv1=0.8_p=1_q=32_20260127-085930
25600,1.0,0.8,1,32,posthoc_orth,fr,bias2,2.6525688e-05,n=25600_bz=1.0_cv1=0.8_p=1_q=32_20260127-085930
25600,1.0,0.8,1,32,posthoc_orth,fr,var,0.0007787896,n=25600_bz=1.0_cv1=0.8_p=1_q=32_20260127-085930
25600,1.0,0.9,1,32,base,y,mspe,1.0080571,n=25600_bz=1.0_cv1=0.9_p=1_q=32_20260127-092752
25600,1.0,0.9,1,32,base,y,bias2,1.0070971,n=25600_bz=1.0_cv1=0.9_p=1_q=32_20260127-092752
25600,1.0,0.9,1,32,base,y,var,0.000960065,n=25600_bz=1.0_cv1=0.9_p=1_q=32_20260127-092752
25600,1.0,0.9,1,32,base,fx,mspe,0.07822443,n=25600_bz=1.0_cv1=0.9_p=1_q=32_20260127-092752
25600,1.0,0.9,1,32,base,fx,bias2,0.07748382,n=25600_bz=1.0_cv1=0.9_p=1_q=32_20260127-092752
25600,1.0,0.9,1,32,base,fx,var,0.0007406109,n=25600_bz=1.0_cv1=0.9_p=1_q=32_20260127-092752
25600,1.0,0.9,1,32,base,fz,mspe,0.07795459,n=25600_bz=1.0_cv1=0.9_p=1_q=32_20260127-092752
25600,1.0,0.9,1,32,base,fz,bias2,0.07795459,n=25600_bz=1.0_cv1=0.9_p=1_q=32_20260127-092752
25600,1.0,0.9,1,32,base,fz,var,0.0,n=25600_bz=1.0_cv1=0.9_p=1_q=32_20260127-092752
25600,1.0,0.9,1,32,base,fr,mspe,0.1748949,n=25600_bz=1.0_cv1=0.9_p=1_q=32_20260127-092752
25600,1.0,0.9,1,32,base,fr,bias2,0.17415428,n=25600_bz=1.0_cv1=0.9_p=1_q=32_20260127-092752
25600,1.0,0.9,1,32,base,fr,var,0.0007406109,n=25600_bz=1.0_cv1=0.9_p=1_q=32_20260127-092752
25600,1.0,0.9,1,32,posthoc,y,mspe,1.0038857,n=25600_bz=1.0_cv1=0.9_p=1_q=32_20260127-092752
25600,1.0,0.9,1,32,posthoc,y,bias2,1.0030252,n=25600_bz=1.0_cv1=0.9_p=1_q=32_20260127-092752
25600,1.0,0.9,1,32,posthoc,y,var,0.00086065714,n=25600_bz=1.0_cv1=0.9_p=1_q=32_20260127-092752
25600,1.0,0.9,1,32,posthoc,fx,mspe,0.011706347,n=25600_bz=1.0_cv1=0.9_p=1_q=32_20260127-092752
25600,1.0,0.9,1,32,posthoc,fx,bias2,0.0027181935,n=25600_bz=1.0_cv1=0.9_p=1_q=32_20260127-092752
25600,1.0,0.9,1,32,posthoc,fx,var,0.008988154,n=25600_bz=1.0_cv1=0.9_p=1_q=32_20260127-092752
25600,1.0,0.9,1,32,posthoc,fz,mspe,0.010979537,n=25600_bz=1.0_cv1=0.9_p=1_q=32_20260127-092752
25600,1.0,0.9,1,32,posthoc,fz,bias2,0.0026179554,n=25600_bz=1.0_cv1=0.9_p=1_q=32_20260127-092752
25600,1.0,0.9,1,32,posthoc,fz,var,0.008361582,n=25600_bz=1.0_cv1=0.9_p=1_q=32_20260127-092752
25600,1.0,0.9,1,32,posthoc,fr,mspe,0.045565013,n=25600_bz=1.0_cv1=0.9_p=1_q=32_20260127-092752
25600,1.0,0.9,1,32,posthoc,fr,bias2,0.036576856,n=25600_bz=1.0_cv1=0.9_p=1_q=32_20260127-092752
25600,1.0,0.9,1,32,posthoc,fr,var,0.008988154,n=25600_bz=1.0_cv1=0.9_p=1_q=32_20260127-092752
25600,1.0,0.9,1,32,posthoc_orth,y,mspe,1.0038406,n=25600_bz=1.0_cv1=0.9_p=1_q=32_20260127-092752
25600,1.0,0.9,1,32,posthoc_orth,y,bias2,1.0029742,n=25600_bz=1.0_cv1=0.9_p=1_q=32_20260127-092752
25600,1.0,0.9,1,32,posthoc_orth,y,var,0.000866408,n=25600_bz=1.0_cv1=0.9_p=1_q=32_20260127-092752
25600,1.0,0.9,1,32,posthoc_orth,fx,mspe,0.020211656,n=25600_bz=1.0_cv1=0.9_p=1_q=32_20260127-092752
25600,1.0,0.9,1,32,posthoc_orth,fx,bias2,0.019499218,n=25600_bz=1.0_cv1=0.9_p=1_q=32_20260127-092752
25600,1.0,0.9,1,32,posthoc_orth,fx,var,0.0007124381,n=25600_bz=1.0_cv1=0.9_p=1_q=32_20260127-092752
25600,1.0,0.9,1,32,posthoc_orth,fz,mspe,0.01961842,n=25600_bz=1.0_cv1=0.9_p=1_q=32_20260127-092752
25600,1.0,0.9,1,32,posthoc_orth,fz,bias2,0.019517042,n=25600_bz=1.0_cv1=0.9_p=1_q=32_20260127-092752
25600,1.0,0.9,1,32,posthoc_orth,fz,var,0.000101376485,n=25600_bz=1.0_cv1=0.9_p=1_q=32_20260127-092752
25600,1.0,0.9,1,32,posthoc_orth,fr,mspe,0.0007771693,n=25600_bz=1.0_cv1=0.9_p=1_q=32_20260127-092752
25600,1.0,0.9,1,32,posthoc_orth,fr,bias2,6.473121e-05,n=25600_bz=1.0_cv1=0.9_p=1_q=32_20260127-092752
25600,1.0,0.9,1,32,posthoc_orth,fr,var,0.0007124381,n=25600_bz=1.0_cv1=0.9_p=1_q=32_20260127-092752
25600,1.0,0.0,1,32,base,y,mspe,1.0609534,n=25600_bz=1.0_cv1=0_p=1_q=32_20260127-045231
25600,1.0,0.0,1,32,base,y,bias2,1.0598783,n=25600_bz=1.0_cv1=0_p=1_q=32_20260127-045231
25600,1.0,0.0,1,32,base,y,var,0.001074924,n=25600_bz=1.0_cv1=0_p=1_q=32_20260127-045231
25600,1.0,0.0,1,32,base,fx,mspe,0.03736231,n=25600_bz=1.0_cv1=0_p=1_q=32_20260127-045231
25600,1.0,0.0,1,32,base,fx,bias2,0.036477257,n=25600_bz=1.0_cv1=0_p=1_q=32_20260127-045231
25600,1.0,0.0,1,32,base,fx,var,0.0008850498,n=25600_bz=1.0_cv1=0_p=1_q=32_20260127-045231
25600,1.0,0.0,1,32,base,fz,mspe,0.07795459,n=25600_bz=1.0_cv1=0_p=1_q=32_20260127-045231
25600,1.0,0.0,1,32,base,fz,bias2,0.07795459,n=25600_bz=1.0_cv1=0_p=1_q=32_20260127-045231
25600,1.0,0.0,1,32,base,fz,var,0.0,n=25600_bz=1.0_cv1=0_p=1_q=32_20260127-045231
25600,1.0,0.0,1,32,base,fr,mspe,0.092856556,n=25600_bz=1.0_cv1=0_p=1_q=32_20260127-045231
25600,1.0,0.0,1,32,base,fr,bias2,0.09197151,n=25600_bz=1.0_cv1=0_p=1_q=32_20260127-045231
25600,1.0,0.0,1,32,base,fr,var,0.0008850498,n=25600_bz=1.0_cv1=0_p=1_q=32_20260127-045231
25600,1.0,0.0,1,32,posthoc,y,mspe,1.0032325,n=25600_bz=1.0_cv1=0_p=1_q=32_20260127-045231
25600,1.0,0.0,1,32,posthoc,y,bias2,1.002189,n=25600_bz=1.0_cv1=0_p=1_q=32_20260127-045231
25600,1.0,0.0,1,32,posthoc,y,var,0.0010434918,n=25600_bz=1.0_cv1=0_p=1_q=32_20260127-045231
25600,1.0,0.0,1,32,posthoc,fx,mspe,0.0009581832,n=25600_bz=1.0_cv1=0_p=1_q=32_20260127-045231
25600,1.0,0.0,1,32,posthoc,fx,bias2,2.1874403e-05,n=25600_bz=1.0_cv1=0_p=1_q=32_20260127-045231
25600,1.0,0.0,1,32,posthoc,fx,var,0.00093630876,n=25600_bz=1.0_cv1=0_p=1_q=32_20260127-045231
25600,1.0,0.0,1,32,posthoc,fz,mspe,0.00013459417,n=25600_bz=1.0_cv1=0_p=1_q=32_20260127-045231
25600,1.0,0.0,1,32,posthoc,fz,bias2,5.697518e-07,n=25600_bz=1.0_cv1=0_p=1_q=32_20260127-045231
25600,1.0,0.0,1,32,posthoc,fz,var,0.00013402442,n=25600_bz=1.0_cv1=0_p=1_q=32_20260127-045231
25600,1.0,0.0,1,32,posthoc,fr,mspe,0.02067623,n=25600_bz=1.0_cv1=0_p=1_q=32_20260127-045231
25600,1.0,0.0,1,32,posthoc,fr,bias2,0.01973992,n=25600_bz=1.0_cv1=0_p=1_q=32_20260127-045231
25600,1.0,0.0,1,32,posthoc,fr,var,0.00093630876,n=25600_bz=1.0_cv1=0_p=1_q=32_20260127-045231
25600,1.0,0.0,1,32,posthoc_orth,y,mspe,1.003233,n=25600_bz=1.0_cv1=0_p=1_q=32_20260127-045231
25600,1.0,0.0,1,32,posthoc_orth,y,bias2,1.0021931,n=25600_bz=1.0_cv1=0_p=1_q=32_20260127-045231
25600,1.0,0.0,1,32,posthoc_orth,y,var,0.0010399113,n=25600_bz=1.0_cv1=0_p=1_q=32_20260127-045231
25600,1.0,0.0,1,32,posthoc_orth,fx,mspe,0.020397285,n=25600_bz=1.0_cv1=0_p=1_q=32_20260127-045231
25600,1.0,0.0,1,32,posthoc_orth,fx,bias2,0.019511225,n=25600_bz=1.0_cv1=0_p=1_q=32_20260127-045231
25600,1.0,0.0,1,32,posthoc_orth,fx,var,0.0008860601,n=25600_bz=1.0_cv1=0_p=1_q=32_20260127-045231
25600,1.0,0.0,1,32,posthoc_orth,fz,mspe,0.019618385,n=25600_bz=1.0_cv1=0_p=1_q=32_20260127-045231
25600,1.0,0.0,1,32,posthoc_orth,fz,bias2,0.019517006,n=25600_bz=1.0_cv1=0_p=1_q=32_20260127-045231
25600,1.0,0.0,1,32,posthoc_orth,fz,var,0.00010137641,n=25600_bz=1.0_cv1=0_p=1_q=32_20260127-045231
25600,1.0,0.0,1,32,posthoc_orth,fr,mspe,0.0009075544,n=25600_bz=1.0_cv1=0_p=1_q=32_20260127-045231
25600,1.0,0.0,1,32,posthoc_orth,fr,bias2,2.149425e-05,n=25600_bz=1.0_cv1=0_p=1_q=32_20260127-045231
25600,1.0,0.0,1,32,posthoc_orth,fr,var,0.0008860601,n=25600_bz=1.0_cv1=0_p=1_q=32_20260127-045231
25600,1.0,1.0,1,32,base,y,mspe,1.0033567,n=25600_bz=1.0_cv1=1.0_p=1_q=32_20260127-095533
25600,1.0,1.0,1,32,base,y,bias2,1.0024792,n=25600_bz=1.0_cv1=1.0_p=1_q=32_20260127-095533
25600,1.0,1.0,1,32,base,y,var,0.000877309,n=25600_bz=1.0_cv1=1.0_p=1_q=32_20260127-095533
25600,1.0,1.0,1,32,base,fx,mspe,0.079931825,n=25600_bz=1.0_cv1=1.0_p=1_q=32_20260127-095533
25600,1.0,1.0,1,32,base,fx,bias2,0.07926209,n=25600_bz=1.0_cv1=1.0_p=1_q=32_20260127-095533
25600,1.0,1.0,1,32,base,fx,var,0.0006697323,n=25600_bz=1.0_cv1=1.0_p=1_q=32_20260127-095533
25600,1.0,1.0,1,32,base,fz,mspe,0.07795459,n=25600_bz=1.0_cv1=1.0_p=1_q=32_20260127-095533
25600,1.0,1.0,1,32,base,fz,bias2,0.07795459,n=25600_bz=1.0_cv1=1.0_p=1_q=32_20260127-095533
25600,1.0,1.0,1,32,base,fz,var,0.0,n=25600_bz=1.0_cv1=1.0_p=1_q=32_20260127-095533
25600,1.0,1.0,1,32,base,fr,mspe,0.17796884,n=25600_bz=1.0_cv1=1.0_p=1_q=32_20260127-095533
25600,1.0,1.0,1,32,base,fr,bias2,0.17729911,n=25600_bz=1.0_cv1=1.0_p=1_q=32_20260127-095533
25600,1.0,1.0,1,32,base,fr,var,0.0006697323,n=25600_bz=1.0_cv1=1.0_p=1_q=32_20260127-095533
25600,1.0,1.0,1,32,posthoc,y,mspe,1.0032402,n=25600_bz=1.0_cv1=1.0_p=1_q=32_20260127-095533
25600,1.0,1.0,1,32,posthoc,y,bias2,1.0025392,n=25600_bz=1.0_cv1=1.0_p=1_q=32_20260127-095533
25600,1.0,1.0,1,32,posthoc,y,var,0.0007010782,n=25600_bz=1.0_cv1=1.0_p=1_q=32_20260127-095533
25600,1.0,1.0,1,32,posthoc,fx,mspe,0.07920838,n=25600_bz=1.0_cv1=1.0_p=1_q=32_20260127-095533
25600,1.0,1.0,1,32,posthoc,fx,bias2,0.07426444,n=25600_bz=1.0_cv1=1.0_p=1_q=32_20260127-095533
25600,1.0,1.0,1,32,posthoc,fx,var,0.004943941,n=25600_bz=1.0_cv1=1.0_p=1_q=32_20260127-095533
25600,1.0,1.0,1,32,posthoc,fz,mspe,0.07834966,n=25600_bz=1.0_cv1=1.0_p=1_q=32_20260127-095533
25600,1.0,1.0,1,32,posthoc,fz,bias2,0.07397226,n=25600_bz=1.0_cv1=1.0_p=1_q=32_20260127-095533
25600,1.0,1.0,1,32,posthoc,fz,var,0.0043773963,n=25600_bz=1.0_cv1=1.0_p=1_q=32_20260127-095533
25600,1.0,1.0,1,32,posthoc,fr,mspe,0.17475402,n=25600_bz=1.0_cv1=1.0_p=1_q=32_20260127-095533
25600,1.0,1.0,1,32,posthoc,fr,bias2,0.16981009,n=25600_bz=1.0_cv1=1.0_p=1_q=32_20260127-095533
25600,1.0,1.0,1,32,posthoc,fr,var,0.004943941,n=25600_bz=1.0_cv1=1.0_p=1_q=32_20260127-095533
25600,1.0,1.0,1,32,posthoc_orth,y,mspe,1.00324,n=25600_bz=1.0_cv1=1.0_p=1_q=32_20260127-095533
25600,1.0,1.0,1,32,posthoc_orth,y,bias2,1.0025401,n=25600_bz=1.0_cv1=1.0_p=1_q=32_20260127-095533
25600,1.0,1.0,1,32,posthoc_orth,y,var,0.00070009794,n=25600_bz=1.0_cv1=1.0_p=1_q=32_20260127-095533
25600,1.0,1.0,1,32,posthoc_orth,fx,mspe,0.020003032,n=25600_bz=1.0_cv1=1.0_p=1_q=32_20260127-095533
25600,1.0,1.0,1,32,posthoc_orth,fx,bias2,0.019455973,n=25600_bz=1.0_cv1=1.0_p=1_q=32_20260127-095533
25600,1.0,1.0,1,32,posthoc_orth,fx,var,0.00054705923,n=25600_bz=1.0_cv1=1.0_p=1_q=32_20260127-095533
25600,1.0,1.0,1,32,posthoc_orth,fz,mspe,0.019618424,n=25600_bz=1.0_cv1=1.0_p=1_q=32_20260127-095533
25600,1.0,1.0,1,32,posthoc_orth,fz,bias2,0.019517045,n=25600_bz=1.0_cv1=1.0_p=1_q=32_20260127-095533
25600,1.0,1.0,1,32,posthoc_orth,fz,var,0.00010137646,n=25600_bz=1.0_cv1=1.0_p=1_q=32_20260127-095533
25600,1.0,1.0,1,32,posthoc_orth,fr,mspe,0.0006050207,n=25600_bz=1.0_cv1=1.0_p=1_q=32_20260127-095533
25600,1.0,1.0,1,32,posthoc_orth,fr,bias2,5.7961395e-05,n=25600_bz=1.0_cv1=1.0_p=1_q=32_20260127-095533
25600,1.0,1.0,1,32,posthoc_orth,fr,var,0.00054705923,n=25600_bz=1.0_cv1=1.0_p=1_q=32_20260127-095533
3200,1.0,0.1,1,32,base,y,mspe,1.0646595,n=3200_bz=1.0_cv1=0.1_p=1_q=32_20260127-000237
3200,1.0,0.1,1,32,base,y,bias2,1.0610853,n=3200_bz=1.0_cv1=0.1_p=1_q=32_20260127-000237
3200,1.0,0.1,1,32,base,y,var,0.00357417,n=3200_bz=1.0_cv1=0.1_p=1_q=32_20260127-000237
3200,1.0,0.1,1,32,base,fx,mspe,0.038396437,n=3200_bz=1.0_cv1=0.1_p=1_q=32_20260127-000237
3200,1.0,0.1,1,32,base,fx,bias2,0.03586604,n=3200_bz=1.0_cv1=0.1_p=1_q=32_20260127-000237
3200,1.0,0.1,1,32,base,fx,var,0.0025303927,n=3200_bz=1.0_cv1=0.1_p=1_q=32_20260127-000237
3200,1.0,0.1,1,32,base,fz,mspe,0.07795459,n=3200_bz=1.0_cv1=0.1_p=1_q=32_20260127-000237
3200,1.0,0.1,1,32,base,fz,bias2,0.07795459,n=3200_bz=1.0_cv1=0.1_p=1_q=32_20260127-000237
3200,1.0,0.1,1,32,base,fz,var,0.0,n=3200_bz=1.0_cv1=0.1_p=1_q=32_20260127-000237
3200,1.0,0.1,1,32,base,fr,mspe,0.09353567,n=3200_bz=1.0_cv1=0.1_p=1_q=32_20260127-000237
3200,1.0,0.1,1,32,base,fr,bias2,0.091005266,n=3200_bz=1.0_cv1=0.1_p=1_q=32_20260127-000237
3200,1.0,0.1,1,32,base,fr,var,0.0025303927,n=3200_bz=1.0_cv1=0.1_p=1_q=32_20260127-000237
3200,1.0,0.1,1,32,posthoc,y,mspe,1.0073483,n=3200_bz=1.0_cv1=0.1_p=1_q=32_20260127-000237
3200,1.0,0.1,1,32,posthoc,y,bias2,1.002752,n=3200_bz=1.0_cv1=0.1_p=1_q=32_20260127-000237
3200,1.0,0.1,1,32,posthoc,y,var,0.0045962515,n=3200_bz=1.0_cv1=0.1_p=1_q=32_20260127-000237
3200,1.0,0.1,1,32,posthoc,fx,mspe,0.0041475785,n=3200_bz=1.0_cv1=0.1_p=1_q=32_20260127-000237
3200,1.0,0.1,1,32,posthoc,fx,bias2,0.00028956847,n=3200_bz=1.0_cv1=0.1_p=1_q=32_20260127-000237
3200,1.0,0.1,1,32,posthoc,fx,var,0.00385801,n=3200_bz=1.0_cv1=0.1_p=1_q=32_20260127-000237
3200,1.0,0.1,1,32,posthoc,fz,mspe,0.0014507923,n=3200_bz=1.0_cv1=0.1_p=1_q=32_20260127-000237
3200,1.0,0.1,1,32,posthoc,fz,bias2,3.7078962e-06,n=3200_bz=1.0_cv1=0.1_p=1_q=32_20260127-000237
3200,1.0,0.1,1,32,posthoc,fz,var,0.0014470845,n=3200_bz=1.0_cv1=0.1_p=1_q=32_20260127-000237
3200,1.0,0.1,1,32,posthoc,fr,mspe,0.024240598,n=3200_bz=1.0_cv1=0.1_p=1_q=32_20260127-000237
3200,1.0,0.1,1,32,posthoc,fr,bias2,0.02038259,n=3200_bz=1.0_cv1=0.1_p=1_q=32_20260127-000237
3200,1.0,0.1,1,32,posthoc,fr,var,0.00385801,n=3200_bz=1.0_cv1=0.1_p=1_q=32_20260127-000237
3200,1.0,0.1,1,32,posthoc_orth,y,mspe,1.0073795,n=3200_bz=1.0_cv1=0.1_p=1_q=32_20260127-000237
3200,1.0,0.1,1,32,posthoc_orth,y,bias2,1.0027634,n=3200_bz=1.0_cv1=0.1_p=1_q=32_20260127-000237
3200,1.0,0.1,1,32,posthoc_orth,y,var,0.0046160948,n=3200_bz=1.0_cv1=0.1_p=1_q=32_20260127-000237
3200,1.0,0.1,1,32,posthoc_orth,fx,mspe,0.023042377,n=3200_bz=1.0_cv1=0.1_p=1_q=32_20260127-000237
3200,1.0,0.1,1,32,posthoc_orth,fx,bias2,0.019693894,n=3200_bz=1.0_cv1=0.1_p=1_q=32_20260127-000237
3200,1.0,0.1,1,32,posthoc_orth,fx,var,0.0033484814,n=3200_bz=1.0_cv1=0.1_p=1_q=32_20260127-000237
3200,1.0,0.1,1,32,posthoc_orth,fz,mspe,0.02045261,n=3200_bz=1.0_cv1=0.1_p=1_q=32_20260127-000237
3200,1.0,0.1,1,32,posthoc_orth,fz,bias2,0.019503843,n=3200_bz=1.0_cv1=0.1_p=1_q=32_20260127-000237
3200,1.0,0.1,1,32,posthoc_orth,fz,var,0.0009487672,n=3200_bz=1.0_cv1=0.1_p=1_q=32_20260127-000237
3200,1.0,0.1,1,32,posthoc_orth,fr,mspe,0.0036267403,n=3200_bz=1.0_cv1=0.1_p=1_q=32_20260127-000237
3200,1.0,0.1,1,32,posthoc_orth,fr,bias2,0.0002782593,n=3200_bz=1.0_cv1=0.1_p=1_q=32_20260127-000237
3200,1.0,0.1,1,32,posthoc_orth,fr,var,0.0033484814,n=3200_bz=1.0_cv1=0.1_p=1_q=32_20260127-000237
3200,1.0,0.2,1,32,base,y,mspe,1.0661784,n=3200_bz=1.0_cv1=0.2_p=1_q=32_20260127-000634
3200,1.0,0.2,1,32,base,y,bias2,1.0622319,n=3200_bz=1.0_cv1=0.2_p=1_q=32_20260127-000634
3200,1.0,0.2,1,32,base,y,var,0.003946386,n=3200_bz=1.0_cv1=0.2_p=1_q=32_20260127-000634
3200,1.0,0.2,1,32,base,fx,mspe,0.03950976,n=3200_bz=1.0_cv1=0.2_p=1_q=32_20260127-000634
3200,1.0,0.2,1,32,base,fx,bias2,0.03668678,n=3200_bz=1.0_cv1=0.2_p=1_q=32_20260127-000634
3200,1.0,0.2,1,32,base,fx,var,0.0028229775,n=3200_bz=1.0_cv1=0.2_p=1_q=32_20260127-000634
3200,1.0,0.2,1,32,base,fz,mspe,0.07795459,n=3200_bz=1.0_cv1=0.2_p=1_q=32_20260127-000634
3200,1.0,0.2,1,32,base,fz,bias2,0.07795459,n=3200_bz=1.0_cv1=0.2_p=1_q=32_20260127-000634
3200,1.0,0.2,1,32,base,fz,var,0.0,n=3200_bz=1.0_cv1=0.2_p=1_q=32_20260127-000634
3200,1.0,0.2,1,32,base,fr,mspe,0.09569086,n=3200_bz=1.0_cv1=0.2_p=1_q=32_20260127-000634
3200,1.0,0.2,1,32,base,fr,bias2,0.09286789,n=3200_bz=1.0_cv1=0.2_p=1_q=32_20260127-000634
3200,1.0,0.2,1,32,base,fr,var,0.0028229775,n=3200_bz=1.0_cv1=0.2_p=1_q=32_20260127-000634
3200,1.0,0.2,1,32,posthoc,y,mspe,1.0074576,n=3200_bz=1.0_cv1=0.2_p=1_q=32_20260127-000634
3200,1.0,0.2,1,32,posthoc,y,bias2,1.0029514,n=3200_bz=1.0_cv1=0.2_p=1_q=32_20260127-000634
3200,1.0,0.2,1,32,posthoc,y,var,0.004506122,n=3200_bz=1.0_cv1=0.2_p=1_q=32_20260127-000634
3200,1.0,0.2,1,32,posthoc,fx,mspe,0.0040977723,n=3200_bz=1.0_cv1=0.2_p=1_q=32_20260127-000634
3200,1.0,0.2,1,32,posthoc,fx,bias2,0.0002936382,n=3200_bz=1.0_cv1=0.2_p=1_q=32_20260127-000634
3200,1.0,0.2,1,32,posthoc,fx,var,0.003804134,n=3200_bz=1.0_cv1=0.2_p=1_q=32_20260127-000634
3200,1.0,0.2,1,32,posthoc,fz,mspe,0.0014914236,n=3200_bz=1.0_cv1=0.2_p=1_q=32_20260127-000634
3200,1.0,0.2,1,32,posthoc,fz,bias2,5.6446715e-06,n=3200_bz=1.0_cv1=0.2_p=1_q=32_20260127-000634
3200,1.0,0.2,1,32,posthoc,fz,var,0.001485779,n=3200_bz=1.0_cv1=0.2_p=1_q=32_20260127-000634
3200,1.0,0.2,1,32,posthoc,fr,mspe,0.024278497,n=3200_bz=1.0_cv1=0.2_p=1_q=32_20260127-000634
3200,1.0,0.2,1,32,posthoc,fr,bias2,0.020474365,n=3200_bz=1.0_cv1=0.2_p=1_q=32_20260127-000634
3200,1.0,0.2,1,32,posthoc,fr,var,0.003804134,n=3200_bz=1.0_cv1=0.2_p=1_q=32_20260127-000634
3200,1.0,0.2,1,32,posthoc_orth,y,mspe,1.007393,n=3200_bz=1.0_cv1=0.2_p=1_q=32_20260127-000634
3200,1.0,0.2,1,32,posthoc_orth,y,bias2,1.0028887,n=3200_bz=1.0_cv1=0.2_p=1_q=32_20260127-000634
3200,1.0,0.2,1,32,posthoc_orth,y,var,0.004504357,n=3200_bz=1.0_cv1=0.2_p=1_q=32_20260127-000634
3200,1.0,0.2,1,32,posthoc_orth,fx,mspe,0.022990448,n=3200_bz=1.0_cv1=0.2_p=1_q=32_20260127-000634
3200,1.0,0.2,1,32,posthoc_orth,fx,bias2,0.019746464,n=3200_bz=1.0_cv1=0.2_p=1_q=32_20260127-000634
3200,1.0,0.2,1,32,posthoc_orth,fx,var,0.0032439835,n=3200_bz=1.0_cv1=0.2_p=1_q=32_20260127-000634
3200,1.0,0.2,1,32,posthoc_orth,fz,mspe,0.020452596,n=3200_bz=1.0_cv1=0.2_p=1_q=32_20260127-000634
3200,1.0,0.2,1,32,posthoc_orth,fz,bias2,0.01950383,n=3200_bz=1.0_cv1=0.2_p=1_q=32_20260127-000634
3200,1.0,0.2,1,32,posthoc_orth,fz,var,0.00094876735,n=3200_bz=1.0_cv1=0.2_p=1_q=32_20260127-000634
3200,1.0,0.2,1,32,posthoc_orth,fr,mspe,0.0035299142,n=3200_bz=1.0_cv1=0.2_p=1_q=32_20260127-000634
3200,1.0,0.2,1,32,posthoc_orth,fr,bias2,0.00028593044,n=3200_bz=1.0_cv1=0.2_p=1_q=32_20260127-000634
3200,1.0,0.2,1,32,posthoc_orth,fr,var,0.0032439835,n=3200_bz=1.0_cv1=0.2_p=1_q=32_20260127-000634
3200,1.0,0.3,1,32,base,y,mspe,1.0649357,n=3200_bz=1.0_cv1=0.3_p=1_q=32_20260127-001037
3200,1.0,0.3,1,32,base,y,bias2,1.061193,n=3200_bz=1.0_cv1=0.3_p=1_q=32_20260127-001037
3200,1.0,0.3,1,32,base,y,var,0.003742701,n=3200_bz=1.0_cv1=0.3_p=1_q=32_20260127-001037
3200,1.0,0.3,1,32,base,fx,mspe,0.0403854,n=3200_bz=1.0_cv1=0.3_p=1_q=32_20260127-001037
3200,1.0,0.3,1,32,base,fx,bias2,0.03756823,n=3200_bz=1.0_cv1=0.3_p=1_q=32_20260127-001037
3200,1.0,0.3,1,32,base,fx,var,0.0028171665,n=3200_bz=1.0_cv1=0.3_p=1_q=32_20260127-001037
3200,1.0,0.3,1,32,base,fz,mspe,0.07795459,n=3200_bz=1.0_cv1=0.3_p=1_q=32_20260127-001037
3200,1.0,0.3,1,32,base,fz,bias2,0.07795459,n=3200_bz=1.0_cv1=0.3_p=1_q=32_20260127-001037
3200,1.0,0.3,1,32,base,fz,var,0.0,n=3200_bz=1.0_cv1=0.3_p=1_q=32_20260127-001037
3200,1.0,0.3,1,32,base,fr,mspe,0.09832956,n=3200_bz=1.0_cv1=0.3_p=1_q=32_20260127-001037
3200,1.0,0.3,1,32,base,fr,bias2,0.09551239,n=3200_bz=1.0_cv1=0.3_p=1_q=32_20260127-001037
3200,1.0,0.3,1,32,base,fr,var,0.0028171665,n=3200_bz=1.0_cv1=0.3_p=1_q=32_20260127-001037
3200,1.0,0.3,1,32,posthoc,y,mspe,1.0077125,n=3200_bz=1.0_cv1=0.3_p=1_q=32_20260127-001037
3200,1.0,0.3,1,32,posthoc,y,bias2,1.0032009,n=3200_bz=1.0_cv1=0.3_p=1_q=32_20260127-001037
3200,1.0,0.3,1,32,posthoc,y,var,0.004511672,n=3200_bz=1.0_cv1=0.3_p=1_q=32_20260127-001037
3200,1.0,0.3,1,32,posthoc,fx,mspe,0.0041410555,n=3200_bz=1.0_cv1=0.3_p=1_q=32_20260127-001037
3200,1.0,0.3,1,32,posthoc,fx,bias2,0.00025570954,n=3200_bz=1.0_cv1=0.3_p=1_q=32_20260127-001037
3200,1.0,0.3,1,32,posthoc,fx,var,0.0038853462,n=3200_bz=1.0_cv1=0.3_p=1_q=32_20260127-001037
3200,1.0,0.3,1,32,posthoc,fz,mspe,0.0015717916,n=3200_bz=1.0_cv1=0.3_p=1_q=32_20260127-001037
3200,1.0,0.3,1,32,posthoc,fz,bias2,9.250438e-06,n=3200_bz=1.0_cv1=0.3_p=1_q=32_20260127-001037
3200,1.0,0.3,1,32,posthoc,fz,var,0.0015625411,n=3200_bz=1.0_cv1=0.3_p=1_q=32_20260127-001037
3200,1.0,0.3,1,32,posthoc,fr,mspe,0.024457635,n=3200_bz=1.0_cv1=0.3_p=1_q=32_20260127-001037
3200,1.0,0.3,1,32,posthoc,fr,bias2,0.02057229,n=3200_bz=1.0_cv1=0.3_p=1_q=32_20260127-001037
3200,1.0,0.3,1,32,posthoc,fr,var,0.0038853462,n=3200_bz=1.0_cv1=0.3_p=1_q=32_20260127-001037
3200,1.0,0.3,1,32,posthoc_orth,y,mspe,1.0076734,n=3200_bz=1.0_cv1=0.3_p=1_q=32_20260127-001037
3200,1.0,0.3,1,32,posthoc_orth,y,bias2,1.0031853,n=3200_bz=1.0_cv1=0.3_p=1_q=32_20260127-001037
3200,1.0,0.3,1,32,posthoc_orth,y,var,0.00448806,n=3200_bz=1.0_cv1=0.3_p=1_q=32_20260127-001037
3200,1.0,0.3,1,32,posthoc_orth,fx,mspe,0.022987397,n=3200_bz=1.0_cv1=0.3_p=1_q=32_20260127-001037
3200,1.0,0.3,1,32,posthoc_orth,fx,bias2,0.01975522,n=3200_bz=1.0_cv1=0.3_p=1_q=32_20260127-001037
3200,1.0,0.3,1,32,posthoc_orth,fx,var,0.0032321792,n=3200_bz=1.0_cv1=0.3_p=1_q=32_20260127-001037
3200,1.0,0.3,1,32,posthoc_orth,fz,mspe,0.020452611,n=3200_bz=1.0_cv1=0.3_p=1_q=32_20260127-001037
3200,1.0,0.3,1,32,posthoc_orth,fz,bias2,0.019503841,n=3200_bz=1.0_cv1=0.3_p=1_q=32_20260127-001037
3200,1.0,0.3,1,32,posthoc_orth,fz,var,0.0009487691,n=3200_bz=1.0_cv1=0.3_p=1_q=32_20260127-001037
3200,1.0,0.3,1,32,posthoc_orth,fr,mspe,0.0034739976,n=3200_bz=1.0_cv1=0.3_p=1_q=32_20260127-001037
3200,1.0,0.3,1,32,posthoc_orth,fr,bias2,0.00024181824,n=3200_bz=1.0_cv1=0.3_p=1_q=32_20260127-001037
3200,1.0,0.3,1,32,posthoc_orth,fr,var,0.0032321792,n=3200_bz=1.0_cv1=0.3_p=1_q=32_20260127-001037
3200,1.0,0.4,1,32,base,y,mspe,1.0621222,n=3200_bz=1.0_cv1=0.4_p=1_q=32_20260127-001449
3200,1.0,0.4,1,32,base,y,bias2,1.0583783,n=3200_bz=1.0_cv1=0.4_p=1_q=32_20260127-001449
3200,1.0,0.4,1,32,base,y,var,0.0037439629,n=3200_bz=1.0_cv1=0.4_p=1_q=32_20260127-001449
3200,1.0,0.4,1,32,base,fx,mspe,0.0443643,n=3200_bz=1.0_cv1=0.4_p=1_q=32_20260127-001449
3200,1.0,0.4,1,32,base,fx,bias2,0.0415631,n=3200_bz=1.0_cv1=0.4_p=1_q=32_20260127-001449
3200,1.0,0.4,1,32,base,fx,var,0.0028011983,n=3200_bz=1.0_cv1=0.4_p=1_q=32_20260127-001449
3200,1.0,0.4,1,32,base,fz,mspe,0.07795459,n=3200_bz=1.0_cv1=0.4_p=1_q=32_20260127-001449
3200,1.0,0.4,1,32,base,fz,bias2,0.07795459,n=3200_bz=1.0_cv1=0.4_p=1_q=32_20260127-001449
3200,1.0,0.4,1,32,base,fz,var,0.0,n=3200_bz=1.0_cv1=0.4_p=1_q=32_20260127-001449
3200,1.0,0.4,1,32,base,fr,mspe,0.1064635,n=3200_bz=1.0_cv1=0.4_p=1_q=32_20260127-001449
3200,1.0,0.4,1,32,base,fr,bias2,0.1036623,n=3200_bz=1.0_cv1=0.4_p=1_q=32_20260127-001449
3200,1.0,0.4,1,32,base,fr,var,0.0028011983,n=3200_bz=1.0_cv1=0.4_p=1_q=32_20260127-001449
3200,1.0,0.4,1,32,posthoc,y,mspe,1.0080663,n=3200_bz=1.0_cv1=0.4_p=1_q=32_20260127-001449
3200,1.0,0.4,1,32,posthoc,y,bias2,1.0035423,n=3200_bz=1.0_cv1=0.4_p=1_q=32_20260127-001449
3200,1.0,0.4,1,32,posthoc,y,var,0.004524042,n=3200_bz=1.0_cv1=0.4_p=1_q=32_20260127-001449
3200,1.0,0.4,1,32,posthoc,fx,mspe,0.0042947168,n=3200_bz=1.0_cv1=0.4_p=1_q=32_20260127-001449
3200,1.0,0.4,1,32,posthoc,fx,bias2,0.0002566763,n=3200_bz=1.0_cv1=0.4_p=1_q=32_20260127-001449
3200,1.0,0.4,1,32,posthoc,fx,var,0.00403804,n=3200_bz=1.0_cv1=0.4_p=1_q=32_20260127-001449
3200,1.0,0.4,1,32,posthoc,fz,mspe,0.0017441023,n=3200_bz=1.0_cv1=0.4_p=1_q=32_20260127-001449
3200,1.0,0.4,1,32,posthoc,fz,bias2,1.0246874e-05,n=3200_bz=1.0_cv1=0.4_p=1_q=32_20260127-001449
3200,1.0,0.4,1,32,posthoc,fz,var,0.0017338555,n=3200_bz=1.0_cv1=0.4_p=1_q=32_20260127-001449
3200,1.0,0.4,1,32,posthoc,fr,mspe,0.024717398,n=3200_bz=1.0_cv1=0.4_p=1_q=32_20260127-001449
3200,1.0,0.4,1,32,posthoc,fr,bias2,0.020679357,n=3200_bz=1.0_cv1=0.4_p=1_q=32_20260127-001449
3200,1.0,0.4,1,32,posthoc,fr,var,0.00403804,n=3200_bz=1.0_cv1=0.4_p=1_q=32_20260127-001449
3200,1.0,0.4,1,32,posthoc_orth,y,mspe,1.0080811,n=3200_bz=1.0_cv1=0.4_p=1_q=32_20260127-001449
3200,1.0,0.4,1,32,posthoc_orth,y,bias2,1.0035394,n=3200_bz=1.0_cv1=0.4_p=1_q=32_20260127-001449
3200,1.0,0.4,1,32,posthoc_orth,y,var,0.004541674,n=3200_bz=1.0_cv1=0.4_p=1_q=32_20260127-001449
3200,1.0,0.4,1,32,posthoc_orth,fx,mspe,0.022977816,n=3200_bz=1.0_cv1=0.4_p=1_q=32_20260127-001449
3200,1.0,0.4,1,32,posthoc_orth,fx,bias2,0.019706497,n=3200_bz=1.0_cv1=0.4_p=1_q=32_20260127-001449
3200,1.0,0.4,1,32,posthoc_orth,fx,var,0.0032713197,n=3200_bz=1.0_cv1=0.4_p=1_q=32_20260127-001449
3200,1.0,0.4,1,32,posthoc_orth,fz,mspe,0.020452604,n=3200_bz=1.0_cv1=0.4_p=1_q=32_20260127-001449
3200,1.0,0.4,1,32,posthoc_orth,fz,bias2,0.019503837,n=3200_bz=1.0_cv1=0.4_p=1_q=32_20260127-001449
3200,1.0,0.4,1,32,posthoc_orth,fz,var,0.0009487663,n=3200_bz=1.0_cv1=0.4_p=1_q=32_20260127-001449
3200,1.0,0.4,1,32,posthoc_orth,fr,mspe,0.0035187798,n=3200_bz=1.0_cv1=0.4_p=1_q=32_20260127-001449
3200,1.0,0.4,1,32,posthoc_orth,fr,bias2,0.00024746044,n=3200_bz=1.0_cv1=0.4_p=1_q=32_20260127-001449
3200,1.0,0.4,1,32,posthoc_orth,fr,var,0.0032713197,n=3200_bz=1.0_cv1=0.4_p=1_q=32_20260127-001449
3200,1.0,0.5,1,32,base,y,mspe,1.0555617,n=3200_bz=1.0_cv1=0.5_p=1_q=32_20260127-001903
3200,1.0,0.5,1,32,base,y,bias2,1.0520626,n=3200_bz=1.0_cv1=0.5_p=1_q=32_20260127-001903
3200,1.0,0.5,1,32,base,y,var,0.003499134,n=3200_bz=1.0_cv1=0.5_p=1_q=32_20260127-001903
3200,1.0,0.5,1,32,base,fx,mspe,0.05147003,n=3200_bz=1.0_cv1=0.5_p=1_q=32_20260127-001903
3200,1.0,0.5,1,32,base,fx,bias2,0.048798855,n=3200_bz=1.0_cv1=0.5_p=1_q=32_20260127-001903
3200,1.0,0.5,1,32,base,fx,var,0.0026711775,n=3200_bz=1.0_cv1=0.5_p=1_q=32_20260127-001903
3200,1.0,0.5,1,32,base,fz,mspe,0.07795459,n=3200_bz=1.0_cv1=0.5_p=1_q=32_20260127-001903
3200,1.0,0.5,1,32,base,fz,bias2,0.07795459,n=3200_bz=1.0_cv1=0.5_p=1_q=32_20260127-001903
3200,1.0,0.5,1,32,base,fz,var,0.0,n=3200_bz=1.0_cv1=0.5_p=1_q=32_20260127-001903
3200,1.0,0.5,1,32,base,fr,mspe,0.1204194,n=3200_bz=1.0_cv1=0.5_p=1_q=32_20260127-001903
3200,1.0,0.5,1,32,base,fr,bias2,0.11774822,n=3200_bz=1.0_cv1=0.5_p=1_q=32_20260127-001903
3200,1.0,0.5,1,32,base,fr,var,0.0026711775,n=3200_bz=1.0_cv1=0.5_p=1_q=32_20260127-001903
3200,1.0,0.5,1,32,posthoc,y,mspe,1.0085135,n=3200_bz=1.0_cv1=0.5_p=1_q=32_20260127-001903
3200,1.0,0.5,1,32,posthoc,y,bias2,1.0039536,n=3200_bz=1.0_cv1=0.5_p=1_q=32_20260127-001903
3200,1.0,0.5,1,32,posthoc,y,var,0.004559887,n=3200_bz=1.0_cv1=0.5_p=1_q=32_20260127-001903
3200,1.0,0.5,1,32,posthoc,fx,mspe,0.0047167228,n=3200_bz=1.0_cv1=0.5_p=1_q=32_20260127-001903
3200,1.0,0.5,1,32,posthoc,fx,bias2,0.0003294217,n=3200_bz=1.0_cv1=0.5_p=1_q=32_20260127-001903
3200,1.0,0.5,1,32,posthoc,fx,var,0.004387302,n=3200_bz=1.0_cv1=0.5_p=1_q=32_20260127-001903
3200,1.0,0.5,1,32,posthoc,fz,mspe,0.0020865733,n=3200_bz=1.0_cv1=0.5_p=1_q=32_20260127-001903
3200,1.0,0.5,1,32,posthoc,fz,bias2,1.6181948e-05,n=3200_bz=1.0_cv1=0.5_p=1_q=32_20260127-001903
3200,1.0,0.5,1,32,posthoc,fz,var,0.0020703913,n=3200_bz=1.0_cv1=0.5_p=1_q=32_20260127-001903
3200,1.0,0.5,1,32,posthoc,fr,mspe,0.025436245,n=3200_bz=1.0_cv1=0.5_p=1_q=32_20260127-001903
3200,1.0,0.5,1,32,posthoc,fr,bias2,0.021048944,n=3200_bz=1.0_cv1=0.5_p=1_q=32_20260127-001903
3200,1.0,0.5,1,32,posthoc,fr,var,0.004387302,n=3200_bz=1.0_cv1=0.5_p=1_q=32_20260127-001903
3200,1.0,0.5,1,32,posthoc_orth,y,mspe,1.0085495,n=3200_bz=1.0_cv1=0.5_p=1_q=32_20260127-001903
3200,1.0,0.5,1,32,posthoc_orth,y,bias2,1.0039794,n=3200_bz=1.0_cv1=0.5_p=1_q=32_20260127-001903
3200,1.0,0.5,1,32,posthoc_orth,y,var,0.0045700646,n=3200_bz=1.0_cv1=0.5_p=1_q=32_20260127-001903
3200,1.0,0.5,1,32,posthoc_orth,fx,mspe,0.022993168,n=3200_bz=1.0_cv1=0.5_p=1_q=32_20260127-001903
3200,1.0,0.5,1,32,posthoc_orth,fx,bias2,0.019699395,n=3200_bz=1.0_cv1=0.5_p=1_q=32_20260127-001903
3200,1.0,0.5,1,32,posthoc_orth,fx,var,0.0032937722,n=3200_bz=1.0_cv1=0.5_p=1_q=32_20260127-001903
3200,1.0,0.5,1,32,posthoc_orth,fz,mspe,0.020452607,n=3200_bz=1.0_cv1=0.5_p=1_q=32_20260127-001903
3200,1.0,0.5,1,32,posthoc_orth,fz,bias2,0.01950384,n=3200_bz=1.0_cv1=0.5_p=1_q=32_20260127-001903
3200,1.0,0.5,1,32,posthoc_orth,fz,var,0.0009487669,n=3200_bz=1.0_cv1=0.5_p=1_q=32_20260127-001903
3200,1.0,0.5,1,32,posthoc_orth,fr,mspe,0.0035954425,n=3200_bz=1.0_cv1=0.5_p=1_q=32_20260127-001903
3200,1.0,0.5,1,32,posthoc_orth,fr,bias2,0.00030167017,n=3200_bz=1.0_cv1=0.5_p=1_q=32_20260127-001903
3200,1.0,0.5,1,32,posthoc_orth,fr,var,0.0032937722,n=3200_bz=1.0_cv1=0.5_p=1_q=32_20260127-001903
3200,1.0,0.6,1,32,base,y,mspe,1.0450318,n=3200_bz=1.0_cv1=0.6_p=1_q=32_20260127-002303
3200,1.0,0.6,1,32,base,y,bias2,1.0414109,n=3200_bz=1.0_cv1=0.6_p=1_q=32_20260127-002303
3200,1.0,0.6,1,32,base,y,var,0.0036207584,n=3200_bz=1.0_cv1=0.6_p=1_q=32_20260127-002303
3200,1.0,0.6,1,32,base,fx,mspe,0.062228017,n=3200_bz=1.0_cv1=0.6_p=1_q=32_20260127-002303
3200,1.0,0.6,1,32,base,fx,bias2,0.05956912,n=3200_bz=1.0_cv1=0.6_p=1_q=32_20260127-002303
3200,1.0,0.6,1,32,base,fx,var,0.0026588917,n=3200_bz=1.0_cv1=0.6_p=1_q=32_20260127-002303
3200,1.0,0.6,1,32,base,fz,mspe,0.07795459,n=3200_bz=1.0_cv1=0.6_p=1_q=32_20260127-002303
3200,1.0,0.6,1,32,base,fz,bias2,0.07795459,n=3200_bz=1.0_cv1=0.6_p=1_q=32_20260127-002303
3200,1.0,0.6,1,32,base,fz,var,0.0,n=3200_bz=1.0_cv1=0.6_p=1_q=32_20260127-002303
3200,1.0,0.6,1,32,base,fr,mspe,0.14076406,n=3200_bz=1.0_cv1=0.6_p=1_q=32_20260127-002303
3200,1.0,0.6,1,32,base,fr,bias2,0.13810515,n=3200_bz=1.0_cv1=0.6_p=1_q=32_20260127-002303
3200,1.0,0.6,1,32,base,fr,var,0.0026588917,n=3200_bz=1.0_cv1=0.6_p=1_q=32_20260127-002303
3200,1.0,0.6,1,32,posthoc,y,mspe,1.0087508,n=3200_bz=1.0_cv1=0.6_p=1_q=32_20260127-002303
3200,1.0,0.6,1,32,posthoc,y,bias2,1.0041679,n=3200_bz=1.0_cv1=0.6_p=1_q=32_20260127-002303
3200,1.0,0.6,1,32,posthoc,y,var,0.004582863,n=3200_bz=1.0_cv1=0.6_p=1_q=32_20260127-002303
3200,1.0,0.6,1,32,posthoc,fx,mspe,0.0055146883,n=3200_bz=1.0_cv1=0.6_p=1_q=32_20260127-002303
3200,1.0,0.6,1,32,posthoc,fx,bias2,0.00038357294,n=3200_bz=1.0_cv1=0.6_p=1_q=32_20260127-002303
3200,1.0,0.6,1,32,posthoc,fx,var,0.0051311147,n=3200_bz=1.0_cv1=0.6_p=1_q=32_20260127-002303
3200,1.0,0.6,1,32,posthoc,fz,mspe,0.0028602043,n=3200_bz=1.0_cv1=0.6_p=1_q=32_20260127-002303
3200,1.0,0.6,1,32,posthoc,fz,bias2,4.145866e-05,n=3200_bz=1.0_cv1=0.6_p=1_q=32_20260127-002303
3200,1.0,0.6,1,32,posthoc,fz,var,0.0028187453,n=3200_bz=1.0_cv1=0.6_p=1_q=32_20260127-002303
3200,1.0,0.6,1,32,posthoc,fr,mspe,0.026997393,n=3200_bz=1.0_cv1=0.6_p=1_q=32_20260127-002303
3200,1.0,0.6,1,32,posthoc,fr,bias2,0.021866279,n=3200_bz=1.0_cv1=0.6_p=1_q=32_20260127-002303
3200,1.0,0.6,1,32,posthoc,fr,var,0.0051311147,n=3200_bz=1.0_cv1=0.6_p=1_q=32_20260127-002303
3200,1.0,0.6,1,32,posthoc_orth,y,mspe,1.0087824,n=3200_bz=1.0_cv1=0.6_p=1_q=32_20260127-002303
3200,1.0,0.6,1,32,posthoc_orth,y,bias2,1.0041966,n=3200_bz=1.0_cv1=0.6_p=1_q=32_20260127-002303
3200,1.0,0.6,1,32,posthoc_orth,y,var,0.0045857546,n=3200_bz=1.0_cv1=0.6_p=1_q=32_20260127-002303
3200,1.0,0.6,1,32,posthoc_orth,fx,mspe,0.022958709,n=3200_bz=1.0_cv1=0.6_p=1_q=32_20260127-002303
3200,1.0,0.6,1,32,posthoc_orth,fx,bias2,0.019644773,n=3200_bz=1.0_cv1=0.6_p=1_q=32_20260127-002303
3200,1.0,0.6,1,32,posthoc_orth,fx,var,0.0033139358,n=3200_bz=1.0_cv1=0.6_p=1_q=32_20260127-002303
3200,1.0,0.6,1,32,posthoc_orth,fz,mspe,0.020452624,n=3200_bz=1.0_cv1=0.6_p=1_q=32_20260127-002303
3200,1.0,0.6,1,32,posthoc_orth,fz,bias2,0.019503856,n=3200_bz=1.0_cv1=0.6_p=1_q=32_20260127-002303
3200,1.0,0.6,1,32,posthoc_orth,fz,var,0.00094876735,n=3200_bz=1.0_cv1=0.6_p=1_q=32_20260127-002303
3200,1.0,0.6,1,32,posthoc_orth,fr,mspe,0.003652961,n=3200_bz=1.0_cv1=0.6_p=1_q=32_20260127-002303
3200,1.0,0.6,1,32,posthoc_orth,fr,bias2,0.0003390254,n=3200_bz=1.0_cv1=0.6_p=1_q=32_20260127-002303
3200,1.0,0.6,1,32,posthoc_orth,fr,var,0.0033139358,n=3200_bz=1.0_cv1=0.6_p=1_q=32_20260127-002303
3200,1.0,0.7,1,32,base,y,mspe,1.0319632,n=3200_bz=1.0_cv1=0.7_p=1_q=32_20260127-002702
3200,1.0,0.7,1,32,base,y,bias2,1.0283186,n=3200_bz=1.0_cv1=0.7_p=1_q=32_20260127-002702
3200,1.0,0.7,1,32,base,y,var,0.0036444268,n=3200_bz=1.0_cv1=0.7_p=1_q=32_20260127-002702
3200,1.0,0.7,1,32,base,fx,mspe,0.07028031,n=3200_bz=1.0_cv1=0.7_p=1_q=32_20260127-002702
3200,1.0,0.7,1,32,base,fx,bias2,0.0675466,n=3200_bz=1.0_cv1=0.7_p=1_q=32_20260127-002702
3200,1.0,0.7,1,32,base,fx,var,0.0027337081,n=3200_bz=1.0_cv1=0.7_p=1_q=32_20260127-002702
3200,1.0,0.7,1,32,base,fz,mspe,0.07795459,n=3200_bz=1.0_cv1=0.7_p=1_q=32_20260127-002702
3200,1.0,0.7,1,32,base,fz,bias2,0.07795459,n=3200_bz=1.0_cv1=0.7_p=1_q=32_20260127-002702
3200,1.0,0.7,1,32,base,fz,var,0.0,n=3200_bz=1.0_cv1=0.7_p=1_q=32_20260127-002702
3200,1.0,0.7,1,32,base,fr,mspe,0.15699065,n=3200_bz=1.0_cv1=0.7_p=1_q=32_20260127-002702
3200,1.0,0.7,1,32,base,fr,bias2,0.15425694,n=3200_bz=1.0_cv1=0.7_p=1_q=32_20260127-002702
3200,1.0,0.7,1,32,base,fr,var,0.0027337081,n=3200_bz=1.0_cv1=0.7_p=1_q=32_20260127-002702
3200,1.0,0.7,1,32,posthoc,y,mspe,1.0088598,n=3200_bz=1.0_cv1=0.7_p=1_q=32_20260127-002702
3200,1.0,0.7,1,32,posthoc,y,bias2,1.0040944,n=3200_bz=1.0_cv1=0.7_p=1_q=32_20260127-002702
3200,1.0,0.7,1,32,posthoc,y,var,0.0047653527,n=3200_bz=1.0_cv1=0.7_p=1_q=32_20260127-002702
3200,1.0,0.7,1,32,posthoc,fx,mspe,0.007605542,n=3200_bz=1.0_cv1=0.7_p=1_q=32_20260127-002702
3200,1.0,0.7,1,32,posthoc,fx,bias2,0.000433838,n=3200_bz=1.0_cv1=0.7_p=1_q=32_20260127-002702
3200,1.0,0.7,1,32,posthoc,fx,var,0.007171704,n=3200_bz=1.0_cv1=0.7_p=1_q=32_20260127-002702
3200,1.0,0.7,1,32,posthoc,fz,mspe,0.004877229,n=3200_bz=1.0_cv1=0.7_p=1_q=32_20260127-002702
3200,1.0,0.7,1,32,posthoc,fz,bias2,0.00013513374,n=3200_bz=1.0_cv1=0.7_p=1_q=32_20260127-002702
3200,1.0,0.7,1,32,posthoc,fz,var,0.004742096,n=3200_bz=1.0_cv1=0.7_p=1_q=32_20260127-002702
3200,1.0,0.7,1,32,posthoc,fr,mspe,0.030571066,n=3200_bz=1.0_cv1=0.7_p=1_q=32_20260127-002702
3200,1.0,0.7,1,32,posthoc,fr,bias2,0.02339936,n=3200_bz=1.0_cv1=0.7_p=1_q=32_20260127-002702
3200,1.0,0.7,1,32,posthoc,fr,var,0.007171704,n=3200_bz=1.0_cv1=0.7_p=1_q=32_20260127-002702
3200,1.0,0.7,1,32,posthoc_orth,y,mspe,1.0088974,n=3200_bz=1.0_cv1=0.7_p=1_q=32_20260127-002702
3200,1.0,0.7,1,32,posthoc_orth,y,bias2,1.0041215,n=3200_bz=1.0_cv1=0.7_p=1_q=32_20260127-002702
3200,1.0,0.7,1,32,posthoc_orth,y,var,0.004775924,n=3200_bz=1.0_cv1=0.7_p=1_q=32_20260127-002702
3200,1.0,0.7,1,32,posthoc_orth,fx,mspe,0.023059344,n=3200_bz=1.0_cv1=0.7_p=1_q=32_20260127-002702
3200,1.0,0.7,1,32,posthoc_orth,fx,bias2,0.019553917,n=3200_bz=1.0_cv1=0.7_p=1_q=32_20260127-002702
3200,1.0,0.7,1,32,posthoc_orth,fx,var,0.003505426,n=3200_bz=1.0_cv1=0.7_p=1_q=32_20260127-002702
3200,1.0,0.7,1,32,posthoc_orth,fz,mspe,0.02045263,n=3200_bz=1.0_cv1=0.7_p=1_q=32_20260127-002702
3200,1.0,0.7,1,32,posthoc_orth,fz,bias2,0.01950386,n=3200_bz=1.0_cv1=0.7_p=1_q=32_20260127-002702
3200,1.0,0.7,1,32,posthoc_orth,fz,var,0.00094877015,n=3200_bz=1.0_cv1=0.7_p=1_q=32_20260127-002702
3200,1.0,0.7,1,32,posthoc_orth,fr,mspe,0.0037860118,n=3200_bz=1.0_cv1=0.7_p=1_q=32_20260127-002702
3200,1.0,0.7,1,32,posthoc_orth,fr,bias2,0.0002805857,n=3200_bz=1.0_cv1=0.7_p=1_q=32_20260127-002702
3200,1.0,0.7,1,32,posthoc_orth,fr,var,0.003505426,n=3200_bz=1.0_cv1=0.7_p=1_q=32_20260127-002702
3200,1.0,0.8,1,32,base,y,mspe,1.0205611,n=3200_bz=1.0_cv1=0.8_p=1_q=32_20260127-003101
3200,1.0,0.8,1,32,base,y,bias2,1.0169882,n=3200_bz=1.0_cv1=0.8_p=1_q=32_20260127-003101
3200,1.0,0.8,1,32,base,y,var,0.003572976,n=3200_bz=1.0_cv1=0.8_p=1_q=32_20260127-003101
3200,1.0,0.8,1,32,base,fx,mspe,0.07619641,n=3200_bz=1.0_cv1=0.8_p=1_q=32_20260127-003101
3200,1.0,0.8,1,32,base,fx,bias2,0.07335229,n=3200_bz=1.0_cv1=0.8_p=1_q=32_20260127-003101
3200,1.0,0.8,1,32,base,fx,var,0.0028441213,n=3200_bz=1.0_cv1=0.8_p=1_q=32_20260127-003101
3200,1.0,0.8,1,32,base,fz,mspe,0.07795459,n=3200_bz=1.0_cv1=0.8_p=1_q=32_20260127-003101
3200,1.0,0.8,1,32,base,fz,bias2,0.07795459,n=3200_bz=1.0_cv1=0.8_p=1_q=32_20260127-003101
3200,1.0,0.8,1,32,base,fz,var,0.0,n=3200_bz=1.0_cv1=0.8_p=1_q=32_20260127-003101
3200,1.0,0.8,1,32,base,fr,mspe,0.16892925,n=3200_bz=1.0_cv1=0.8_p=1_q=32_20260127-003101
3200,1.0,0.8,1,32,base,fr,bias2,0.16608512,n=3200_bz=1.0_cv1=0.8_p=1_q=32_20260127-003101
3200,1.0,0.8,1,32,base,fr,var,0.0028441213,n=3200_bz=1.0_cv1=0.8_p=1_q=32_20260127-003101
3200,1.0,0.8,1,32,posthoc,y,mspe,1.0097024,n=3200_bz=1.0_cv1=0.8_p=1_q=32_20260127-003101
3200,1.0,0.8,1,32,posthoc,y,bias2,1.0048628,n=3200_bz=1.0_cv1=0.8_p=1_q=32_20260127-003101
3200,1.0,0.8,1,32,posthoc,y,var,0.004839683,n=3200_bz=1.0_cv1=0.8_p=1_q=32_20260127-003101
3200,1.0,0.8,1,32,posthoc,fx,mspe,0.018670572,n=3200_bz=1.0_cv1=0.8_p=1_q=32_20260127-003101
3200,1.0,0.8,1,32,posthoc,fx,bias2,0.0024335322,n=3200_bz=1.0_cv1=0.8_p=1_q=32_20260127-003101
3200,1.0,0.8,1,32,posthoc,fx,var,0.01623704,n=3200_bz=1.0_cv1=0.8_p=1_q=32_20260127-003101
3200,1.0,0.8,1,32,posthoc,fz,mspe,0.016161492,n=3200_bz=1.0_cv1=0.8_p=1_q=32_20260127-003101
3200,1.0,0.8,1,32,posthoc,fz,bias2,0.0019349792,n=3200_bz=1.0_cv1=0.8_p=1_q=32_20260127-003101
3200,1.0,0.8,1,32,posthoc,fz,var,0.014226512,n=3200_bz=1.0_cv1=0.8_p=1_q=32_20260127-003101
3200,1.0,0.8,1,32,posthoc,fr,mspe,0.050762724,n=3200_bz=1.0_cv1=0.8_p=1_q=32_20260127-003101
3200,1.0,0.8,1,32,posthoc,fr,bias2,0.034525685,n=3200_bz=1.0_cv1=0.8_p=1_q=32_20260127-003101
3200,1.0,0.8,1,32,posthoc,fr,var,0.01623704,n=3200_bz=1.0_cv1=0.8_p=1_q=32_20260127-003101
3200,1.0,0.8,1,32,posthoc_orth,y,mspe,1.0096295,n=3200_bz=1.0_cv1=0.8_p=1_q=32_20260127-003101
3200,1.0,0.8,1,32,posthoc_orth,y,bias2,1.0048221,n=3200_bz=1.0_cv1=0.8_p=1_q=32_20260127-003101
3200,1.0,0.8,1,32,posthoc_orth,y,var,0.0048074233,n=3200_bz=1.0_cv1=0.8_p=1_q=32_20260127-003101
3200,1.0,0.8,1,32,posthoc_orth,fx,mspe,0.023123832,n=3200_bz=1.0_cv1=0.8_p=1_q=32_20260127-003101
3200,1.0,0.8,1,32,posthoc_orth,fx,bias2,0.019581284,n=3200_bz=1.0_cv1=0.8_p=1_q=32_20260127-003101
3200,1.0,0.8,1,32,posthoc_orth,fx,var,0.0035425492,n=3200_bz=1.0_cv1=0.8_p=1_q=32_20260127-003101
3200,1.0,0.8,1,32,posthoc_orth,fz,mspe,0.020452632,n=3200_bz=1.0_cv1=0.8_p=1_q=32_20260127-003101
3200,1.0,0.8,1,32,posthoc_orth,fz,bias2,0.019503865,n=3200_bz=1.0_cv1=0.8_p=1_q=32_20260127-003101
3200,1.0,0.8,1,32,posthoc_orth,fz,var,0.00094876805,n=3200_bz=1.0_cv1=0.8_p=1_q=32_20260127-003101
3200,1.0,0.8,1,32,posthoc_orth,fr,mspe,0.0039411397,n=3200_bz=1.0_cv1=0.8_p=1_q=32_20260127-003101
3200,1.0,0.8,1,32,posthoc_orth,fr,bias2,0.00039859046,n=3200_bz=1.0_cv1=0.8_p=1_q=32_20260127-003101
3200,1.0,0.8,1,32,posthoc_orth,fr,var,0.0035425492,n=3200_bz=1.0_cv1=0.8_p=1_q=32_20260127-003101
3200,1.0,0.9,1,32,base,y,mspe,1.0122391,n=3200_bz=1.0_cv1=0.9_p=1_q=32_20260127-003453
3200,1.0,0.9,1,32,base,y,bias2,1.008778,n=3200_bz=1.0_cv1=0.9_p=1_q=32_20260127-003453
3200,1.0,0.9,1,32,base,y,var,0.0034610543,n=3200_bz=1.0_cv1=0.9_p=1_q=32_20260127-003453
3200,1.0,0.9,1,32,base,fx,mspe,0.07792124,n=3200_bz=1.0_cv1=0.9_p=1_q=32_20260127-003453
3200,1.0,0.9,1,32,base,fx,bias2,0.07526463,n=3200_bz=1.0_cv1=0.9_p=1_q=32_20260127-003453
3200,1.0,0.9,1,32,base,fx,var,0.002656604,n=3200_bz=1.0_cv1=0.9_p=1_q=32_20260127-003453
3200,1.0,0.9,1,32,base,fz,mspe,0.07795459,n=3200_bz=1.0_cv1=0.9_p=1_q=32_20260127-003453
3200,1.0,0.9,1,32,base,fz,bias2,0.07795459,n=3200_bz=1.0_cv1=0.9_p=1_q=32_20260127-003453
3200,1.0,0.9,1,32,base,fz,var,0.0,n=3200_bz=1.0_cv1=0.9_p=1_q=32_20260127-003453
3200,1.0,0.9,1,32,base,fr,mspe,0.17328806,n=3200_bz=1.0_cv1=0.9_p=1_q=32_20260127-003453
3200,1.0,0.9,1,32,base,fr,bias2,0.17063145,n=3200_bz=1.0_cv1=0.9_p=1_q=32_20260127-003453
3200,1.0,0.9,1,32,base,fr,var,0.002656604,n=3200_bz=1.0_cv1=0.9_p=1_q=32_20260127-003453
3200,1.0,0.9,1,32,posthoc,y,mspe,1.0101669,n=3200_bz=1.0_cv1=0.9_p=1_q=32_20260127-003453
3200,1.0,0.9,1,32,posthoc,y,bias2,1.0060664,n=3200_bz=1.0_cv1=0.9_p=1_q=32_20260127-003453
3200,1.0,0.9,1,32,posthoc,y,var,0.0041004242,n=3200_bz=1.0_cv1=0.9_p=1_q=32_20260127-003453
3200,1.0,0.9,1,32,posthoc,fx,mspe,0.057378087,n=3200_bz=1.0_cv1=0.9_p=1_q=32_20260127-003453
3200,1.0,0.9,1,32,posthoc,fx,bias2,0.027576992,n=3200_bz=1.0_cv1=0.9_p=1_q=32_20260127-003453
3200,1.0,0.9,1,32,posthoc,fx,var,0.029801093,n=3200_bz=1.0_cv1=0.9_p=1_q=32_20260127-003453
3200,1.0,0.9,1,32,posthoc,fz,mspe,0.054471936,n=3200_bz=1.0_cv1=0.9_p=1_q=32_20260127-003453
3200,1.0,0.9,1,32,posthoc,fz,bias2,0.026488313,n=3200_bz=1.0_cv1=0.9_p=1_q=32_20260127-003453
3200,1.0,0.9,1,32,posthoc,fz,var,0.02798363,n=3200_bz=1.0_cv1=0.9_p=1_q=32_20260127-003453
3200,1.0,0.9,1,32,posthoc,fr,mspe,0.122681275,n=3200_bz=1.0_cv1=0.9_p=1_q=32_20260127-003453
3200,1.0,0.9,1,32,posthoc,fr,bias2,0.092880175,n=3200_bz=1.0_cv1=0.9_p=1_q=32_20260127-003453
3200,1.0,0.9,1,32,posthoc,fr,var,0.029801093,n=3200_bz=1.0_cv1=0.9_p=1_q=32_20260127-003453
3200,1.0,0.9,1,32,posthoc_orth,y,mspe,1.0101982,n=3200_bz=1.0_cv1=0.9_p=1_q=32_20260127-003453
3200,1.0,0.9,1,32,posthoc_orth,y,bias2,1.0061057,n=3200_bz=1.0_cv1=0.9_p=1_q=32_20260127-003453
3200,1.0,0.9,1,32,posthoc_orth,y,var,0.0040925425,n=3200_bz=1.0_cv1=0.9_p=1_q=32_20260127-003453
3200,1.0,0.9,1,32,posthoc_orth,fx,mspe,0.022617625,n=3200_bz=1.0_cv1=0.9_p=1_q=32_20260127-003453
3200,1.0,0.9,1,32,posthoc_orth,fx,bias2,0.019794568,n=3200_bz=1.0_cv1=0.9_p=1_q=32_20260127-003453
3200,1.0,0.9,1,32,posthoc_orth,fx,var,0.002823056,n=3200_bz=1.0_cv1=0.9_p=1_q=32_20260127-003453
3200,1.0,0.9,1,32,posthoc_orth,fz,mspe,0.020452645,n=3200_bz=1.0_cv1=0.9_p=1_q=32_20260127-003453
3200,1.0,0.9,1,32,posthoc_orth,fz,bias2,0.019503875,n=3200_bz=1.0_cv1=0.9_p=1_q=32_20260127-003453
3200,1.0,0.9,1,32,posthoc_orth,fz,var,0.0009487693,n=3200_bz=1.0_cv1=0.9_p=1_q=32_20260127-003453
3200,1.0,0.9,1,32,posthoc_orth,fr,mspe,0.0034879928,n=3200_bz=1.0_cv1=0.9_p=1_q=32_20260127-003453
3200,1.0,0.9,1,32,posthoc_orth,fr,bias2,0.00066493655,n=3200_bz=1.0_cv1=0.9_p=1_q=32_20260127-003453
3200,1.0,0.9,1,32,posthoc_orth,fr,var,0.002823056,n=3200_bz=1.0_cv1=0.9_p=1_q=32_20260127-003453
3200,1.0,0.0,1,32,base,y,mspe,1.0635552,n=3200_bz=1.0_cv1=0_p=1_q=32_20260126-235840
3200,1.0,0.0,1,32,base,y,bias2,1.0598111,n=3200_bz=1.0_cv1=0_p=1_q=32_20260126-235840
3200,1.0,0.0,1,32,base,y,var,0.0037442592,n=3200_bz=1.0_cv1=0_p=1_q=32_20260126-235840
3200,1.0,0.0,1,32,base,fx,mspe,0.038113326,n=3200_bz=1.0_cv1=0_p=1_q=32_20260126-235840
3200,1.0,0.0,1,32,base,fx,bias2,0.035444796,n=3200_bz=1.0_cv1=0_p=1_q=32_20260126-235840
3200,1.0,0.0,1,32,base,fx,var,0.0026685335,n=3200_bz=1.0_cv1=0_p=1_q=32_20260126-235840
3200,1.0,0.0,1,32,base,fz,mspe,0.07795459,n=3200_bz=1.0_cv1=0_p=1_q=32_20260126-235840
3200,1.0,0.0,1,32,base,fz,bias2,0.07795459,n=3200_bz=1.0_cv1=0_p=1_q=32_20260126-235840
3200,1.0,0.0,1,32,base,fz,var,0.0,n=3200_bz=1.0_cv1=0_p=1_q=32_20260126-235840
3200,1.0,0.0,1,32,base,fr,mspe,0.09281137,n=3200_bz=1.0_cv1=0_p=1_q=32_20260126-235840
3200,1.0,0.0,1,32,base,fr,bias2,0.09014283,n=3200_bz=1.0_cv1=0_p=1_q=32_20260126-235840
3200,1.0,0.0,1,32,base,fr,var,0.0026685335,n=3200_bz=1.0_cv1=0_p=1_q=32_20260126-235840
3200,1.0,0.0,1,32,posthoc,y,mspe,1.0074214,n=3200_bz=1.0_cv1=0_p=1_q=32_20260126-235840
3200,1.0,0.0,1,32,posthoc,y,bias2,1.0026865,n=3200_bz=1.0_cv1=0_p=1_q=32_20260126-235840
3200,1.0,0.0,1,32,posthoc,y,var,0.0047349087,n=3200_bz=1.0_cv1=0_p=1_q=32_20260126-235840
3200,1.0,0.0,1,32,posthoc,fx,mspe,0.0042716605,n=3200_bz=1.0_cv1=0_p=1_q=32_20260126-235840
3200,1.0,0.0,1,32,posthoc,fx,bias2,0.00028645285,n=3200_bz=1.0_cv1=0_p=1_q=32_20260126-235840
3200,1.0,0.0,1,32,posthoc,fx,var,0.0039852075,n=3200_bz=1.0_cv1=0_p=1_q=32_20260126-235840
3200,1.0,0.0,1,32,posthoc,fz,mspe,0.0014412522,n=3200_bz=1.0_cv1=0_p=1_q=32_20260126-235840
3200,1.0,0.0,1,32,posthoc,fz,bias2,2.6060297e-06,n=3200_bz=1.0_cv1=0_p=1_q=32_20260126-235840
3200,1.0,0.0,1,32,posthoc,fz,var,0.0014386461,n=3200_bz=1.0_cv1=0_p=1_q=32_20260126-235840
3200,1.0,0.0,1,32,posthoc,fr,mspe,0.024311606,n=3200_bz=1.0_cv1=0_p=1_q=32_20260126-235840
3200,1.0,0.0,1,32,posthoc,fr,bias2,0.020326398,n=3200_bz=1.0_cv1=0_p=1_q=32_20260126-235840
3200,1.0,0.0,1,32,posthoc,fr,var,0.0039852075,n=3200_bz=1.0_cv1=0_p=1_q=32_20260126-235840
3200,1.0,0.0,1,32,posthoc_orth,y,mspe,1.0073735,n=3200_bz=1.0_cv1=0_p=1_q=32_20260126-235840
3200,1.0,0.0,1,32,posthoc_orth,y,bias2,1.0026883,n=3200_bz=1.0_cv1=0_p=1_q=32_20260126-235840
3200,1.0,0.0,1,32,posthoc_orth,y,var,0.0046851863,n=3200_bz=1.0_cv1=0_p=1_q=32_20260126-235840
3200,1.0,0.0,1,32,posthoc_orth,fx,mspe,0.023087049,n=3200_bz=1.0_cv1=0_p=1_q=32_20260126-235840
3200,1.0,0.0,1,32,posthoc_orth,fx,bias2,0.019656358,n=3200_bz=1.0_cv1=0_p=1_q=32_20260126-235840
3200,1.0,0.0,1,32,posthoc_orth,fx,var,0.0034306915,n=3200_bz=1.0_cv1=0_p=1_q=32_20260126-235840
3200,1.0,0.0,1,32,posthoc_orth,fz,mspe,0.02045261,n=3200_bz=1.0_cv1=0_p=1_q=32_20260126-235840
3200,1.0,0.0,1,32,posthoc_orth,fz,bias2,0.01950384,n=3200_bz=1.0_cv1=0_p=1_q=32_20260126-235840
3200,1.0,0.0,1,32,posthoc_orth,fz,var,0.0009487703,n=3200_bz=1.0_cv1=0_p=1_q=32_20260126-235840
3200,1.0,0.0,1,32,posthoc_orth,fr,mspe,0.0037228453,n=3200_bz=1.0_cv1=0_p=1_q=32_20260126-235840
3200,1.0,0.0,1,32,posthoc_orth,fr,bias2,0.00029215426,n=3200_bz=1.0_cv1=0_p=1_q=32_20260126-235840
3200,1.0,0.0,1,32,posthoc_orth,fr,var,0.0034306915,n=3200_bz=1.0_cv1=0_p=1_q=32_20260126-235840
3200,1.0,1.0,1,32,base,y,mspe,1.0076641,n=3200_bz=1.0_cv1=1.0_p=1_q=32_20260127-003857
3200,1.0,1.0,1,32,base,y,bias2,1.0043863,n=3200_bz=1.0_cv1=1.0_p=1_q=32_20260127-003857
3200,1.0,1.0,1,32,base,y,var,0.0032778215,n=3200_bz=1.0_cv1=1.0_p=1_q=32_20260127-003857
3200,1.0,1.0,1,32,base,fx,mspe,0.07960105,n=3200_bz=1.0_cv1=1.0_p=1_q=32_20260127-003857
3200,1.0,1.0,1,32,base,fx,bias2,0.07700052,n=3200_bz=1.0_cv1=1.0_p=1_q=32_20260127-003857
3200,1.0,1.0,1,32,base,fx,var,0.0026005222,n=3200_bz=1.0_cv1=1.0_p=1_q=32_20260127-003857
3200,1.0,1.0,1,32,base,fz,mspe,0.07795459,n=3200_bz=1.0_cv1=1.0_p=1_q=32_20260127-003857
3200,1.0,1.0,1,32,base,fz,bias2,0.07795459,n=3200_bz=1.0_cv1=1.0_p=1_q=32_20260127-003857
3200,1.0,1.0,1,32,base,fz,var,0.0,n=3200_bz=1.0_cv1=1.0_p=1_q=32_20260127-003857
3200,1.0,1.0,1,32,base,fr,mspe,0.17625809,n=3200_bz=1.0_cv1=1.0_p=1_q=32_20260127-003857
3200,1.0,1.0,1,32,base,fr,bias2,0.17365757,n=3200_bz=1.0_cv1=1.0_p=1_q=32_20260127-003857
3200,1.0,1.0,1,32,base,fr,var,0.0026005222,n=3200_bz=1.0_cv1=1.0_p=1_q=32_20260127-003857
3200,1.0,1.0,1,32,posthoc,y,mspe,1.008145,n=3200_bz=1.0_cv1=1.0_p=1_q=32_20260127-003857
3200,1.0,1.0,1,32,posthoc,y,bias2,1.0043426,n=3200_bz=1.0_cv1=1.0_p=1_q=32_20260127-003857
3200,1.0,1.0,1,32,posthoc,y,var,0.0038025565,n=3200_bz=1.0_cv1=1.0_p=1_q=32_20260127-003857
3200,1.0,1.0,1,32,posthoc,fx,mspe,0.07966571,n=3200_bz=1.0_cv1=1.0_p=1_q=32_20260127-003857
3200,1.0,1.0,1,32,posthoc,fx,bias2,0.0670531,n=3200_bz=1.0_cv1=1.0_p=1_q=32_20260127-003857
3200,1.0,1.0,1,32,posthoc,fx,var,0.012612607,n=3200_bz=1.0_cv1=1.0_p=1_q=32_20260127-003857
3200,1.0,1.0,1,32,posthoc,fz,mspe,0.076245755,n=3200_bz=1.0_cv1=1.0_p=1_q=32_20260127-003857
3200,1.0,1.0,1,32,posthoc,fz,bias2,0.06601412,n=3200_bz=1.0_cv1=1.0_p=1_q=32_20260127-003857
3200,1.0,1.0,1,32,posthoc,fz,var,0.010231628,n=3200_bz=1.0_cv1=1.0_p=1_q=32_20260127-003857
3200,1.0,1.0,1,32,posthoc,fr,mspe,0.17123058,n=3200_bz=1.0_cv1=1.0_p=1_q=32_20260127-003857
3200,1.0,1.0,1,32,posthoc,fr,bias2,0.15861797,n=3200_bz=1.0_cv1=1.0_p=1_q=32_20260127-003857
3200,1.0,1.0,1,32,posthoc,fr,var,0.012612607,n=3200_bz=1.0_cv1=1.0_p=1_q=32_20260127-003857
3200,1.0,1.0,1,32,posthoc_orth,y,mspe,1.0081857,n=3200_bz=1.0_cv1=1.0_p=1_q=32_20260127-003857
3200,1.0,1.0,1,32,posthoc_orth,y,bias2,1.004408,n=3200_bz=1.0_cv1=1.0_p=1_q=32_20260127-003857
3200,1.0,1.0,1,32,posthoc_orth,y,var,0.0037776707,n=3200_bz=1.0_cv1=1.0_p=1_q=32_20260127-003857
3200,1.0,1.0,1,32,posthoc_orth,fx,mspe,0.022087708,n=3200_bz=1.0_cv1=1.0_p=1_q=32_20260127-003857
3200,1.0,1.0,1,32,posthoc_orth,fx,bias2,0.019563938,n=3200_bz=1.0_cv1=1.0_p=1_q=32_20260127-003857
3200,1.0,1.0,1,32,posthoc_orth,fx,var,0.002523774,n=3200_bz=1.0_cv1=1.0_p=1_q=32_20260127-003857
3200,1.0,1.0,1,32,posthoc_orth,fz,mspe,0.020452634,n=3200_bz=1.0_cv1=1.0_p=1_q=32_20260127-003857
3200,1.0,1.0,1,32,posthoc_orth,fz,bias2,0.019503867,n=3200_bz=1.0_cv1=1.0_p=1_q=32_20260127-003857
3200,1.0,1.0,1,32,posthoc_orth,fz,var,0.0009487672,n=3200_bz=1.0_cv1=1.0_p=1_q=32_20260127-003857
3200,1.0,1.0,1,32,posthoc_orth,fr,mspe,0.0029369364,n=3200_bz=1.0_cv1=1.0_p=1_q=32_20260127-003857
3200,1.0,1.0,1,32,posthoc_orth,fr,bias2,0.00041316226,n=3200_bz=1.0_cv1=1.0_p=1_q=32_20260127-003857
3200,1.0,1.0,1,32,posthoc_orth,fr,var,0.002523774,n=3200_bz=1.0_cv1=1.0_p=1_q=32_20260127-003857
400,1.0,0.1,1,32,base,y,mspe,1.0892379,n=400_bz=1.0_cv1=0.1_p=1_q=32_20260126-230745
400,1.0,0.1,1,32,base,y,bias2,1.063007,n=400_bz=1.0_cv1=0.1_p=1_q=32_20260126-230745
400,1.0,0.1,1,32,base,y,var,0.026230823,n=400_bz=1.0_cv1=0.1_p=1_q=32_20260126-230745
400,1.0,0.1,1,32,base,fx,mspe,0.048020557,n=400_bz=1.0_cv1=0.1_p=1_q=32_20260126-230745
400,1.0,0.1,1,32,base,fx,bias2,0.024320107,n=400_bz=1.0_cv1=0.1_p=1_q=32_20260126-230745
400,1.0,0.1,1,32,base,fx,var,0.023700451,n=400_bz=1.0_cv1=0.1_p=1_q=32_20260126-230745
400,1.0,0.1,1,32,base,fz,mspe,0.07795459,n=400_bz=1.0_cv1=0.1_p=1_q=32_20260126-230745
400,1.0,0.1,1,32,base,fz,bias2,0.07795459,n=400_bz=1.0_cv1=0.1_p=1_q=32_20260126-230745
400,1.0,0.1,1,32,base,fz,var,0.0,n=400_bz=1.0_cv1=0.1_p=1_q=32_20260126-230745
400,1.0,0.1,1,32,base,fr,mspe,0.096980594,n=400_bz=1.0_cv1=0.1_p=1_q=32_20260126-230745
400,1.0,0.1,1,32,base,fr,bias2,0.07328013,n=400_bz=1.0_cv1=0.1_p=1_q=32_20260126-230745
400,1.0,0.1,1,32,base,fr,var,0.023700451,n=400_bz=1.0_cv1=0.1_p=1_q=32_20260126-230745
400,1.0,0.1,1,32,posthoc,y,mspe,1.0276723,n=400_bz=1.0_cv1=0.1_p=1_q=32_20260126-230745
400,1.0,0.1,1,32,posthoc,y,bias2,1.001998,n=400_bz=1.0_cv1=0.1_p=1_q=32_20260126-230745
400,1.0,0.1,1,32,posthoc,y,var,0.025674539,n=400_bz=1.0_cv1=0.1_p=1_q=32_20260126-230745
400,1.0,0.1,1,32,posthoc,fx,mspe,0.020587625,n=400_bz=1.0_cv1=0.1_p=1_q=32_20260126-230745
400,1.0,0.1,1,32,posthoc,fx,bias2,0.0012856814,n=400_bz=1.0_cv1=0.1_p=1_q=32_20260126-230745
400,1.0,0.1,1,32,posthoc,fx,var,0.019301943,n=400_bz=1.0_cv1=0.1_p=1_q=32_20260126-230745
400,1.0,0.1,1,32,posthoc,fz,mspe,0.01157193,n=400_bz=1.0_cv1=0.1_p=1_q=32_20260126-230745
400,1.0,0.1,1,32,posthoc,fz,bias2,7.333344e-05,n=400_bz=1.0_cv1=0.1_p=1_q=32_20260126-230745
400,1.0,0.1,1,32,posthoc,fz,var,0.0114985965,n=400_bz=1.0_cv1=0.1_p=1_q=32_20260126-230745
400,1.0,0.1,1,32,posthoc,fr,mspe,0.041077252,n=400_bz=1.0_cv1=0.1_p=1_q=32_20260126-230745
400,1.0,0.1,1,32,posthoc,fr,bias2,0.02177531,n=400_bz=1.0_cv1=0.1_p=1_q=32_20260126-230745
400,1.0,0.1,1,32,posthoc,fr,var,0.019301943,n=400_bz=1.0_cv1=0.1_p=1_q=32_20260126-230745
400,1.0,0.1,1,32,posthoc_orth,y,mspe,1.02773,n=400_bz=1.0_cv1=0.1_p=1_q=32_20260126-230745
400,1.0,0.1,1,32,posthoc_orth,y,bias2,1.0024292,n=400_bz=1.0_cv1=0.1_p=1_q=32_20260126-230745
400,1.0,0.1,1,32,posthoc_orth,y,var,0.025300877,n=400_bz=1.0_cv1=0.1_p=1_q=32_20260126-230745
400,1.0,0.1,1,32,posthoc_orth,fx,mspe,0.038548015,n=400_bz=1.0_cv1=0.1_p=1_q=32_20260126-230745
400,1.0,0.1,1,32,posthoc_orth,fx,bias2,0.022609787,n=400_bz=1.0_cv1=0.1_p=1_q=32_20260126-230745
400,1.0,0.1,1,32,posthoc_orth,fx,var,0.015938226,n=400_bz=1.0_cv1=0.1_p=1_q=32_20260126-230745
400,1.0,0.1,1,32,posthoc_orth,fz,mspe,0.026776081,n=400_bz=1.0_cv1=0.1_p=1_q=32_20260126-230745
400,1.0,0.1,1,32,posthoc_orth,fz,bias2,0.020098804,n=400_bz=1.0_cv1=0.1_p=1_q=32_20260126-230745
400,1.0,0.1,1,32,posthoc_orth,fz,var,0.006677281,n=400_bz=1.0_cv1=0.1_p=1_q=32_20260126-230745
400,1.0,0.1,1,32,posthoc_orth,fr,mspe,0.01722024,n=400_bz=1.0_cv1=0.1_p=1_q=32_20260126-230745
400,1.0,0.1,1,32,posthoc_orth,fr,bias2,0.0012820149,n=400_bz=1.0_cv1=0.1_p=1_q=32_20260126-230745
400,1.0,0.1,1,32,posthoc_orth,fr,var,0.015938226,n=400_bz=1.0_cv1=0.1_p=1_q=32_20260126-230745
400,1.0,0.2,1,32,base,y,mspe,1.0905566,n=400_bz=1.0_cv1=0.2_p=1_q=32_20260126-230844
400,1.0,0.2,1,32,base,y,bias2,1.0650498,n=400_bz=1.0_cv1=0.2_p=1_q=32_20260126-230844
400,1.0,0.2,1,32,base,y,var,0.025506834,n=400_bz=1.0_cv1=0.2_p=1_q=32_20260126-230844
400,1.0,0.2,1,32,base,fx,mspe,0.048240144,n=400_bz=1.0_cv1=0.2_p=1_q=32_20260126-230844
400,1.0,0.2,1,32,base,fx,bias2,0.025323937,n=400_bz=1.0_cv1=0.2_p=1_q=32_20260126-230844
400,1.0,0.2,1,32,base,fx,var,0.022916207,n=400_bz=1.0_cv1=0.2_p=1_q=32_20260126-230844
400,1.0,0.2,1,32,base,fz,mspe,0.07795459,n=400_bz=1.0_cv1=0.2_p=1_q=32_20260126-230844
400,1.0,0.2,1,32,base,fz,bias2,0.07795459,n=400_bz=1.0_cv1=0.2_p=1_q=32_20260126-230844
400,1.0,0.2,1,32,base,fz,var,0.0,n=400_bz=1.0_cv1=0.2_p=1_q=32_20260126-230844
400,1.0,0.2,1,32,base,fr,mspe,0.09818686,n=400_bz=1.0_cv1=0.2_p=1_q=32_20260126-230844
400,1.0,0.2,1,32,base,fr,bias2,0.07527065,n=400_bz=1.0_cv1=0.2_p=1_q=32_20260126-230844
400,1.0,0.2,1,32,base,fr,var,0.022916207,n=400_bz=1.0_cv1=0.2_p=1_q=32_20260126-230844
400,1.0,0.2,1,32,posthoc,y,mspe,1.0289121,n=400_bz=1.0_cv1=0.2_p=1_q=32_20260126-230844
400,1.0,0.2,1,32,posthoc,y,bias2,1.0037953,n=400_bz=1.0_cv1=0.2_p=1_q=32_20260126-230844
400,1.0,0.2,1,32,posthoc,y,var,0.025116859,n=400_bz=1.0_cv1=0.2_p=1_q=32_20260126-230844
400,1.0,0.2,1,32,posthoc,fx,mspe,0.020252915,n=400_bz=1.0_cv1=0.2_p=1_q=32_20260126-230844
400,1.0,0.2,1,32,posthoc,fx,bias2,0.0013254319,n=400_bz=1.0_cv1=0.2_p=1_q=32_20260126-230844
400,1.0,0.2,1,32,posthoc,fx,var,0.018927485,n=400_bz=1.0_cv1=0.2_p=1_q=32_20260126-230844
400,1.0,0.2,1,32,posthoc,fz,mspe,0.011691547,n=400_bz=1.0_cv1=0.2_p=1_q=32_20260126-230844
400,1.0,0.2,1,32,posthoc,fz,bias2,9.57553e-05,n=400_bz=1.0_cv1=0.2_p=1_q=32_20260126-230844
400,1.0,0.2,1,32,posthoc,fz,var,0.011595791,n=400_bz=1.0_cv1=0.2_p=1_q=32_20260126-230844
400,1.0,0.2,1,32,posthoc,fr,mspe,0.04097809,n=400_bz=1.0_cv1=0.2_p=1_q=32_20260126-230844
400,1.0,0.2,1,32,posthoc,fr,bias2,0.022050604,n=400_bz=1.0_cv1=0.2_p=1_q=32_20260126-230844
400,1.0,0.2,1,32,posthoc,fr,var,0.018927485,n=400_bz=1.0_cv1=0.2_p=1_q=32_20260126-230844
400,1.0,0.2,1,32,posthoc_orth,y,mspe,1.0294938,n=400_bz=1.0_cv1=0.2_p=1_q=32_20260126-230844
400,1.0,0.2,1,32,posthoc_orth,y,bias2,1.0041503,n=400_bz=1.0_cv1=0.2_p=1_q=32_20260126-230844
400,1.0,0.2,1,32,posthoc_orth,y,var,0.025343537,n=400_bz=1.0_cv1=0.2_p=1_q=32_20260126-230844
400,1.0,0.2,1,32,posthoc_orth,fx,mspe,0.038712315,n=400_bz=1.0_cv1=0.2_p=1_q=32_20260126-230844
400,1.0,0.2,1,32,posthoc_orth,fx,bias2,0.022928638,n=400_bz=1.0_cv1=0.2_p=1_q=32_20260126-230844
400,1.0,0.2,1,32,posthoc_orth,fx,var,0.015783682,n=400_bz=1.0_cv1=0.2_p=1_q=32_20260126-230844
400,1.0,0.2,1,32,posthoc_orth,fz,mspe,0.026776081,n=400_bz=1.0_cv1=0.2_p=1_q=32_20260126-230844
400,1.0,0.2,1,32,posthoc_orth,fz,bias2,0.0200988,n=400_bz=1.0_cv1=0.2_p=1_q=32_20260126-230844
400,1.0,0.2,1,32,posthoc_orth,fz,var,0.006677281,n=400_bz=1.0_cv1=0.2_p=1_q=32_20260126-230844
400,1.0,0.2,1,32,posthoc_orth,fr,mspe,0.017323667,n=400_bz=1.0_cv1=0.2_p=1_q=32_20260126-230844
400,1.0,0.2,1,32,posthoc_orth,fr,bias2,0.0015399867,n=400_bz=1.0_cv1=0.2_p=1_q=32_20260126-230844
400,1.0,0.2,1,32,posthoc_orth,fr,var,0.015783682,n=400_bz=1.0_cv1=0.2_p=1_q=32_20260126-230844
400,1.0,0.3,1,32,base,y,mspe,1.0914547,n=400_bz=1.0_cv1=0.3_p=1_q=32_20260126-230946
400,1.0,0.3,1,32,base,y,bias2,1.0664456,n=400_bz=1.0_cv1=0.3_p=1_q=32_20260126-230946
400,1.0,0.3,1,32,base,y,var,0.02500916,n=400_bz=1.0_cv1=0.3_p=1_q=32_20260126-230946
400,1.0,0.3,1,32,base,fx,mspe,0.050092615,n=400_bz=1.0_cv1=0.3_p=1_q=32_20260126-230946
400,1.0,0.3,1,32,base,fx,bias2,0.027758922,n=400_bz=1.0_cv1=0.3_p=1_q=32_20260126-230946
400,1.0,0.3,1,32,base,fx,var,0.022333696,n=400_bz=1.0_cv1=0.3_p=1_q=32_20260126-230946
400,1.0,0.3,1,32,base,fz,mspe,0.07795459,n=400_bz=1.0_cv1=0.3_p=1_q=32_20260126-230946
400,1.0,0.3,1,32,base,fz,bias2,0.07795459,n=400_bz=1.0_cv1=0.3_p=1_q=32_20260126-230946
400,1.0,0.3,1,32,base,fz,var,0.0,n=400_bz=1.0_cv1=0.3_p=1_q=32_20260126-230946
400,1.0,0.3,1,32,base,fr,mspe,0.102010146,n=400_bz=1.0_cv1=0.3_p=1_q=32_20260126-230946
400,1.0,0.3,1,32,base,fr,bias2,0.07967645,n=400_bz=1.0_cv1=0.3_p=1_q=32_20260126-230946
400,1.0,0.3,1,32,base,fr,var,0.022333696,n=400_bz=1.0_cv1=0.3_p=1_q=32_20260126-230946
400,1.0,0.3,1,32,posthoc,y,mspe,1.0308009,n=400_bz=1.0_cv1=0.3_p=1_q=32_20260126-230946
400,1.0,0.3,1,32,posthoc,y,bias2,1.0055712,n=400_bz=1.0_cv1=0.3_p=1_q=32_20260126-230946
400,1.0,0.3,1,32,posthoc,y,var,0.025229583,n=400_bz=1.0_cv1=0.3_p=1_q=32_20260126-230946
400,1.0,0.3,1,32,posthoc,fx,mspe,0.021568399,n=400_bz=1.0_cv1=0.3_p=1_q=32_20260126-230946
400,1.0,0.3,1,32,posthoc,fx,bias2,0.0018446016,n=400_bz=1.0_cv1=0.3_p=1_q=32_20260126-230946
400,1.0,0.3,1,32,posthoc,fx,var,0.019723797,n=400_bz=1.0_cv1=0.3_p=1_q=32_20260126-230946
400,1.0,0.3,1,32,posthoc,fz,mspe,0.012425726,n=400_bz=1.0_cv1=0.3_p=1_q=32_20260126-230946
400,1.0,0.3,1,32,posthoc,fz,bias2,0.00019058485,n=400_bz=1.0_cv1=0.3_p=1_q=32_20260126-230946
400,1.0,0.3,1,32,posthoc,fz,var,0.012235141,n=400_bz=1.0_cv1=0.3_p=1_q=32_20260126-230946
400,1.0,0.3,1,32,posthoc,fr,mspe,0.043672275,n=400_bz=1.0_cv1=0.3_p=1_q=32_20260126-230946
400,1.0,0.3,1,32,posthoc,fr,bias2,0.023948474,n=400_bz=1.0_cv1=0.3_p=1_q=32_20260126-230946
400,1.0,0.3,1,32,posthoc,fr,var,0.019723797,n=400_bz=1.0_cv1=0.3_p=1_q=32_20260126-230946
400,1.0,0.3,1,32,posthoc_orth,y,mspe,1.0311457,n=400_bz=1.0_cv1=0.3_p=1_q=32_20260126-230946
400,1.0,0.3,1,32,posthoc_orth,y,bias2,1.0053273,n=400_bz=1.0_cv1=0.3_p=1_q=32_20260126-230946
400,1.0,0.3,1,32,posthoc_orth,y,var,0.025818398,n=400_bz=1.0_cv1=0.3_p=1_q=32_20260126-230946
400,1.0,0.3,1,32,posthoc_orth,fx,mspe,0.039248724,n=400_bz=1.0_cv1=0.3_p=1_q=32_20260126-230946
400,1.0,0.3,1,32,posthoc_orth,fx,bias2,0.0229391,n=400_bz=1.0_cv1=0.3_p=1_q=32_20260126-230946
400,1.0,0.3,1,32,posthoc_orth,fx,var,0.016309626,n=400_bz=1.0_cv1=0.3_p=1_q=32_20260126-230946
400,1.0,0.3,1,32,posthoc_orth,fz,mspe,0.026776087,n=400_bz=1.0_cv1=0.3_p=1_q=32_20260126-230946
400,1.0,0.3,1,32,posthoc_orth,fz,bias2,0.020098804,n=400_bz=1.0_cv1=0.3_p=1_q=32_20260126-230946
400,1.0,0.3,1,32,posthoc_orth,fz,var,0.0066772806,n=400_bz=1.0_cv1=0.3_p=1_q=32_20260126-230946
400,1.0,0.3,1,32,posthoc_orth,fr,mspe,0.018041091,n=400_bz=1.0_cv1=0.3_p=1_q=32_20260126-230946
400,1.0,0.3,1,32,posthoc_orth,fr,bias2,0.0017314658,n=400_bz=1.0_cv1=0.3_p=1_q=32_20260126-230946
400,1.0,0.3,1,32,posthoc_orth,fr,var,0.016309626,n=400_bz=1.0_cv1=0.3_p=1_q=32_20260126-230946
400,1.0,0.4,1,32,base,y,mspe,1.0883385,n=400_bz=1.0_cv1=0.4_p=1_q=32_20260126-231047
400,1.0,0.4,1,32,base,y,bias2,1.0655462,n=400_bz=1.0_cv1=0.4_p=1_q=32_20260126-231047
400,1.0,0.4,1,32,base,y,var,0.022792373,n=400_bz=1.0_cv1=0.4_p=1_q=32_20260126-231047
400,1.0,0.4,1,32,base,fx,mspe,0.05499403,n=400_bz=1.0_cv1=0.4_p=1_q=32_20260126-231047
400,1.0,0.4,1,32,base,fx,bias2,0.034782358,n=400_bz=1.0_cv1=0.4_p=1_q=32_20260126-231047
400,1.0,0.4,1,32,base,fx,var,0.020211674,n=400_bz=1.0_cv1=0.4_p=1_q=32_20260126-231047
400,1.0,0.4,1,32,base,fz,mspe,0.07795459,n=400_bz=1.0_cv1=0.4_p=1_q=32_20260126-231047
400,1.0,0.4,1,32,base,fz,bias2,0.07795459,n=400_bz=1.0_cv1=0.4_p=1_q=32_20260126-231047
400,1.0,0.4,1,32,base,fz,var,0.0,n=400_bz=1.0_cv1=0.4_p=1_q=32_20260126-231047
400,1.0,0.4,1,32,base,fr,mspe,0.11167529,n=400_bz=1.0_cv1=0.4_p=1_q=32_20260126-231047
400,1.0,0.4,1,32,base,fr,bias2,0.091463625,n=400_bz=1.0_cv1=0.4_p=1_q=32_20260126-231047
400,1.0,0.4,1,32,base,fr,var,0.020211674,n=400_bz=1.0_cv1=0.4_p=1_q=32_20260126-231047
400,1.0,0.4,1,32,posthoc,y,mspe,1.0325301,n=400_bz=1.0_cv1=0.4_p=1_q=32_20260126-231047
400,1.0,0.4,1,32,posthoc,y,bias2,1.0062329,n=400_bz=1.0_cv1=0.4_p=1_q=32_20260126-231047
400,1.0,0.4,1,32,posthoc,y,var,0.026297284,n=400_bz=1.0_cv1=0.4_p=1_q=32_20260126-231047
400,1.0,0.4,1,32,posthoc,fx,mspe,0.023985263,n=400_bz=1.0_cv1=0.4_p=1_q=32_20260126-231047
400,1.0,0.4,1,32,posthoc,fx,bias2,0.002080003,n=400_bz=1.0_cv1=0.4_p=1_q=32_20260126-231047
400,1.0,0.4,1,32,posthoc,fx,var,0.02190526,n=400_bz=1.0_cv1=0.4_p=1_q=32_20260126-231047
400,1.0,0.4,1,32,posthoc,fz,mspe,0.013703516,n=400_bz=1.0_cv1=0.4_p=1_q=32_20260126-231047
400,1.0,0.4,1,32,posthoc,fz,bias2,0.00018911097,n=400_bz=1.0_cv1=0.4_p=1_q=32_20260126-231047
400,1.0,0.4,1,32,posthoc,fz,var,0.013514404,n=400_bz=1.0_cv1=0.4_p=1_q=32_20260126-231047
400,1.0,0.4,1,32,posthoc,fr,mspe,0.046291597,n=400_bz=1.0_cv1=0.4_p=1_q=32_20260126-231047
400,1.0,0.4,1,32,posthoc,fr,bias2,0.024386339,n=400_bz=1.0_cv1=0.4_p=1_q=32_20260126-231047
400,1.0,0.4,1,32,posthoc,fr,var,0.02190526,n=400_bz=1.0_cv1=0.4_p=1_q=32_20260126-231047
400,1.0,0.4,1,32,posthoc_orth,y,mspe,1.0321648,n=400_bz=1.0_cv1=0.4_p=1_q=32_20260126-231047
400,1.0,0.4,1,32,posthoc_orth,y,bias2,1.0067077,n=400_bz=1.0_cv1=0.4_p=1_q=32_20260126-231047
400,1.0,0.4,1,32,posthoc_orth,y,var,0.025457218,n=400_bz=1.0_cv1=0.4_p=1_q=32_20260126-231047
400,1.0,0.4,1,32,posthoc_orth,fx,mspe,0.039127577,n=400_bz=1.0_cv1=0.4_p=1_q=32_20260126-231047
400,1.0,0.4,1,32,posthoc_orth,fx,bias2,0.023193046,n=400_bz=1.0_cv1=0.4_p=1_q=32_20260126-231047
400,1.0,0.4,1,32,posthoc_orth,fx,var,0.015934534,n=400_bz=1.0_cv1=0.4_p=1_q=32_20260126-231047
400,1.0,0.4,1,32,posthoc_orth,fz,mspe,0.02677609,n=400_bz=1.0_cv1=0.4_p=1_q=32_20260126-231047
400,1.0,0.4,1,32,posthoc_orth,fz,bias2,0.020098807,n=400_bz=1.0_cv1=0.4_p=1_q=32_20260126-231047
400,1.0,0.4,1,32,posthoc_orth,fz,var,0.0066772797,n=400_bz=1.0_cv1=0.4_p=1_q=32_20260126-231047
400,1.0,0.4,1,32,posthoc_orth,fr,mspe,0.018136632,n=400_bz=1.0_cv1=0.4_p=1_q=32_20260126-231047
400,1.0,0.4,1,32,posthoc_orth,fr,bias2,0.002202098,n=400_bz=1.0_cv1=0.4_p=1_q=32_20260126-231047
400,1.0,0.4,1,32,posthoc_orth,fr,var,0.015934534,n=400_bz=1.0_cv1=0.4_p=1_q=32_20260126-231047
400,1.0,0.5,1,32,base,y,mspe,1.0787295,n=400_bz=1.0_cv1=0.5_p=1_q=32_20260126-231148
400,1.0,0.5,1,32,base,y,bias2,1.0580648,n=400_bz=1.0_cv1=0.5_p=1_q=32_20260126-231148
400,1.0,0.5,1,32,base,y,var,0.020664735,n=400_bz=1.0_cv1=0.5_p=1_q=32_20260126-231148
400,1.0,0.5,1,32,base,fx,mspe,0.06134762,n=400_bz=1.0_cv1=0.5_p=1_q=32_20260126-231148
400,1.0,0.5,1,32,base,fx,bias2,0.043357957,n=400_bz=1.0_cv1=0.5_p=1_q=32_20260126-231148
400,1.0,0.5,1,32,base,fx,var,0.017989665,n=400_bz=1.0_cv1=0.5_p=1_q=32_20260126-231148
400,1.0,0.5,1,32,base,fz,mspe,0.07795459,n=400_bz=1.0_cv1=0.5_p=1_q=32_20260126-231148
400,1.0,0.5,1,32,base,fz,bias2,0.07795459,n=400_bz=1.0_cv1=0.5_p=1_q=32_20260126-231148
400,1.0,0.5,1,32,base,fz,var,0.0,n=400_bz=1.0_cv1=0.5_p=1_q=32_20260126-231148
400,1.0,0.5,1,32,base,fr,mspe,0.1254445,n=400_bz=1.0_cv1=0.5_p=1_q=32_20260126-231148
400,1.0,0.5,1,32,base,fr,bias2,0.10745484,n=400_bz=1.0_cv1=0.5_p=1_q=32_20260126-231148
400,1.0,0.5,1,32,base,fr,var,0.017989665,n=400_bz=1.0_cv1=0.5_p=1_q=32_20260126-231148
400,1.0,0.5,1,32,posthoc,y,mspe,1.0335286,n=400_bz=1.0_cv1=0.5_p=1_q=32_20260126-231148
400,1.0,0.5,1,32,posthoc,y,bias2,1.0079901,n=400_bz=1.0_cv1=0.5_p=1_q=32_20260126-231148
400,1.0,0.5,1,32,posthoc,y,var,0.025538381,n=400_bz=1.0_cv1=0.5_p=1_q=32_20260126-231148
400,1.0,0.5,1,32,posthoc,fx,mspe,0.02666896,n=400_bz=1.0_cv1=0.5_p=1_q=32_20260126-231148
400,1.0,0.5,1,32,posthoc,fx,bias2,0.0031802573,n=400_bz=1.0_cv1=0.5_p=1_q=32_20260126-231148
400,1.0,0.5,1,32,posthoc,fx,var,0.023488702,n=400_bz=1.0_cv1=0.5_p=1_q=32_20260126-231148
400,1.0,0.5,1,32,posthoc,fz,mspe,0.016324917,n=400_bz=1.0_cv1=0.5_p=1_q=32_20260126-231148
400,1.0,0.5,1,32,posthoc,fz,bias2,0.00045544445,n=400_bz=1.0_cv1=0.5_p=1_q=32_20260126-231148
400,1.0,0.5,1,32,posthoc,fz,var,0.01586947,n=400_bz=1.0_cv1=0.5_p=1_q=32_20260126-231148
400,1.0,0.5,1,32,posthoc,fr,mspe,0.051366907,n=400_bz=1.0_cv1=0.5_p=1_q=32_20260126-231148
400,1.0,0.5,1,32,posthoc,fr,bias2,0.027878208,n=400_bz=1.0_cv1=0.5_p=1_q=32_20260126-231148
400,1.0,0.5,1,32,posthoc,fr,var,0.023488702,n=400_bz=1.0_cv1=0.5_p=1_q=32_20260126-231148
400,1.0,0.5,1,32,posthoc_orth,y,mspe,1.0335969,n=400_bz=1.0_cv1=0.5_p=1_q=32_20260126-231148
400,1.0,0.5,1,32,posthoc_orth,y,bias2,1.0077438,n=400_bz=1.0_cv1=0.5_p=1_q=32_20260126-231148
400,1.0,0.5,1,32,posthoc_orth,y,var,0.025853025,n=400_bz=1.0_cv1=0.5_p=1_q=32_20260126-231148
400,1.0,0.5,1,32,posthoc_orth,fx,mspe,0.039699756,n=400_bz=1.0_cv1=0.5_p=1_q=32_20260126-231148
400,1.0,0.5,1,32,posthoc_orth,fx,bias2,0.02349041,n=400_bz=1.0_cv1=0.5_p=1_q=32_20260126-231148
400,1.0,0.5,1,32,posthoc_orth,fx,var,0.016209345,n=400_bz=1.0_cv1=0.5_p=1_q=32_20260126-231148
400,1.0,0.5,1,32,posthoc_orth,fz,mspe,0.026776092,n=400_bz=1.0_cv1=0.5_p=1_q=32_20260126-231148
400,1.0,0.5,1,32,posthoc_orth,fz,bias2,0.020098815,n=400_bz=1.0_cv1=0.5_p=1_q=32_20260126-231148
400,1.0,0.5,1,32,posthoc_orth,fz,var,0.0066772797,n=400_bz=1.0_cv1=0.5_p=1_q=32_20260126-231148
400,1.0,0.5,1,32,posthoc_orth,fr,mspe,0.018889152,n=400_bz=1.0_cv1=0.5_p=1_q=32_20260126-231148
400,1.0,0.5,1,32,posthoc_orth,fr,bias2,0.0026798088,n=400_bz=1.0_cv1=0.5_p=1_q=32_20260126-231148
400,1.0,0.5,1,32,posthoc_orth,fr,var,0.016209345,n=400_bz=1.0_cv1=0.5_p=1_q=32_20260126-231148
400,1.0,0.6,1,32,base,y,mspe,1.0642822,n=400_bz=1.0_cv1=0.6_p=1_q=32_20260126-231246
400,1.0,0.6,1,32,base,y,bias2,1.0442736,n=400_bz=1.0_cv1=0.6_p=1_q=32_20260126-231246
400,1.0,0.6,1,32,base,y,var,0.020008614,n=400_bz=1.0_cv1=0.6_p=1_q=32_20260126-231246
400,1.0,0.6,1,32,base,fx,mspe,0.071033545,n=400_bz=1.0_cv1=0.6_p=1_q=32_20260126-231246
400,1.0,0.6,1,32,base,fx,bias2,0.05345935,n=400_bz=1.0_cv1=0.6_p=1_q=32_20260126-231246
400,1.0,0.6,1,32,base,fx,var,0.017574204,n=400_bz=1.0_cv1=0.6_p=1_q=32_20260126-231246
400,1.0,0.6,1,32,base,fz,mspe,0.07795459,n=400_bz=1.0_cv1=0.6_p=1_q=32_20260126-231246
400,1.0,0.6,1,32,base,fz,bias2,0.07795459,n=400_bz=1.0_cv1=0.6_p=1_q=32_20260126-231246
400,1.0,0.6,1,32,base,fz,var,0.0,n=400_bz=1.0_cv1=0.6_p=1_q=32_20260126-231246
400,1.0,0.6,1,32,base,fr,mspe,0.14535302,n=400_bz=1.0_cv1=0.6_p=1_q=32_20260126-231246
400,1.0,0.6,1,32,base,fr,bias2,0.12777881,n=400_bz=1.0_cv1=0.6_p=1_q=32_20260126-231246
400,1.0,0.6,1,32,base,fr,var,0.017574204,n=400_bz=1.0_cv1=0.6_p=1_q=32_20260126-231246
400,1.0,0.6,1,32,posthoc,y,mspe,1.0333059,n=400_bz=1.0_cv1=0.6_p=1_q=32_20260126-231246
400,1.0,0.6,1,32,posthoc,y,bias2,1.00849,n=400_bz=1.0_cv1=0.6_p=1_q=32_20260126-231246
400,1.0,0.6,1,32,posthoc,y,var,0.02481589,n=400_bz=1.0_cv1=0.6_p=1_q=32_20260126-231246
400,1.0,0.6,1,32,posthoc,fx,mspe,0.031771373,n=400_bz=1.0_cv1=0.6_p=1_q=32_20260126-231246
400,1.0,0.6,1,32,posthoc,fx,bias2,0.0047572083,n=400_bz=1.0_cv1=0.6_p=1_q=32_20260126-231246
400,1.0,0.6,1,32,posthoc,fx,var,0.027014166,n=400_bz=1.0_cv1=0.6_p=1_q=32_20260126-231246
400,1.0,0.6,1,32,posthoc,fz,mspe,0.021844853,n=400_bz=1.0_cv1=0.6_p=1_q=32_20260126-231246
400,1.0,0.6,1,32,posthoc,fz,bias2,0.0017348207,n=400_bz=1.0_cv1=0.6_p=1_q=32_20260126-231246
400,1.0,0.6,1,32,posthoc,fz,var,0.020110033,n=400_bz=1.0_cv1=0.6_p=1_q=32_20260126-231246
400,1.0,0.6,1,32,posthoc,fr,mspe,0.062271416,n=400_bz=1.0_cv1=0.6_p=1_q=32_20260126-231246
400,1.0,0.6,1,32,posthoc,fr,bias2,0.03525725,n=400_bz=1.0_cv1=0.6_p=1_q=32_20260126-231246
400,1.0,0.6,1,32,posthoc,fr,var,0.027014166,n=400_bz=1.0_cv1=0.6_p=1_q=32_20260126-231246
400,1.0,0.6,1,32,posthoc_orth,y,mspe,1.0342072,n=400_bz=1.0_cv1=0.6_p=1_q=32_20260126-231246
400,1.0,0.6,1,32,posthoc_orth,y,bias2,1.0090622,n=400_bz=1.0_cv1=0.6_p=1_q=32_20260126-231246
400,1.0,0.6,1,32,posthoc_orth,y,var,0.025144959,n=400_bz=1.0_cv1=0.6_p=1_q=32_20260126-231246
400,1.0,0.6,1,32,posthoc_orth,fx,mspe,0.039526485,n=400_bz=1.0_cv1=0.6_p=1_q=32_20260126-231246
400,1.0,0.6,1,32,posthoc_orth,fx,bias2,0.023969684,n=400_bz=1.0_cv1=0.6_p=1_q=32_20260126-231246
400,1.0,0.6,1,32,posthoc_orth,fx,var,0.015556799,n=400_bz=1.0_cv1=0.6_p=1_q=32_20260126-231246
400,1.0,0.6,1,32,posthoc_orth,fz,mspe,0.026776107,n=400_bz=1.0_cv1=0.6_p=1_q=32_20260126-231246
400,1.0,0.6,1,32,posthoc_orth,fz,bias2,0.020098824,n=400_bz=1.0_cv1=0.6_p=1_q=32_20260126-231246
400,1.0,0.6,1,32,posthoc_orth,fz,var,0.0066772825,n=400_bz=1.0_cv1=0.6_p=1_q=32_20260126-231246
400,1.0,0.6,1,32,posthoc_orth,fr,mspe,0.018881515,n=400_bz=1.0_cv1=0.6_p=1_q=32_20260126-231246
400,1.0,0.6,1,32,posthoc_orth,fr,bias2,0.0033247154,n=400_bz=1.0_cv1=0.6_p=1_q=32_20260126-231246
400,1.0,0.6,1,32,posthoc_orth,fr,var,0.015556799,n=400_bz=1.0_cv1=0.6_p=1_q=32_20260126-231246
400,1.0,0.7,1,32,base,y,mspe,1.049257,n=400_bz=1.0_cv1=0.7_p=1_q=32_20260126-231342
400,1.0,0.7,1,32,base,y,bias2,1.0296502,n=400_bz=1.0_cv1=0.7_p=1_q=32_20260126-231342
400,1.0,0.7,1,32,base,y,var,0.019606896,n=400_bz=1.0_cv1=0.7_p=1_q=32_20260126-231342
400,1.0,0.7,1,32,base,fx,mspe,0.0779728,n=400_bz=1.0_cv1=0.7_p=1_q=32_20260126-231342
400,1.0,0.7,1,32,base,fx,bias2,0.0609061,n=400_bz=1.0_cv1=0.7_p=1_q=32_20260126-231342
400,1.0,0.7,1,32,base,fx,var,0.0170667,n=400_bz=1.0_cv1=0.7_p=1_q=32_20260126-231342
400,1.0,0.7,1,32,base,fz,mspe,0.07795459,n=400_bz=1.0_cv1=0.7_p=1_q=32_20260126-231342
400,1.0,0.7,1,32,base,fz,bias2,0.07795459,n=400_bz=1.0_cv1=0.7_p=1_q=32_20260126-231342
400,1.0,0.7,1,32,base,fz,var,0.0,n=400_bz=1.0_cv1=0.7_p=1_q=32_20260126-231342
400,1.0,0.7,1,32,base,fr,mspe,0.16076481,n=400_bz=1.0_cv1=0.7_p=1_q=32_20260126-231342
400,1.0,0.7,1,32,base,fr,bias2,0.1436981,n=400_bz=1.0_cv1=0.7_p=1_q=32_20260126-231342
400,1.0,0.7,1,32,base,fr,var,0.0170667,n=400_bz=1.0_cv1=0.7_p=1_q=32_20260126-231342
400,1.0,0.7,1,32,posthoc,y,mspe,1.0333291,n=400_bz=1.0_cv1=0.7_p=1_q=32_20260126-231342
400,1.0,0.7,1,32,posthoc,y,bias2,1.0096568,n=400_bz=1.0_cv1=0.7_p=1_q=32_20260126-231342
400,1.0,0.7,1,32,posthoc,y,var,0.023672314,n=400_bz=1.0_cv1=0.7_p=1_q=32_20260126-231342
400,1.0,0.7,1,32,posthoc,fx,mspe,0.042249672,n=400_bz=1.0_cv1=0.7_p=1_q=32_20260126-231342
400,1.0,0.7,1,32,posthoc,fx,bias2,0.009917208,n=400_bz=1.0_cv1=0.7_p=1_q=32_20260126-231342
400,1.0,0.7,1,32,posthoc,fx,var,0.03233246,n=400_bz=1.0_cv1=0.7_p=1_q=32_20260126-231342
400,1.0,0.7,1,32,posthoc,fz,mspe,0.031686977,n=400_bz=1.0_cv1=0.7_p=1_q=32_20260126-231342
400,1.0,0.7,1,32,posthoc,fz,bias2,0.0067383456,n=400_bz=1.0_cv1=0.7_p=1_q=32_20260126-231342
400,1.0,0.7,1,32,posthoc,fz,var,0.024948632,n=400_bz=1.0_cv1=0.7_p=1_q=32_20260126-231342
400,1.0,0.7,1,32,posthoc,fr,mspe,0.08388043,n=400_bz=1.0_cv1=0.7_p=1_q=32_20260126-231342
400,1.0,0.7,1,32,posthoc,fr,bias2,0.051547967,n=400_bz=1.0_cv1=0.7_p=1_q=32_20260126-231342
400,1.0,0.7,1,32,posthoc,fr,var,0.03233246,n=400_bz=1.0_cv1=0.7_p=1_q=32_20260126-231342
400,1.0,0.7,1,32,posthoc_orth,y,mspe,1.0338986,n=400_bz=1.0_cv1=0.7_p=1_q=32_20260126-231342
400,1.0,0.7,1,32,posthoc_orth,y,bias2,1.00975,n=400_bz=1.0_cv1=0.7_p=1_q=32_20260126-231342
400,1.0,0.7,1,32,posthoc_orth,y,var,0.024148548,n=400_bz=1.0_cv1=0.7_p=1_q=32_20260126-231342
400,1.0,0.7,1,32,posthoc_orth,fx,mspe,0.0393049,n=400_bz=1.0_cv1=0.7_p=1_q=32_20260126-231342
400,1.0,0.7,1,32,posthoc_orth,fx,bias2,0.024730362,n=400_bz=1.0_cv1=0.7_p=1_q=32_20260126-231342
400,1.0,0.7,1,32,posthoc_orth,fx,var,0.014574536,n=400_bz=1.0_cv1=0.7_p=1_q=32_20260126-231342
400,1.0,0.7,1,32,posthoc_orth,fz,mspe,0.026776114,n=400_bz=1.0_cv1=0.7_p=1_q=32_20260126-231342
400,1.0,0.7,1,32,posthoc_orth,fz,bias2,0.020098832,n=400_bz=1.0_cv1=0.7_p=1_q=32_20260126-231342
400,1.0,0.7,1,32,posthoc_orth,fz,var,0.0066772825,n=400_bz=1.0_cv1=0.7_p=1_q=32_20260126-231342
400,1.0,0.7,1,32,posthoc_orth,fr,mspe,0.01835805,n=400_bz=1.0_cv1=0.7_p=1_q=32_20260126-231342
400,1.0,0.7,1,32,posthoc_orth,fr,bias2,0.0037835138,n=400_bz=1.0_cv1=0.7_p=1_q=32_20260126-231342
400,1.0,0.7,1,32,posthoc_orth,fr,var,0.014574536,n=400_bz=1.0_cv1=0.7_p=1_q=32_20260126-231342
400,1.0,0.8,1,32,base,y,mspe,1.0368155,n=400_bz=1.0_cv1=0.8_p=1_q=32_20260126-231439
400,1.0,0.8,1,32,base,y,bias2,1.0172447,n=400_bz=1.0_cv1=0.8_p=1_q=32_20260126-231439
400,1.0,0.8,1,32,base,y,var,0.019570855,n=400_bz=1.0_cv1=0.8_p=1_q=32_20260126-231439
400,1.0,0.8,1,32,base,fx,mspe,0.08697677,n=400_bz=1.0_cv1=0.8_p=1_q=32_20260126-231439
400,1.0,0.8,1,32,base,fx,bias2,0.06963617,n=400_bz=1.0_cv1=0.8_p=1_q=32_20260126-231439
400,1.0,0.8,1,32,base,fx,var,0.0173406,n=400_bz=1.0_cv1=0.8_p=1_q=32_20260126-231439
400,1.0,0.8,1,32,base,fz,mspe,0.07795459,n=400_bz=1.0_cv1=0.8_p=1_q=32_20260126-231439
400,1.0,0.8,1,32,base,fz,bias2,0.07795459,n=400_bz=1.0_cv1=0.8_p=1_q=32_20260126-231439
400,1.0,0.8,1,32,base,fz,var,0.0,n=400_bz=1.0_cv1=0.8_p=1_q=32_20260126-231439
400,1.0,0.8,1,32,base,fr,mspe,0.17750649,n=400_bz=1.0_cv1=0.8_p=1_q=32_20260126-231439
400,1.0,0.8,1,32,base,fr,bias2,0.1601659,n=400_bz=1.0_cv1=0.8_p=1_q=32_20260126-231439
400,1.0,0.8,1,32,base,fr,var,0.0173406,n=400_bz=1.0_cv1=0.8_p=1_q=32_20260126-231439
400,1.0,0.8,1,32,posthoc,y,mspe,1.0318408,n=400_bz=1.0_cv1=0.8_p=1_q=32_20260126-231439
400,1.0,0.8,1,32,posthoc,y,bias2,1.0084453,n=400_bz=1.0_cv1=0.8_p=1_q=32_20260126-231439
400,1.0,0.8,1,32,posthoc,y,var,0.023395453,n=400_bz=1.0_cv1=0.8_p=1_q=32_20260126-231439
400,1.0,0.8,1,32,posthoc,fx,mspe,0.059357155,n=400_bz=1.0_cv1=0.8_p=1_q=32_20260126-231439
400,1.0,0.8,1,32,posthoc,fx,bias2,0.02053327,n=400_bz=1.0_cv1=0.8_p=1_q=32_20260126-231439
400,1.0,0.8,1,32,posthoc,fx,var,0.038823884,n=400_bz=1.0_cv1=0.8_p=1_q=32_20260126-231439
400,1.0,0.8,1,32,posthoc,fz,mspe,0.048577625,n=400_bz=1.0_cv1=0.8_p=1_q=32_20260126-231439
400,1.0,0.8,1,32,posthoc,fz,bias2,0.018031096,n=400_bz=1.0_cv1=0.8_p=1_q=32_20260126-231439
400,1.0,0.8,1,32,posthoc,fz,var,0.030546531,n=400_bz=1.0_cv1=0.8_p=1_q=32_20260126-231439
400,1.0,0.8,1,32,posthoc,fr,mspe,0.115568325,n=400_bz=1.0_cv1=0.8_p=1_q=32_20260126-231439
400,1.0,0.8,1,32,posthoc,fr,bias2,0.076744445,n=400_bz=1.0_cv1=0.8_p=1_q=32_20260126-231439
400,1.0,0.8,1,32,posthoc,fr,var,0.038823884,n=400_bz=1.0_cv1=0.8_p=1_q=32_20260126-231439
400,1.0,0.8,1,32,posthoc_orth,y,mspe,1.0320654,n=400_bz=1.0_cv1=0.8_p=1_q=32_20260126-231439
400,1.0,0.8,1,32,posthoc_orth,y,bias2,1.0086616,n=400_bz=1.0_cv1=0.8_p=1_q=32_20260126-231439
400,1.0,0.8,1,32,posthoc_orth,y,var,0.02340372,n=400_bz=1.0_cv1=0.8_p=1_q=32_20260126-231439
400,1.0,0.8,1,32,posthoc_orth,fx,mspe,0.038064674,n=400_bz=1.0_cv1=0.8_p=1_q=32_20260126-231439
400,1.0,0.8,1,32,posthoc_orth,fx,bias2,0.024216127,n=400_bz=1.0_cv1=0.8_p=1_q=32_20260126-231439
400,1.0,0.8,1,32,posthoc_orth,fx,var,0.013848548,n=400_bz=1.0_cv1=0.8_p=1_q=32_20260126-231439
400,1.0,0.8,1,32,posthoc_orth,fz,mspe,0.02677612,n=400_bz=1.0_cv1=0.8_p=1_q=32_20260126-231439
400,1.0,0.8,1,32,posthoc_orth,fz,bias2,0.020098839,n=400_bz=1.0_cv1=0.8_p=1_q=32_20260126-231439
400,1.0,0.8,1,32,posthoc_orth,fz,var,0.0066772825,n=400_bz=1.0_cv1=0.8_p=1_q=32_20260126-231439
400,1.0,0.8,1,32,posthoc_orth,fr,mspe,0.017231567,n=400_bz=1.0_cv1=0.8_p=1_q=32_20260126-231439
400,1.0,0.8,1,32,posthoc_orth,fr,bias2,0.0033830202,n=400_bz=1.0_cv1=0.8_p=1_q=32_20260126-231439
400,1.0,0.8,1,32,posthoc_orth,fr,var,0.013848548,n=400_bz=1.0_cv1=0.8_p=1_q=32_20260126-231439
400,1.0,0.9,1,32,base,y,mspe,1.0283406,n=400_bz=1.0_cv1=0.9_p=1_q=32_20260126-231535
400,1.0,0.9,1,32,base,y,bias2,1.008779,n=400_bz=1.0_cv1=0.9_p=1_q=32_20260126-231535
400,1.0,0.9,1,32,base,y,var,0.0195617,n=400_bz=1.0_cv1=0.9_p=1_q=32_20260126-231535
400,1.0,0.9,1,32,base,fx,mspe,0.0896151,n=400_bz=1.0_cv1=0.9_p=1_q=32_20260126-231535
400,1.0,0.9,1,32,base,fx,bias2,0.07224949,n=400_bz=1.0_cv1=0.9_p=1_q=32_20260126-231535
400,1.0,0.9,1,32,base,fx,var,0.017365607,n=400_bz=1.0_cv1=0.9_p=1_q=32_20260126-231535
400,1.0,0.9,1,32,base,fz,mspe,0.07795459,n=400_bz=1.0_cv1=0.9_p=1_q=32_20260126-231535
400,1.0,0.9,1,32,base,fz,bias2,0.07795459,n=400_bz=1.0_cv1=0.9_p=1_q=32_20260126-231535
400,1.0,0.9,1,32,base,fz,var,0.0,n=400_bz=1.0_cv1=0.9_p=1_q=32_20260126-231535
400,1.0,0.9,1,32,base,fr,mspe,0.18297583,n=400_bz=1.0_cv1=0.9_p=1_q=32_20260126-231535
400,1.0,0.9,1,32,base,fr,bias2,0.16561024,n=400_bz=1.0_cv1=0.9_p=1_q=32_20260126-231535
400,1.0,0.9,1,32,base,fr,var,0.017365607,n=400_bz=1.0_cv1=0.9_p=1_q=32_20260126-231535
400,1.0,0.9,1,32,posthoc,y,mspe,1.0284065,n=400_bz=1.0_cv1=0.9_p=1_q=32_20260126-231535
400,1.0,0.9,1,32,posthoc,y,bias2,1.00584,n=400_bz=1.0_cv1=0.9_p=1_q=32_20260126-231535
400,1.0,0.9,1,32,posthoc,y,var,0.022566527,n=400_bz=1.0_cv1=0.9_p=1_q=32_20260126-231535
400,1.0,0.9,1,32,posthoc,fx,mspe,0.089065984,n=400_bz=1.0_cv1=0.9_p=1_q=32_20260126-231535
400,1.0,0.9,1,32,posthoc,fx,bias2,0.037252016,n=400_bz=1.0_cv1=0.9_p=1_q=32_20260126-231535
400,1.0,0.9,1,32,posthoc,fx,var,0.051813964,n=400_bz=1.0_cv1=0.9_p=1_q=32_20260126-231535
400,1.0,0.9,1,32,posthoc,fz,mspe,0.07783687,n=400_bz=1.0_cv1=0.9_p=1_q=32_20260126-231535
400,1.0,0.9,1,32,posthoc,fz,bias2,0.036356688,n=400_bz=1.0_cv1=0.9_p=1_q=32_20260126-231535
400,1.0,0.9,1,32,posthoc,fz,var,0.041480184,n=400_bz=1.0_cv1=0.9_p=1_q=32_20260126-231535
400,1.0,0.9,1,32,posthoc,fr,mspe,0.16080621,n=400_bz=1.0_cv1=0.9_p=1_q=32_20260126-231535
400,1.0,0.9,1,32,posthoc,fr,bias2,0.10899224,n=400_bz=1.0_cv1=0.9_p=1_q=32_20260126-231535
400,1.0,0.9,1,32,posthoc,fr,var,0.051813964,n=400_bz=1.0_cv1=0.9_p=1_q=32_20260126-231535
400,1.0,0.9,1,32,posthoc_orth,y,mspe,1.0282408,n=400_bz=1.0_cv1=0.9_p=1_q=32_20260126-231535
400,1.0,0.9,1,32,posthoc_orth,y,bias2,1.0063144,n=400_bz=1.0_cv1=0.9_p=1_q=32_20260126-231535
400,1.0,0.9,1,32,posthoc_orth,y,var,0.021926496,n=400_bz=1.0_cv1=0.9_p=1_q=32_20260126-231535
400,1.0,0.9,1,32,posthoc_orth,fx,mspe,0.03586244,n=400_bz=1.0_cv1=0.9_p=1_q=32_20260126-231535
400,1.0,0.9,1,32,posthoc_orth,fx,bias2,0.023535883,n=400_bz=1.0_cv1=0.9_p=1_q=32_20260126-231535
400,1.0,0.9,1,32,posthoc_orth,fx,var,0.012326557,n=400_bz=1.0_cv1=0.9_p=1_q=32_20260126-231535
400,1.0,0.9,1,32,posthoc_orth,fz,mspe,0.02677613,n=400_bz=1.0_cv1=0.9_p=1_q=32_20260126-231535
400,1.0,0.9,1,32,posthoc_orth,fz,bias2,0.020098846,n=400_bz=1.0_cv1=0.9_p=1_q=32_20260126-231535
400,1.0,0.9,1,32,posthoc_orth,fz,var,0.0066772844,n=400_bz=1.0_cv1=0.9_p=1_q=32_20260126-231535
400,1.0,0.9,1,32,posthoc_orth,fr,mspe,0.014744605,n=400_bz=1.0_cv1=0.9_p=1_q=32_20260126-231535
400,1.0,0.9,1,32,posthoc_orth,fr,bias2,0.0024180473,n=400_bz=1.0_cv1=0.9_p=1_q=32_20260126-231535
400,1.0,0.9,1,32,posthoc_orth,fr,var,0.012326557,n=400_bz=1.0_cv1=0.9_p=1_q=32_20260126-231535
400,1.0,0.0,1,32,base,y,mspe,1.0891998,n=400_bz=1.0_cv1=0_p=1_q=32_20260126-230645
400,1.0,0.0,1,32,base,y,bias2,1.0616705,n=400_bz=1.0_cv1=0_p=1_q=32_20260126-230645
400,1.0,0.0,1,32,base,y,var,0.02752924,n=400_bz=1.0_cv1=0_p=1_q=32_20260126-230645
400,1.0,0.0,1,32,base,fx,mspe,0.04799041,n=400_bz=1.0_cv1=0_p=1_q=32_20260126-230645
400,1.0,0.0,1,32,base,fx,bias2,0.02319553,n=400_bz=1.0_cv1=0_p=1_q=32_20260126-230645
400,1.0,0.0,1,32,base,fx,var,0.024794878,n=400_bz=1.0_cv1=0_p=1_q=32_20260126-230645
400,1.0,0.0,1,32,base,fz,mspe,0.07795459,n=400_bz=1.0_cv1=0_p=1_q=32_20260126-230645
400,1.0,0.0,1,32,base,fz,bias2,0.07795459,n=400_bz=1.0_cv1=0_p=1_q=32_20260126-230645
400,1.0,0.0,1,32,base,fz,var,0.0,n=400_bz=1.0_cv1=0_p=1_q=32_20260126-230645
400,1.0,0.0,1,32,base,fr,mspe,0.09608639,n=400_bz=1.0_cv1=0_p=1_q=32_20260126-230645
400,1.0,0.0,1,32,base,fr,bias2,0.0712915,n=400_bz=1.0_cv1=0_p=1_q=32_20260126-230645
400,1.0,0.0,1,32,base,fr,var,0.024794878,n=400_bz=1.0_cv1=0_p=1_q=32_20260126-230645
400,1.0,0.0,1,32,posthoc,y,mspe,1.0273229,n=400_bz=1.0_cv1=0_p=1_q=32_20260126-230645
400,1.0,0.0,1,32,posthoc,y,bias2,1.0014485,n=400_bz=1.0_cv1=0_p=1_q=32_20260126-230645
400,1.0,0.0,1,32,posthoc,y,var,0.02587436,n=400_bz=1.0_cv1=0_p=1_q=32_20260126-230645
400,1.0,0.0,1,32,posthoc,fx,mspe,0.020733543,n=400_bz=1.0_cv1=0_p=1_q=32_20260126-230645
400,1.0,0.0,1,32,posthoc,fx,bias2,0.0013413111,n=400_bz=1.0_cv1=0_p=1_q=32_20260126-230645
400,1.0,0.0,1,32,posthoc,fx,var,0.01939223,n=400_bz=1.0_cv1=0_p=1_q=32_20260126-230645
400,1.0,0.0,1,32,posthoc,fz,mspe,0.011489859,n=400_bz=1.0_cv1=0_p=1_q=32_20260126-230645
400,1.0,0.0,1,32,posthoc,fz,bias2,8.3984974e-05,n=400_bz=1.0_cv1=0_p=1_q=32_20260126-230645
400,1.0,0.0,1,32,posthoc,fz,var,0.011405873,n=400_bz=1.0_cv1=0_p=1_q=32_20260126-230645
400,1.0,0.0,1,32,posthoc,fr,mspe,0.041355334,n=400_bz=1.0_cv1=0_p=1_q=32_20260126-230645
400,1.0,0.0,1,32,posthoc,fr,bias2,0.021963105,n=400_bz=1.0_cv1=0_p=1_q=32_20260126-230645
400,1.0,0.0,1,32,posthoc,fr,var,0.01939223,n=400_bz=1.0_cv1=0_p=1_q=32_20260126-230645
400,1.0,0.0,1,32,posthoc_orth,y,mspe,1.0270834,n=400_bz=1.0_cv1=0_p=1_q=32_20260126-230645
400,1.0,0.0,1,32,posthoc_orth,y,bias2,1.001099,n=400_bz=1.0_cv1=0_p=1_q=32_20260126-230645
400,1.0,0.0,1,32,posthoc_orth,y,var,0.025984418,n=400_bz=1.0_cv1=0_p=1_q=32_20260126-230645
400,1.0,0.0,1,32,posthoc_orth,fx,mspe,0.039387982,n=400_bz=1.0_cv1=0_p=1_q=32_20260126-230645
400,1.0,0.0,1,32,posthoc_orth,fx,bias2,0.022773897,n=400_bz=1.0_cv1=0_p=1_q=32_20260126-230645
400,1.0,0.0,1,32,posthoc_orth,fx,var,0.016614083,n=400_bz=1.0_cv1=0_p=1_q=32_20260126-230645
400,1.0,0.0,1,32,posthoc_orth,fz,mspe,0.026776081,n=400_bz=1.0_cv1=0_p=1_q=32_20260126-230645
400,1.0,0.0,1,32,posthoc_orth,fz,bias2,0.0200988,n=400_bz=1.0_cv1=0_p=1_q=32_20260126-230645
400,1.0,0.0,1,32,posthoc_orth,fz,var,0.006677281,n=400_bz=1.0_cv1=0_p=1_q=32_20260126-230645
400,1.0,0.0,1,32,posthoc_orth,fr,mspe,0.018045146,n=400_bz=1.0_cv1=0_p=1_q=32_20260126-230645
400,1.0,0.0,1,32,posthoc_orth,fr,bias2,0.0014310612,n=400_bz=1.0_cv1=0_p=1_q=32_20260126-230645
400,1.0,0.0,1,32,posthoc_orth,fr,var,0.016614083,n=400_bz=1.0_cv1=0_p=1_q=32_20260126-230645
400,1.0,1.0,1,32,base,y,mspe,1.023354,n=400_bz=1.0_cv1=1.0_p=1_q=32_20260126-231630
400,1.0,1.0,1,32,base,y,bias2,1.0039024,n=400_bz=1.0_cv1=1.0_p=1_q=32_20260126-231630
400,1.0,1.0,1,32,base,y,var,0.019451752,n=400_bz=1.0_cv1=1.0_p=1_q=32_20260126-231630
400,1.0,1.0,1,32,base,fx,mspe,0.094719954,n=400_bz=1.0_cv1=1.0_p=1_q=32_20260126-231630
400,1.0,1.0,1,32,base,fx,bias2,0.07732212,n=400_bz=1.0_cv1=1.0_p=1_q=32_20260126-231630
400,1.0,1.0,1,32,base,fx,var,0.017397832,n=400_bz=1.0_cv1=1.0_p=1_q=32_20260126-231630
400,1.0,1.0,1,32,base,fz,mspe,0.07795459,n=400_bz=1.0_cv1=1.0_p=1_q=32_20260126-231630
400,1.0,1.0,1,32,base,fz,bias2,0.07795459,n=400_bz=1.0_cv1=1.0_p=1_q=32_20260126-231630
400,1.0,1.0,1,32,base,fz,var,0.0,n=400_bz=1.0_cv1=1.0_p=1_q=32_20260126-231630
400,1.0,1.0,1,32,base,fr,mspe,0.19091892,n=400_bz=1.0_cv1=1.0_p=1_q=32_20260126-231630
400,1.0,1.0,1,32,base,fr,bias2,0.1735211,n=400_bz=1.0_cv1=1.0_p=1_q=32_20260126-231630
400,1.0,1.0,1,32,base,fr,var,0.017397832,n=400_bz=1.0_cv1=1.0_p=1_q=32_20260126-231630
400,1.0,1.0,1,32,posthoc,y,mspe,1.0255973,n=400_bz=1.0_cv1=1.0_p=1_q=32_20260126-231630
400,1.0,1.0,1,32,posthoc,y,bias2,1.0034587,n=400_bz=1.0_cv1=1.0_p=1_q=32_20260126-231630
400,1.0,1.0,1,32,posthoc,y,var,0.022138644,n=400_bz=1.0_cv1=1.0_p=1_q=32_20260126-231630
400,1.0,1.0,1,32,posthoc,fx,mspe,0.09177141,n=400_bz=1.0_cv1=1.0_p=1_q=32_20260126-231630
400,1.0,1.0,1,32,posthoc,fx,bias2,0.058608714,n=400_bz=1.0_cv1=1.0_p=1_q=32_20260126-231630
400,1.0,1.0,1,32,posthoc,fx,var,0.033162694,n=400_bz=1.0_cv1=1.0_p=1_q=32_20260126-231630
400,1.0,1.0,1,32,posthoc,fz,mspe,0.0812354,n=400_bz=1.0_cv1=1.0_p=1_q=32_20260126-231630
400,1.0,1.0,1,32,posthoc,fz,bias2,0.058417503,n=400_bz=1.0_cv1=1.0_p=1_q=32_20260126-231630
400,1.0,1.0,1,32,posthoc,fz,var,0.022817899,n=400_bz=1.0_cv1=1.0_p=1_q=32_20260126-231630
400,1.0,1.0,1,32,posthoc,fr,mspe,0.17779355,n=400_bz=1.0_cv1=1.0_p=1_q=32_20260126-231630
400,1.0,1.0,1,32,posthoc,fr,bias2,0.14463086,n=400_bz=1.0_cv1=1.0_p=1_q=32_20260126-231630
400,1.0,1.0,1,32,posthoc,fr,var,0.033162694,n=400_bz=1.0_cv1=1.0_p=1_q=32_20260126-231630
400,1.0,1.0,1,32,posthoc_orth,y,mspe,1.0255967,n=400_bz=1.0_cv1=1.0_p=1_q=32_20260126-231630
400,1.0,1.0,1,32,posthoc_orth,y,bias2,1.0035973,n=400_bz=1.0_cv1=1.0_p=1_q=32_20260126-231630
400,1.0,1.0,1,32,posthoc_orth,y,var,0.021999259,n=400_bz=1.0_cv1=1.0_p=1_q=32_20260126-231630
400,1.0,1.0,1,32,posthoc_orth,fx,mspe,0.035261247,n=400_bz=1.0_cv1=1.0_p=1_q=32_20260126-231630
400,1.0,1.0,1,32,posthoc_orth,fx,bias2,0.022855766,n=400_bz=1.0_cv1=1.0_p=1_q=32_20260126-231630
400,1.0,1.0,1,32,posthoc_orth,fx,var,0.012405482,n=400_bz=1.0_cv1=1.0_p=1_q=32_20260126-231630
400,1.0,1.0,1,32,posthoc_orth,fz,mspe,0.026776133,n=400_bz=1.0_cv1=1.0_p=1_q=32_20260126-231630
400,1.0,1.0,1,32,posthoc_orth,fz,bias2,0.020098848,n=400_bz=1.0_cv1=1.0_p=1_q=32_20260126-231630
400,1.0,1.0,1,32,posthoc_orth,fz,var,0.006677286,n=400_bz=1.0_cv1=1.0_p=1_q=32_20260126-231630
400,1.0,1.0,1,32,posthoc_orth,fr,mspe,0.01411742,n=400_bz=1.0_cv1=1.0_p=1_q=32_20260126-231630
400,1.0,1.0,1,32,posthoc_orth,fr,bias2,0.0017119366,n=400_bz=1.0_cv1=1.0_p=1_q=32_20260126-231630
400,1.0,1.0,1,32,posthoc_orth,fr,var,0.012405482,n=400_bz=1.0_cv1=1.0_p=1_q=32_20260126-231630
6400,1.0,0.1,1,32,base,y,mspe,1.0625196,n=6400_bz=1.0_cv1=0.1_p=1_q=32_20260127-005017
6400,1.0,0.1,1,32,base,y,bias2,1.0601525,n=6400_bz=1.0_cv1=0.1_p=1_q=32_20260127-005017
6400,1.0,0.1,1,32,base,y,var,0.0023669146,n=6400_bz=1.0_cv1=0.1_p=1_q=32_20260127-005017
6400,1.0,0.1,1,32,base,fx,mspe,0.037200402,n=6400_bz=1.0_cv1=0.1_p=1_q=32_20260127-005017
6400,1.0,0.1,1,32,base,fx,bias2,0.03535804,n=6400_bz=1.0_cv1=0.1_p=1_q=32_20260127-005017
6400,1.0,0.1,1,32,base,fx,var,0.0018423641,n=6400_bz=1.0_cv1=0.1_p=1_q=32_20260127-005017
6400,1.0,0.1,1,32,base,fz,mspe,0.07795459,n=6400_bz=1.0_cv1=0.1_p=1_q=32_20260127-005017
6400,1.0,0.1,1,32,base,fz,bias2,0.07795459,n=6400_bz=1.0_cv1=0.1_p=1_q=32_20260127-005017
6400,1.0,0.1,1,32,base,fz,var,0.0,n=6400_bz=1.0_cv1=0.1_p=1_q=32_20260127-005017
6400,1.0,0.1,1,32,base,fr,mspe,0.09216857,n=6400_bz=1.0_cv1=0.1_p=1_q=32_20260127-005017
6400,1.0,0.1,1,32,base,fr,bias2,0.090326205,n=6400_bz=1.0_cv1=0.1_p=1_q=32_20260127-005017
6400,1.0,0.1,1,32,base,fr,var,0.0018423641,n=6400_bz=1.0_cv1=0.1_p=1_q=32_20260127-005017
6400,1.0,0.1,1,32,posthoc,y,mspe,1.0056822,n=6400_bz=1.0_cv1=0.1_p=1_q=32_20260127-005017
6400,1.0,0.1,1,32,posthoc,y,bias2,1.0029042,n=6400_bz=1.0_cv1=0.1_p=1_q=32_20260127-005017
6400,1.0,0.1,1,32,posthoc,y,var,0.0027779904,n=6400_bz=1.0_cv1=0.1_p=1_q=32_20260127-005017
6400,1.0,0.1,1,32,posthoc,fx,mspe,0.002608948,n=6400_bz=1.0_cv1=0.1_p=1_q=32_20260127-005017
6400,1.0,0.1,1,32,posthoc,fx,bias2,0.00019220987,n=6400_bz=1.0_cv1=0.1_p=1_q=32_20260127-005017
6400,1.0,0.1,1,32,posthoc,fx,var,0.002416738,n=6400_bz=1.0_cv1=0.1_p=1_q=32_20260127-005017
6400,1.0,0.1,1,32,posthoc,fz,mspe,0.0006041515,n=6400_bz=1.0_cv1=0.1_p=1_q=32_20260127-005017
6400,1.0,0.1,1,32,posthoc,fz,bias2,1.184676e-06,n=6400_bz=1.0_cv1=0.1_p=1_q=32_20260127-005017
6400,1.0,0.1,1,32,posthoc,fz,var,0.0006029669,n=6400_bz=1.0_cv1=0.1_p=1_q=32_20260127-005017
6400,1.0,0.1,1,32,posthoc,fr,mspe,0.022431325,n=6400_bz=1.0_cv1=0.1_p=1_q=32_20260127-005017
6400,1.0,0.1,1,32,posthoc,fr,bias2,0.020014586,n=6400_bz=1.0_cv1=0.1_p=1_q=32_20260127-005017
6400,1.0,0.1,1,32,posthoc,fr,var,0.002416738,n=6400_bz=1.0_cv1=0.1_p=1_q=32_20260127-005017
6400,1.0,0.1,1,32,posthoc_orth,y,mspe,1.0056698,n=6400_bz=1.0_cv1=0.1_p=1_q=32_20260127-005017
6400,1.0,0.1,1,32,posthoc_orth,y,bias2,1.0028996,n=6400_bz=1.0_cv1=0.1_p=1_q=32_20260127-005017
6400,1.0,0.1,1,32,posthoc_orth,y,var,0.0027702248,n=6400_bz=1.0_cv1=0.1_p=1_q=32_20260127-005017
6400,1.0,0.1,1,32,posthoc_orth,fx,mspe,0.021790152,n=6400_bz=1.0_cv1=0.1_p=1_q=32_20260127-005017
6400,1.0,0.1,1,32,posthoc_orth,fx,bias2,0.019614507,n=6400_bz=1.0_cv1=0.1_p=1_q=32_20260127-005017
6400,1.0,0.1,1,32,posthoc_orth,fx,var,0.0021756461,n=6400_bz=1.0_cv1=0.1_p=1_q=32_20260127-005017
6400,1.0,0.1,1,32,posthoc_orth,fz,mspe,0.02033088,n=6400_bz=1.0_cv1=0.1_p=1_q=32_20260127-005017
6400,1.0,0.1,1,32,posthoc_orth,fz,bias2,0.019987509,n=6400_bz=1.0_cv1=0.1_p=1_q=32_20260127-005017
6400,1.0,0.1,1,32,posthoc_orth,fz,var,0.00034337267,n=6400_bz=1.0_cv1=0.1_p=1_q=32_20260127-005017
6400,1.0,0.1,1,32,posthoc_orth,fr,mspe,0.00236549,n=6400_bz=1.0_cv1=0.1_p=1_q=32_20260127-005017
6400,1.0,0.1,1,32,posthoc_orth,fr,bias2,0.00018984378,n=6400_bz=1.0_cv1=0.1_p=1_q=32_20260127-005017
6400,1.0,0.1,1,32,posthoc_orth,fr,var,0.0021756461,n=6400_bz=1.0_cv1=0.1_p=1_q=32_20260127-005017
6400,1.0,0.2,1,32,base,y,mspe,1.0627288,n=6400_bz=1.0_cv1=0.2_p=1_q=32_20260127-005739
6400,1.0,0.2,1,32,base,y,bias2,1.0604835,n=6400_bz=1.0_cv1=0.2_p=1_q=32_20260127-005739
6400,1.0,0.2,1,32,base,y,var,0.0022453086,n=6400_bz=1.0_cv1=0.2_p=1_q=32_20260127-005739
6400,1.0,0.2,1,32,base,fx,mspe,0.038935192,n=6400_bz=1.0_cv1=0.2_p=1_q=32_20260127-005739
6400,1.0,0.2,1,32,base,fx,bias2,0.037094224,n=6400_bz=1.0_cv1=0.2_p=1_q=32_20260127-005739
6400,1.0,0.2,1,32,base,fx,var,0.0018409683,n=6400_bz=1.0_cv1=0.2_p=1_q=32_20260127-005739
6400,1.0,0.2,1,32,base,fz,mspe,0.07795459,n=6400_bz=1.0_cv1=0.2_p=1_q=32_20260127-005739
6400,1.0,0.2,1,32,base,fz,bias2,0.07795459,n=6400_bz=1.0_cv1=0.2_p=1_q=32_20260127-005739
6400,1.0,0.2,1,32,base,fz,var,0.0,n=6400_bz=1.0_cv1=0.2_p=1_q=32_20260127-005739
6400,1.0,0.2,1,32,base,fr,mspe,0.09549453,n=6400_bz=1.0_cv1=0.2_p=1_q=32_20260127-005739
6400,1.0,0.2,1,32,base,fr,bias2,0.09365355,n=6400_bz=1.0_cv1=0.2_p=1_q=32_20260127-005739
6400,1.0,0.2,1,32,base,fr,var,0.0018409683,n=6400_bz=1.0_cv1=0.2_p=1_q=32_20260127-005739
6400,1.0,0.2,1,32,posthoc,y,mspe,1.0056092,n=6400_bz=1.0_cv1=0.2_p=1_q=32_20260127-005739
6400,1.0,0.2,1,32,posthoc,y,bias2,1.0028516,n=6400_bz=1.0_cv1=0.2_p=1_q=32_20260127-005739
6400,1.0,0.2,1,32,posthoc,y,var,0.0027574594,n=6400_bz=1.0_cv1=0.2_p=1_q=32_20260127-005739
6400,1.0,0.2,1,32,posthoc,fx,mspe,0.0025743763,n=6400_bz=1.0_cv1=0.2_p=1_q=32_20260127-005739
6400,1.0,0.2,1,32,posthoc,fx,bias2,0.00016478897,n=6400_bz=1.0_cv1=0.2_p=1_q=32_20260127-005739
6400,1.0,0.2,1,32,posthoc,fx,var,0.0024095874,n=6400_bz=1.0_cv1=0.2_p=1_q=32_20260127-005739
6400,1.0,0.2,1,32,posthoc,fz,mspe,0.0006205507,n=6400_bz=1.0_cv1=0.2_p=1_q=32_20260127-005739
6400,1.0,0.2,1,32,posthoc,fz,bias2,5.9833917e-07,n=6400_bz=1.0_cv1=0.2_p=1_q=32_20260127-005739
6400,1.0,0.2,1,32,posthoc,fz,var,0.0006199524,n=6400_bz=1.0_cv1=0.2_p=1_q=32_20260127-005739
6400,1.0,0.2,1,32,posthoc,fr,mspe,0.022516197,n=6400_bz=1.0_cv1=0.2_p=1_q=32_20260127-005739
6400,1.0,0.2,1,32,posthoc,fr,bias2,0.020106608,n=6400_bz=1.0_cv1=0.2_p=1_q=32_20260127-005739
6400,1.0,0.2,1,32,posthoc,fr,var,0.0024095874,n=6400_bz=1.0_cv1=0.2_p=1_q=32_20260127-005739
6400,1.0,0.2,1,32,posthoc_orth,y,mspe,1.0056214,n=6400_bz=1.0_cv1=0.2_p=1_q=32_20260127-005739
6400,1.0,0.2,1,32,posthoc_orth,y,bias2,1.0028566,n=6400_bz=1.0_cv1=0.2_p=1_q=32_20260127-005739
6400,1.0,0.2,1,32,posthoc_orth,y,var,0.0027649007,n=6400_bz=1.0_cv1=0.2_p=1_q=32_20260127-005739
6400,1.0,0.2,1,32,posthoc_orth,fx,mspe,0.021787636,n=6400_bz=1.0_cv1=0.2_p=1_q=32_20260127-005739
6400,1.0,0.2,1,32,posthoc_orth,fx,bias2,0.019619035,n=6400_bz=1.0_cv1=0.2_p=1_q=32_20260127-005739
6400,1.0,0.2,1,32,posthoc_orth,fx,var,0.0021686007,n=6400_bz=1.0_cv1=0.2_p=1_q=32_20260127-005739
6400,1.0,0.2,1,32,posthoc_orth,fz,mspe,0.020330898,n=6400_bz=1.0_cv1=0.2_p=1_q=32_20260127-005739
6400,1.0,0.2,1,32,posthoc_orth,fz,bias2,0.019987527,n=6400_bz=1.0_cv1=0.2_p=1_q=32_20260127-005739
6400,1.0,0.2,1,32,posthoc_orth,fz,var,0.00034337226,n=6400_bz=1.0_cv1=0.2_p=1_q=32_20260127-005739
6400,1.0,0.2,1,32,posthoc_orth,fr,mspe,0.0023297872,n=6400_bz=1.0_cv1=0.2_p=1_q=32_20260127-005739
6400,1.0,0.2,1,32,posthoc_orth,fr,bias2,0.00016118662,n=6400_bz=1.0_cv1=0.2_p=1_q=32_20260127-005739
6400,1.0,0.2,1,32,posthoc_orth,fr,var,0.0021686007,n=6400_bz=1.0_cv1=0.2_p=1_q=32_20260127-005739
6400,1.0,0.3,1,32,base,y,mspe,1.0621808,n=6400_bz=1.0_cv1=0.3_p=1_q=32_20260127-010533
6400,1.0,0.3,1,32,base,y,bias2,1.0598311,n=6400_bz=1.0_cv1=0.3_p=1_q=32_20260127-010533
6400,1.0,0.3,1,32,base,y,var,0.0023496146,n=6400_bz=1.0_cv1=0.3_p=1_q=32_20260127-010533
6400,1.0,0.3,1,32,base,fx,mspe,0.04090629,n=6400_bz=1.0_cv1=0.3_p=1_q=32_20260127-010533
6400,1.0,0.3,1,32,base,fx,bias2,0.038928103,n=6400_bz=1.0_cv1=0.3_p=1_q=32_20260127-010533
6400,1.0,0.3,1,32,base,fx,var,0.001978189,n=6400_bz=1.0_cv1=0.3_p=1_q=32_20260127-010533
6400,1.0,0.3,1,32,base,fz,mspe,0.07795459,n=6400_bz=1.0_cv1=0.3_p=1_q=32_20260127-010533
6400,1.0,0.3,1,32,base,fz,bias2,0.07795459,n=6400_bz=1.0_cv1=0.3_p=1_q=32_20260127-010533
6400,1.0,0.3,1,32,base,fz,var,0.0,n=6400_bz=1.0_cv1=0.3_p=1_q=32_20260127-010533
6400,1.0,0.3,1,32,base,fr,mspe,0.09976232,n=6400_bz=1.0_cv1=0.3_p=1_q=32_20260127-010533
6400,1.0,0.3,1,32,base,fr,bias2,0.09778414,n=6400_bz=1.0_cv1=0.3_p=1_q=32_20260127-010533
6400,1.0,0.3,1,32,base,fr,var,0.001978189,n=6400_bz=1.0_cv1=0.3_p=1_q=32_20260127-010533
6400,1.0,0.3,1,32,posthoc,y,mspe,1.005681,n=6400_bz=1.0_cv1=0.3_p=1_q=32_20260127-010533
6400,1.0,0.3,1,32,posthoc,y,bias2,1.002855,n=6400_bz=1.0_cv1=0.3_p=1_q=32_20260127-010533
6400,1.0,0.3,1,32,posthoc,y,var,0.0028260383,n=6400_bz=1.0_cv1=0.3_p=1_q=32_20260127-010533
6400,1.0,0.3,1,32,posthoc,fx,mspe,0.0026844898,n=6400_bz=1.0_cv1=0.3_p=1_q=32_20260127-010533
6400,1.0,0.3,1,32,posthoc,fx,bias2,0.00016430914,n=6400_bz=1.0_cv1=0.3_p=1_q=32_20260127-010533
6400,1.0,0.3,1,32,posthoc,fx,var,0.0025201808,n=6400_bz=1.0_cv1=0.3_p=1_q=32_20260127-010533
6400,1.0,0.3,1,32,posthoc,fz,mspe,0.0006708393,n=6400_bz=1.0_cv1=0.3_p=1_q=32_20260127-010533
6400,1.0,0.3,1,32,posthoc,fz,bias2,7.2855573e-07,n=6400_bz=1.0_cv1=0.3_p=1_q=32_20260127-010533
6400,1.0,0.3,1,32,posthoc,fz,var,0.0006701107,n=6400_bz=1.0_cv1=0.3_p=1_q=32_20260127-010533
6400,1.0,0.3,1,32,posthoc,fr,mspe,0.022802236,n=6400_bz=1.0_cv1=0.3_p=1_q=32_20260127-010533
6400,1.0,0.3,1,32,posthoc,fr,bias2,0.020282054,n=6400_bz=1.0_cv1=0.3_p=1_q=32_20260127-010533
6400,1.0,0.3,1,32,posthoc,fr,var,0.0025201808,n=6400_bz=1.0_cv1=0.3_p=1_q=32_20260127-010533
6400,1.0,0.3,1,32,posthoc_orth,y,mspe,1.0057282,n=6400_bz=1.0_cv1=0.3_p=1_q=32_20260127-010533
6400,1.0,0.3,1,32,posthoc_orth,y,bias2,1.0028833,n=6400_bz=1.0_cv1=0.3_p=1_q=32_20260127-010533
6400,1.0,0.3,1,32,posthoc_orth,y,var,0.0028449302,n=6400_bz=1.0_cv1=0.3_p=1_q=32_20260127-010533
6400,1.0,0.3,1,32,posthoc_orth,fx,mspe,0.021883389,n=6400_bz=1.0_cv1=0.3_p=1_q=32_20260127-010533
6400,1.0,0.3,1,32,posthoc_orth,fx,bias2,0.019635692,n=6400_bz=1.0_cv1=0.3_p=1_q=32_20260127-010533
6400,1.0,0.3,1,32,posthoc_orth,fx,var,0.0022476967,n=6400_bz=1.0_cv1=0.3_p=1_q=32_20260127-010533
6400,1.0,0.3,1,32,posthoc_orth,fz,mspe,0.020330902,n=6400_bz=1.0_cv1=0.3_p=1_q=32_20260127-010533
6400,1.0,0.3,1,32,posthoc_orth,fz,bias2,0.019987533,n=6400_bz=1.0_cv1=0.3_p=1_q=32_20260127-010533
6400,1.0,0.3,1,32,posthoc_orth,fz,var,0.0003433714,n=6400_bz=1.0_cv1=0.3_p=1_q=32_20260127-010533
6400,1.0,0.3,1,32,posthoc_orth,fr,mspe,0.0024033466,n=6400_bz=1.0_cv1=0.3_p=1_q=32_20260127-010533
6400,1.0,0.3,1,32,posthoc_orth,fr,bias2,0.00015564988,n=6400_bz=1.0_cv1=0.3_p=1_q=32_20260127-010533
6400,1.0,0.3,1,32,posthoc_orth,fr,var,0.0022476967,n=6400_bz=1.0_cv1=0.3_p=1_q=32_20260127-010533
6400,1.0,0.4,1,32,base,y,mspe,1.0592092,n=6400_bz=1.0_cv1=0.4_p=1_q=32_20260127-011345
6400,1.0,0.4,1,32,base,y,bias2,1.0571083,n=6400_bz=1.0_cv1=0.4_p=1_q=32_20260127-011345
6400,1.0,0.4,1,32,base,y,var,0.002100753,n=6400_bz=1.0_cv1=0.4_p=1_q=32_20260127-011345
6400,1.0,0.4,1,32,base,fx,mspe,0.043854382,n=6400_bz=1.0_cv1=0.4_p=1_q=32_20260127-011345
6400,1.0,0.4,1,32,base,fx,bias2,0.042105913,n=6400_bz=1.0_cv1=0.4_p=1_q=32_20260127-011345
6400,1.0,0.4,1,32,base,fx,var,0.0017484716,n=6400_bz=1.0_cv1=0.4_p=1_q=32_20260127-011345
6400,1.0,0.4,1,32,base,fz,mspe,0.07795459,n=6400_bz=1.0_cv1=0.4_p=1_q=32_20260127-011345
6400,1.0,0.4,1,32,base,fz,bias2,0.07795459,n=6400_bz=1.0_cv1=0.4_p=1_q=32_20260127-011345
6400,1.0,0.4,1,32,base,fz,var,0.0,n=6400_bz=1.0_cv1=0.4_p=1_q=32_20260127-011345
6400,1.0,0.4,1,32,base,fr,mspe,0.106336415,n=6400_bz=1.0_cv1=0.4_p=1_q=32_20260127-011345
6400,1.0,0.4,1,32,base,fr,bias2,0.104587935,n=6400_bz=1.0_cv1=0.4_p=1_q=32_20260127-011345
6400,1.0,0.4,1,32,base,fr,var,0.0017484716,n=6400_bz=1.0_cv1=0.4_p=1_q=32_20260127-011345
6400,1.0,0.4,1,32,posthoc,y,mspe,1.0057906,n=6400_bz=1.0_cv1=0.4_p=1_q=32_20260127-011345
6400,1.0,0.4,1,32,posthoc,y,bias2,1.0029846,n=6400_bz=1.0_cv1=0.4_p=1_q=32_20260127-011345
6400,1.0,0.4,1,32,posthoc,y,var,0.0028061208,n=6400_bz=1.0_cv1=0.4_p=1_q=32_20260127-011345
6400,1.0,0.4,1,32,posthoc,fx,mspe,0.0027498605,n=6400_bz=1.0_cv1=0.4_p=1_q=32_20260127-011345
6400,1.0,0.4,1,32,posthoc,fx,bias2,0.00016879909,n=6400_bz=1.0_cv1=0.4_p=1_q=32_20260127-011345
6400,1.0,0.4,1,32,posthoc,fx,var,0.0025810616,n=6400_bz=1.0_cv1=0.4_p=1_q=32_20260127-011345
6400,1.0,0.4,1,32,posthoc,fz,mspe,0.000743066,n=6400_bz=1.0_cv1=0.4_p=1_q=32_20260127-011345
6400,1.0,0.4,1,32,posthoc,fz,bias2,5.5341263e-07,n=6400_bz=1.0_cv1=0.4_p=1_q=32_20260127-011345
6400,1.0,0.4,1,32,posthoc,fz,var,0.0007425126,n=6400_bz=1.0_cv1=0.4_p=1_q=32_20260127-011345
6400,1.0,0.4,1,32,posthoc,fr,mspe,0.022794222,n=6400_bz=1.0_cv1=0.4_p=1_q=32_20260127-011345
6400,1.0,0.4,1,32,posthoc,fr,bias2,0.02021316,n=6400_bz=1.0_cv1=0.4_p=1_q=32_20260127-011345
6400,1.0,0.4,1,32,posthoc,fr,var,0.0025810616,n=6400_bz=1.0_cv1=0.4_p=1_q=32_20260127-011345
6400,1.0,0.4,1,32,posthoc_orth,y,mspe,1.0058045,n=6400_bz=1.0_cv1=0.4_p=1_q=32_20260127-011345
6400,1.0,0.4,1,32,posthoc_orth,y,bias2,1.0029879,n=6400_bz=1.0_cv1=0.4_p=1_q=32_20260127-011345
6400,1.0,0.4,1,32,posthoc_orth,y,var,0.0028165223,n=6400_bz=1.0_cv1=0.4_p=1_q=32_20260127-011345
6400,1.0,0.4,1,32,posthoc_orth,fx,mspe,0.02181956,n=6400_bz=1.0_cv1=0.4_p=1_q=32_20260127-011345
6400,1.0,0.4,1,32,posthoc_orth,fx,bias2,0.019599909,n=6400_bz=1.0_cv1=0.4_p=1_q=32_20260127-011345
6400,1.0,0.4,1,32,posthoc_orth,fx,var,0.0022196495,n=6400_bz=1.0_cv1=0.4_p=1_q=32_20260127-011345
6400,1.0,0.4,1,32,posthoc_orth,fz,mspe,0.020330893,n=6400_bz=1.0_cv1=0.4_p=1_q=32_20260127-011345
6400,1.0,0.4,1,32,posthoc_orth,fz,bias2,0.019987522,n=6400_bz=1.0_cv1=0.4_p=1_q=32_20260127-011345
6400,1.0,0.4,1,32,posthoc_orth,fz,var,0.0003433715,n=6400_bz=1.0_cv1=0.4_p=1_q=32_20260127-011345
6400,1.0,0.4,1,32,posthoc_orth,fr,mspe,0.0023834372,n=6400_bz=1.0_cv1=0.4_p=1_q=32_20260127-011345
6400,1.0,0.4,1,32,posthoc_orth,fr,bias2,0.0001637879,n=6400_bz=1.0_cv1=0.4_p=1_q=32_20260127-011345
6400,1.0,0.4,1,32,posthoc_orth,fr,var,0.0022196495,n=6400_bz=1.0_cv1=0.4_p=1_q=32_20260127-011345
6400,1.0,0.5,1,32,base,y,mspe,1.0531868,n=6400_bz=1.0_cv1=0.5_p=1_q=32_20260127-012111
6400,1.0,0.5,1,32,base,y,bias2,1.050932,n=6400_bz=1.0_cv1=0.5_p=1_q=32_20260127-012111
6400,1.0,0.5,1,32,base,y,var,0.0022548053,n=6400_bz=1.0_cv1=0.5_p=1_q=32_20260127-012111
6400,1.0,0.5,1,32,base,fx,mspe,0.050380345,n=6400_bz=1.0_cv1=0.5_p=1_q=32_20260127-012111
6400,1.0,0.5,1,32,base,fx,bias2,0.04862958,n=6400_bz=1.0_cv1=0.5_p=1_q=32_20260127-012111
6400,1.0,0.5,1,32,base,fx,var,0.0017507671,n=6400_bz=1.0_cv1=0.5_p=1_q=32_20260127-012111
6400,1.0,0.5,1,32,base,fz,mspe,0.07795459,n=6400_bz=1.0_cv1=0.5_p=1_q=32_20260127-012111
6400,1.0,0.5,1,32,base,fz,bias2,0.07795459,n=6400_bz=1.0_cv1=0.5_p=1_q=32_20260127-012111
6400,1.0,0.5,1,32,base,fz,var,0.0,n=6400_bz=1.0_cv1=0.5_p=1_q=32_20260127-012111
6400,1.0,0.5,1,32,base,fr,mspe,0.119339086,n=6400_bz=1.0_cv1=0.5_p=1_q=32_20260127-012111
6400,1.0,0.5,1,32,base,fr,bias2,0.11758831,n=6400_bz=1.0_cv1=0.5_p=1_q=32_20260127-012111
6400,1.0,0.5,1,32,base,fr,var,0.0017507671,n=6400_bz=1.0_cv1=0.5_p=1_q=32_20260127-012111
6400,1.0,0.5,1,32,posthoc,y,mspe,1.0060984,n=6400_bz=1.0_cv1=0.5_p=1_q=32_20260127-012111
6400,1.0,0.5,1,32,posthoc,y,bias2,1.0032467,n=6400_bz=1.0_cv1=0.5_p=1_q=32_20260127-012111
6400,1.0,0.5,1,32,posthoc,y,var,0.002851857,n=6400_bz=1.0_cv1=0.5_p=1_q=32_20260127-012111
6400,1.0,0.5,1,32,posthoc,fx,mspe,0.0029775174,n=6400_bz=1.0_cv1=0.5_p=1_q=32_20260127-012111
6400,1.0,0.5,1,32,posthoc,fx,bias2,0.00016739371,n=6400_bz=1.0_cv1=0.5_p=1_q=32_20260127-012111
6400,1.0,0.5,1,32,posthoc,fx,var,0.0028101238,n=6400_bz=1.0_cv1=0.5_p=1_q=32_20260127-012111
6400,1.0,0.5,1,32,posthoc,fz,mspe,0.00093076297,n=6400_bz=1.0_cv1=0.5_p=1_q=32_20260127-012111
6400,1.0,0.5,1,32,posthoc,fz,bias2,5.972558e-07,n=6400_bz=1.0_cv1=0.5_p=1_q=32_20260127-012111
6400,1.0,0.5,1,32,posthoc,fz,var,0.0009301657,n=6400_bz=1.0_cv1=0.5_p=1_q=32_20260127-012111
6400,1.0,0.5,1,32,posthoc,fr,mspe,0.023087969,n=6400_bz=1.0_cv1=0.5_p=1_q=32_20260127-012111
6400,1.0,0.5,1,32,posthoc,fr,bias2,0.020277843,n=6400_bz=1.0_cv1=0.5_p=1_q=32_20260127-012111
6400,1.0,0.5,1,32,posthoc,fr,var,0.0028101238,n=6400_bz=1.0_cv1=0.5_p=1_q=32_20260127-012111
6400,1.0,0.5,1,32,posthoc_orth,y,mspe,1.0060848,n=6400_bz=1.0_cv1=0.5_p=1_q=32_20260127-012111
6400,1.0,0.5,1,32,posthoc_orth,y,bias2,1.0032314,n=6400_bz=1.0_cv1=0.5_p=1_q=32_20260127-012111
6400,1.0,0.5,1,32,posthoc_orth,y,var,0.0028532548,n=6400_bz=1.0_cv1=0.5_p=1_q=32_20260127-012111
6400,1.0,0.5,1,32,posthoc_orth,fx,mspe,0.02183728,n=6400_bz=1.0_cv1=0.5_p=1_q=32_20260127-012111
6400,1.0,0.5,1,32,posthoc_orth,fx,bias2,0.0195768,n=6400_bz=1.0_cv1=0.5_p=1_q=32_20260127-012111
6400,1.0,0.5,1,32,posthoc_orth,fx,var,0.0022604805,n=6400_bz=1.0_cv1=0.5_p=1_q=32_20260127-012111
6400,1.0,0.5,1,32,posthoc_orth,fz,mspe,0.020330906,n=6400_bz=1.0_cv1=0.5_p=1_q=32_20260127-012111
6400,1.0,0.5,1,32,posthoc_orth,fz,bias2,0.019987533,n=6400_bz=1.0_cv1=0.5_p=1_q=32_20260127-012111
6400,1.0,0.5,1,32,posthoc_orth,fz,var,0.00034337168,n=6400_bz=1.0_cv1=0.5_p=1_q=32_20260127-012111
6400,1.0,0.5,1,32,posthoc_orth,fr,mspe,0.002422589,n=6400_bz=1.0_cv1=0.5_p=1_q=32_20260127-012111
6400,1.0,0.5,1,32,posthoc_orth,fr,bias2,0.00016210852,n=6400_bz=1.0_cv1=0.5_p=1_q=32_20260127-012111
6400,1.0,0.5,1,32,posthoc_orth,fr,var,0.0022604805,n=6400_bz=1.0_cv1=0.5_p=1_q=32_20260127-012111
6400,1.0,0.6,1,32,base,y,mspe,1.0425947,n=6400_bz=1.0_cv1=0.6_p=1_q=32_20260127-012831
6400,1.0,0.6,1,32,base,y,bias2,1.0404395,n=6400_bz=1.0_cv1=0.6_p=1_q=32_20260127-012831
6400,1.0,0.6,1,32,base,y,var,0.002155173,n=6400_bz=1.0_cv1=0.6_p=1_q=32_20260127-012831
6400,1.0,0.6,1,32,base,fx,mspe,0.059693586,n=6400_bz=1.0_cv1=0.6_p=1_q=32_20260127-012831
6400,1.0,0.6,1,32,base,fx,bias2,0.057926126,n=6400_bz=1.0_cv1=0.6_p=1_q=32_20260127-012831
6400,1.0,0.6,1,32,base,fx,var,0.0017674564,n=6400_bz=1.0_cv1=0.6_p=1_q=32_20260127-012831
6400,1.0,0.6,1,32,base,fz,mspe,0.07795459,n=6400_bz=1.0_cv1=0.6_p=1_q=32_20260127-012831
6400,1.0,0.6,1,32,base,fz,bias2,0.07795459,n=6400_bz=1.0_cv1=0.6_p=1_q=32_20260127-012831
6400,1.0,0.6,1,32,base,fz,var,0.0,n=6400_bz=1.0_cv1=0.6_p=1_q=32_20260127-012831
6400,1.0,0.6,1,32,base,fr,mspe,0.13749161,n=6400_bz=1.0_cv1=0.6_p=1_q=32_20260127-012831
6400,1.0,0.6,1,32,base,fr,bias2,0.13572416,n=6400_bz=1.0_cv1=0.6_p=1_q=32_20260127-012831
6400,1.0,0.6,1,32,base,fr,var,0.0017674564,n=6400_bz=1.0_cv1=0.6_p=1_q=32_20260127-012831
6400,1.0,0.6,1,32,posthoc,y,mspe,1.0062727,n=6400_bz=1.0_cv1=0.6_p=1_q=32_20260127-012831
6400,1.0,0.6,1,32,posthoc,y,bias2,1.0033392,n=6400_bz=1.0_cv1=0.6_p=1_q=32_20260127-012831
6400,1.0,0.6,1,32,posthoc,y,var,0.0029335134,n=6400_bz=1.0_cv1=0.6_p=1_q=32_20260127-012831
6400,1.0,0.6,1,32,posthoc,fx,mspe,0.0035459092,n=6400_bz=1.0_cv1=0.6_p=1_q=32_20260127-012831
6400,1.0,0.6,1,32,posthoc,fx,bias2,0.00019292042,n=6400_bz=1.0_cv1=0.6_p=1_q=32_20260127-012831
6400,1.0,0.6,1,32,posthoc,fx,var,0.0033529892,n=6400_bz=1.0_cv1=0.6_p=1_q=32_20260127-012831
6400,1.0,0.6,1,32,posthoc,fz,mspe,0.0013866706,n=6400_bz=1.0_cv1=0.6_p=1_q=32_20260127-012831
6400,1.0,0.6,1,32,posthoc,fz,bias2,3.4403888e-06,n=6400_bz=1.0_cv1=0.6_p=1_q=32_20260127-012831
6400,1.0,0.6,1,32,posthoc,fz,var,0.0013832302,n=6400_bz=1.0_cv1=0.6_p=1_q=32_20260127-012831
6400,1.0,0.6,1,32,posthoc,fr,mspe,0.024096295,n=6400_bz=1.0_cv1=0.6_p=1_q=32_20260127-012831
6400,1.0,0.6,1,32,posthoc,fr,bias2,0.020743309,n=6400_bz=1.0_cv1=0.6_p=1_q=32_20260127-012831
6400,1.0,0.6,1,32,posthoc,fr,var,0.0033529892,n=6400_bz=1.0_cv1=0.6_p=1_q=32_20260127-012831
6400,1.0,0.6,1,32,posthoc_orth,y,mspe,1.0062839,n=6400_bz=1.0_cv1=0.6_p=1_q=32_20260127-012831
6400,1.0,0.6,1,32,posthoc_orth,y,bias2,1.0033431,n=6400_bz=1.0_cv1=0.6_p=1_q=32_20260127-012831
6400,1.0,0.6,1,32,posthoc_orth,y,var,0.0029407619,n=6400_bz=1.0_cv1=0.6_p=1_q=32_20260127-012831
6400,1.0,0.6,1,32,posthoc_orth,fx,mspe,0.021921873,n=6400_bz=1.0_cv1=0.6_p=1_q=32_20260127-012831
6400,1.0,0.6,1,32,posthoc_orth,fx,bias2,0.019571537,n=6400_bz=1.0_cv1=0.6_p=1_q=32_20260127-012831
6400,1.0,0.6,1,32,posthoc_orth,fx,var,0.0023503355,n=6400_bz=1.0_cv1=0.6_p=1_q=32_20260127-012831
6400,1.0,0.6,1,32,posthoc_orth,fz,mspe,0.020330908,n=6400_bz=1.0_cv1=0.6_p=1_q=32_20260127-012831
6400,1.0,0.6,1,32,posthoc_orth,fz,bias2,0.019987538,n=6400_bz=1.0_cv1=0.6_p=1_q=32_20260127-012831
6400,1.0,0.6,1,32,posthoc_orth,fz,var,0.00034337258,n=6400_bz=1.0_cv1=0.6_p=1_q=32_20260127-012831
6400,1.0,0.6,1,32,posthoc_orth,fr,mspe,0.0025293266,n=6400_bz=1.0_cv1=0.6_p=1_q=32_20260127-012831
6400,1.0,0.6,1,32,posthoc_orth,fr,bias2,0.0001789911,n=6400_bz=1.0_cv1=0.6_p=1_q=32_20260127-012831
6400,1.0,0.6,1,32,posthoc_orth,fr,var,0.0023503355,n=6400_bz=1.0_cv1=0.6_p=1_q=32_20260127-012831
6400,1.0,0.7,1,32,base,y,mspe,1.0298853,n=6400_bz=1.0_cv1=0.7_p=1_q=32_20260127-013555
6400,1.0,0.7,1,32,base,y,bias2,1.0278065,n=6400_bz=1.0_cv1=0.7_p=1_q=32_20260127-013555
6400,1.0,0.7,1,32,base,y,var,0.0020787846,n=6400_bz=1.0_cv1=0.7_p=1_q=32_20260127-013555
6400,1.0,0.7,1,32,base,fx,mspe,0.06895752,n=6400_bz=1.0_cv1=0.7_p=1_q=32_20260127-013555
6400,1.0,0.7,1,32,base,fx,bias2,0.06733666,n=6400_bz=1.0_cv1=0.7_p=1_q=32_20260127-013555
6400,1.0,0.7,1,32,base,fx,var,0.0016208573,n=6400_bz=1.0_cv1=0.7_p=1_q=32_20260127-013555
6400,1.0,0.7,1,32,base,fz,mspe,0.07795459,n=6400_bz=1.0_cv1=0.7_p=1_q=32_20260127-013555
6400,1.0,0.7,1,32,base,fz,bias2,0.07795459,n=6400_bz=1.0_cv1=0.7_p=1_q=32_20260127-013555
6400,1.0,0.7,1,32,base,fz,var,0.0,n=6400_bz=1.0_cv1=0.7_p=1_q=32_20260127-013555
6400,1.0,0.7,1,32,base,fr,mspe,0.15561971,n=6400_bz=1.0_cv1=0.7_p=1_q=32_20260127-013555
6400,1.0,0.7,1,32,base,fr,bias2,0.15399885,n=6400_bz=1.0_cv1=0.7_p=1_q=32_20260127-013555
6400,1.0,0.7,1,32,base,fr,var,0.0016208573,n=6400_bz=1.0_cv1=0.7_p=1_q=32_20260127-013555
6400,1.0,0.7,1,32,posthoc,y,mspe,1.0062382,n=6400_bz=1.0_cv1=0.7_p=1_q=32_20260127-013555
6400,1.0,0.7,1,32,posthoc,y,bias2,1.0033085,n=6400_bz=1.0_cv1=0.7_p=1_q=32_20260127-013555
6400,1.0,0.7,1,32,posthoc,y,var,0.0029297322,n=6400_bz=1.0_cv1=0.7_p=1_q=32_20260127-013555
6400,1.0,0.7,1,32,posthoc,fx,mspe,0.004768985,n=6400_bz=1.0_cv1=0.7_p=1_q=32_20260127-013555
6400,1.0,0.7,1,32,posthoc,fx,bias2,0.00024272899,n=6400_bz=1.0_cv1=0.7_p=1_q=32_20260127-013555
6400,1.0,0.7,1,32,posthoc,fx,var,0.004526256,n=6400_bz=1.0_cv1=0.7_p=1_q=32_20260127-013555
6400,1.0,0.7,1,32,posthoc,fz,mspe,0.0025792993,n=6400_bz=1.0_cv1=0.7_p=1_q=32_20260127-013555
6400,1.0,0.7,1,32,posthoc,fz,bias2,2.5102048e-05,n=6400_bz=1.0_cv1=0.7_p=1_q=32_20260127-013555
6400,1.0,0.7,1,32,posthoc,fz,var,0.0025541969,n=6400_bz=1.0_cv1=0.7_p=1_q=32_20260127-013555
6400,1.0,0.7,1,32,posthoc,fr,mspe,0.026273316,n=6400_bz=1.0_cv1=0.7_p=1_q=32_20260127-013555
6400,1.0,0.7,1,32,posthoc,fr,bias2,0.02174706,n=6400_bz=1.0_cv1=0.7_p=1_q=32_20260127-013555
6400,1.0,0.7,1,32,posthoc,fr,var,0.004526256,n=6400_bz=1.0_cv1=0.7_p=1_q=32_20260127-013555
6400,1.0,0.7,1,32,posthoc_orth,y,mspe,1.006212,n=6400_bz=1.0_cv1=0.7_p=1_q=32_20260127-013555
6400,1.0,0.7,1,32,posthoc_orth,y,bias2,1.0032904,n=6400_bz=1.0_cv1=0.7_p=1_q=32_20260127-013555
6400,1.0,0.7,1,32,posthoc_orth,y,var,0.0029216546,n=6400_bz=1.0_cv1=0.7_p=1_q=32_20260127-013555
6400,1.0,0.7,1,32,posthoc_orth,fx,mspe,0.0218671,n=6400_bz=1.0_cv1=0.7_p=1_q=32_20260127-013555
6400,1.0,0.7,1,32,posthoc_orth,fx,bias2,0.019537583,n=6400_bz=1.0_cv1=0.7_p=1_q=32_20260127-013555
6400,1.0,0.7,1,32,posthoc_orth,fx,var,0.0023295158,n=6400_bz=1.0_cv1=0.7_p=1_q=32_20260127-013555
6400,1.0,0.7,1,32,posthoc_orth,fz,mspe,0.020330898,n=6400_bz=1.0_cv1=0.7_p=1_q=32_20260127-013555
6400,1.0,0.7,1,32,posthoc_orth,fz,bias2,0.019987525,n=6400_bz=1.0_cv1=0.7_p=1_q=32_20260127-013555
6400,1.0,0.7,1,32,posthoc_orth,fz,var,0.00034337264,n=6400_bz=1.0_cv1=0.7_p=1_q=32_20260127-013555
6400,1.0,0.7,1,32,posthoc_orth,fr,mspe,0.0025229512,n=6400_bz=1.0_cv1=0.7_p=1_q=32_20260127-013555
6400,1.0,0.7,1,32,posthoc_orth,fr,bias2,0.00019343522,n=6400_bz=1.0_cv1=0.7_p=1_q=32_20260127-013555
6400,1.0,0.7,1,32,posthoc_orth,fr,var,0.0023295158,n=6400_bz=1.0_cv1=0.7_p=1_q=32_20260127-013555
6400,1.0,0.8,1,32,base,y,mspe,1.0182563,n=6400_bz=1.0_cv1=0.8_p=1_q=32_20260127-014300
6400,1.0,0.8,1,32,base,y,bias2,1.0162312,n=6400_bz=1.0_cv1=0.8_p=1_q=32_20260127-014300
6400,1.0,0.8,1,32,base,y,var,0.002025098,n=6400_bz=1.0_cv1=0.8_p=1_q=32_20260127-014300
6400,1.0,0.8,1,32,base,fx,mspe,0.074753284,n=6400_bz=1.0_cv1=0.8_p=1_q=32_20260127-014300
6400,1.0,0.8,1,32,base,fx,bias2,0.07315001,n=6400_bz=1.0_cv1=0.8_p=1_q=32_20260127-014300
6400,1.0,0.8,1,32,base,fx,var,0.001603277,n=6400_bz=1.0_cv1=0.8_p=1_q=32_20260127-014300
6400,1.0,0.8,1,32,base,fz,mspe,0.07795459,n=6400_bz=1.0_cv1=0.8_p=1_q=32_20260127-014300
6400,1.0,0.8,1,32,base,fz,bias2,0.07795459,n=6400_bz=1.0_cv1=0.8_p=1_q=32_20260127-014300
6400,1.0,0.8,1,32,base,fz,var,0.0,n=6400_bz=1.0_cv1=0.8_p=1_q=32_20260127-014300
6400,1.0,0.8,1,32,base,fr,mspe,0.16744815,n=6400_bz=1.0_cv1=0.8_p=1_q=32_20260127-014300
6400,1.0,0.8,1,32,base,fr,bias2,0.16584486,n=6400_bz=1.0_cv1=0.8_p=1_q=32_20260127-014300
6400,1.0,0.8,1,32,base,fr,var,0.001603277,n=6400_bz=1.0_cv1=0.8_p=1_q=32_20260127-014300
6400,1.0,0.8,1,32,posthoc,y,mspe,1.0064472,n=6400_bz=1.0_cv1=0.8_p=1_q=32_20260127-014300
6400,1.0,0.8,1,32,posthoc,y,bias2,1.0035013,n=6400_bz=1.0_cv1=0.8_p=1_q=32_20260127-014300
6400,1.0,0.8,1,32,posthoc,y,var,0.002945948,n=6400_bz=1.0_cv1=0.8_p=1_q=32_20260127-014300
6400,1.0,0.8,1,32,posthoc,fx,mspe,0.009517748,n=6400_bz=1.0_cv1=0.8_p=1_q=32_20260127-014300
6400,1.0,0.8,1,32,posthoc,fx,bias2,0.0005912439,n=6400_bz=1.0_cv1=0.8_p=1_q=32_20260127-014300
6400,1.0,0.8,1,32,posthoc,fx,var,0.008926503,n=6400_bz=1.0_cv1=0.8_p=1_q=32_20260127-014300
6400,1.0,0.8,1,32,posthoc,fz,mspe,0.0072326814,n=6400_bz=1.0_cv1=0.8_p=1_q=32_20260127-014300
6400,1.0,0.8,1,32,posthoc,fz,bias2,0.0002968796,n=6400_bz=1.0_cv1=0.8_p=1_q=32_20260127-014300
6400,1.0,0.8,1,32,posthoc,fz,var,0.006935802,n=6400_bz=1.0_cv1=0.8_p=1_q=32_20260127-014300
6400,1.0,0.8,1,32,posthoc,fr,mspe,0.03443074,n=6400_bz=1.0_cv1=0.8_p=1_q=32_20260127-014300
6400,1.0,0.8,1,32,posthoc,fr,bias2,0.025504237,n=6400_bz=1.0_cv1=0.8_p=1_q=32_20260127-014300
6400,1.0,0.8,1,32,posthoc,fr,var,0.008926503,n=6400_bz=1.0_cv1=0.8_p=1_q=32_20260127-014300
6400,1.0,0.8,1,32,posthoc_orth,y,mspe,1.0065004,n=6400_bz=1.0_cv1=0.8_p=1_q=32_20260127-014300
6400,1.0,0.8,1,32,posthoc_orth,y,bias2,1.0035971,n=6400_bz=1.0_cv1=0.8_p=1_q=32_20260127-014300
6400,1.0,0.8,1,32,posthoc_orth,y,var,0.0029034729,n=6400_bz=1.0_cv1=0.8_p=1_q=32_20260127-014300
6400,1.0,0.8,1,32,posthoc_orth,fx,mspe,0.021898849,n=6400_bz=1.0_cv1=0.8_p=1_q=32_20260127-014300
6400,1.0,0.8,1,32,posthoc_orth,fx,bias2,0.01959224,n=6400_bz=1.0_cv1=0.8_p=1_q=32_20260127-014300
6400,1.0,0.8,1,32,posthoc_orth,fx,var,0.0023066113,n=6400_bz=1.0_cv1=0.8_p=1_q=32_20260127-014300
6400,1.0,0.8,1,32,posthoc_orth,fz,mspe,0.020330912,n=6400_bz=1.0_cv1=0.8_p=1_q=32_20260127-014300
6400,1.0,0.8,1,32,posthoc_orth,fz,bias2,0.019987538,n=6400_bz=1.0_cv1=0.8_p=1_q=32_20260127-014300
6400,1.0,0.8,1,32,posthoc_orth,fz,var,0.00034337287,n=6400_bz=1.0_cv1=0.8_p=1_q=32_20260127-014300
6400,1.0,0.8,1,32,posthoc_orth,fr,mspe,0.0025295757,n=6400_bz=1.0_cv1=0.8_p=1_q=32_20260127-014300
6400,1.0,0.8,1,32,posthoc_orth,fr,bias2,0.00022296433,n=6400_bz=1.0_cv1=0.8_p=1_q=32_20260127-014300
6400,1.0,0.8,1,32,posthoc_orth,fr,var,0.0023066113,n=6400_bz=1.0_cv1=0.8_p=1_q=32_20260127-014300
6400,1.0,0.9,1,32,base,y,mspe,1.0101295,n=6400_bz=1.0_cv1=0.9_p=1_q=32_20260127-015026
6400,1.0,0.9,1,32,base,y,bias2,1.008224,n=6400_bz=1.0_cv1=0.9_p=1_q=32_20260127-015026
6400,1.0,0.9,1,32,base,y,var,0.0019055324,n=6400_bz=1.0_cv1=0.9_p=1_q=32_20260127-015026
6400,1.0,0.9,1,32,base,fx,mspe,0.07801374,n=6400_bz=1.0_cv1=0.9_p=1_q=32_20260127-015026
6400,1.0,0.9,1,32,base,fx,bias2,0.07650027,n=6400_bz=1.0_cv1=0.9_p=1_q=32_20260127-015026
6400,1.0,0.9,1,32,base,fx,var,0.0015134764,n=6400_bz=1.0_cv1=0.9_p=1_q=32_20260127-015026
6400,1.0,0.9,1,32,base,fz,mspe,0.07795459,n=6400_bz=1.0_cv1=0.9_p=1_q=32_20260127-015026
6400,1.0,0.9,1,32,base,fz,bias2,0.07795459,n=6400_bz=1.0_cv1=0.9_p=1_q=32_20260127-015026
6400,1.0,0.9,1,32,base,fz,var,0.0,n=6400_bz=1.0_cv1=0.9_p=1_q=32_20260127-015026
6400,1.0,0.9,1,32,base,fr,mspe,0.1740224,n=6400_bz=1.0_cv1=0.9_p=1_q=32_20260127-015026
6400,1.0,0.9,1,32,base,fr,bias2,0.17250891,n=6400_bz=1.0_cv1=0.9_p=1_q=32_20260127-015026
6400,1.0,0.9,1,32,base,fr,var,0.0015134764,n=6400_bz=1.0_cv1=0.9_p=1_q=32_20260127-015026
6400,1.0,0.9,1,32,posthoc,y,mspe,1.0074972,n=6400_bz=1.0_cv1=0.9_p=1_q=32_20260127-015026
6400,1.0,0.9,1,32,posthoc,y,bias2,1.005066,n=6400_bz=1.0_cv1=0.9_p=1_q=32_20260127-015026
6400,1.0,0.9,1,32,posthoc,y,var,0.0024311084,n=6400_bz=1.0_cv1=0.9_p=1_q=32_20260127-015026
6400,1.0,0.9,1,32,posthoc,fx,mspe,0.04443868,n=6400_bz=1.0_cv1=0.9_p=1_q=32_20260127-015026
6400,1.0,0.9,1,32,posthoc,fx,bias2,0.018813128,n=6400_bz=1.0_cv1=0.9_p=1_q=32_20260127-015026
6400,1.0,0.9,1,32,posthoc,fx,var,0.02562555,n=6400_bz=1.0_cv1=0.9_p=1_q=32_20260127-015026
6400,1.0,0.9,1,32,posthoc,fz,mspe,0.0411863,n=6400_bz=1.0_cv1=0.9_p=1_q=32_20260127-015026
6400,1.0,0.9,1,32,posthoc,fz,bias2,0.017593961,n=6400_bz=1.0_cv1=0.9_p=1_q=32_20260127-015026
6400,1.0,0.9,1,32,posthoc,fz,var,0.023592334,n=6400_bz=1.0_cv1=0.9_p=1_q=32_20260127-015026
6400,1.0,0.9,1,32,posthoc,fr,mspe,0.10168844,n=6400_bz=1.0_cv1=0.9_p=1_q=32_20260127-015026
6400,1.0,0.9,1,32,posthoc,fr,bias2,0.07606289,n=6400_bz=1.0_cv1=0.9_p=1_q=32_20260127-015026
6400,1.0,0.9,1,32,posthoc,fr,var,0.02562555,n=6400_bz=1.0_cv1=0.9_p=1_q=32_20260127-015026
6400,1.0,0.9,1,32,posthoc_orth,y,mspe,1.0073634,n=6400_bz=1.0_cv1=0.9_p=1_q=32_20260127-015026
6400,1.0,0.9,1,32,posthoc_orth,y,bias2,1.0048889,n=6400_bz=1.0_cv1=0.9_p=1_q=32_20260127-015026
6400,1.0,0.9,1,32,posthoc_orth,y,var,0.0024746272,n=6400_bz=1.0_cv1=0.9_p=1_q=32_20260127-015026
6400,1.0,0.9,1,32,posthoc_orth,fx,mspe,0.021619242,n=6400_bz=1.0_cv1=0.9_p=1_q=32_20260127-015026
6400,1.0,0.9,1,32,posthoc_orth,fx,bias2,0.01974772,n=6400_bz=1.0_cv1=0.9_p=1_q=32_20260127-015026
6400,1.0,0.9,1,32,posthoc_orth,fx,var,0.0018715207,n=6400_bz=1.0_cv1=0.9_p=1_q=32_20260127-015026
6400,1.0,0.9,1,32,posthoc_orth,fz,mspe,0.02033092,n=6400_bz=1.0_cv1=0.9_p=1_q=32_20260127-015026
6400,1.0,0.9,1,32,posthoc_orth,fz,bias2,0.019987548,n=6400_bz=1.0_cv1=0.9_p=1_q=32_20260127-015026
6400,1.0,0.9,1,32,posthoc_orth,fz,var,0.00034337267,n=6400_bz=1.0_cv1=0.9_p=1_q=32_20260127-015026
6400,1.0,0.9,1,32,posthoc_orth,fr,mspe,0.0023496938,n=6400_bz=1.0_cv1=0.9_p=1_q=32_20260127-015026
6400,1.0,0.9,1,32,posthoc_orth,fr,bias2,0.0004781731,n=6400_bz=1.0_cv1=0.9_p=1_q=32_20260127-015026
6400,1.0,0.9,1,32,posthoc_orth,fr,var,0.0018715207,n=6400_bz=1.0_cv1=0.9_p=1_q=32_20260127-015026
6400,1.0,0.0,1,32,base,y,mspe,1.061392,n=6400_bz=1.0_cv1=0_p=1_q=32_20260127-004256
6400,1.0,0.0,1,32,base,y,bias2,1.0590557,n=6400_bz=1.0_cv1=0_p=1_q=32_20260127-004256
6400,1.0,0.0,1,32,base,y,var,0.002336358,n=6400_bz=1.0_cv1=0_p=1_q=32_20260127-004256
6400,1.0,0.0,1,32,base,fx,mspe,0.037926972,n=6400_bz=1.0_cv1=0_p=1_q=32_20260127-004256
6400,1.0,0.0,1,32,base,fx,bias2,0.03606021,n=6400_bz=1.0_cv1=0_p=1_q=32_20260127-004256
6400,1.0,0.0,1,32,base,fx,var,0.0018667602,n=6400_bz=1.0_cv1=0_p=1_q=32_20260127-004256
6400,1.0,0.0,1,32,base,fz,mspe,0.07795459,n=6400_bz=1.0_cv1=0_p=1_q=32_20260127-004256
6400,1.0,0.0,1,32,base,fz,bias2,0.07795459,n=6400_bz=1.0_cv1=0_p=1_q=32_20260127-004256
6400,1.0,0.0,1,32,base,fz,var,0.0,n=6400_bz=1.0_cv1=0_p=1_q=32_20260127-004256
6400,1.0,0.0,1,32,base,fr,mspe,0.09300633,n=6400_bz=1.0_cv1=0_p=1_q=32_20260127-004256
6400,1.0,0.0,1,32,base,fr,bias2,0.09113956,n=6400_bz=1.0_cv1=0_p=1_q=32_20260127-004256
6400,1.0,0.0,1,32,base,fr,var,0.0018667602,n=6400_bz=1.0_cv1=0_p=1_q=32_20260127-004256
6400,1.0,0.0,1,32,posthoc,y,mspe,1.0057874,n=6400_bz=1.0_cv1=0_p=1_q=32_20260127-004256
6400,1.0,0.0,1,32,posthoc,y,bias2,1.0029678,n=6400_bz=1.0_cv1=0_p=1_q=32_20260127-004256
6400,1.0,0.0,1,32,posthoc,y,var,0.0028195076,n=6400_bz=1.0_cv1=0_p=1_q=32_20260127-004256
6400,1.0,0.0,1,32,posthoc,fx,mspe,0.0026503147,n=6400_bz=1.0_cv1=0_p=1_q=32_20260127-004256
6400,1.0,0.0,1,32,posthoc,fx,bias2,0.00018957611,n=6400_bz=1.0_cv1=0_p=1_q=32_20260127-004256
6400,1.0,0.0,1,32,posthoc,fx,var,0.0024607386,n=6400_bz=1.0_cv1=0_p=1_q=32_20260127-004256
6400,1.0,0.0,1,32,posthoc,fz,mspe,0.00060337625,n=6400_bz=1.0_cv1=0_p=1_q=32_20260127-004256
6400,1.0,0.0,1,32,posthoc,fz,bias2,1.6511054e-06,n=6400_bz=1.0_cv1=0_p=1_q=32_20260127-004256
6400,1.0,0.0,1,32,posthoc,fz,var,0.0006017251,n=6400_bz=1.0_cv1=0_p=1_q=32_20260127-004256
6400,1.0,0.0,1,32,posthoc,fr,mspe,0.022420501,n=6400_bz=1.0_cv1=0_p=1_q=32_20260127-004256
6400,1.0,0.0,1,32,posthoc,fr,bias2,0.019959765,n=6400_bz=1.0_cv1=0_p=1_q=32_20260127-004256
6400,1.0,0.0,1,32,posthoc,fr,var,0.0024607386,n=6400_bz=1.0_cv1=0_p=1_q=32_20260127-004256
6400,1.0,0.0,1,32,posthoc_orth,y,mspe,1.0058035,n=6400_bz=1.0_cv1=0_p=1_q=32_20260127-004256
6400,1.0,0.0,1,32,posthoc_orth,y,bias2,1.0029765,n=6400_bz=1.0_cv1=0_p=1_q=32_20260127-004256
6400,1.0,0.0,1,32,posthoc_orth,y,var,0.0028270415,n=6400_bz=1.0_cv1=0_p=1_q=32_20260127-004256
6400,1.0,0.0,1,32,posthoc_orth,fx,mspe,0.021829441,n=6400_bz=1.0_cv1=0_p=1_q=32_20260127-004256
6400,1.0,0.0,1,32,posthoc_orth,fx,bias2,0.019593935,n=6400_bz=1.0_cv1=0_p=1_q=32_20260127-004256
6400,1.0,0.0,1,32,posthoc_orth,fx,var,0.002235505,n=6400_bz=1.0_cv1=0_p=1_q=32_20260127-004256
6400,1.0,0.0,1,32,posthoc_orth,fz,mspe,0.020330884,n=6400_bz=1.0_cv1=0_p=1_q=32_20260127-004256
6400,1.0,0.0,1,32,posthoc_orth,fz,bias2,0.019987512,n=6400_bz=1.0_cv1=0_p=1_q=32_20260127-004256
6400,1.0,0.0,1,32,posthoc_orth,fz,var,0.00034337182,n=6400_bz=1.0_cv1=0_p=1_q=32_20260127-004256
6400,1.0,0.0,1,32,posthoc_orth,fr,mspe,0.002428549,n=6400_bz=1.0_cv1=0_p=1_q=32_20260127-004256
6400,1.0,0.0,1,32,posthoc_orth,fr,bias2,0.00019304389,n=6400_bz=1.0_cv1=0_p=1_q=32_20260127-004256
6400,1.0,0.0,1,32,posthoc_orth,fr,var,0.002235505,n=6400_bz=1.0_cv1=0_p=1_q=32_20260127-004256
6400,1.0,1.0,1,32,base,y,mspe,1.0058876,n=6400_bz=1.0_cv1=1.0_p=1_q=32_20260127-015705
6400,1.0,1.0,1,32,base,y,bias2,1.0039551,n=6400_bz=1.0_cv1=1.0_p=1_q=32_20260127-015705
6400,1.0,1.0,1,32,base,y,var,0.001932469,n=6400_bz=1.0_cv1=1.0_p=1_q=32_20260127-015705
6400,1.0,1.0,1,32,base,fx,mspe,0.07890957,n=6400_bz=1.0_cv1=1.0_p=1_q=32_20260127-015705
6400,1.0,1.0,1,32,base,fx,bias2,0.07740683,n=6400_bz=1.0_cv1=1.0_p=1_q=32_20260127-015705
6400,1.0,1.0,1,32,base,fx,var,0.0015027338,n=6400_bz=1.0_cv1=1.0_p=1_q=32_20260127-015705
6400,1.0,1.0,1,32,base,fz,mspe,0.07795459,n=6400_bz=1.0_cv1=1.0_p=1_q=32_20260127-015705
6400,1.0,1.0,1,32,base,fz,bias2,0.07795459,n=6400_bz=1.0_cv1=1.0_p=1_q=32_20260127-015705
6400,1.0,1.0,1,32,base,fz,var,0.0,n=6400_bz=1.0_cv1=1.0_p=1_q=32_20260127-015705
6400,1.0,1.0,1,32,base,fr,mspe,0.1758129,n=6400_bz=1.0_cv1=1.0_p=1_q=32_20260127-015705
6400,1.0,1.0,1,32,base,fr,bias2,0.17431015,n=6400_bz=1.0_cv1=1.0_p=1_q=32_20260127-015705
6400,1.0,1.0,1,32,base,fr,var,0.0015027338,n=6400_bz=1.0_cv1=1.0_p=1_q=32_20260127-015705
6400,1.0,1.0,1,32,posthoc,y,mspe,1.0060375,n=6400_bz=1.0_cv1=1.0_p=1_q=32_20260127-015705
6400,1.0,1.0,1,32,posthoc,y,bias2,1.003944,n=6400_bz=1.0_cv1=1.0_p=1_q=32_20260127-015705
6400,1.0,1.0,1,32,posthoc,y,var,0.0020935098,n=6400_bz=1.0_cv1=1.0_p=1_q=32_20260127-015705
6400,1.0,1.0,1,32,posthoc,fx,mspe,0.073666885,n=6400_bz=1.0_cv1=1.0_p=1_q=32_20260127-015705
6400,1.0,1.0,1,32,posthoc,fx,bias2,0.06675387,n=6400_bz=1.0_cv1=1.0_p=1_q=32_20260127-015705
6400,1.0,1.0,1,32,posthoc,fx,var,0.0069130175,n=6400_bz=1.0_cv1=1.0_p=1_q=32_20260127-015705
6400,1.0,1.0,1,32,posthoc,fz,mspe,0.07010809,n=6400_bz=1.0_cv1=1.0_p=1_q=32_20260127-015705
6400,1.0,1.0,1,32,posthoc,fz,bias2,0.065010786,n=6400_bz=1.0_cv1=1.0_p=1_q=32_20260127-015705
6400,1.0,1.0,1,32,posthoc,fz,var,0.0050973035,n=6400_bz=1.0_cv1=1.0_p=1_q=32_20260127-015705
6400,1.0,1.0,1,32,posthoc,fr,mspe,0.16507597,n=6400_bz=1.0_cv1=1.0_p=1_q=32_20260127-015705
6400,1.0,1.0,1,32,posthoc,fr,bias2,0.15816298,n=6400_bz=1.0_cv1=1.0_p=1_q=32_20260127-015705
6400,1.0,1.0,1,32,posthoc,fr,var,0.0069130175,n=6400_bz=1.0_cv1=1.0_p=1_q=32_20260127-015705
6400,1.0,1.0,1,32,posthoc_orth,y,mspe,1.0060393,n=6400_bz=1.0_cv1=1.0_p=1_q=32_20260127-015705
6400,1.0,1.0,1,32,posthoc_orth,y,bias2,1.0039656,n=6400_bz=1.0_cv1=1.0_p=1_q=32_20260127-015705
6400,1.0,1.0,1,32,posthoc_orth,y,var,0.0020737273,n=6400_bz=1.0_cv1=1.0_p=1_q=32_20260127-015705
6400,1.0,1.0,1,32,posthoc_orth,fx,mspe,0.021124093,n=6400_bz=1.0_cv1=1.0_p=1_q=32_20260127-015705
6400,1.0,1.0,1,32,posthoc_orth,fx,bias2,0.019650212,n=6400_bz=1.0_cv1=1.0_p=1_q=32_20260127-015705
6400,1.0,1.0,1,32,posthoc_orth,fx,var,0.0014738822,n=6400_bz=1.0_cv1=1.0_p=1_q=32_20260127-015705
6400,1.0,1.0,1,32,posthoc_orth,fz,mspe,0.020330923,n=6400_bz=1.0_cv1=1.0_p=1_q=32_20260127-015705
6400,1.0,1.0,1,32,posthoc_orth,fz,bias2,0.019987551,n=6400_bz=1.0_cv1=1.0_p=1_q=32_20260127-015705
6400,1.0,1.0,1,32,posthoc_orth,fz,var,0.00034337176,n=6400_bz=1.0_cv1=1.0_p=1_q=32_20260127-015705
6400,1.0,1.0,1,32,posthoc_orth,fr,mspe,0.0018797409,n=6400_bz=1.0_cv1=1.0_p=1_q=32_20260127-015705
6400,1.0,1.0,1,32,posthoc_orth,fr,bias2,0.0004058585,n=6400_bz=1.0_cv1=1.0_p=1_q=32_20260127-015705
6400,1.0,1.0,1,32,posthoc_orth,fr,var,0.0014738822,n=6400_bz=1.0_cv1=1.0_p=1_q=32_20260127-015705
800,1.0,0.1,1,32,base,y,mspe,1.0750401,n=800_bz=1.0_cv1=0.1_p=1_q=32_20260126-231852
800,1.0,0.1,1,32,base,y,bias2,1.0635895,n=800_bz=1.0_cv1=0.1_p=1_q=32_20260126-231852
800,1.0,0.1,1,32,base,y,var,0.011450684,n=800_bz=1.0_cv1=0.1_p=1_q=32_20260126-231852
800,1.0,0.1,1,32,base,fx,mspe,0.042133685,n=800_bz=1.0_cv1=0.1_p=1_q=32_20260126-231852
800,1.0,0.1,1,32,base,fx,bias2,0.032439914,n=800_bz=1.0_cv1=0.1_p=1_q=32_20260126-231852
800,1.0,0.1,1,32,base,fx,var,0.009693769,n=800_bz=1.0_cv1=0.1_p=1_q=32_20260126-231852
800,1.0,0.1,1,32,base,fz,mspe,0.07795459,n=800_bz=1.0_cv1=0.1_p=1_q=32_20260126-231852
800,1.0,0.1,1,32,base,fz,bias2,0.07795459,n=800_bz=1.0_cv1=0.1_p=1_q=32_20260126-231852
800,1.0,0.1,1,32,base,fz,var,0.0,n=800_bz=1.0_cv1=0.1_p=1_q=32_20260126-231852
800,1.0,0.1,1,32,base,fr,mspe,0.09544131,n=800_bz=1.0_cv1=0.1_p=1_q=32_20260126-231852
800,1.0,0.1,1,32,base,fr,bias2,0.08574755,n=800_bz=1.0_cv1=0.1_p=1_q=32_20260126-231852
800,1.0,0.1,1,32,base,fr,var,0.009693769,n=800_bz=1.0_cv1=0.1_p=1_q=32_20260126-231852
800,1.0,0.1,1,32,posthoc,y,mspe,1.0151801,n=800_bz=1.0_cv1=0.1_p=1_q=32_20260126-231852
800,1.0,0.1,1,32,posthoc,y,bias2,1.002777,n=800_bz=1.0_cv1=0.1_p=1_q=32_20260126-231852
800,1.0,0.1,1,32,posthoc,y,var,0.012403131,n=800_bz=1.0_cv1=0.1_p=1_q=32_20260126-231852
800,1.0,0.1,1,32,posthoc,fx,mspe,0.010743106,n=800_bz=1.0_cv1=0.1_p=1_q=32_20260126-231852
800,1.0,0.1,1,32,posthoc,fx,bias2,0.0007347082,n=800_bz=1.0_cv1=0.1_p=1_q=32_20260126-231852
800,1.0,0.1,1,32,posthoc,fx,var,0.0100083975,n=800_bz=1.0_cv1=0.1_p=1_q=32_20260126-231852
800,1.0,0.1,1,32,posthoc,fz,mspe,0.004798662,n=800_bz=1.0_cv1=0.1_p=1_q=32_20260126-231852
800,1.0,0.1,1,32,posthoc,fz,bias2,7.489697e-05,n=800_bz=1.0_cv1=0.1_p=1_q=32_20260126-231852
800,1.0,0.1,1,32,posthoc,fz,var,0.004723765,n=800_bz=1.0_cv1=0.1_p=1_q=32_20260126-231852
800,1.0,0.1,1,32,posthoc,fr,mspe,0.031967554,n=800_bz=1.0_cv1=0.1_p=1_q=32_20260126-231852
800,1.0,0.1,1,32,posthoc,fr,bias2,0.021959154,n=800_bz=1.0_cv1=0.1_p=1_q=32_20260126-231852
800,1.0,0.1,1,32,posthoc,fr,var,0.0100083975,n=800_bz=1.0_cv1=0.1_p=1_q=32_20260126-231852
800,1.0,0.1,1,32,posthoc_orth,y,mspe,1.0148451,n=800_bz=1.0_cv1=0.1_p=1_q=32_20260126-231852
800,1.0,0.1,1,32,posthoc_orth,y,bias2,1.0026088,n=800_bz=1.0_cv1=0.1_p=1_q=32_20260126-231852
800,1.0,0.1,1,32,posthoc_orth,y,var,0.012236375,n=800_bz=1.0_cv1=0.1_p=1_q=32_20260126-231852
800,1.0,0.1,1,32,posthoc_orth,fx,mspe,0.028544672,n=800_bz=1.0_cv1=0.1_p=1_q=32_20260126-231852
800,1.0,0.1,1,32,posthoc_orth,fx,bias2,0.020011287,n=800_bz=1.0_cv1=0.1_p=1_q=32_20260126-231852
800,1.0,0.1,1,32,posthoc_orth,fx,var,0.008533387,n=800_bz=1.0_cv1=0.1_p=1_q=32_20260126-231852
800,1.0,0.1,1,32,posthoc_orth,fz,mspe,0.0217588,n=800_bz=1.0_cv1=0.1_p=1_q=32_20260126-231852
800,1.0,0.1,1,32,posthoc_orth,fz,bias2,0.018651258,n=800_bz=1.0_cv1=0.1_p=1_q=32_20260126-231852
800,1.0,0.1,1,32,posthoc_orth,fz,var,0.0031075417,n=800_bz=1.0_cv1=0.1_p=1_q=32_20260126-231852
800,1.0,0.1,1,32,posthoc_orth,fr,mspe,0.009217479,n=800_bz=1.0_cv1=0.1_p=1_q=32_20260126-231852
800,1.0,0.1,1,32,posthoc_orth,fr,bias2,0.00068409205,n=800_bz=1.0_cv1=0.1_p=1_q=32_20260126-231852
800,1.0,0.1,1,32,posthoc_orth,fr,var,0.008533387,n=800_bz=1.0_cv1=0.1_p=1_q=32_20260126-231852
800,1.0,0.2,1,32,base,y,mspe,1.0760936,n=800_bz=1.0_cv1=0.2_p=1_q=32_20260126-232019
800,1.0,0.2,1,32,base,y,bias2,1.0650308,n=800_bz=1.0_cv1=0.2_p=1_q=32_20260126-232019
800,1.0,0.2,1,32,base,y,var,0.011062826,n=800_bz=1.0_cv1=0.2_p=1_q=32_20260126-232019
800,1.0,0.2,1,32,base,fx,mspe,0.042823903,n=800_bz=1.0_cv1=0.2_p=1_q=32_20260126-232019
800,1.0,0.2,1,32,base,fx,bias2,0.03344685,n=800_bz=1.0_cv1=0.2_p=1_q=32_20260126-232019
800,1.0,0.2,1,32,base,fx,var,0.009377057,n=800_bz=1.0_cv1=0.2_p=1_q=32_20260126-232019
800,1.0,0.2,1,32,base,fz,mspe,0.07795459,n=800_bz=1.0_cv1=0.2_p=1_q=32_20260126-232019
800,1.0,0.2,1,32,base,fz,bias2,0.07795459,n=800_bz=1.0_cv1=0.2_p=1_q=32_20260126-232019
800,1.0,0.2,1,32,base,fz,var,0.0,n=800_bz=1.0_cv1=0.2_p=1_q=32_20260126-232019
800,1.0,0.2,1,32,base,fr,mspe,0.0971907,n=800_bz=1.0_cv1=0.2_p=1_q=32_20260126-232019
800,1.0,0.2,1,32,base,fr,bias2,0.087813646,n=800_bz=1.0_cv1=0.2_p=1_q=32_20260126-232019
800,1.0,0.2,1,32,base,fr,var,0.009377057,n=800_bz=1.0_cv1=0.2_p=1_q=32_20260126-232019
800,1.0,0.2,1,32,posthoc,y,mspe,1.0160811,n=800_bz=1.0_cv1=0.2_p=1_q=32_20260126-232019
800,1.0,0.2,1,32,posthoc,y,bias2,1.0037303,n=800_bz=1.0_cv1=0.2_p=1_q=32_20260126-232019
800,1.0,0.2,1,32,posthoc,y,var,0.01235067,n=800_bz=1.0_cv1=0.2_p=1_q=32_20260126-232019
800,1.0,0.2,1,32,posthoc,fx,mspe,0.010811184,n=800_bz=1.0_cv1=0.2_p=1_q=32_20260126-232019
800,1.0,0.2,1,32,posthoc,fx,bias2,0.0007585039,n=800_bz=1.0_cv1=0.2_p=1_q=32_20260126-232019
800,1.0,0.2,1,32,posthoc,fx,var,0.010052679,n=800_bz=1.0_cv1=0.2_p=1_q=32_20260126-232019
800,1.0,0.2,1,32,posthoc,fz,mspe,0.004902812,n=800_bz=1.0_cv1=0.2_p=1_q=32_20260126-232019
800,1.0,0.2,1,32,posthoc,fz,bias2,8.9139416e-05,n=800_bz=1.0_cv1=0.2_p=1_q=32_20260126-232019
800,1.0,0.2,1,32,posthoc,fz,var,0.004813673,n=800_bz=1.0_cv1=0.2_p=1_q=32_20260126-232019
800,1.0,0.2,1,32,posthoc,fr,mspe,0.03224574,n=800_bz=1.0_cv1=0.2_p=1_q=32_20260126-232019
800,1.0,0.2,1,32,posthoc,fr,bias2,0.02219306,n=800_bz=1.0_cv1=0.2_p=1_q=32_20260126-232019
800,1.0,0.2,1,32,posthoc,fr,var,0.010052679,n=800_bz=1.0_cv1=0.2_p=1_q=32_20260126-232019
800,1.0,0.2,1,32,posthoc_orth,y,mspe,1.0160463,n=800_bz=1.0_cv1=0.2_p=1_q=32_20260126-232019
800,1.0,0.2,1,32,posthoc_orth,y,bias2,1.0036691,n=800_bz=1.0_cv1=0.2_p=1_q=32_20260126-232019
800,1.0,0.2,1,32,posthoc_orth,y,var,0.012377129,n=800_bz=1.0_cv1=0.2_p=1_q=32_20260126-232019
800,1.0,0.2,1,32,posthoc_orth,fx,mspe,0.028744528,n=800_bz=1.0_cv1=0.2_p=1_q=32_20260126-232019
800,1.0,0.2,1,32,posthoc_orth,fx,bias2,0.020077638,n=800_bz=1.0_cv1=0.2_p=1_q=32_20260126-232019
800,1.0,0.2,1,32,posthoc_orth,fx,var,0.008666893,n=800_bz=1.0_cv1=0.2_p=1_q=32_20260126-232019
800,1.0,0.2,1,32,posthoc_orth,fz,mspe,0.021758806,n=800_bz=1.0_cv1=0.2_p=1_q=32_20260126-232019
800,1.0,0.2,1,32,posthoc_orth,fz,bias2,0.018651262,n=800_bz=1.0_cv1=0.2_p=1_q=32_20260126-232019
800,1.0,0.2,1,32,posthoc_orth,fz,var,0.0031075443,n=800_bz=1.0_cv1=0.2_p=1_q=32_20260126-232019
800,1.0,0.2,1,32,posthoc_orth,fr,mspe,0.009380161,n=800_bz=1.0_cv1=0.2_p=1_q=32_20260126-232019
800,1.0,0.2,1,32,posthoc_orth,fr,bias2,0.0007132678,n=800_bz=1.0_cv1=0.2_p=1_q=32_20260126-232019
800,1.0,0.2,1,32,posthoc_orth,fr,var,0.008666893,n=800_bz=1.0_cv1=0.2_p=1_q=32_20260126-232019
800,1.0,0.3,1,32,base,y,mspe,1.075925,n=800_bz=1.0_cv1=0.3_p=1_q=32_20260126-232148
800,1.0,0.3,1,32,base,y,bias2,1.0649107,n=800_bz=1.0_cv1=0.3_p=1_q=32_20260126-232148
800,1.0,0.3,1,32,base,y,var,0.011014411,n=800_bz=1.0_cv1=0.3_p=1_q=32_20260126-232148
800,1.0,0.3,1,32,base,fx,mspe,0.04596024,n=800_bz=1.0_cv1=0.3_p=1_q=32_20260126-232148
800,1.0,0.3,1,32,base,fx,bias2,0.03679041,n=800_bz=1.0_cv1=0.3_p=1_q=32_20260126-232148
800,1.0,0.3,1,32,base,fx,var,0.009169835,n=800_bz=1.0_cv1=0.3_p=1_q=32_20260126-232148
800,1.0,0.3,1,32,base,fz,mspe,0.07795459,n=800_bz=1.0_cv1=0.3_p=1_q=32_20260126-232148
800,1.0,0.3,1,32,base,fz,bias2,0.07795459,n=800_bz=1.0_cv1=0.3_p=1_q=32_20260126-232148
800,1.0,0.3,1,32,base,fz,var,0.0,n=800_bz=1.0_cv1=0.3_p=1_q=32_20260126-232148
800,1.0,0.3,1,32,base,fr,mspe,0.10316406,n=800_bz=1.0_cv1=0.3_p=1_q=32_20260126-232148
800,1.0,0.3,1,32,base,fr,bias2,0.093994215,n=800_bz=1.0_cv1=0.3_p=1_q=32_20260126-232148
800,1.0,0.3,1,32,base,fr,var,0.009169835,n=800_bz=1.0_cv1=0.3_p=1_q=32_20260126-232148
800,1.0,0.3,1,32,posthoc,y,mspe,1.0167484,n=800_bz=1.0_cv1=0.3_p=1_q=32_20260126-232148
800,1.0,0.3,1,32,posthoc,y,bias2,1.0045968,n=800_bz=1.0_cv1=0.3_p=1_q=32_20260126-232148
800,1.0,0.3,1,32,posthoc,y,var,0.012151474,n=800_bz=1.0_cv1=0.3_p=1_q=32_20260126-232148
800,1.0,0.3,1,32,posthoc,fx,mspe,0.010913619,n=800_bz=1.0_cv1=0.3_p=1_q=32_20260126-232148
800,1.0,0.3,1,32,posthoc,fx,bias2,0.0008190292,n=800_bz=1.0_cv1=0.3_p=1_q=32_20260126-232148
800,1.0,0.3,1,32,posthoc,fx,var,0.01009459,n=800_bz=1.0_cv1=0.3_p=1_q=32_20260126-232148
800,1.0,0.3,1,32,posthoc,fz,mspe,0.005065942,n=800_bz=1.0_cv1=0.3_p=1_q=32_20260126-232148
800,1.0,0.3,1,32,posthoc,fz,bias2,0.00013540959,n=800_bz=1.0_cv1=0.3_p=1_q=32_20260126-232148
800,1.0,0.3,1,32,posthoc,fz,var,0.0049305325,n=800_bz=1.0_cv1=0.3_p=1_q=32_20260126-232148
800,1.0,0.3,1,32,posthoc,fr,mspe,0.03293386,n=800_bz=1.0_cv1=0.3_p=1_q=32_20260126-232148
800,1.0,0.3,1,32,posthoc,fr,bias2,0.022839274,n=800_bz=1.0_cv1=0.3_p=1_q=32_20260126-232148
800,1.0,0.3,1,32,posthoc,fr,var,0.01009459,n=800_bz=1.0_cv1=0.3_p=1_q=32_20260126-232148
800,1.0,0.3,1,32,posthoc_orth,y,mspe,1.0165341,n=800_bz=1.0_cv1=0.3_p=1_q=32_20260126-232148
800,1.0,0.3,1,32,posthoc_orth,y,bias2,1.0045756,n=800_bz=1.0_cv1=0.3_p=1_q=32_20260126-232148
800,1.0,0.3,1,32,posthoc_orth,y,var,0.011958568,n=800_bz=1.0_cv1=0.3_p=1_q=32_20260126-232148
800,1.0,0.3,1,32,posthoc_orth,fx,mspe,0.028379532,n=800_bz=1.0_cv1=0.3_p=1_q=32_20260126-232148
800,1.0,0.3,1,32,posthoc_orth,fx,bias2,0.020132355,n=800_bz=1.0_cv1=0.3_p=1_q=32_20260126-232148
800,1.0,0.3,1,32,posthoc_orth,fx,var,0.008247179,n=800_bz=1.0_cv1=0.3_p=1_q=32_20260126-232148
800,1.0,0.3,1,32,posthoc_orth,fz,mspe,0.021758806,n=800_bz=1.0_cv1=0.3_p=1_q=32_20260126-232148
800,1.0,0.3,1,32,posthoc_orth,fz,bias2,0.018651264,n=800_bz=1.0_cv1=0.3_p=1_q=32_20260126-232148
800,1.0,0.3,1,32,posthoc_orth,fz,var,0.0031075417,n=800_bz=1.0_cv1=0.3_p=1_q=32_20260126-232148
800,1.0,0.3,1,32,posthoc_orth,fr,mspe,0.009005291,n=800_bz=1.0_cv1=0.3_p=1_q=32_20260126-232148
800,1.0,0.3,1,32,posthoc_orth,fr,bias2,0.0007581128,n=800_bz=1.0_cv1=0.3_p=1_q=32_20260126-232148
800,1.0,0.3,1,32,posthoc_orth,fr,var,0.008247179,n=800_bz=1.0_cv1=0.3_p=1_q=32_20260126-232148
800,1.0,0.4,1,32,base,y,mspe,1.0723935,n=800_bz=1.0_cv1=0.4_p=1_q=32_20260126-232319
800,1.0,0.4,1,32,base,y,bias2,1.062311,n=800_bz=1.0_cv1=0.4_p=1_q=32_20260126-232319
800,1.0,0.4,1,32,base,y,var,0.010082417,n=800_bz=1.0_cv1=0.4_p=1_q=32_20260126-232319
800,1.0,0.4,1,32,base,fx,mspe,0.051271547,n=800_bz=1.0_cv1=0.4_p=1_q=32_20260126-232319
800,1.0,0.4,1,32,base,fx,bias2,0.042651504,n=800_bz=1.0_cv1=0.4_p=1_q=32_20260126-232319
800,1.0,0.4,1,32,base,fx,var,0.008620039,n=800_bz=1.0_cv1=0.4_p=1_q=32_20260126-232319
800,1.0,0.4,1,32,base,fz,mspe,0.07795459,n=800_bz=1.0_cv1=0.4_p=1_q=32_20260126-232319
800,1.0,0.4,1,32,base,fz,bias2,0.07795459,n=800_bz=1.0_cv1=0.4_p=1_q=32_20260126-232319
800,1.0,0.4,1,32,base,fz,var,0.0,n=800_bz=1.0_cv1=0.4_p=1_q=32_20260126-232319
800,1.0,0.4,1,32,base,fr,mspe,0.11333791,n=800_bz=1.0_cv1=0.4_p=1_q=32_20260126-232319
800,1.0,0.4,1,32,base,fr,bias2,0.104717866,n=800_bz=1.0_cv1=0.4_p=1_q=32_20260126-232319
800,1.0,0.4,1,32,base,fr,var,0.008620039,n=800_bz=1.0_cv1=0.4_p=1_q=32_20260126-232319
800,1.0,0.4,1,32,posthoc,y,mspe,1.0176414,n=800_bz=1.0_cv1=0.4_p=1_q=32_20260126-232319
800,1.0,0.4,1,32,posthoc,y,bias2,1.0056071,n=800_bz=1.0_cv1=0.4_p=1_q=32_20260126-232319
800,1.0,0.4,1,32,posthoc,y,var,0.012034172,n=800_bz=1.0_cv1=0.4_p=1_q=32_20260126-232319
800,1.0,0.4,1,32,posthoc,fx,mspe,0.011516145,n=800_bz=1.0_cv1=0.4_p=1_q=32_20260126-232319
800,1.0,0.4,1,32,posthoc,fx,bias2,0.0010325719,n=800_bz=1.0_cv1=0.4_p=1_q=32_20260126-232319
800,1.0,0.4,1,32,posthoc,fx,var,0.010483574,n=800_bz=1.0_cv1=0.4_p=1_q=32_20260126-232319
800,1.0,0.4,1,32,posthoc,fz,mspe,0.0054352535,n=800_bz=1.0_cv1=0.4_p=1_q=32_20260126-232319
800,1.0,0.4,1,32,posthoc,fz,bias2,0.00020905891,n=800_bz=1.0_cv1=0.4_p=1_q=32_20260126-232319
800,1.0,0.4,1,32,posthoc,fz,var,0.0052261944,n=800_bz=1.0_cv1=0.4_p=1_q=32_20260126-232319
800,1.0,0.4,1,32,posthoc,fr,mspe,0.034350954,n=800_bz=1.0_cv1=0.4_p=1_q=32_20260126-232319
800,1.0,0.4,1,32,posthoc,fr,bias2,0.023867384,n=800_bz=1.0_cv1=0.4_p=1_q=32_20260126-232319
800,1.0,0.4,1,32,posthoc,fr,var,0.010483574,n=800_bz=1.0_cv1=0.4_p=1_q=32_20260126-232319
800,1.0,0.4,1,32,posthoc_orth,y,mspe,1.0175925,n=800_bz=1.0_cv1=0.4_p=1_q=32_20260126-232319
800,1.0,0.4,1,32,posthoc_orth,y,bias2,1.0054682,n=800_bz=1.0_cv1=0.4_p=1_q=32_20260126-232319
800,1.0,0.4,1,32,posthoc_orth,y,var,0.0121243335,n=800_bz=1.0_cv1=0.4_p=1_q=32_20260126-232319
800,1.0,0.4,1,32,posthoc_orth,fx,mspe,0.028592883,n=800_bz=1.0_cv1=0.4_p=1_q=32_20260126-232319
800,1.0,0.4,1,32,posthoc_orth,fx,bias2,0.020181876,n=800_bz=1.0_cv1=0.4_p=1_q=32_20260126-232319
800,1.0,0.4,1,32,posthoc_orth,fx,var,0.008411005,n=800_bz=1.0_cv1=0.4_p=1_q=32_20260126-232319
800,1.0,0.4,1,32,posthoc_orth,fz,mspe,0.02175881,n=800_bz=1.0_cv1=0.4_p=1_q=32_20260126-232319
800,1.0,0.4,1,32,posthoc_orth,fz,bias2,0.01865127,n=800_bz=1.0_cv1=0.4_p=1_q=32_20260126-232319
800,1.0,0.4,1,32,posthoc_orth,fz,var,0.003107541,n=800_bz=1.0_cv1=0.4_p=1_q=32_20260126-232319
800,1.0,0.4,1,32,posthoc_orth,fr,mspe,0.009264547,n=800_bz=1.0_cv1=0.4_p=1_q=32_20260126-232319
800,1.0,0.4,1,32,posthoc_orth,fr,bias2,0.0008535423,n=800_bz=1.0_cv1=0.4_p=1_q=32_20260126-232319
800,1.0,0.4,1,32,posthoc_orth,fr,var,0.008411005,n=800_bz=1.0_cv1=0.4_p=1_q=32_20260126-232319
800,1.0,0.5,1,32,base,y,mspe,1.0647104,n=800_bz=1.0_cv1=0.5_p=1_q=32_20260126-232452
800,1.0,0.5,1,32,base,y,bias2,1.0549625,n=800_bz=1.0_cv1=0.5_p=1_q=32_20260126-232452
800,1.0,0.5,1,32,base,y,var,0.009747887,n=800_bz=1.0_cv1=0.5_p=1_q=32_20260126-232452
800,1.0,0.5,1,32,base,fx,mspe,0.059595972,n=800_bz=1.0_cv1=0.5_p=1_q=32_20260126-232452
800,1.0,0.5,1,32,base,fx,bias2,0.05118678,n=800_bz=1.0_cv1=0.5_p=1_q=32_20260126-232452
800,1.0,0.5,1,32,base,fx,var,0.008409185,n=800_bz=1.0_cv1=0.5_p=1_q=32_20260126-232452
800,1.0,0.5,1,32,base,fz,mspe,0.07795459,n=800_bz=1.0_cv1=0.5_p=1_q=32_20260126-232452
800,1.0,0.5,1,32,base,fz,bias2,0.07795459,n=800_bz=1.0_cv1=0.5_p=1_q=32_20260126-232452
800,1.0,0.5,1,32,base,fz,var,0.0,n=800_bz=1.0_cv1=0.5_p=1_q=32_20260126-232452
800,1.0,0.5,1,32,base,fr,mspe,0.12916636,n=800_bz=1.0_cv1=0.5_p=1_q=32_20260126-232452
800,1.0,0.5,1,32,base,fr,bias2,0.12075717,n=800_bz=1.0_cv1=0.5_p=1_q=32_20260126-232452
800,1.0,0.5,1,32,base,fr,var,0.008409185,n=800_bz=1.0_cv1=0.5_p=1_q=32_20260126-232452
800,1.0,0.5,1,32,posthoc,y,mspe,1.0181317,n=800_bz=1.0_cv1=0.5_p=1_q=32_20260126-232452
800,1.0,0.5,1,32,posthoc,y,bias2,1.0057595,n=800_bz=1.0_cv1=0.5_p=1_q=32_20260126-232452
800,1.0,0.5,1,32,posthoc,y,var,0.012372322,n=800_bz=1.0_cv1=0.5_p=1_q=32_20260126-232452
800,1.0,0.5,1,32,posthoc,fx,mspe,0.013236466,n=800_bz=1.0_cv1=0.5_p=1_q=32_20260126-232452
800,1.0,0.5,1,32,posthoc,fx,bias2,0.001285191,n=800_bz=1.0_cv1=0.5_p=1_q=32_20260126-232452
800,1.0,0.5,1,32,posthoc,fx,var,0.011951272,n=800_bz=1.0_cv1=0.5_p=1_q=32_20260126-232452
800,1.0,0.5,1,32,posthoc,fz,mspe,0.006455999,n=800_bz=1.0_cv1=0.5_p=1_q=32_20260126-232452
800,1.0,0.5,1,32,posthoc,fz,bias2,0.00035669203,n=800_bz=1.0_cv1=0.5_p=1_q=32_20260126-232452
800,1.0,0.5,1,32,posthoc,fz,var,0.006099307,n=800_bz=1.0_cv1=0.5_p=1_q=32_20260126-232452
800,1.0,0.5,1,32,posthoc,fr,mspe,0.037539143,n=800_bz=1.0_cv1=0.5_p=1_q=32_20260126-232452
800,1.0,0.5,1,32,posthoc,fr,bias2,0.025587868,n=800_bz=1.0_cv1=0.5_p=1_q=32_20260126-232452
800,1.0,0.5,1,32,posthoc,fr,var,0.011951272,n=800_bz=1.0_cv1=0.5_p=1_q=32_20260126-232452
800,1.0,0.5,1,32,posthoc_orth,y,mspe,1.0178541,n=800_bz=1.0_cv1=0.5_p=1_q=32_20260126-232452
800,1.0,0.5,1,32,posthoc_orth,y,bias2,1.0057281,n=800_bz=1.0_cv1=0.5_p=1_q=32_20260126-232452
800,1.0,0.5,1,32,posthoc_orth,y,var,0.012125883,n=800_bz=1.0_cv1=0.5_p=1_q=32_20260126-232452
800,1.0,0.5,1,32,posthoc_orth,fx,mspe,0.02849653,n=800_bz=1.0_cv1=0.5_p=1_q=32_20260126-232452
800,1.0,0.5,1,32,posthoc_orth,fx,bias2,0.020089831,n=800_bz=1.0_cv1=0.5_p=1_q=32_20260126-232452
800,1.0,0.5,1,32,posthoc_orth,fx,var,0.008406701,n=800_bz=1.0_cv1=0.5_p=1_q=32_20260126-232452
800,1.0,0.5,1,32,posthoc_orth,fz,mspe,0.021758817,n=800_bz=1.0_cv1=0.5_p=1_q=32_20260126-232452
800,1.0,0.5,1,32,posthoc_orth,fz,bias2,0.018651275,n=800_bz=1.0_cv1=0.5_p=1_q=32_20260126-232452
800,1.0,0.5,1,32,posthoc_orth,fz,var,0.003107543,n=800_bz=1.0_cv1=0.5_p=1_q=32_20260126-232452
800,1.0,0.5,1,32,posthoc_orth,fr,mspe,0.009369427,n=800_bz=1.0_cv1=0.5_p=1_q=32_20260126-232452
800,1.0,0.5,1,32,posthoc_orth,fr,bias2,0.0009627271,n=800_bz=1.0_cv1=0.5_p=1_q=32_20260126-232452
800,1.0,0.5,1,32,posthoc_orth,fr,var,0.008406701,n=800_bz=1.0_cv1=0.5_p=1_q=32_20260126-232452
800,1.0,0.6,1,32,base,y,mspe,1.0528616,n=800_bz=1.0_cv1=0.6_p=1_q=32_20260126-232624
800,1.0,0.6,1,32,base,y,bias2,1.0436305,n=800_bz=1.0_cv1=0.6_p=1_q=32_20260126-232624
800,1.0,0.6,1,32,base,y,var,0.00923096,n=800_bz=1.0_cv1=0.6_p=1_q=32_20260126-232624
800,1.0,0.6,1,32,base,fx,mspe,0.06820348,n=800_bz=1.0_cv1=0.6_p=1_q=32_20260126-232624
800,1.0,0.6,1,32,base,fx,bias2,0.060551036,n=800_bz=1.0_cv1=0.6_p=1_q=32_20260126-232624
800,1.0,0.6,1,32,base,fx,var,0.0076524382,n=800_bz=1.0_cv1=0.6_p=1_q=32_20260126-232624
800,1.0,0.6,1,32,base,fz,mspe,0.07795459,n=800_bz=1.0_cv1=0.6_p=1_q=32_20260126-232624
800,1.0,0.6,1,32,base,fz,bias2,0.07795459,n=800_bz=1.0_cv1=0.6_p=1_q=32_20260126-232624
800,1.0,0.6,1,32,base,fz,var,0.0,n=800_bz=1.0_cv1=0.6_p=1_q=32_20260126-232624
800,1.0,0.6,1,32,base,fr,mspe,0.14662263,n=800_bz=1.0_cv1=0.6_p=1_q=32_20260126-232624
800,1.0,0.6,1,32,base,fr,bias2,0.1389702,n=800_bz=1.0_cv1=0.6_p=1_q=32_20260126-232624
800,1.0,0.6,1,32,base,fr,var,0.0076524382,n=800_bz=1.0_cv1=0.6_p=1_q=32_20260126-232624
800,1.0,0.6,1,32,posthoc,y,mspe,1.0190228,n=800_bz=1.0_cv1=0.6_p=1_q=32_20260126-232624
800,1.0,0.6,1,32,posthoc,y,bias2,1.0066578,n=800_bz=1.0_cv1=0.6_p=1_q=32_20260126-232624
800,1.0,0.6,1,32,posthoc,y,var,0.012364976,n=800_bz=1.0_cv1=0.6_p=1_q=32_20260126-232624
800,1.0,0.6,1,32,posthoc,fx,mspe,0.017570315,n=800_bz=1.0_cv1=0.6_p=1_q=32_20260126-232624
800,1.0,0.6,1,32,posthoc,fx,bias2,0.0024036109,n=800_bz=1.0_cv1=0.6_p=1_q=32_20260126-232624
800,1.0,0.6,1,32,posthoc,fx,var,0.0151667055,n=800_bz=1.0_cv1=0.6_p=1_q=32_20260126-232624
800,1.0,0.6,1,32,posthoc,fz,mspe,0.010107266,n=800_bz=1.0_cv1=0.6_p=1_q=32_20260126-232624
800,1.0,0.6,1,32,posthoc,fz,bias2,0.0010776997,n=800_bz=1.0_cv1=0.6_p=1_q=32_20260126-232624
800,1.0,0.6,1,32,posthoc,fz,var,0.009029565,n=800_bz=1.0_cv1=0.6_p=1_q=32_20260126-232624
800,1.0,0.6,1,32,posthoc,fr,mspe,0.045853388,n=800_bz=1.0_cv1=0.6_p=1_q=32_20260126-232624
800,1.0,0.6,1,32,posthoc,fr,bias2,0.030686684,n=800_bz=1.0_cv1=0.6_p=1_q=32_20260126-232624
800,1.0,0.6,1,32,posthoc,fr,var,0.0151667055,n=800_bz=1.0_cv1=0.6_p=1_q=32_20260126-232624
800,1.0,0.6,1,32,posthoc_orth,y,mspe,1.0187535,n=800_bz=1.0_cv1=0.6_p=1_q=32_20260126-232624
800,1.0,0.6,1,32,posthoc_orth,y,bias2,1.0064858,n=800_bz=1.0_cv1=0.6_p=1_q=32_20260126-232624
800,1.0,0.6,1,32,posthoc_orth,y,var,0.01226777,n=800_bz=1.0_cv1=0.6_p=1_q=32_20260126-232624
800,1.0,0.6,1,32,posthoc_orth,fx,mspe,0.028819928,n=800_bz=1.0_cv1=0.6_p=1_q=32_20260126-232624
800,1.0,0.6,1,32,posthoc_orth,fx,bias2,0.020285044,n=800_bz=1.0_cv1=0.6_p=1_q=32_20260126-232624
800,1.0,0.6,1,32,posthoc_orth,fx,var,0.008534884,n=800_bz=1.0_cv1=0.6_p=1_q=32_20260126-232624
800,1.0,0.6,1,32,posthoc_orth,fz,mspe,0.021758823,n=800_bz=1.0_cv1=0.6_p=1_q=32_20260126-232624
800,1.0,0.6,1,32,posthoc_orth,fz,bias2,0.018651282,n=800_bz=1.0_cv1=0.6_p=1_q=32_20260126-232624
800,1.0,0.6,1,32,posthoc_orth,fz,var,0.0031075412,n=800_bz=1.0_cv1=0.6_p=1_q=32_20260126-232624
800,1.0,0.6,1,32,posthoc_orth,fr,mspe,0.009822155,n=800_bz=1.0_cv1=0.6_p=1_q=32_20260126-232624
800,1.0,0.6,1,32,posthoc_orth,fr,bias2,0.0012872708,n=800_bz=1.0_cv1=0.6_p=1_q=32_20260126-232624
800,1.0,0.6,1,32,posthoc_orth,fr,var,0.008534884,n=800_bz=1.0_cv1=0.6_p=1_q=32_20260126-232624
800,1.0,0.7,1,32,base,y,mspe,1.0387229,n=800_bz=1.0_cv1=0.7_p=1_q=32_20260126-232749
800,1.0,0.7,1,32,base,y,bias2,1.0298775,n=800_bz=1.0_cv1=0.7_p=1_q=32_20260126-232749
800,1.0,0.7,1,32,base,y,var,0.008845311,n=800_bz=1.0_cv1=0.7_p=1_q=32_20260126-232749
800,1.0,0.7,1,32,base,fx,mspe,0.07462144,n=800_bz=1.0_cv1=0.7_p=1_q=32_20260126-232749
800,1.0,0.7,1,32,base,fx,bias2,0.06765288,n=800_bz=1.0_cv1=0.7_p=1_q=32_20260126-232749
800,1.0,0.7,1,32,base,fx,var,0.006968558,n=800_bz=1.0_cv1=0.7_p=1_q=32_20260126-232749
800,1.0,0.7,1,32,base,fz,mspe,0.07795459,n=800_bz=1.0_cv1=0.7_p=1_q=32_20260126-232749
800,1.0,0.7,1,32,base,fz,bias2,0.07795459,n=800_bz=1.0_cv1=0.7_p=1_q=32_20260126-232749
800,1.0,0.7,1,32,base,fz,var,0.0,n=800_bz=1.0_cv1=0.7_p=1_q=32_20260126-232749
800,1.0,0.7,1,32,base,fr,mspe,0.16094661,n=800_bz=1.0_cv1=0.7_p=1_q=32_20260126-232749
800,1.0,0.7,1,32,base,fr,bias2,0.15397805,n=800_bz=1.0_cv1=0.7_p=1_q=32_20260126-232749
800,1.0,0.7,1,32,base,fr,var,0.006968558,n=800_bz=1.0_cv1=0.7_p=1_q=32_20260126-232749
800,1.0,0.7,1,32,posthoc,y,mspe,1.0192604,n=800_bz=1.0_cv1=0.7_p=1_q=32_20260126-232749
800,1.0,0.7,1,32,posthoc,y,bias2,1.007329,n=800_bz=1.0_cv1=0.7_p=1_q=32_20260126-232749
800,1.0,0.7,1,32,posthoc,y,var,0.011931464,n=800_bz=1.0_cv1=0.7_p=1_q=32_20260126-232749
800,1.0,0.7,1,32,posthoc,fx,mspe,0.026948832,n=800_bz=1.0_cv1=0.7_p=1_q=32_20260126-232749
800,1.0,0.7,1,32,posthoc,fx,bias2,0.005106055,n=800_bz=1.0_cv1=0.7_p=1_q=32_20260126-232749
800,1.0,0.7,1,32,posthoc,fx,var,0.021842776,n=800_bz=1.0_cv1=0.7_p=1_q=32_20260126-232749
800,1.0,0.7,1,32,posthoc,fz,mspe,0.018769396,n=800_bz=1.0_cv1=0.7_p=1_q=32_20260126-232749
800,1.0,0.7,1,32,posthoc,fz,bias2,0.0035944444,n=800_bz=1.0_cv1=0.7_p=1_q=32_20260126-232749
800,1.0,0.7,1,32,posthoc,fz,var,0.015174951,n=800_bz=1.0_cv1=0.7_p=1_q=32_20260126-232749
800,1.0,0.7,1,32,posthoc,fr,mspe,0.06280298,n=800_bz=1.0_cv1=0.7_p=1_q=32_20260126-232749
800,1.0,0.7,1,32,posthoc,fr,bias2,0.040960196,n=800_bz=1.0_cv1=0.7_p=1_q=32_20260126-232749
800,1.0,0.7,1,32,posthoc,fr,var,0.021842776,n=800_bz=1.0_cv1=0.7_p=1_q=32_20260126-232749
800,1.0,0.7,1,32,posthoc_orth,y,mspe,1.0191619,n=800_bz=1.0_cv1=0.7_p=1_q=32_20260126-232749
800,1.0,0.7,1,32,posthoc_orth,y,bias2,1.0073833,n=800_bz=1.0_cv1=0.7_p=1_q=32_20260126-232749
800,1.0,0.7,1,32,posthoc_orth,y,var,0.011778516,n=800_bz=1.0_cv1=0.7_p=1_q=32_20260126-232749
800,1.0,0.7,1,32,posthoc_orth,fx,mspe,0.0287784,n=800_bz=1.0_cv1=0.7_p=1_q=32_20260126-232749
800,1.0,0.7,1,32,posthoc_orth,fx,bias2,0.020687629,n=800_bz=1.0_cv1=0.7_p=1_q=32_20260126-232749
800,1.0,0.7,1,32,posthoc_orth,fx,var,0.008090773,n=800_bz=1.0_cv1=0.7_p=1_q=32_20260126-232749
800,1.0,0.7,1,32,posthoc_orth,fz,mspe,0.021758832,n=800_bz=1.0_cv1=0.7_p=1_q=32_20260126-232749
800,1.0,0.7,1,32,posthoc_orth,fz,bias2,0.018651288,n=800_bz=1.0_cv1=0.7_p=1_q=32_20260126-232749
800,1.0,0.7,1,32,posthoc_orth,fz,var,0.003107544,n=800_bz=1.0_cv1=0.7_p=1_q=32_20260126-232749
800,1.0,0.7,1,32,posthoc_orth,fr,mspe,0.009799385,n=800_bz=1.0_cv1=0.7_p=1_q=32_20260126-232749
800,1.0,0.7,1,32,posthoc_orth,fr,bias2,0.0017086124,n=800_bz=1.0_cv1=0.7_p=1_q=32_20260126-232749
800,1.0,0.7,1,32,posthoc_orth,fr,var,0.008090773,n=800_bz=1.0_cv1=0.7_p=1_q=32_20260126-232749
800,1.0,0.8,1,32,base,y,mspe,1.0264225,n=800_bz=1.0_cv1=0.8_p=1_q=32_20260126-232911
800,1.0,0.8,1,32,base,y,bias2,1.017812,n=800_bz=1.0_cv1=0.8_p=1_q=32_20260126-232911
800,1.0,0.8,1,32,base,y,var,0.008610431,n=800_bz=1.0_cv1=0.8_p=1_q=32_20260126-232911
800,1.0,0.8,1,32,base,fx,mspe,0.079820864,n=800_bz=1.0_cv1=0.8_p=1_q=32_20260126-232911
800,1.0,0.8,1,32,base,fx,bias2,0.07293494,n=800_bz=1.0_cv1=0.8_p=1_q=32_20260126-232911
800,1.0,0.8,1,32,base,fx,var,0.0068859253,n=800_bz=1.0_cv1=0.8_p=1_q=32_20260126-232911
800,1.0,0.8,1,32,base,fz,mspe,0.07795459,n=800_bz=1.0_cv1=0.8_p=1_q=32_20260126-232911
800,1.0,0.8,1,32,base,fz,bias2,0.07795459,n=800_bz=1.0_cv1=0.8_p=1_q=32_20260126-232911
800,1.0,0.8,1,32,base,fz,var,0.0,n=800_bz=1.0_cv1=0.8_p=1_q=32_20260126-232911
800,1.0,0.8,1,32,base,fr,mspe,0.17207529,n=800_bz=1.0_cv1=0.8_p=1_q=32_20260126-232911
800,1.0,0.8,1,32,base,fr,bias2,0.16518936,n=800_bz=1.0_cv1=0.8_p=1_q=32_20260126-232911
800,1.0,0.8,1,32,base,fr,var,0.0068859253,n=800_bz=1.0_cv1=0.8_p=1_q=32_20260126-232911
800,1.0,0.8,1,32,posthoc,y,mspe,1.0186322,n=800_bz=1.0_cv1=0.8_p=1_q=32_20260126-232911
800,1.0,0.8,1,32,posthoc,y,bias2,1.0077347,n=800_bz=1.0_cv1=0.8_p=1_q=32_20260126-232911
800,1.0,0.8,1,32,posthoc,y,var,0.010897498,n=800_bz=1.0_cv1=0.8_p=1_q=32_20260126-232911
800,1.0,0.8,1,32,posthoc,fx,mspe,0.044690453,n=800_bz=1.0_cv1=0.8_p=1_q=32_20260126-232911
800,1.0,0.8,1,32,posthoc,fx,bias2,0.015020063,n=800_bz=1.0_cv1=0.8_p=1_q=32_20260126-232911
800,1.0,0.8,1,32,posthoc,fx,var,0.029670391,n=800_bz=1.0_cv1=0.8_p=1_q=32_20260126-232911
800,1.0,0.8,1,32,posthoc,fz,mspe,0.03629513,n=800_bz=1.0_cv1=0.8_p=1_q=32_20260126-232911
800,1.0,0.8,1,32,posthoc,fz,bias2,0.013530106,n=800_bz=1.0_cv1=0.8_p=1_q=32_20260126-232911
800,1.0,0.8,1,32,posthoc,fz,var,0.022765025,n=800_bz=1.0_cv1=0.8_p=1_q=32_20260126-232911
800,1.0,0.8,1,32,posthoc,fr,mspe,0.09627536,n=800_bz=1.0_cv1=0.8_p=1_q=32_20260126-232911
800,1.0,0.8,1,32,posthoc,fr,bias2,0.06660497,n=800_bz=1.0_cv1=0.8_p=1_q=32_20260126-232911
800,1.0,0.8,1,32,posthoc,fr,var,0.029670391,n=800_bz=1.0_cv1=0.8_p=1_q=32_20260126-232911
800,1.0,0.8,1,32,posthoc_orth,y,mspe,1.0188621,n=800_bz=1.0_cv1=0.8_p=1_q=32_20260126-232911
800,1.0,0.8,1,32,posthoc_orth,y,bias2,1.0080291,n=800_bz=1.0_cv1=0.8_p=1_q=32_20260126-232911
800,1.0,0.8,1,32,posthoc_orth,y,var,0.010832983,n=800_bz=1.0_cv1=0.8_p=1_q=32_20260126-232911
800,1.0,0.8,1,32,posthoc_orth,fx,mspe,0.02800363,n=800_bz=1.0_cv1=0.8_p=1_q=32_20260126-232911
800,1.0,0.8,1,32,posthoc_orth,fx,bias2,0.020850386,n=800_bz=1.0_cv1=0.8_p=1_q=32_20260126-232911
800,1.0,0.8,1,32,posthoc_orth,fx,var,0.007153241,n=800_bz=1.0_cv1=0.8_p=1_q=32_20260126-232911
800,1.0,0.8,1,32,posthoc_orth,fz,mspe,0.021758841,n=800_bz=1.0_cv1=0.8_p=1_q=32_20260126-232911
800,1.0,0.8,1,32,posthoc_orth,fz,bias2,0.018651297,n=800_bz=1.0_cv1=0.8_p=1_q=32_20260126-232911
800,1.0,0.8,1,32,posthoc_orth,fz,var,0.003107543,n=800_bz=1.0_cv1=0.8_p=1_q=32_20260126-232911
800,1.0,0.8,1,32,posthoc_orth,fr,mspe,0.008988874,n=800_bz=1.0_cv1=0.8_p=1_q=32_20260126-232911
800,1.0,0.8,1,32,posthoc_orth,fr,bias2,0.0018356332,n=800_bz=1.0_cv1=0.8_p=1_q=32_20260126-232911
800,1.0,0.8,1,32,posthoc_orth,fr,var,0.007153241,n=800_bz=1.0_cv1=0.8_p=1_q=32_20260126-232911
800,1.0,0.9,1,32,base,y,mspe,1.0182749,n=800_bz=1.0_cv1=0.9_p=1_q=32_20260126-233036
800,1.0,0.9,1,32,base,y,bias2,1.0098374,n=800_bz=1.0_cv1=0.9_p=1_q=32_20260126-233036
800,1.0,0.9,1,32,base,y,var,0.008437517,n=800_bz=1.0_cv1=0.9_p=1_q=32_20260126-233036
800,1.0,0.9,1,32,base,fx,mspe,0.08445617,n=800_bz=1.0_cv1=0.9_p=1_q=32_20260126-233036
800,1.0,0.9,1,32,base,fx,bias2,0.077757195,n=800_bz=1.0_cv1=0.9_p=1_q=32_20260126-233036
800,1.0,0.9,1,32,base,fx,var,0.006698973,n=800_bz=1.0_cv1=0.9_p=1_q=32_20260126-233036
800,1.0,0.9,1,32,base,fz,mspe,0.07795459,n=800_bz=1.0_cv1=0.9_p=1_q=32_20260126-233036
800,1.0,0.9,1,32,base,fz,bias2,0.07795459,n=800_bz=1.0_cv1=0.9_p=1_q=32_20260126-233036
800,1.0,0.9,1,32,base,fz,var,0.0,n=800_bz=1.0_cv1=0.9_p=1_q=32_20260126-233036
800,1.0,0.9,1,32,base,fr,mspe,0.18075454,n=800_bz=1.0_cv1=0.9_p=1_q=32_20260126-233036
800,1.0,0.9,1,32,base,fr,bias2,0.17405553,n=800_bz=1.0_cv1=0.9_p=1_q=32_20260126-233036
800,1.0,0.9,1,32,base,fr,var,0.006698973,n=800_bz=1.0_cv1=0.9_p=1_q=32_20260126-233036
800,1.0,0.9,1,32,posthoc,y,mspe,1.0170356,n=800_bz=1.0_cv1=0.9_p=1_q=32_20260126-233036
800,1.0,0.9,1,32,posthoc,y,bias2,1.0072267,n=800_bz=1.0_cv1=0.9_p=1_q=32_20260126-233036
800,1.0,0.9,1,32,posthoc,y,var,0.009808901,n=800_bz=1.0_cv1=0.9_p=1_q=32_20260126-233036
800,1.0,0.9,1,32,posthoc,fx,mspe,0.07552321,n=800_bz=1.0_cv1=0.9_p=1_q=32_20260126-233036
800,1.0,0.9,1,32,posthoc,fx,bias2,0.045006324,n=800_bz=1.0_cv1=0.9_p=1_q=32_20260126-233036
800,1.0,0.9,1,32,posthoc,fx,var,0.030516889,n=800_bz=1.0_cv1=0.9_p=1_q=32_20260126-233036
800,1.0,0.9,1,32,posthoc,fz,mspe,0.0671686,n=800_bz=1.0_cv1=0.9_p=1_q=32_20260126-233036
800,1.0,0.9,1,32,posthoc,fz,bias2,0.044098664,n=800_bz=1.0_cv1=0.9_p=1_q=32_20260126-233036
800,1.0,0.9,1,32,posthoc,fz,var,0.023069935,n=800_bz=1.0_cv1=0.9_p=1_q=32_20260126-233036
800,1.0,0.9,1,32,posthoc,fr,mspe,0.15322313,n=800_bz=1.0_cv1=0.9_p=1_q=32_20260126-233036
800,1.0,0.9,1,32,posthoc,fr,bias2,0.12270622,n=800_bz=1.0_cv1=0.9_p=1_q=32_20260126-233036
800,1.0,0.9,1,32,posthoc,fr,var,0.030516889,n=800_bz=1.0_cv1=0.9_p=1_q=32_20260126-233036
800,1.0,0.9,1,32,posthoc_orth,y,mspe,1.0171891,n=800_bz=1.0_cv1=0.9_p=1_q=32_20260126-233036
800,1.0,0.9,1,32,posthoc_orth,y,bias2,1.0073745,n=800_bz=1.0_cv1=0.9_p=1_q=32_20260126-233036
800,1.0,0.9,1,32,posthoc_orth,y,var,0.009814545,n=800_bz=1.0_cv1=0.9_p=1_q=32_20260126-233036
800,1.0,0.9,1,32,posthoc_orth,fx,mspe,0.026726956,n=800_bz=1.0_cv1=0.9_p=1_q=32_20260126-233036
800,1.0,0.9,1,32,posthoc_orth,fx,bias2,0.020597324,n=800_bz=1.0_cv1=0.9_p=1_q=32_20260126-233036
800,1.0,0.9,1,32,posthoc_orth,fx,var,0.0061296313,n=800_bz=1.0_cv1=0.9_p=1_q=32_20260126-233036
800,1.0,0.9,1,32,posthoc_orth,fz,mspe,0.021758841,n=800_bz=1.0_cv1=0.9_p=1_q=32_20260126-233036
800,1.0,0.9,1,32,posthoc_orth,fz,bias2,0.0186513,n=800_bz=1.0_cv1=0.9_p=1_q=32_20260126-233036
800,1.0,0.9,1,32,posthoc_orth,fz,var,0.003107543,n=800_bz=1.0_cv1=0.9_p=1_q=32_20260126-233036
800,1.0,0.9,1,32,posthoc_orth,fr,mspe,0.007668395,n=800_bz=1.0_cv1=0.9_p=1_q=32_20260126-233036
800,1.0,0.9,1,32,posthoc_orth,fr,bias2,0.0015387636,n=800_bz=1.0_cv1=0.9_p=1_q=32_20260126-233036
800,1.0,0.9,1,32,posthoc_orth,fr,var,0.0061296313,n=800_bz=1.0_cv1=0.9_p=1_q=32_20260126-233036
800,1.0,0.0,1,32,base,y,mspe,1.0731244,n=800_bz=1.0_cv1=0_p=1_q=32_20260126-231726
800,1.0,0.0,1,32,base,y,bias2,1.061771,n=800_bz=1.0_cv1=0_p=1_q=32_20260126-231726
800,1.0,0.0,1,32,base,y,var,0.011353385,n=800_bz=1.0_cv1=0_p=1_q=32_20260126-231726
800,1.0,0.0,1,32,base,fx,mspe,0.043559264,n=800_bz=1.0_cv1=0_p=1_q=32_20260126-231726
800,1.0,0.0,1,32,base,fx,bias2,0.033761196,n=800_bz=1.0_cv1=0_p=1_q=32_20260126-231726
800,1.0,0.0,1,32,base,fx,var,0.009798071,n=800_bz=1.0_cv1=0_p=1_q=32_20260126-231726
800,1.0,0.0,1,32,base,fz,mspe,0.07795459,n=800_bz=1.0_cv1=0_p=1_q=32_20260126-231726
800,1.0,0.0,1,32,base,fz,bias2,0.07795459,n=800_bz=1.0_cv1=0_p=1_q=32_20260126-231726
800,1.0,0.0,1,32,base,fz,var,0.0,n=800_bz=1.0_cv1=0_p=1_q=32_20260126-231726
800,1.0,0.0,1,32,base,fr,mspe,0.097398035,n=800_bz=1.0_cv1=0_p=1_q=32_20260126-231726
800,1.0,0.0,1,32,base,fr,bias2,0.08759996,n=800_bz=1.0_cv1=0_p=1_q=32_20260126-231726
800,1.0,0.0,1,32,base,fr,var,0.009798071,n=800_bz=1.0_cv1=0_p=1_q=32_20260126-231726
800,1.0,0.0,1,32,posthoc,y,mspe,1.0145267,n=800_bz=1.0_cv1=0_p=1_q=32_20260126-231726
800,1.0,0.0,1,32,posthoc,y,bias2,1.0020143,n=800_bz=1.0_cv1=0_p=1_q=32_20260126-231726
800,1.0,0.0,1,32,posthoc,y,var,0.012512512,n=800_bz=1.0_cv1=0_p=1_q=32_20260126-231726
800,1.0,0.0,1,32,posthoc,fx,mspe,0.010966484,n=800_bz=1.0_cv1=0_p=1_q=32_20260126-231726
800,1.0,0.0,1,32,posthoc,fx,bias2,0.0007234718,n=800_bz=1.0_cv1=0_p=1_q=32_20260126-231726
800,1.0,0.0,1,32,posthoc,fx,var,0.010243013,n=800_bz=1.0_cv1=0_p=1_q=32_20260126-231726
800,1.0,0.0,1,32,posthoc,fz,mspe,0.0049410216,n=800_bz=1.0_cv1=0_p=1_q=32_20260126-231726
800,1.0,0.0,1,32,posthoc,fz,bias2,7.226408e-05,n=800_bz=1.0_cv1=0_p=1_q=32_20260126-231726
800,1.0,0.0,1,32,posthoc,fz,var,0.004868758,n=800_bz=1.0_cv1=0_p=1_q=32_20260126-231726
800,1.0,0.0,1,32,posthoc,fr,mspe,0.032154173,n=800_bz=1.0_cv1=0_p=1_q=32_20260126-231726
800,1.0,0.0,1,32,posthoc,fr,bias2,0.02191116,n=800_bz=1.0_cv1=0_p=1_q=32_20260126-231726
800,1.0,0.0,1,32,posthoc,fr,var,0.010243013,n=800_bz=1.0_cv1=0_p=1_q=32_20260126-231726
800,1.0,0.0,1,32,posthoc_orth,y,mspe,1.0149237,n=800_bz=1.0_cv1=0_p=1_q=32_20260126-231726
800,1.0,0.0,1,32,posthoc_orth,y,bias2,1.0023363,n=800_bz=1.0_cv1=0_p=1_q=32_20260126-231726
800,1.0,0.0,1,32,posthoc_orth,y,var,0.012587284,n=800_bz=1.0_cv1=0_p=1_q=32_20260126-231726
800,1.0,0.0,1,32,posthoc_orth,fx,mspe,0.028933588,n=800_bz=1.0_cv1=0_p=1_q=32_20260126-231726
800,1.0,0.0,1,32,posthoc_orth,fx,bias2,0.020048298,n=800_bz=1.0_cv1=0_p=1_q=32_20260126-231726
800,1.0,0.0,1,32,posthoc_orth,fx,var,0.008885288,n=800_bz=1.0_cv1=0_p=1_q=32_20260126-231726
800,1.0,0.0,1,32,posthoc_orth,fz,mspe,0.021758802,n=800_bz=1.0_cv1=0_p=1_q=32_20260126-231726
800,1.0,0.0,1,32,posthoc_orth,fz,bias2,0.018651258,n=800_bz=1.0_cv1=0_p=1_q=32_20260126-231726
800,1.0,0.0,1,32,posthoc_orth,fz,var,0.0031075429,n=800_bz=1.0_cv1=0_p=1_q=32_20260126-231726
800,1.0,0.0,1,32,posthoc_orth,fr,mspe,0.009581047,n=800_bz=1.0_cv1=0_p=1_q=32_20260126-231726
800,1.0,0.0,1,32,posthoc_orth,fr,bias2,0.00069576054,n=800_bz=1.0_cv1=0_p=1_q=32_20260126-231726
800,1.0,0.0,1,32,posthoc_orth,fr,var,0.008885288,n=800_bz=1.0_cv1=0_p=1_q=32_20260126-231726
800,1.0,1.0,1,32,base,y,mspe,1.0129232,n=800_bz=1.0_cv1=1.0_p=1_q=32_20260126-233202
800,1.0,1.0,1,32,base,y,bias2,1.0049465,n=800_bz=1.0_cv1=1.0_p=1_q=32_20260126-233202
800,1.0,1.0,1,32,base,y,var,0.00797677,n=800_bz=1.0_cv1=1.0_p=1_q=32_20260126-233202
800,1.0,1.0,1,32,base,fx,mspe,0.08777835,n=800_bz=1.0_cv1=1.0_p=1_q=32_20260126-233202
800,1.0,1.0,1,32,base,fx,bias2,0.08112734,n=800_bz=1.0_cv1=1.0_p=1_q=32_20260126-233202
800,1.0,1.0,1,32,base,fx,var,0.00665102,n=800_bz=1.0_cv1=1.0_p=1_q=32_20260126-233202
800,1.0,1.0,1,32,base,fz,mspe,0.07795459,n=800_bz=1.0_cv1=1.0_p=1_q=32_20260126-233202
800,1.0,1.0,1,32,base,fz,bias2,0.07795459,n=800_bz=1.0_cv1=1.0_p=1_q=32_20260126-233202
800,1.0,1.0,1,32,base,fz,var,0.0,n=800_bz=1.0_cv1=1.0_p=1_q=32_20260126-233202
800,1.0,1.0,1,32,base,fr,mspe,0.18610922,n=800_bz=1.0_cv1=1.0_p=1_q=32_20260126-233202
800,1.0,1.0,1,32,base,fr,bias2,0.1794582,n=800_bz=1.0_cv1=1.0_p=1_q=32_20260126-233202
800,1.0,1.0,1,32,base,fr,var,0.00665102,n=800_bz=1.0_cv1=1.0_p=1_q=32_20260126-233202
800,1.0,1.0,1,32,posthoc,y,mspe,1.0144321,n=800_bz=1.0_cv1=1.0_p=1_q=32_20260126-233202
800,1.0,1.0,1,32,posthoc,y,bias2,1.0044475,n=800_bz=1.0_cv1=1.0_p=1_q=32_20260126-233202
800,1.0,1.0,1,32,posthoc,y,var,0.0099845845,n=800_bz=1.0_cv1=1.0_p=1_q=32_20260126-233202
800,1.0,1.0,1,32,posthoc,fx,mspe,0.09170844,n=800_bz=1.0_cv1=1.0_p=1_q=32_20260126-233202
800,1.0,1.0,1,32,posthoc,fx,bias2,0.057159983,n=800_bz=1.0_cv1=1.0_p=1_q=32_20260126-233202
800,1.0,1.0,1,32,posthoc,fx,var,0.034548454,n=800_bz=1.0_cv1=1.0_p=1_q=32_20260126-233202
800,1.0,1.0,1,32,posthoc,fz,mspe,0.08229464,n=800_bz=1.0_cv1=1.0_p=1_q=32_20260126-233202
800,1.0,1.0,1,32,posthoc,fz,bias2,0.05670908,n=800_bz=1.0_cv1=1.0_p=1_q=32_20260126-233202
800,1.0,1.0,1,32,posthoc,fz,var,0.025585562,n=800_bz=1.0_cv1=1.0_p=1_q=32_20260126-233202
800,1.0,1.0,1,32,posthoc,fr,mspe,0.17734396,n=800_bz=1.0_cv1=1.0_p=1_q=32_20260126-233202
800,1.0,1.0,1,32,posthoc,fr,bias2,0.1427955,n=800_bz=1.0_cv1=1.0_p=1_q=32_20260126-233202
800,1.0,1.0,1,32,posthoc,fr,var,0.034548454,n=800_bz=1.0_cv1=1.0_p=1_q=32_20260126-233202
800,1.0,1.0,1,32,posthoc_orth,y,mspe,1.0146039,n=800_bz=1.0_cv1=1.0_p=1_q=32_20260126-233202
800,1.0,1.0,1,32,posthoc_orth,y,bias2,1.0045023,n=800_bz=1.0_cv1=1.0_p=1_q=32_20260126-233202
800,1.0,1.0,1,32,posthoc_orth,y,var,0.010101538,n=800_bz=1.0_cv1=1.0_p=1_q=32_20260126-233202
800,1.0,1.0,1,32,posthoc_orth,fx,mspe,0.02650755,n=800_bz=1.0_cv1=1.0_p=1_q=32_20260126-233202
800,1.0,1.0,1,32,posthoc_orth,fx,bias2,0.020060359,n=800_bz=1.0_cv1=1.0_p=1_q=32_20260126-233202
800,1.0,1.0,1,32,posthoc_orth,fx,var,0.006447193,n=800_bz=1.0_cv1=1.0_p=1_q=32_20260126-233202
800,1.0,1.0,1,32,posthoc_orth,fz,mspe,0.021758843,n=800_bz=1.0_cv1=1.0_p=1_q=32_20260126-233202
800,1.0,1.0,1,32,posthoc_orth,fz,bias2,0.018651301,n=800_bz=1.0_cv1=1.0_p=1_q=32_20260126-233202
800,1.0,1.0,1,32,posthoc_orth,fz,var,0.0031075429,n=800_bz=1.0_cv1=1.0_p=1_q=32_20260126-233202
800,1.0,1.0,1,32,posthoc_orth,fr,mspe,0.0075267884,n=800_bz=1.0_cv1=1.0_p=1_q=32_20260126-233202
800,1.0,1.0,1,32,posthoc_orth,fr,bias2,0.0010795948,n=800_bz=1.0_cv1=1.0_p=1_q=32_20260126-233202
800,1.0,1.0,1,32,posthoc_orth,fr,var,0.006447193,n=800_bz=1.0_cv1=1.0_p=1_q=32_20260126-233202
