n,bz,cv1,p,q,model,effect,metric,value,experiment_folder
12800,1.0,0.8,16,32,base,y,mspe,0.9936467,n=12800_bz=1.0_cv1=0.8_p=16_q=32_20260124-202837
12800,1.0,0.8,16,32,base,y,bias2,0.98793525,n=12800_bz=1.0_cv1=0.8_p=16_q=32_20260124-202837
12800,1.0,0.8,16,32,base,y,var,0.0057114623,n=12800_bz=1.0_cv1=0.8_p=16_q=32_20260124-202837
12800,1.0,0.8,16,32,base,fx,mspe,0.061658368,n=12800_bz=1.0_cv1=0.8_p=16_q=32_20260124-202837
12800,1.0,0.8,16,32,base,fx,bias2,0.056218937,n=12800_bz=1.0_cv1=0.8_p=16_q=32_20260124-202837
12800,1.0,0.8,16,32,base,fx,var,0.0054394295,n=12800_bz=1.0_cv1=0.8_p=16_q=32_20260124-202837
12800,1.0,0.8,16,32,base,fz,mspe,8.148678e-08,n=12800_bz=1.0_cv1=0.8_p=16_q=32_20260124-202837
12800,1.0,0.8,16,32,base,fz,bias2,8.1486775e-08,n=12800_bz=1.0_cv1=0.8_p=16_q=32_20260124-202837
12800,1.0,0.8,16,32,base,fz,var,0.0,n=12800_bz=1.0_cv1=0.8_p=16_q=32_20260124-202837
12800,1.0,0.8,16,32,base,fr,mspe,0.061713044,n=12800_bz=1.0_cv1=0.8_p=16_q=32_20260124-202837
12800,1.0,0.8,16,32,base,fr,bias2,0.056273613,n=12800_bz=1.0_cv1=0.8_p=16_q=32_20260124-202837
12800,1.0,0.8,16,32,base,fr,var,0.0054394295,n=12800_bz=1.0_cv1=0.8_p=16_q=32_20260124-202837
12800,1.0,0.8,16,32,posthoc,y,mspe,1.0247649,n=12800_bz=1.0_cv1=0.8_p=16_q=32_20260124-202837
12800,1.0,0.8,16,32,posthoc,y,bias2,1.0192595,n=12800_bz=1.0_cv1=0.8_p=16_q=32_20260124-202837
12800,1.0,0.8,16,32,posthoc,y,var,0.005505392,n=12800_bz=1.0_cv1=0.8_p=16_q=32_20260124-202837
12800,1.0,0.8,16,32,posthoc,fx,mspe,0.009149695,n=12800_bz=1.0_cv1=0.8_p=16_q=32_20260124-202837
12800,1.0,0.8,16,32,posthoc,fx,bias2,0.004498033,n=12800_bz=1.0_cv1=0.8_p=16_q=32_20260124-202837
12800,1.0,0.8,16,32,posthoc,fx,var,0.0046516624,n=12800_bz=1.0_cv1=0.8_p=16_q=32_20260124-202837
12800,1.0,0.8,16,32,posthoc,fz,mspe,0.07162881,n=12800_bz=1.0_cv1=0.8_p=16_q=32_20260124-202837
12800,1.0,0.8,16,32,posthoc,fz,bias2,0.0685743,n=12800_bz=1.0_cv1=0.8_p=16_q=32_20260124-202837
12800,1.0,0.8,16,32,posthoc,fz,var,0.0030545054,n=12800_bz=1.0_cv1=0.8_p=16_q=32_20260124-202837
12800,1.0,0.8,16,32,posthoc,fr,mspe,0.009163164,n=12800_bz=1.0_cv1=0.8_p=16_q=32_20260124-202837
12800,1.0,0.8,16,32,posthoc,fr,bias2,0.0045115016,n=12800_bz=1.0_cv1=0.8_p=16_q=32_20260124-202837
12800,1.0,0.8,16,32,posthoc,fr,var,0.0046516624,n=12800_bz=1.0_cv1=0.8_p=16_q=32_20260124-202837
12800,1.0,0.8,16,32,posthoc_orth,y,mspe,1.0247735,n=12800_bz=1.0_cv1=0.8_p=16_q=32_20260124-202837
12800,1.0,0.8,16,32,posthoc_orth,y,bias2,1.0192654,n=12800_bz=1.0_cv1=0.8_p=16_q=32_20260124-202837
12800,1.0,0.8,16,32,posthoc_orth,y,var,0.0055081975,n=12800_bz=1.0_cv1=0.8_p=16_q=32_20260124-202837
12800,1.0,0.8,16,32,posthoc_orth,fx,mspe,0.004212117,n=12800_bz=1.0_cv1=0.8_p=16_q=32_20260124-202837
12800,1.0,0.8,16,32,posthoc_orth,fx,bias2,0.0011340494,n=12800_bz=1.0_cv1=0.8_p=16_q=32_20260124-202837
12800,1.0,0.8,16,32,posthoc_orth,fx,var,0.0030780677,n=12800_bz=1.0_cv1=0.8_p=16_q=32_20260124-202837
12800,1.0,0.8,16,32,posthoc_orth,fz,mspe,0.09724995,n=12800_bz=1.0_cv1=0.8_p=16_q=32_20260124-202837
12800,1.0,0.8,16,32,posthoc_orth,fz,bias2,0.094506815,n=12800_bz=1.0_cv1=0.8_p=16_q=32_20260124-202837
12800,1.0,0.8,16,32,posthoc_orth,fz,var,0.0027431382,n=12800_bz=1.0_cv1=0.8_p=16_q=32_20260124-202837
12800,1.0,0.8,16,32,posthoc_orth,fr,mspe,0.004212075,n=12800_bz=1.0_cv1=0.8_p=16_q=32_20260124-202837
12800,1.0,0.8,16,32,posthoc_orth,fr,bias2,0.0011340074,n=12800_bz=1.0_cv1=0.8_p=16_q=32_20260124-202837
12800,1.0,0.8,16,32,posthoc_orth,fr,var,0.0030780677,n=12800_bz=1.0_cv1=0.8_p=16_q=32_20260124-202837
12800,1.0,0.8,2,32,base,y,mspe,1.105336,n=12800_bz=1.0_cv1=0.8_p=2_q=32_20260124-191123
12800,1.0,0.8,2,32,base,y,bias2,1.1035761,n=12800_bz=1.0_cv1=0.8_p=2_q=32_20260124-191123
12800,1.0,0.8,2,32,base,y,var,0.0017598814,n=12800_bz=1.0_cv1=0.8_p=2_q=32_20260124-191123
12800,1.0,0.8,2,32,base,fx,mspe,0.14068806,n=12800_bz=1.0_cv1=0.8_p=2_q=32_20260124-191123
12800,1.0,0.8,2,32,base,fx,bias2,0.13920933,n=12800_bz=1.0_cv1=0.8_p=2_q=32_20260124-191123
12800,1.0,0.8,2,32,base,fx,var,0.001478726,n=12800_bz=1.0_cv1=0.8_p=2_q=32_20260124-191123
12800,1.0,0.8,2,32,base,fz,mspe,0.0026593867,n=12800_bz=1.0_cv1=0.8_p=2_q=32_20260124-191123
12800,1.0,0.8,2,32,base,fz,bias2,0.0026593867,n=12800_bz=1.0_cv1=0.8_p=2_q=32_20260124-191123
12800,1.0,0.8,2,32,base,fz,var,0.0,n=12800_bz=1.0_cv1=0.8_p=2_q=32_20260124-191123
12800,1.0,0.8,2,32,base,fr,mspe,0.15953843,n=12800_bz=1.0_cv1=0.8_p=2_q=32_20260124-191123
12800,1.0,0.8,2,32,base,fr,bias2,0.1580597,n=12800_bz=1.0_cv1=0.8_p=2_q=32_20260124-191123
12800,1.0,0.8,2,32,base,fr,var,0.001478726,n=12800_bz=1.0_cv1=0.8_p=2_q=32_20260124-191123
12800,1.0,0.8,2,32,posthoc,y,mspe,1.115439,n=12800_bz=1.0_cv1=0.8_p=2_q=32_20260124-191123
12800,1.0,0.8,2,32,posthoc,y,bias2,1.1134399,n=12800_bz=1.0_cv1=0.8_p=2_q=32_20260124-191123
12800,1.0,0.8,2,32,posthoc,y,var,0.001999077,n=12800_bz=1.0_cv1=0.8_p=2_q=32_20260124-191123
12800,1.0,0.8,2,32,posthoc,fx,mspe,0.018909935,n=12800_bz=1.0_cv1=0.8_p=2_q=32_20260124-191123
12800,1.0,0.8,2,32,posthoc,fx,bias2,0.013238337,n=12800_bz=1.0_cv1=0.8_p=2_q=32_20260124-191123
12800,1.0,0.8,2,32,posthoc,fx,var,0.005671598,n=12800_bz=1.0_cv1=0.8_p=2_q=32_20260124-191123
12800,1.0,0.8,2,32,posthoc,fz,mspe,0.05863857,n=12800_bz=1.0_cv1=0.8_p=2_q=32_20260124-191123
12800,1.0,0.8,2,32,posthoc,fz,bias2,0.054474086,n=12800_bz=1.0_cv1=0.8_p=2_q=32_20260124-191123
12800,1.0,0.8,2,32,posthoc,fz,var,0.004164484,n=12800_bz=1.0_cv1=0.8_p=2_q=32_20260124-191123
12800,1.0,0.8,2,32,posthoc,fr,mspe,0.024639873,n=12800_bz=1.0_cv1=0.8_p=2_q=32_20260124-191123
12800,1.0,0.8,2,32,posthoc,fr,bias2,0.018968277,n=12800_bz=1.0_cv1=0.8_p=2_q=32_20260124-191123
12800,1.0,0.8,2,32,posthoc,fr,var,0.005671598,n=12800_bz=1.0_cv1=0.8_p=2_q=32_20260124-191123
12800,1.0,0.8,2,32,posthoc_orth,y,mspe,1.1154497,n=12800_bz=1.0_cv1=0.8_p=2_q=32_20260124-191123
12800,1.0,0.8,2,32,posthoc_orth,y,bias2,1.1134537,n=12800_bz=1.0_cv1=0.8_p=2_q=32_20260124-191123
12800,1.0,0.8,2,32,posthoc_orth,y,var,0.0019959733,n=12800_bz=1.0_cv1=0.8_p=2_q=32_20260124-191123
12800,1.0,0.8,2,32,posthoc_orth,fx,mspe,0.00548623,n=12800_bz=1.0_cv1=0.8_p=2_q=32_20260124-191123
12800,1.0,0.8,2,32,posthoc_orth,fx,bias2,0.0038928676,n=12800_bz=1.0_cv1=0.8_p=2_q=32_20260124-191123
12800,1.0,0.8,2,32,posthoc_orth,fx,var,0.0015933621,n=12800_bz=1.0_cv1=0.8_p=2_q=32_20260124-191123
12800,1.0,0.8,2,32,posthoc_orth,fz,mspe,0.12798698,n=12800_bz=1.0_cv1=0.8_p=2_q=32_20260124-191123
12800,1.0,0.8,2,32,posthoc_orth,fz,bias2,0.12766466,n=12800_bz=1.0_cv1=0.8_p=2_q=32_20260124-191123
12800,1.0,0.8,2,32,posthoc_orth,fz,var,0.00032232082,n=12800_bz=1.0_cv1=0.8_p=2_q=32_20260124-191123
12800,1.0,0.8,2,32,posthoc_orth,fr,mspe,0.0047931513,n=12800_bz=1.0_cv1=0.8_p=2_q=32_20260124-191123
12800,1.0,0.8,2,32,posthoc_orth,fr,bias2,0.0031997894,n=12800_bz=1.0_cv1=0.8_p=2_q=32_20260124-191123
12800,1.0,0.8,2,32,posthoc_orth,fr,var,0.0015933621,n=12800_bz=1.0_cv1=0.8_p=2_q=32_20260124-191123
12800,1.0,0.8,4,32,base,y,mspe,1.0781239,n=12800_bz=1.0_cv1=0.8_p=4_q=32_20260124-192852
12800,1.0,0.8,4,32,base,y,bias2,1.0758404,n=12800_bz=1.0_cv1=0.8_p=4_q=32_20260124-192852
12800,1.0,0.8,4,32,base,y,var,0.00228364,n=12800_bz=1.0_cv1=0.8_p=4_q=32_20260124-192852
12800,1.0,0.8,4,32,base,fx,mspe,0.09506322,n=12800_bz=1.0_cv1=0.8_p=4_q=32_20260124-192852
12800,1.0,0.8,4,32,base,fx,bias2,0.09306764,n=12800_bz=1.0_cv1=0.8_p=4_q=32_20260124-192852
12800,1.0,0.8,4,32,base,fx,var,0.0019955772,n=12800_bz=1.0_cv1=0.8_p=4_q=32_20260124-192852
12800,1.0,0.8,4,32,base,fz,mspe,7.929306e-05,n=12800_bz=1.0_cv1=0.8_p=4_q=32_20260124-192852
12800,1.0,0.8,4,32,base,fz,bias2,7.929306e-05,n=12800_bz=1.0_cv1=0.8_p=4_q=32_20260124-192852
12800,1.0,0.8,4,32,base,fz,var,0.0,n=12800_bz=1.0_cv1=0.8_p=4_q=32_20260124-192852
12800,1.0,0.8,4,32,base,fr,mspe,0.09753142,n=12800_bz=1.0_cv1=0.8_p=4_q=32_20260124-192852
12800,1.0,0.8,4,32,base,fr,bias2,0.095535845,n=12800_bz=1.0_cv1=0.8_p=4_q=32_20260124-192852
12800,1.0,0.8,4,32,base,fr,var,0.0019955772,n=12800_bz=1.0_cv1=0.8_p=4_q=32_20260124-192852
12800,1.0,0.8,4,32,posthoc,y,mspe,1.0928646,n=12800_bz=1.0_cv1=0.8_p=4_q=32_20260124-192852
12800,1.0,0.8,4,32,posthoc,y,bias2,1.0901301,n=12800_bz=1.0_cv1=0.8_p=4_q=32_20260124-192852
12800,1.0,0.8,4,32,posthoc,y,var,0.002734547,n=12800_bz=1.0_cv1=0.8_p=4_q=32_20260124-192852
12800,1.0,0.8,4,32,posthoc,fx,mspe,0.012549228,n=12800_bz=1.0_cv1=0.8_p=4_q=32_20260124-192852
12800,1.0,0.8,4,32,posthoc,fx,bias2,0.0067073186,n=12800_bz=1.0_cv1=0.8_p=4_q=32_20260124-192852
12800,1.0,0.8,4,32,posthoc,fx,var,0.0058419094,n=12800_bz=1.0_cv1=0.8_p=4_q=32_20260124-192852
12800,1.0,0.8,4,32,posthoc,fz,mspe,0.07535362,n=12800_bz=1.0_cv1=0.8_p=4_q=32_20260124-192852
12800,1.0,0.8,4,32,posthoc,fz,bias2,0.07120761,n=12800_bz=1.0_cv1=0.8_p=4_q=32_20260124-192852
12800,1.0,0.8,4,32,posthoc,fz,var,0.004146018,n=12800_bz=1.0_cv1=0.8_p=4_q=32_20260124-192852
12800,1.0,0.8,4,32,posthoc,fr,mspe,0.013120295,n=12800_bz=1.0_cv1=0.8_p=4_q=32_20260124-192852
12800,1.0,0.8,4,32,posthoc,fr,bias2,0.007278384,n=12800_bz=1.0_cv1=0.8_p=4_q=32_20260124-192852
12800,1.0,0.8,4,32,posthoc,fr,var,0.0058419094,n=12800_bz=1.0_cv1=0.8_p=4_q=32_20260124-192852
12800,1.0,0.8,4,32,posthoc_orth,y,mspe,1.092856,n=12800_bz=1.0_cv1=0.8_p=4_q=32_20260124-192852
12800,1.0,0.8,4,32,posthoc_orth,y,bias2,1.0901586,n=12800_bz=1.0_cv1=0.8_p=4_q=32_20260124-192852
12800,1.0,0.8,4,32,posthoc_orth,y,var,0.0026974736,n=12800_bz=1.0_cv1=0.8_p=4_q=32_20260124-192852
12800,1.0,0.8,4,32,posthoc_orth,fx,mspe,0.0032030456,n=12800_bz=1.0_cv1=0.8_p=4_q=32_20260124-192852
12800,1.0,0.8,4,32,posthoc_orth,fx,bias2,0.0012171146,n=12800_bz=1.0_cv1=0.8_p=4_q=32_20260124-192852
12800,1.0,0.8,4,32,posthoc_orth,fx,var,0.001985931,n=12800_bz=1.0_cv1=0.8_p=4_q=32_20260124-192852
12800,1.0,0.8,4,32,posthoc_orth,fz,mspe,0.11047017,n=12800_bz=1.0_cv1=0.8_p=4_q=32_20260124-192852
12800,1.0,0.8,4,32,posthoc_orth,fz,bias2,0.10977997,n=12800_bz=1.0_cv1=0.8_p=4_q=32_20260124-192852
12800,1.0,0.8,4,32,posthoc_orth,fz,var,0.00069019885,n=12800_bz=1.0_cv1=0.8_p=4_q=32_20260124-192852
12800,1.0,0.8,4,32,posthoc_orth,fr,mspe,0.003172153,n=12800_bz=1.0_cv1=0.8_p=4_q=32_20260124-192852
12800,1.0,0.8,4,32,posthoc_orth,fr,bias2,0.001186222,n=12800_bz=1.0_cv1=0.8_p=4_q=32_20260124-192852
12800,1.0,0.8,4,32,posthoc_orth,fr,var,0.001985931,n=12800_bz=1.0_cv1=0.8_p=4_q=32_20260124-192852
12800,1.0,0.8,8,32,base,y,mspe,1.1474798,n=12800_bz=1.0_cv1=0.8_p=8_q=32_20260124-195150
12800,1.0,0.8,8,32,base,y,bias2,1.1439567,n=12800_bz=1.0_cv1=0.8_p=8_q=32_20260124-195150
12800,1.0,0.8,8,32,base,y,var,0.0035231705,n=12800_bz=1.0_cv1=0.8_p=8_q=32_20260124-195150
12800,1.0,0.8,8,32,base,fx,mspe,0.07587219,n=12800_bz=1.0_cv1=0.8_p=8_q=32_20260124-195150
12800,1.0,0.8,8,32,base,fx,bias2,0.07266625,n=12800_bz=1.0_cv1=0.8_p=8_q=32_20260124-195150
12800,1.0,0.8,8,32,base,fx,var,0.0032059387,n=12800_bz=1.0_cv1=0.8_p=8_q=32_20260124-195150
12800,1.0,0.8,8,32,base,fz,mspe,2.5083282e-06,n=12800_bz=1.0_cv1=0.8_p=8_q=32_20260124-195150
12800,1.0,0.8,8,32,base,fz,bias2,2.5083282e-06,n=12800_bz=1.0_cv1=0.8_p=8_q=32_20260124-195150
12800,1.0,0.8,8,32,base,fz,var,0.0,n=12800_bz=1.0_cv1=0.8_p=8_q=32_20260124-195150
12800,1.0,0.8,8,32,base,fr,mspe,0.07623889,n=12800_bz=1.0_cv1=0.8_p=8_q=32_20260124-195150
12800,1.0,0.8,8,32,base,fr,bias2,0.07303295,n=12800_bz=1.0_cv1=0.8_p=8_q=32_20260124-195150
12800,1.0,0.8,8,32,base,fr,var,0.0032059387,n=12800_bz=1.0_cv1=0.8_p=8_q=32_20260124-195150
12800,1.0,0.8,8,32,posthoc,y,mspe,1.1829724,n=12800_bz=1.0_cv1=0.8_p=8_q=32_20260124-195150
12800,1.0,0.8,8,32,posthoc,y,bias2,1.1793362,n=12800_bz=1.0_cv1=0.8_p=8_q=32_20260124-195150
12800,1.0,0.8,8,32,posthoc,y,var,0.003636351,n=12800_bz=1.0_cv1=0.8_p=8_q=32_20260124-195150
12800,1.0,0.8,8,32,posthoc,fx,mspe,0.008951878,n=12800_bz=1.0_cv1=0.8_p=8_q=32_20260124-195150
12800,1.0,0.8,8,32,posthoc,fx,bias2,0.0045533944,n=12800_bz=1.0_cv1=0.8_p=8_q=32_20260124-195150
12800,1.0,0.8,8,32,posthoc,fx,var,0.0043984833,n=12800_bz=1.0_cv1=0.8_p=8_q=32_20260124-195150
12800,1.0,0.8,8,32,posthoc,fz,mspe,0.07304119,n=12800_bz=1.0_cv1=0.8_p=8_q=32_20260124-195150
12800,1.0,0.8,8,32,posthoc,fz,bias2,0.07080428,n=12800_bz=1.0_cv1=0.8_p=8_q=32_20260124-195150
12800,1.0,0.8,8,32,posthoc,fz,var,0.0022369095,n=12800_bz=1.0_cv1=0.8_p=8_q=32_20260124-195150
12800,1.0,0.8,8,32,posthoc,fr,mspe,0.009028365,n=12800_bz=1.0_cv1=0.8_p=8_q=32_20260124-195150
12800,1.0,0.8,8,32,posthoc,fr,bias2,0.0046298807,n=12800_bz=1.0_cv1=0.8_p=8_q=32_20260124-195150
12800,1.0,0.8,8,32,posthoc,fr,var,0.0043984833,n=12800_bz=1.0_cv1=0.8_p=8_q=32_20260124-195150
12800,1.0,0.8,8,32,posthoc_orth,y,mspe,1.1829871,n=12800_bz=1.0_cv1=0.8_p=8_q=32_20260124-195150
12800,1.0,0.8,8,32,posthoc_orth,y,bias2,1.1793488,n=12800_bz=1.0_cv1=0.8_p=8_q=32_20260124-195150
12800,1.0,0.8,8,32,posthoc_orth,y,var,0.0036382729,n=12800_bz=1.0_cv1=0.8_p=8_q=32_20260124-195150
12800,1.0,0.8,8,32,posthoc_orth,fx,mspe,0.003249092,n=12800_bz=1.0_cv1=0.8_p=8_q=32_20260124-195150
12800,1.0,0.8,8,32,posthoc_orth,fx,bias2,0.00085425493,n=12800_bz=1.0_cv1=0.8_p=8_q=32_20260124-195150
12800,1.0,0.8,8,32,posthoc_orth,fx,var,0.0023948373,n=12800_bz=1.0_cv1=0.8_p=8_q=32_20260124-195150
12800,1.0,0.8,8,32,posthoc_orth,fz,mspe,0.09910386,n=12800_bz=1.0_cv1=0.8_p=8_q=32_20260124-195150
12800,1.0,0.8,8,32,posthoc_orth,fz,bias2,0.097795695,n=12800_bz=1.0_cv1=0.8_p=8_q=32_20260124-195150
12800,1.0,0.8,8,32,posthoc_orth,fz,var,0.0013081615,n=12800_bz=1.0_cv1=0.8_p=8_q=32_20260124-195150
12800,1.0,0.8,8,32,posthoc_orth,fr,mspe,0.0032473602,n=12800_bz=1.0_cv1=0.8_p=8_q=32_20260124-195150
12800,1.0,0.8,8,32,posthoc_orth,fr,bias2,0.0008525229,n=12800_bz=1.0_cv1=0.8_p=8_q=32_20260124-195150
12800,1.0,0.8,8,32,posthoc_orth,fr,var,0.0023948373,n=12800_bz=1.0_cv1=0.8_p=8_q=32_20260124-195150
1600,1.0,0.8,16,32,base,y,mspe,0.9834621,n=1600_bz=1.0_cv1=0.8_p=16_q=32_20260124-172921
1600,1.0,0.8,16,32,base,y,bias2,0.9755551,n=1600_bz=1.0_cv1=0.8_p=16_q=32_20260124-172921
1600,1.0,0.8,16,32,base,y,var,0.007907051,n=1600_bz=1.0_cv1=0.8_p=16_q=32_20260124-172921
1600,1.0,0.8,16,32,base,fx,mspe,0.04671225,n=1600_bz=1.0_cv1=0.8_p=16_q=32_20260124-172921
1600,1.0,0.8,16,32,base,fx,bias2,0.040106073,n=1600_bz=1.0_cv1=0.8_p=16_q=32_20260124-172921
1600,1.0,0.8,16,32,base,fx,var,0.0066061798,n=1600_bz=1.0_cv1=0.8_p=16_q=32_20260124-172921
1600,1.0,0.8,16,32,base,fz,mspe,8.148678e-08,n=1600_bz=1.0_cv1=0.8_p=16_q=32_20260124-172921
1600,1.0,0.8,16,32,base,fz,bias2,8.1486775e-08,n=1600_bz=1.0_cv1=0.8_p=16_q=32_20260124-172921
1600,1.0,0.8,16,32,base,fz,var,0.0,n=1600_bz=1.0_cv1=0.8_p=16_q=32_20260124-172921
1600,1.0,0.8,16,32,base,fr,mspe,0.046753477,n=1600_bz=1.0_cv1=0.8_p=16_q=32_20260124-172921
1600,1.0,0.8,16,32,base,fr,bias2,0.040147293,n=1600_bz=1.0_cv1=0.8_p=16_q=32_20260124-172921
1600,1.0,0.8,16,32,base,fr,var,0.0066061798,n=1600_bz=1.0_cv1=0.8_p=16_q=32_20260124-172921
1600,1.0,0.8,16,32,posthoc,y,mspe,1.0467345,n=1600_bz=1.0_cv1=0.8_p=16_q=32_20260124-172921
1600,1.0,0.8,16,32,posthoc,y,bias2,1.0202681,n=1600_bz=1.0_cv1=0.8_p=16_q=32_20260124-172921
1600,1.0,0.8,16,32,posthoc,y,var,0.026466332,n=1600_bz=1.0_cv1=0.8_p=16_q=32_20260124-172921
1600,1.0,0.8,16,32,posthoc,fx,mspe,0.012416259,n=1600_bz=1.0_cv1=0.8_p=16_q=32_20260124-172921
1600,1.0,0.8,16,32,posthoc,fx,bias2,0.0034696353,n=1600_bz=1.0_cv1=0.8_p=16_q=32_20260124-172921
1600,1.0,0.8,16,32,posthoc,fx,var,0.008946625,n=1600_bz=1.0_cv1=0.8_p=16_q=32_20260124-172921
1600,1.0,0.8,16,32,posthoc,fz,mspe,0.090909645,n=1600_bz=1.0_cv1=0.8_p=16_q=32_20260124-172921
1600,1.0,0.8,16,32,posthoc,fz,bias2,0.07013835,n=1600_bz=1.0_cv1=0.8_p=16_q=32_20260124-172921
1600,1.0,0.8,16,32,posthoc,fz,var,0.020771286,n=1600_bz=1.0_cv1=0.8_p=16_q=32_20260124-172921
1600,1.0,0.8,16,32,posthoc,fr,mspe,0.012428196,n=1600_bz=1.0_cv1=0.8_p=16_q=32_20260124-172921
1600,1.0,0.8,16,32,posthoc,fr,bias2,0.003481572,n=1600_bz=1.0_cv1=0.8_p=16_q=32_20260124-172921
1600,1.0,0.8,16,32,posthoc,fr,var,0.008946625,n=1600_bz=1.0_cv1=0.8_p=16_q=32_20260124-172921
1600,1.0,0.8,16,32,posthoc_orth,y,mspe,1.0468652,n=1600_bz=1.0_cv1=0.8_p=16_q=32_20260124-172921
1600,1.0,0.8,16,32,posthoc_orth,y,bias2,1.0203257,n=1600_bz=1.0_cv1=0.8_p=16_q=32_20260124-172921
1600,1.0,0.8,16,32,posthoc_orth,y,var,0.026539527,n=1600_bz=1.0_cv1=0.8_p=16_q=32_20260124-172921
1600,1.0,0.8,16,32,posthoc_orth,fx,mspe,0.009901973,n=1600_bz=1.0_cv1=0.8_p=16_q=32_20260124-172921
1600,1.0,0.8,16,32,posthoc_orth,fx,bias2,0.0015860358,n=1600_bz=1.0_cv1=0.8_p=16_q=32_20260124-172921
1600,1.0,0.8,16,32,posthoc_orth,fx,var,0.008315937,n=1600_bz=1.0_cv1=0.8_p=16_q=32_20260124-172921
1600,1.0,0.8,16,32,posthoc_orth,fz,mspe,0.114097975,n=1600_bz=1.0_cv1=0.8_p=16_q=32_20260124-172921
1600,1.0,0.8,16,32,posthoc_orth,fz,bias2,0.09379194,n=1600_bz=1.0_cv1=0.8_p=16_q=32_20260124-172921
1600,1.0,0.8,16,32,posthoc_orth,fz,var,0.02030603,n=1600_bz=1.0_cv1=0.8_p=16_q=32_20260124-172921
1600,1.0,0.8,16,32,posthoc_orth,fr,mspe,0.009901962,n=1600_bz=1.0_cv1=0.8_p=16_q=32_20260124-172921
1600,1.0,0.8,16,32,posthoc_orth,fr,bias2,0.0015860257,n=1600_bz=1.0_cv1=0.8_p=16_q=32_20260124-172921
1600,1.0,0.8,16,32,posthoc_orth,fr,var,0.008315937,n=1600_bz=1.0_cv1=0.8_p=16_q=32_20260124-172921
1600,1.0,0.8,2,32,base,y,mspe,1.1030649,n=1600_bz=1.0_cv1=0.8_p=2_q=32_20260124-171753
1600,1.0,0.8,2,32,base,y,bias2,1.0947266,n=1600_bz=1.0_cv1=0.8_p=2_q=32_20260124-171753
1600,1.0,0.8,2,32,base,y,var,0.008338321,n=1600_bz=1.0_cv1=0.8_p=2_q=32_20260124-171753
1600,1.0,0.8,2,32,base,fx,mspe,0.13551015,n=1600_bz=1.0_cv1=0.8_p=2_q=32_20260124-171753
1600,1.0,0.8,2,32,base,fx,bias2,0.12835747,n=1600_bz=1.0_cv1=0.8_p=2_q=32_20260124-171753
1600,1.0,0.8,2,32,base,fx,var,0.007152683,n=1600_bz=1.0_cv1=0.8_p=2_q=32_20260124-171753
1600,1.0,0.8,2,32,base,fz,mspe,0.0026593867,n=1600_bz=1.0_cv1=0.8_p=2_q=32_20260124-171753
1600,1.0,0.8,2,32,base,fz,bias2,0.0026593867,n=1600_bz=1.0_cv1=0.8_p=2_q=32_20260124-171753
1600,1.0,0.8,2,32,base,fz,var,0.0,n=1600_bz=1.0_cv1=0.8_p=2_q=32_20260124-171753
1600,1.0,0.8,2,32,base,fr,mspe,0.15362944,n=1600_bz=1.0_cv1=0.8_p=2_q=32_20260124-171753
1600,1.0,0.8,2,32,base,fr,bias2,0.14647676,n=1600_bz=1.0_cv1=0.8_p=2_q=32_20260124-171753
1600,1.0,0.8,2,32,base,fr,var,0.007152683,n=1600_bz=1.0_cv1=0.8_p=2_q=32_20260124-171753
1600,1.0,0.8,2,32,posthoc,y,mspe,1.1196324,n=1600_bz=1.0_cv1=0.8_p=2_q=32_20260124-171753
1600,1.0,0.8,2,32,posthoc,y,bias2,1.1104463,n=1600_bz=1.0_cv1=0.8_p=2_q=32_20260124-171753
1600,1.0,0.8,2,32,posthoc,y,var,0.009185992,n=1600_bz=1.0_cv1=0.8_p=2_q=32_20260124-171753
1600,1.0,0.8,2,32,posthoc,fx,mspe,0.047614083,n=1600_bz=1.0_cv1=0.8_p=2_q=32_20260124-171753
1600,1.0,0.8,2,32,posthoc,fx,bias2,0.026347883,n=1600_bz=1.0_cv1=0.8_p=2_q=32_20260124-171753
1600,1.0,0.8,2,32,posthoc,fx,var,0.021266202,n=1600_bz=1.0_cv1=0.8_p=2_q=32_20260124-171753
1600,1.0,0.8,2,32,posthoc,fz,mspe,0.048311394,n=1600_bz=1.0_cv1=0.8_p=2_q=32_20260124-171753
1600,1.0,0.8,2,32,posthoc,fz,bias2,0.032677833,n=1600_bz=1.0_cv1=0.8_p=2_q=32_20260124-171753
1600,1.0,0.8,2,32,posthoc,fz,var,0.01563356,n=1600_bz=1.0_cv1=0.8_p=2_q=32_20260124-171753
1600,1.0,0.8,2,32,posthoc,fr,mspe,0.05585234,n=1600_bz=1.0_cv1=0.8_p=2_q=32_20260124-171753
1600,1.0,0.8,2,32,posthoc,fr,bias2,0.03458614,n=1600_bz=1.0_cv1=0.8_p=2_q=32_20260124-171753
1600,1.0,0.8,2,32,posthoc,fr,var,0.021266202,n=1600_bz=1.0_cv1=0.8_p=2_q=32_20260124-171753
1600,1.0,0.8,2,32,posthoc_orth,y,mspe,1.1196396,n=1600_bz=1.0_cv1=0.8_p=2_q=32_20260124-171753
1600,1.0,0.8,2,32,posthoc_orth,y,bias2,1.1104078,n=1600_bz=1.0_cv1=0.8_p=2_q=32_20260124-171753
1600,1.0,0.8,2,32,posthoc_orth,y,var,0.0092317,n=1600_bz=1.0_cv1=0.8_p=2_q=32_20260124-171753
1600,1.0,0.8,2,32,posthoc_orth,fx,mspe,0.011761166,n=1600_bz=1.0_cv1=0.8_p=2_q=32_20260124-171753
1600,1.0,0.8,2,32,posthoc_orth,fx,bias2,0.005384618,n=1600_bz=1.0_cv1=0.8_p=2_q=32_20260124-171753
1600,1.0,0.8,2,32,posthoc_orth,fx,var,0.006376548,n=1600_bz=1.0_cv1=0.8_p=2_q=32_20260124-171753
1600,1.0,0.8,2,32,posthoc_orth,fz,mspe,0.1269794,n=1600_bz=1.0_cv1=0.8_p=2_q=32_20260124-171753
1600,1.0,0.8,2,32,posthoc_orth,fz,bias2,0.12458328,n=1600_bz=1.0_cv1=0.8_p=2_q=32_20260124-171753
1600,1.0,0.8,2,32,posthoc_orth,fz,var,0.0023961146,n=1600_bz=1.0_cv1=0.8_p=2_q=32_20260124-171753
1600,1.0,0.8,2,32,posthoc_orth,fr,mspe,0.0110948,n=1600_bz=1.0_cv1=0.8_p=2_q=32_20260124-171753
1600,1.0,0.8,2,32,posthoc_orth,fr,bias2,0.004718251,n=1600_bz=1.0_cv1=0.8_p=2_q=32_20260124-171753
1600,1.0,0.8,2,32,posthoc_orth,fr,var,0.006376548,n=1600_bz=1.0_cv1=0.8_p=2_q=32_20260124-171753
1600,1.0,0.8,4,32,base,y,mspe,1.0676457,n=1600_bz=1.0_cv1=0.8_p=4_q=32_20260124-172108
1600,1.0,0.8,4,32,base,y,bias2,1.0586827,n=1600_bz=1.0_cv1=0.8_p=4_q=32_20260124-172108
1600,1.0,0.8,4,32,base,y,var,0.008963031,n=1600_bz=1.0_cv1=0.8_p=4_q=32_20260124-172108
1600,1.0,0.8,4,32,base,fx,mspe,0.088176005,n=1600_bz=1.0_cv1=0.8_p=4_q=32_20260124-172108
1600,1.0,0.8,4,32,base,fx,bias2,0.080355994,n=1600_bz=1.0_cv1=0.8_p=4_q=32_20260124-172108
1600,1.0,0.8,4,32,base,fx,var,0.0078200055,n=1600_bz=1.0_cv1=0.8_p=4_q=32_20260124-172108
1600,1.0,0.8,4,32,base,fz,mspe,7.929306e-05,n=1600_bz=1.0_cv1=0.8_p=4_q=32_20260124-172108
1600,1.0,0.8,4,32,base,fz,bias2,7.929306e-05,n=1600_bz=1.0_cv1=0.8_p=4_q=32_20260124-172108
1600,1.0,0.8,4,32,base,fz,var,0.0,n=1600_bz=1.0_cv1=0.8_p=4_q=32_20260124-172108
1600,1.0,0.8,4,32,base,fr,mspe,0.09042157,n=1600_bz=1.0_cv1=0.8_p=4_q=32_20260124-172108
1600,1.0,0.8,4,32,base,fr,bias2,0.08260157,n=1600_bz=1.0_cv1=0.8_p=4_q=32_20260124-172108
1600,1.0,0.8,4,32,base,fr,var,0.0078200055,n=1600_bz=1.0_cv1=0.8_p=4_q=32_20260124-172108
1600,1.0,0.8,4,32,posthoc,y,mspe,1.1053636,n=1600_bz=1.0_cv1=0.8_p=4_q=32_20260124-172108
1600,1.0,0.8,4,32,posthoc,y,bias2,1.0943342,n=1600_bz=1.0_cv1=0.8_p=4_q=32_20260124-172108
1600,1.0,0.8,4,32,posthoc,y,var,0.011029226,n=1600_bz=1.0_cv1=0.8_p=4_q=32_20260124-172108
1600,1.0,0.8,4,32,posthoc,fx,mspe,0.023272185,n=1600_bz=1.0_cv1=0.8_p=4_q=32_20260124-172108
1600,1.0,0.8,4,32,posthoc,fx,bias2,0.009240782,n=1600_bz=1.0_cv1=0.8_p=4_q=32_20260124-172108
1600,1.0,0.8,4,32,posthoc,fx,var,0.014031403,n=1600_bz=1.0_cv1=0.8_p=4_q=32_20260124-172108
1600,1.0,0.8,4,32,posthoc,fz,mspe,0.07217025,n=1600_bz=1.0_cv1=0.8_p=4_q=32_20260124-172108
1600,1.0,0.8,4,32,posthoc,fz,bias2,0.059990376,n=1600_bz=1.0_cv1=0.8_p=4_q=32_20260124-172108
1600,1.0,0.8,4,32,posthoc,fz,var,0.012179876,n=1600_bz=1.0_cv1=0.8_p=4_q=32_20260124-172108
1600,1.0,0.8,4,32,posthoc,fr,mspe,0.024042401,n=1600_bz=1.0_cv1=0.8_p=4_q=32_20260124-172108
1600,1.0,0.8,4,32,posthoc,fr,bias2,0.010010997,n=1600_bz=1.0_cv1=0.8_p=4_q=32_20260124-172108
1600,1.0,0.8,4,32,posthoc,fr,var,0.014031403,n=1600_bz=1.0_cv1=0.8_p=4_q=32_20260124-172108
1600,1.0,0.8,4,32,posthoc_orth,y,mspe,1.1053765,n=1600_bz=1.0_cv1=0.8_p=4_q=32_20260124-172108
1600,1.0,0.8,4,32,posthoc_orth,y,bias2,1.0944039,n=1600_bz=1.0_cv1=0.8_p=4_q=32_20260124-172108
1600,1.0,0.8,4,32,posthoc_orth,y,var,0.010972545,n=1600_bz=1.0_cv1=0.8_p=4_q=32_20260124-172108
1600,1.0,0.8,4,32,posthoc_orth,fx,mspe,0.008475927,n=1600_bz=1.0_cv1=0.8_p=4_q=32_20260124-172108
1600,1.0,0.8,4,32,posthoc_orth,fx,bias2,0.0021778997,n=1600_bz=1.0_cv1=0.8_p=4_q=32_20260124-172108
1600,1.0,0.8,4,32,posthoc_orth,fx,var,0.0062980275,n=1600_bz=1.0_cv1=0.8_p=4_q=32_20260124-172108
1600,1.0,0.8,4,32,posthoc_orth,fz,mspe,0.118547,n=1600_bz=1.0_cv1=0.8_p=4_q=32_20260124-172108
1600,1.0,0.8,4,32,posthoc_orth,fz,bias2,0.113749616,n=1600_bz=1.0_cv1=0.8_p=4_q=32_20260124-172108
1600,1.0,0.8,4,32,posthoc_orth,fz,var,0.004797381,n=1600_bz=1.0_cv1=0.8_p=4_q=32_20260124-172108
1600,1.0,0.8,4,32,posthoc_orth,fr,mspe,0.008423531,n=1600_bz=1.0_cv1=0.8_p=4_q=32_20260124-172108
1600,1.0,0.8,4,32,posthoc_orth,fr,bias2,0.0021255035,n=1600_bz=1.0_cv1=0.8_p=4_q=32_20260124-172108
1600,1.0,0.8,4,32,posthoc_orth,fr,var,0.0062980275,n=1600_bz=1.0_cv1=0.8_p=4_q=32_20260124-172108
1600,1.0,0.8,8,32,base,y,mspe,1.1334237,n=1600_bz=1.0_cv1=0.8_p=8_q=32_20260124-172452
1600,1.0,0.8,8,32,base,y,bias2,1.1255426,n=1600_bz=1.0_cv1=0.8_p=8_q=32_20260124-172452
1600,1.0,0.8,8,32,base,y,var,0.00788104,n=1600_bz=1.0_cv1=0.8_p=8_q=32_20260124-172452
1600,1.0,0.8,8,32,base,fx,mspe,0.0628598,n=1600_bz=1.0_cv1=0.8_p=8_q=32_20260124-172452
1600,1.0,0.8,8,32,base,fx,bias2,0.05614479,n=1600_bz=1.0_cv1=0.8_p=8_q=32_20260124-172452
1600,1.0,0.8,8,32,base,fx,var,0.006715013,n=1600_bz=1.0_cv1=0.8_p=8_q=32_20260124-172452
1600,1.0,0.8,8,32,base,fz,mspe,2.5083282e-06,n=1600_bz=1.0_cv1=0.8_p=8_q=32_20260124-172452
1600,1.0,0.8,8,32,base,fz,bias2,2.5083282e-06,n=1600_bz=1.0_cv1=0.8_p=8_q=32_20260124-172452
1600,1.0,0.8,8,32,base,fz,var,0.0,n=1600_bz=1.0_cv1=0.8_p=8_q=32_20260124-172452
1600,1.0,0.8,8,32,base,fr,mspe,0.06316145,n=1600_bz=1.0_cv1=0.8_p=8_q=32_20260124-172452
1600,1.0,0.8,8,32,base,fr,bias2,0.05644643,n=1600_bz=1.0_cv1=0.8_p=8_q=32_20260124-172452
1600,1.0,0.8,8,32,base,fr,var,0.006715013,n=1600_bz=1.0_cv1=0.8_p=8_q=32_20260124-172452
1600,1.0,0.8,8,32,posthoc,y,mspe,1.1947289,n=1600_bz=1.0_cv1=0.8_p=8_q=32_20260124-172452
1600,1.0,0.8,8,32,posthoc,y,bias2,1.1771779,n=1600_bz=1.0_cv1=0.8_p=8_q=32_20260124-172452
1600,1.0,0.8,8,32,posthoc,y,var,0.017550904,n=1600_bz=1.0_cv1=0.8_p=8_q=32_20260124-172452
1600,1.0,0.8,8,32,posthoc,fx,mspe,0.014537439,n=1600_bz=1.0_cv1=0.8_p=8_q=32_20260124-172452
1600,1.0,0.8,8,32,posthoc,fx,bias2,0.0040008323,n=1600_bz=1.0_cv1=0.8_p=8_q=32_20260124-172452
1600,1.0,0.8,8,32,posthoc,fx,var,0.0105366055,n=1600_bz=1.0_cv1=0.8_p=8_q=32_20260124-172452
1600,1.0,0.8,8,32,posthoc,fz,mspe,0.07943099,n=1600_bz=1.0_cv1=0.8_p=8_q=32_20260124-172452
1600,1.0,0.8,8,32,posthoc,fz,bias2,0.06665359,n=1600_bz=1.0_cv1=0.8_p=8_q=32_20260124-172452
1600,1.0,0.8,8,32,posthoc,fz,var,0.012777398,n=1600_bz=1.0_cv1=0.8_p=8_q=32_20260124-172452
1600,1.0,0.8,8,32,posthoc,fr,mspe,0.0146176545,n=1600_bz=1.0_cv1=0.8_p=8_q=32_20260124-172452
1600,1.0,0.8,8,32,posthoc,fr,bias2,0.0040810476,n=1600_bz=1.0_cv1=0.8_p=8_q=32_20260124-172452
1600,1.0,0.8,8,32,posthoc,fr,var,0.0105366055,n=1600_bz=1.0_cv1=0.8_p=8_q=32_20260124-172452
1600,1.0,0.8,8,32,posthoc_orth,y,mspe,1.1946554,n=1600_bz=1.0_cv1=0.8_p=8_q=32_20260124-172452
1600,1.0,0.8,8,32,posthoc_orth,y,bias2,1.1771008,n=1600_bz=1.0_cv1=0.8_p=8_q=32_20260124-172452
1600,1.0,0.8,8,32,posthoc_orth,y,var,0.017554693,n=1600_bz=1.0_cv1=0.8_p=8_q=32_20260124-172452
1600,1.0,0.8,8,32,posthoc_orth,fx,mspe,0.008091586,n=1600_bz=1.0_cv1=0.8_p=8_q=32_20260124-172452
1600,1.0,0.8,8,32,posthoc_orth,fx,bias2,0.0012719245,n=1600_bz=1.0_cv1=0.8_p=8_q=32_20260124-172452
1600,1.0,0.8,8,32,posthoc_orth,fx,var,0.0068196617,n=1600_bz=1.0_cv1=0.8_p=8_q=32_20260124-172452
1600,1.0,0.8,8,32,posthoc_orth,fz,mspe,0.10697566,n=1600_bz=1.0_cv1=0.8_p=8_q=32_20260124-172452
1600,1.0,0.8,8,32,posthoc_orth,fz,bias2,0.0950922,n=1600_bz=1.0_cv1=0.8_p=8_q=32_20260124-172452
1600,1.0,0.8,8,32,posthoc_orth,fz,var,0.011883455,n=1600_bz=1.0_cv1=0.8_p=8_q=32_20260124-172452
1600,1.0,0.8,8,32,posthoc_orth,fr,mspe,0.008091876,n=1600_bz=1.0_cv1=0.8_p=8_q=32_20260124-172452
1600,1.0,0.8,8,32,posthoc_orth,fr,bias2,0.0012722153,n=1600_bz=1.0_cv1=0.8_p=8_q=32_20260124-172452
1600,1.0,0.8,8,32,posthoc_orth,fr,var,0.0068196617,n=1600_bz=1.0_cv1=0.8_p=8_q=32_20260124-172452
200,1.0,0.8,16,32,base,y,mspe,0.97912264,n=200_bz=1.0_cv1=0.8_p=16_q=32_20260124-170055
200,1.0,0.8,16,32,base,y,bias2,0.9451548,n=200_bz=1.0_cv1=0.8_p=16_q=32_20260124-170055
200,1.0,0.8,16,32,base,y,var,0.03396783,n=200_bz=1.0_cv1=0.8_p=16_q=32_20260124-170055
200,1.0,0.8,16,32,base,fx,mspe,0.036888197,n=200_bz=1.0_cv1=0.8_p=16_q=32_20260124-170055
200,1.0,0.8,16,32,base,fx,bias2,0.009069398,n=200_bz=1.0_cv1=0.8_p=16_q=32_20260124-170055
200,1.0,0.8,16,32,base,fx,var,0.027818799,n=200_bz=1.0_cv1=0.8_p=16_q=32_20260124-170055
200,1.0,0.8,16,32,base,fz,mspe,8.148678e-08,n=200_bz=1.0_cv1=0.8_p=16_q=32_20260124-170055
200,1.0,0.8,16,32,base,fz,bias2,8.1486775e-08,n=200_bz=1.0_cv1=0.8_p=16_q=32_20260124-170055
200,1.0,0.8,16,32,base,fz,var,0.0,n=200_bz=1.0_cv1=0.8_p=16_q=32_20260124-170055
200,1.0,0.8,16,32,base,fr,mspe,0.036905672,n=200_bz=1.0_cv1=0.8_p=16_q=32_20260124-170055
200,1.0,0.8,16,32,base,fr,bias2,0.009086873,n=200_bz=1.0_cv1=0.8_p=16_q=32_20260124-170055
200,1.0,0.8,16,32,base,fr,var,0.027818799,n=200_bz=1.0_cv1=0.8_p=16_q=32_20260124-170055
200,1.0,0.8,16,32,posthoc,y,mspe,1.2688117,n=200_bz=1.0_cv1=0.8_p=16_q=32_20260124-170055
200,1.0,0.8,16,32,posthoc,y,bias2,1.0331756,n=200_bz=1.0_cv1=0.8_p=16_q=32_20260124-170055
200,1.0,0.8,16,32,posthoc,y,var,0.23563613,n=200_bz=1.0_cv1=0.8_p=16_q=32_20260124-170055
200,1.0,0.8,16,32,posthoc,fx,mspe,0.039507784,n=200_bz=1.0_cv1=0.8_p=16_q=32_20260124-170055
200,1.0,0.8,16,32,posthoc,fx,bias2,0.0092362985,n=200_bz=1.0_cv1=0.8_p=16_q=32_20260124-170055
200,1.0,0.8,16,32,posthoc,fx,var,0.030271491,n=200_bz=1.0_cv1=0.8_p=16_q=32_20260124-170055
200,1.0,0.8,16,32,posthoc,fz,mspe,0.26749957,n=200_bz=1.0_cv1=0.8_p=16_q=32_20260124-170055
200,1.0,0.8,16,32,posthoc,fz,bias2,0.06718438,n=200_bz=1.0_cv1=0.8_p=16_q=32_20260124-170055
200,1.0,0.8,16,32,posthoc,fz,var,0.20031516,n=200_bz=1.0_cv1=0.8_p=16_q=32_20260124-170055
200,1.0,0.8,16,32,posthoc,fr,mspe,0.03951974,n=200_bz=1.0_cv1=0.8_p=16_q=32_20260124-170055
200,1.0,0.8,16,32,posthoc,fr,bias2,0.009248251,n=200_bz=1.0_cv1=0.8_p=16_q=32_20260124-170055
200,1.0,0.8,16,32,posthoc,fr,var,0.030271491,n=200_bz=1.0_cv1=0.8_p=16_q=32_20260124-170055
200,1.0,0.8,16,32,posthoc_orth,y,mspe,1.2694432,n=200_bz=1.0_cv1=0.8_p=16_q=32_20260124-170055
200,1.0,0.8,16,32,posthoc_orth,y,bias2,1.0325843,n=200_bz=1.0_cv1=0.8_p=16_q=32_20260124-170055
200,1.0,0.8,16,32,posthoc_orth,y,var,0.23685879,n=200_bz=1.0_cv1=0.8_p=16_q=32_20260124-170055
200,1.0,0.8,16,32,posthoc_orth,fx,mspe,0.047157653,n=200_bz=1.0_cv1=0.8_p=16_q=32_20260124-170055
200,1.0,0.8,16,32,posthoc_orth,fx,bias2,0.0071109794,n=200_bz=1.0_cv1=0.8_p=16_q=32_20260124-170055
200,1.0,0.8,16,32,posthoc_orth,fx,var,0.040046673,n=200_bz=1.0_cv1=0.8_p=16_q=32_20260124-170055
200,1.0,0.8,16,32,posthoc_orth,fz,mspe,0.30527973,n=200_bz=1.0_cv1=0.8_p=16_q=32_20260124-170055
200,1.0,0.8,16,32,posthoc_orth,fz,bias2,0.09039226,n=200_bz=1.0_cv1=0.8_p=16_q=32_20260124-170055
200,1.0,0.8,16,32,posthoc_orth,fz,var,0.2148875,n=200_bz=1.0_cv1=0.8_p=16_q=32_20260124-170055
200,1.0,0.8,16,32,posthoc_orth,fr,mspe,0.0471575,n=200_bz=1.0_cv1=0.8_p=16_q=32_20260124-170055
200,1.0,0.8,16,32,posthoc_orth,fr,bias2,0.0071108257,n=200_bz=1.0_cv1=0.8_p=16_q=32_20260124-170055
200,1.0,0.8,16,32,posthoc_orth,fr,var,0.040046673,n=200_bz=1.0_cv1=0.8_p=16_q=32_20260124-170055
200,1.0,0.8,2,32,base,y,mspe,1.0891203,n=200_bz=1.0_cv1=0.8_p=2_q=32_20260124-165836
200,1.0,0.8,2,32,base,y,bias2,1.0441,n=200_bz=1.0_cv1=0.8_p=2_q=32_20260124-165836
200,1.0,0.8,2,32,base,y,var,0.045020323,n=200_bz=1.0_cv1=0.8_p=2_q=32_20260124-165836
200,1.0,0.8,2,32,base,fx,mspe,0.11470007,n=200_bz=1.0_cv1=0.8_p=2_q=32_20260124-165836
200,1.0,0.8,2,32,base,fx,bias2,0.07332957,n=200_bz=1.0_cv1=0.8_p=2_q=32_20260124-165836
200,1.0,0.8,2,32,base,fx,var,0.041370492,n=200_bz=1.0_cv1=0.8_p=2_q=32_20260124-165836
200,1.0,0.8,2,32,base,fz,mspe,0.0026593867,n=200_bz=1.0_cv1=0.8_p=2_q=32_20260124-165836
200,1.0,0.8,2,32,base,fz,bias2,0.0026593867,n=200_bz=1.0_cv1=0.8_p=2_q=32_20260124-165836
200,1.0,0.8,2,32,base,fz,var,0.0,n=200_bz=1.0_cv1=0.8_p=2_q=32_20260124-165836
200,1.0,0.8,2,32,base,fr,mspe,0.12834466,n=200_bz=1.0_cv1=0.8_p=2_q=32_20260124-165836
200,1.0,0.8,2,32,base,fr,bias2,0.08697417,n=200_bz=1.0_cv1=0.8_p=2_q=32_20260124-165836
200,1.0,0.8,2,32,base,fr,var,0.041370492,n=200_bz=1.0_cv1=0.8_p=2_q=32_20260124-165836
200,1.0,0.8,2,32,posthoc,y,mspe,1.1853551,n=200_bz=1.0_cv1=0.8_p=2_q=32_20260124-165836
200,1.0,0.8,2,32,posthoc,y,bias2,1.1294514,n=200_bz=1.0_cv1=0.8_p=2_q=32_20260124-165836
200,1.0,0.8,2,32,posthoc,y,var,0.055903673,n=200_bz=1.0_cv1=0.8_p=2_q=32_20260124-165836
200,1.0,0.8,2,32,posthoc,fx,mspe,0.07534771,n=200_bz=1.0_cv1=0.8_p=2_q=32_20260124-165836
200,1.0,0.8,2,32,posthoc,fx,bias2,0.023090003,n=200_bz=1.0_cv1=0.8_p=2_q=32_20260124-165836
200,1.0,0.8,2,32,posthoc,fx,var,0.0522577,n=200_bz=1.0_cv1=0.8_p=2_q=32_20260124-165836
200,1.0,0.8,2,32,posthoc,fz,mspe,0.090855606,n=200_bz=1.0_cv1=0.8_p=2_q=32_20260124-165836
200,1.0,0.8,2,32,posthoc,fz,bias2,0.044250015,n=200_bz=1.0_cv1=0.8_p=2_q=32_20260124-165836
200,1.0,0.8,2,32,posthoc,fz,var,0.04660559,n=200_bz=1.0_cv1=0.8_p=2_q=32_20260124-165836
200,1.0,0.8,2,32,posthoc,fr,mspe,0.082919955,n=200_bz=1.0_cv1=0.8_p=2_q=32_20260124-165836
200,1.0,0.8,2,32,posthoc,fr,bias2,0.030662253,n=200_bz=1.0_cv1=0.8_p=2_q=32_20260124-165836
200,1.0,0.8,2,32,posthoc,fr,var,0.0522577,n=200_bz=1.0_cv1=0.8_p=2_q=32_20260124-165836
200,1.0,0.8,2,32,posthoc_orth,y,mspe,1.1873815,n=200_bz=1.0_cv1=0.8_p=2_q=32_20260124-165836
200,1.0,0.8,2,32,posthoc_orth,y,bias2,1.1302067,n=200_bz=1.0_cv1=0.8_p=2_q=32_20260124-165836
200,1.0,0.8,2,32,posthoc_orth,y,var,0.05717477,n=200_bz=1.0_cv1=0.8_p=2_q=32_20260124-165836
200,1.0,0.8,2,32,posthoc_orth,fx,mspe,0.034889482,n=200_bz=1.0_cv1=0.8_p=2_q=32_20260124-165836
200,1.0,0.8,2,32,posthoc_orth,fx,bias2,0.0052191084,n=200_bz=1.0_cv1=0.8_p=2_q=32_20260124-165836
200,1.0,0.8,2,32,posthoc_orth,fx,var,0.029670373,n=200_bz=1.0_cv1=0.8_p=2_q=32_20260124-165836
200,1.0,0.8,2,32,posthoc_orth,fz,mspe,0.16054085,n=200_bz=1.0_cv1=0.8_p=2_q=32_20260124-165836
200,1.0,0.8,2,32,posthoc_orth,fz,bias2,0.13506885,n=200_bz=1.0_cv1=0.8_p=2_q=32_20260124-165836
200,1.0,0.8,2,32,posthoc_orth,fz,var,0.02547199,n=200_bz=1.0_cv1=0.8_p=2_q=32_20260124-165836
200,1.0,0.8,2,32,posthoc_orth,fr,mspe,0.03434228,n=200_bz=1.0_cv1=0.8_p=2_q=32_20260124-165836
200,1.0,0.8,2,32,posthoc_orth,fr,bias2,0.0046719103,n=200_bz=1.0_cv1=0.8_p=2_q=32_20260124-165836
200,1.0,0.8,2,32,posthoc_orth,fr,var,0.029670373,n=200_bz=1.0_cv1=0.8_p=2_q=32_20260124-165836
200,1.0,0.8,4,32,base,y,mspe,1.0485518,n=200_bz=1.0_cv1=0.8_p=4_q=32_20260124-165916
200,1.0,0.8,4,32,base,y,bias2,1.0057489,n=200_bz=1.0_cv1=0.8_p=4_q=32_20260124-165916
200,1.0,0.8,4,32,base,y,var,0.0428029,n=200_bz=1.0_cv1=0.8_p=4_q=32_20260124-165916
200,1.0,0.8,4,32,base,fx,mspe,0.07065152,n=200_bz=1.0_cv1=0.8_p=4_q=32_20260124-165916
200,1.0,0.8,4,32,base,fx,bias2,0.033719882,n=200_bz=1.0_cv1=0.8_p=4_q=32_20260124-165916
200,1.0,0.8,4,32,base,fx,var,0.03693163,n=200_bz=1.0_cv1=0.8_p=4_q=32_20260124-165916
200,1.0,0.8,4,32,base,fz,mspe,7.929306e-05,n=200_bz=1.0_cv1=0.8_p=4_q=32_20260124-165916
200,1.0,0.8,4,32,base,fz,bias2,7.929306e-05,n=200_bz=1.0_cv1=0.8_p=4_q=32_20260124-165916
200,1.0,0.8,4,32,base,fz,var,0.0,n=200_bz=1.0_cv1=0.8_p=4_q=32_20260124-165916
200,1.0,0.8,4,32,base,fr,mspe,0.07202922,n=200_bz=1.0_cv1=0.8_p=4_q=32_20260124-165916
200,1.0,0.8,4,32,base,fr,bias2,0.035097588,n=200_bz=1.0_cv1=0.8_p=4_q=32_20260124-165916
200,1.0,0.8,4,32,base,fr,var,0.03693163,n=200_bz=1.0_cv1=0.8_p=4_q=32_20260124-165916
200,1.0,0.8,4,32,posthoc,y,mspe,1.1726178,n=200_bz=1.0_cv1=0.8_p=4_q=32_20260124-165916
200,1.0,0.8,4,32,posthoc,y,bias2,1.0999403,n=200_bz=1.0_cv1=0.8_p=4_q=32_20260124-165916
200,1.0,0.8,4,32,posthoc,y,var,0.072677486,n=200_bz=1.0_cv1=0.8_p=4_q=32_20260124-165916
200,1.0,0.8,4,32,posthoc,fx,mspe,0.050128646,n=200_bz=1.0_cv1=0.8_p=4_q=32_20260124-165916
200,1.0,0.8,4,32,posthoc,fx,bias2,0.01286551,n=200_bz=1.0_cv1=0.8_p=4_q=32_20260124-165916
200,1.0,0.8,4,32,posthoc,fx,var,0.037263136,n=200_bz=1.0_cv1=0.8_p=4_q=32_20260124-165916
200,1.0,0.8,4,32,posthoc,fz,mspe,0.10520642,n=200_bz=1.0_cv1=0.8_p=4_q=32_20260124-165916
200,1.0,0.8,4,32,posthoc,fz,bias2,0.06009066,n=200_bz=1.0_cv1=0.8_p=4_q=32_20260124-165916
200,1.0,0.8,4,32,posthoc,fz,var,0.045115758,n=200_bz=1.0_cv1=0.8_p=4_q=32_20260124-165916
200,1.0,0.8,4,32,posthoc,fr,mspe,0.050876666,n=200_bz=1.0_cv1=0.8_p=4_q=32_20260124-165916
200,1.0,0.8,4,32,posthoc,fr,bias2,0.013613528,n=200_bz=1.0_cv1=0.8_p=4_q=32_20260124-165916
200,1.0,0.8,4,32,posthoc,fr,var,0.037263136,n=200_bz=1.0_cv1=0.8_p=4_q=32_20260124-165916
200,1.0,0.8,4,32,posthoc_orth,y,mspe,1.1733849,n=200_bz=1.0_cv1=0.8_p=4_q=32_20260124-165916
200,1.0,0.8,4,32,posthoc_orth,y,bias2,1.1003727,n=200_bz=1.0_cv1=0.8_p=4_q=32_20260124-165916
200,1.0,0.8,4,32,posthoc_orth,y,var,0.07301228,n=200_bz=1.0_cv1=0.8_p=4_q=32_20260124-165916
200,1.0,0.8,4,32,posthoc_orth,fx,mspe,0.033365496,n=200_bz=1.0_cv1=0.8_p=4_q=32_20260124-165916
200,1.0,0.8,4,32,posthoc_orth,fx,bias2,0.0056639505,n=200_bz=1.0_cv1=0.8_p=4_q=32_20260124-165916
200,1.0,0.8,4,32,posthoc_orth,fx,var,0.027701547,n=200_bz=1.0_cv1=0.8_p=4_q=32_20260124-165916
200,1.0,0.8,4,32,posthoc_orth,fz,mspe,0.15595093,n=200_bz=1.0_cv1=0.8_p=4_q=32_20260124-165916
200,1.0,0.8,4,32,posthoc_orth,fz,bias2,0.11545331,n=200_bz=1.0_cv1=0.8_p=4_q=32_20260124-165916
200,1.0,0.8,4,32,posthoc_orth,fz,var,0.040497612,n=200_bz=1.0_cv1=0.8_p=4_q=32_20260124-165916
200,1.0,0.8,4,32,posthoc_orth,fr,mspe,0.033260707,n=200_bz=1.0_cv1=0.8_p=4_q=32_20260124-165916
200,1.0,0.8,4,32,posthoc_orth,fr,bias2,0.0055591594,n=200_bz=1.0_cv1=0.8_p=4_q=32_20260124-165916
200,1.0,0.8,4,32,posthoc_orth,fr,var,0.027701547,n=200_bz=1.0_cv1=0.8_p=4_q=32_20260124-165916
200,1.0,0.8,8,32,base,y,mspe,1.1425686,n=200_bz=1.0_cv1=0.8_p=8_q=32_20260124-170000
200,1.0,0.8,8,32,base,y,bias2,1.0977007,n=200_bz=1.0_cv1=0.8_p=8_q=32_20260124-170000
200,1.0,0.8,8,32,base,y,var,0.04486782,n=200_bz=1.0_cv1=0.8_p=8_q=32_20260124-170000
200,1.0,0.8,8,32,base,fx,mspe,0.06040666,n=200_bz=1.0_cv1=0.8_p=8_q=32_20260124-170000
200,1.0,0.8,8,32,base,fx,bias2,0.024367576,n=200_bz=1.0_cv1=0.8_p=8_q=32_20260124-170000
200,1.0,0.8,8,32,base,fx,var,0.03603908,n=200_bz=1.0_cv1=0.8_p=8_q=32_20260124-170000
200,1.0,0.8,8,32,base,fz,mspe,2.5083282e-06,n=200_bz=1.0_cv1=0.8_p=8_q=32_20260124-170000
200,1.0,0.8,8,32,base,fz,bias2,2.5083282e-06,n=200_bz=1.0_cv1=0.8_p=8_q=32_20260124-170000
200,1.0,0.8,8,32,base,fz,var,0.0,n=200_bz=1.0_cv1=0.8_p=8_q=32_20260124-170000
200,1.0,0.8,8,32,base,fr,mspe,0.06059439,n=200_bz=1.0_cv1=0.8_p=8_q=32_20260124-170000
200,1.0,0.8,8,32,base,fr,bias2,0.024555307,n=200_bz=1.0_cv1=0.8_p=8_q=32_20260124-170000
200,1.0,0.8,8,32,base,fr,var,0.03603908,n=200_bz=1.0_cv1=0.8_p=8_q=32_20260124-170000
200,1.0,0.8,8,32,posthoc,y,mspe,1.3318019,n=200_bz=1.0_cv1=0.8_p=8_q=32_20260124-170000
200,1.0,0.8,8,32,posthoc,y,bias2,1.1944882,n=200_bz=1.0_cv1=0.8_p=8_q=32_20260124-170000
200,1.0,0.8,8,32,posthoc,y,var,0.13731365,n=200_bz=1.0_cv1=0.8_p=8_q=32_20260124-170000
200,1.0,0.8,8,32,posthoc,fx,mspe,0.044950724,n=200_bz=1.0_cv1=0.8_p=8_q=32_20260124-170000
200,1.0,0.8,8,32,posthoc,fx,bias2,0.011055436,n=200_bz=1.0_cv1=0.8_p=8_q=32_20260124-170000
200,1.0,0.8,8,32,posthoc,fx,var,0.033895288,n=200_bz=1.0_cv1=0.8_p=8_q=32_20260124-170000
200,1.0,0.8,8,32,posthoc,fz,mspe,0.1675156,n=200_bz=1.0_cv1=0.8_p=8_q=32_20260124-170000
200,1.0,0.8,8,32,posthoc,fz,bias2,0.06967201,n=200_bz=1.0_cv1=0.8_p=8_q=32_20260124-170000
200,1.0,0.8,8,32,posthoc,fz,var,0.097843595,n=200_bz=1.0_cv1=0.8_p=8_q=32_20260124-170000
200,1.0,0.8,8,32,posthoc,fr,mspe,0.045043174,n=200_bz=1.0_cv1=0.8_p=8_q=32_20260124-170000
200,1.0,0.8,8,32,posthoc,fr,bias2,0.011147887,n=200_bz=1.0_cv1=0.8_p=8_q=32_20260124-170000
200,1.0,0.8,8,32,posthoc,fr,var,0.033895288,n=200_bz=1.0_cv1=0.8_p=8_q=32_20260124-170000
200,1.0,0.8,8,32,posthoc_orth,y,mspe,1.3301772,n=200_bz=1.0_cv1=0.8_p=8_q=32_20260124-170000
200,1.0,0.8,8,32,posthoc_orth,y,bias2,1.1937443,n=200_bz=1.0_cv1=0.8_p=8_q=32_20260124-170000
200,1.0,0.8,8,32,posthoc_orth,y,var,0.13643281,n=200_bz=1.0_cv1=0.8_p=8_q=32_20260124-170000
200,1.0,0.8,8,32,posthoc_orth,fx,mspe,0.039967816,n=200_bz=1.0_cv1=0.8_p=8_q=32_20260124-170000
200,1.0,0.8,8,32,posthoc_orth,fx,bias2,0.007921188,n=200_bz=1.0_cv1=0.8_p=8_q=32_20260124-170000
200,1.0,0.8,8,32,posthoc_orth,fx,var,0.032046627,n=200_bz=1.0_cv1=0.8_p=8_q=32_20260124-170000
200,1.0,0.8,8,32,posthoc_orth,fz,mspe,0.20308442,n=200_bz=1.0_cv1=0.8_p=8_q=32_20260124-170000
200,1.0,0.8,8,32,posthoc_orth,fz,bias2,0.10394652,n=200_bz=1.0_cv1=0.8_p=8_q=32_20260124-170000
200,1.0,0.8,8,32,posthoc_orth,fz,var,0.0991379,n=200_bz=1.0_cv1=0.8_p=8_q=32_20260124-170000
200,1.0,0.8,8,32,posthoc_orth,fr,mspe,0.039964214,n=200_bz=1.0_cv1=0.8_p=8_q=32_20260124-170000
200,1.0,0.8,8,32,posthoc_orth,fr,bias2,0.007917587,n=200_bz=1.0_cv1=0.8_p=8_q=32_20260124-170000
200,1.0,0.8,8,32,posthoc_orth,fr,var,0.032046627,n=200_bz=1.0_cv1=0.8_p=8_q=32_20260124-170000
200,1.0,0.8,1,32,base,y,mspe,3.2135608,n=200_bz=1_cv1=0.8_p=1_q=32_20251024-090013
200,1.0,0.8,1,32,base,y,bias2,3.1806338,n=200_bz=1_cv1=0.8_p=1_q=32_20251024-090013
200,1.0,0.8,1,32,base,y,var,0.032926973,n=200_bz=1_cv1=0.8_p=1_q=32_20251024-090013
200,1.0,0.8,1,32,base,fx,mspe,0.08121051,n=200_bz=1_cv1=0.8_p=1_q=32_20251024-090013
200,1.0,0.8,1,32,base,fx,bias2,0.057195712,n=200_bz=1_cv1=0.8_p=1_q=32_20251024-090013
200,1.0,0.8,1,32,base,fx,var,0.024014797,n=200_bz=1_cv1=0.8_p=1_q=32_20251024-090013
200,1.0,0.8,1,32,base,fz,mspe,0.07795459,n=200_bz=1_cv1=0.8_p=1_q=32_20251024-090013
200,1.0,0.8,1,32,base,fz,bias2,0.07795459,n=200_bz=1_cv1=0.8_p=1_q=32_20251024-090013
200,1.0,0.8,1,32,base,fz,var,0.0,n=200_bz=1_cv1=0.8_p=1_q=32_20251024-090013
200,1.0,0.8,1,32,base,fr,mspe,0.16367124,n=200_bz=1_cv1=0.8_p=1_q=32_20251024-090013
200,1.0,0.8,1,32,base,fr,bias2,0.13965645,n=200_bz=1_cv1=0.8_p=1_q=32_20251024-090013
200,1.0,0.8,1,32,base,fr,var,0.024014797,n=200_bz=1_cv1=0.8_p=1_q=32_20251024-090013
200,1.0,0.8,1,32,posthoc,y,mspe,3.2129905,n=200_bz=1_cv1=0.8_p=1_q=32_20251024-090013
200,1.0,0.8,1,32,posthoc,y,bias2,3.1704845,n=200_bz=1_cv1=0.8_p=1_q=32_20251024-090013
200,1.0,0.8,1,32,posthoc,y,var,0.042506304,n=200_bz=1_cv1=0.8_p=1_q=32_20251024-090013
200,1.0,0.8,1,32,posthoc,fx,mspe,0.082121566,n=200_bz=1_cv1=0.8_p=1_q=32_20251024-090013
200,1.0,0.8,1,32,posthoc,fx,bias2,0.03258839,n=200_bz=1_cv1=0.8_p=1_q=32_20251024-090013
200,1.0,0.8,1,32,posthoc,fx,var,0.049533177,n=200_bz=1_cv1=0.8_p=1_q=32_20251024-090013
200,1.0,0.8,1,32,posthoc,fz,mspe,0.066186935,n=200_bz=1_cv1=0.8_p=1_q=32_20251024-090013
200,1.0,0.8,1,32,posthoc,fz,bias2,0.041643426,n=200_bz=1_cv1=0.8_p=1_q=32_20251024-090013
200,1.0,0.8,1,32,posthoc,fz,var,0.024543509,n=200_bz=1_cv1=0.8_p=1_q=32_20251024-090013
200,1.0,0.8,1,32,posthoc,fr,mspe,0.14707553,n=200_bz=1_cv1=0.8_p=1_q=32_20251024-090013
200,1.0,0.8,1,32,posthoc,fr,bias2,0.09754236,n=200_bz=1_cv1=0.8_p=1_q=32_20251024-090013
200,1.0,0.8,1,32,posthoc,fr,var,0.049533177,n=200_bz=1_cv1=0.8_p=1_q=32_20251024-090013
200,1.0,0.8,1,32,posthoc_orth,y,mspe,3.210724,n=200_bz=1_cv1=0.8_p=1_q=32_20251024-090013
200,1.0,0.8,1,32,posthoc_orth,y,bias2,3.167395,n=200_bz=1_cv1=0.8_p=1_q=32_20251024-090013
200,1.0,0.8,1,32,posthoc_orth,y,var,0.04332941,n=200_bz=1_cv1=0.8_p=1_q=32_20251024-090013
200,1.0,0.8,1,32,posthoc_orth,fx,mspe,0.04626731,n=200_bz=1_cv1=0.8_p=1_q=32_20251024-090013
200,1.0,0.8,1,32,posthoc_orth,fx,bias2,0.02377858,n=200_bz=1_cv1=0.8_p=1_q=32_20251024-090013
200,1.0,0.8,1,32,posthoc_orth,fx,var,0.022488732,n=200_bz=1_cv1=0.8_p=1_q=32_20251024-090013
200,1.0,0.8,1,32,posthoc_orth,fz,mspe,0.022351105,n=200_bz=1_cv1=0.8_p=1_q=32_20251024-090013
200,1.0,0.8,1,32,posthoc_orth,fz,bias2,0.009279677,n=200_bz=1_cv1=0.8_p=1_q=32_20251024-090013
200,1.0,0.8,1,32,posthoc_orth,fz,var,0.013071429,n=200_bz=1_cv1=0.8_p=1_q=32_20251024-090013
200,1.0,0.8,1,32,posthoc_orth,fr,mspe,0.027837267,n=200_bz=1_cv1=0.8_p=1_q=32_20251024-090013
200,1.0,0.8,1,32,posthoc_orth,fr,bias2,0.005348536,n=200_bz=1_cv1=0.8_p=1_q=32_20251024-090013
200,1.0,0.8,1,32,posthoc_orth,fr,var,0.022488732,n=200_bz=1_cv1=0.8_p=1_q=32_20251024-090013
200,1.0,0.8,1,32,posthoc_web,y,mspe,3.4047184,n=200_bz=1_cv1=0.8_p=1_q=32_20251024-090013
200,1.0,0.8,1,32,posthoc_web,y,bias2,3.3766656,n=200_bz=1_cv1=0.8_p=1_q=32_20251024-090013
200,1.0,0.8,1,32,posthoc_web,y,var,0.028052624,n=200_bz=1_cv1=0.8_p=1_q=32_20251024-090013
200,1.0,0.8,1,32,posthoc_web,fx,mspe,0.04041247,n=200_bz=1_cv1=0.8_p=1_q=32_20251024-090013
200,1.0,0.8,1,32,posthoc_web,fx,bias2,0.024962252,n=200_bz=1_cv1=0.8_p=1_q=32_20251024-090013
200,1.0,0.8,1,32,posthoc_web,fx,var,0.015450218,n=200_bz=1_cv1=0.8_p=1_q=32_20251024-090013
200,1.0,0.8,1,32,posthoc_web,fz,mspe,0.07795459,n=200_bz=1_cv1=0.8_p=1_q=32_20251024-090013
200,1.0,0.8,1,32,posthoc_web,fz,bias2,0.07795459,n=200_bz=1_cv1=0.8_p=1_q=32_20251024-090013
200,1.0,0.8,1,32,posthoc_web,fz,var,0.0,n=200_bz=1_cv1=0.8_p=1_q=32_20251024-090013
200,1.0,0.8,1,32,posthoc_web,fr,mspe,0.021779574,n=200_bz=1_cv1=0.8_p=1_q=32_20251024-090013
200,1.0,0.8,1,32,posthoc_web,fr,bias2,0.0063293553,n=200_bz=1_cv1=0.8_p=1_q=32_20251024-090013
200,1.0,0.8,1,32,posthoc_web,fr,var,0.015450218,n=200_bz=1_cv1=0.8_p=1_q=32_20251024-090013
25600,1.0,0.8,16,32,base,y,mspe,0.99777883,n=25600_bz=1.0_cv1=0.8_p=16_q=32_20260124-235529
25600,1.0,0.8,16,32,base,y,bias2,0.9933692,n=25600_bz=1.0_cv1=0.8_p=16_q=32_20260124-235529
25600,1.0,0.8,16,32,base,y,var,0.00440962,n=25600_bz=1.0_cv1=0.8_p=16_q=32_20260124-235529
25600,1.0,0.8,16,32,base,fx,mspe,0.06710999,n=25600_bz=1.0_cv1=0.8_p=16_q=32_20260124-235529
25600,1.0,0.8,16,32,base,fx,bias2,0.06297898,n=25600_bz=1.0_cv1=0.8_p=16_q=32_20260124-235529
25600,1.0,0.8,16,32,base,fx,var,0.004130999,n=25600_bz=1.0_cv1=0.8_p=16_q=32_20260124-235529
25600,1.0,0.8,16,32,base,fz,mspe,8.148678e-08,n=25600_bz=1.0_cv1=0.8_p=16_q=32_20260124-235529
25600,1.0,0.8,16,32,base,fz,bias2,8.1486775e-08,n=25600_bz=1.0_cv1=0.8_p=16_q=32_20260124-235529
25600,1.0,0.8,16,32,base,fz,var,0.0,n=25600_bz=1.0_cv1=0.8_p=16_q=32_20260124-235529
25600,1.0,0.8,16,32,base,fr,mspe,0.0671692,n=25600_bz=1.0_cv1=0.8_p=16_q=32_20260124-235529
25600,1.0,0.8,16,32,base,fr,bias2,0.0630382,n=25600_bz=1.0_cv1=0.8_p=16_q=32_20260124-235529
25600,1.0,0.8,16,32,base,fr,var,0.004130999,n=25600_bz=1.0_cv1=0.8_p=16_q=32_20260124-235529
25600,1.0,0.8,16,32,posthoc,y,mspe,1.0224079,n=25600_bz=1.0_cv1=0.8_p=16_q=32_20260124-235529
25600,1.0,0.8,16,32,posthoc,y,bias2,1.019381,n=25600_bz=1.0_cv1=0.8_p=16_q=32_20260124-235529
25600,1.0,0.8,16,32,posthoc,y,var,0.0030267811,n=25600_bz=1.0_cv1=0.8_p=16_q=32_20260124-235529
25600,1.0,0.8,16,32,posthoc,fx,mspe,0.0061331205,n=25600_bz=1.0_cv1=0.8_p=16_q=32_20260124-235529
25600,1.0,0.8,16,32,posthoc,fx,bias2,0.003535741,n=25600_bz=1.0_cv1=0.8_p=16_q=32_20260124-235529
25600,1.0,0.8,16,32,posthoc,fx,var,0.0025973797,n=25600_bz=1.0_cv1=0.8_p=16_q=32_20260124-235529
25600,1.0,0.8,16,32,posthoc,fz,mspe,0.07192045,n=25600_bz=1.0_cv1=0.8_p=16_q=32_20260124-235529
25600,1.0,0.8,16,32,posthoc,fz,bias2,0.07043924,n=25600_bz=1.0_cv1=0.8_p=16_q=32_20260124-235529
25600,1.0,0.8,16,32,posthoc,fz,var,0.0014812021,n=25600_bz=1.0_cv1=0.8_p=16_q=32_20260124-235529
25600,1.0,0.8,16,32,posthoc,fr,mspe,0.006145492,n=25600_bz=1.0_cv1=0.8_p=16_q=32_20260124-235529
25600,1.0,0.8,16,32,posthoc,fr,bias2,0.0035481122,n=25600_bz=1.0_cv1=0.8_p=16_q=32_20260124-235529
25600,1.0,0.8,16,32,posthoc,fr,var,0.0025973797,n=25600_bz=1.0_cv1=0.8_p=16_q=32_20260124-235529
25600,1.0,0.8,16,32,posthoc_orth,y,mspe,1.0224067,n=25600_bz=1.0_cv1=0.8_p=16_q=32_20260124-235529
25600,1.0,0.8,16,32,posthoc_orth,y,bias2,1.0193864,n=25600_bz=1.0_cv1=0.8_p=16_q=32_20260124-235529
25600,1.0,0.8,16,32,posthoc_orth,y,var,0.0030201024,n=25600_bz=1.0_cv1=0.8_p=16_q=32_20260124-235529
25600,1.0,0.8,16,32,posthoc_orth,fx,mspe,0.0027367047,n=25600_bz=1.0_cv1=0.8_p=16_q=32_20260124-235529
25600,1.0,0.8,16,32,posthoc_orth,fx,bias2,0.0009291658,n=25600_bz=1.0_cv1=0.8_p=16_q=32_20260124-235529
25600,1.0,0.8,16,32,posthoc_orth,fx,var,0.001807539,n=25600_bz=1.0_cv1=0.8_p=16_q=32_20260124-235529
25600,1.0,0.8,16,32,posthoc_orth,fz,mspe,0.09599916,n=25600_bz=1.0_cv1=0.8_p=16_q=32_20260124-235529
25600,1.0,0.8,16,32,posthoc_orth,fz,bias2,0.09464648,n=25600_bz=1.0_cv1=0.8_p=16_q=32_20260124-235529
25600,1.0,0.8,16,32,posthoc_orth,fz,var,0.0013526655,n=25600_bz=1.0_cv1=0.8_p=16_q=32_20260124-235529
25600,1.0,0.8,16,32,posthoc_orth,fr,mspe,0.002736685,n=25600_bz=1.0_cv1=0.8_p=16_q=32_20260124-235529
25600,1.0,0.8,16,32,posthoc_orth,fr,bias2,0.00092914613,n=25600_bz=1.0_cv1=0.8_p=16_q=32_20260124-235529
25600,1.0,0.8,16,32,posthoc_orth,fr,var,0.001807539,n=25600_bz=1.0_cv1=0.8_p=16_q=32_20260124-235529
25600,1.0,0.8,2,32,base,y,mspe,1.1045142,n=25600_bz=1.0_cv1=0.8_p=2_q=32_20260124-211953
25600,1.0,0.8,2,32,base,y,bias2,1.1033142,n=25600_bz=1.0_cv1=0.8_p=2_q=32_20260124-211953
25600,1.0,0.8,2,32,base,y,var,0.0012001266,n=25600_bz=1.0_cv1=0.8_p=2_q=32_20260124-211953
25600,1.0,0.8,2,32,base,fx,mspe,0.13916384,n=25600_bz=1.0_cv1=0.8_p=2_q=32_20260124-211953
25600,1.0,0.8,2,32,base,fx,bias2,0.13810354,n=25600_bz=1.0_cv1=0.8_p=2_q=32_20260124-211953
25600,1.0,0.8,2,32,base,fx,var,0.0010602957,n=25600_bz=1.0_cv1=0.8_p=2_q=32_20260124-211953
25600,1.0,0.8,2,32,base,fz,mspe,0.0026593867,n=25600_bz=1.0_cv1=0.8_p=2_q=32_20260124-211953
25600,1.0,0.8,2,32,base,fz,bias2,0.0026593867,n=25600_bz=1.0_cv1=0.8_p=2_q=32_20260124-211953
25600,1.0,0.8,2,32,base,fz,var,0.0,n=25600_bz=1.0_cv1=0.8_p=2_q=32_20260124-211953
25600,1.0,0.8,2,32,base,fr,mspe,0.15794727,n=25600_bz=1.0_cv1=0.8_p=2_q=32_20260124-211953
25600,1.0,0.8,2,32,base,fr,bias2,0.15688698,n=25600_bz=1.0_cv1=0.8_p=2_q=32_20260124-211953
25600,1.0,0.8,2,32,base,fr,var,0.0010602957,n=25600_bz=1.0_cv1=0.8_p=2_q=32_20260124-211953
25600,1.0,0.8,2,32,posthoc,y,mspe,1.1147807,n=25600_bz=1.0_cv1=0.8_p=2_q=32_20260124-211953
25600,1.0,0.8,2,32,posthoc,y,bias2,1.1135719,n=25600_bz=1.0_cv1=0.8_p=2_q=32_20260124-211953
25600,1.0,0.8,2,32,posthoc,y,var,0.0012088912,n=25600_bz=1.0_cv1=0.8_p=2_q=32_20260124-211953
25600,1.0,0.8,2,32,posthoc,fx,mspe,0.017540354,n=25600_bz=1.0_cv1=0.8_p=2_q=32_20260124-211953
25600,1.0,0.8,2,32,posthoc,fx,bias2,0.0140551785,n=25600_bz=1.0_cv1=0.8_p=2_q=32_20260124-211953
25600,1.0,0.8,2,32,posthoc,fx,var,0.0034851728,n=25600_bz=1.0_cv1=0.8_p=2_q=32_20260124-211953
25600,1.0,0.8,2,32,posthoc,fz,mspe,0.0551218,n=25600_bz=1.0_cv1=0.8_p=2_q=32_20260124-211953
25600,1.0,0.8,2,32,posthoc,fz,bias2,0.05234495,n=25600_bz=1.0_cv1=0.8_p=2_q=32_20260124-211953
25600,1.0,0.8,2,32,posthoc,fz,var,0.002776849,n=25600_bz=1.0_cv1=0.8_p=2_q=32_20260124-211953
25600,1.0,0.8,2,32,posthoc,fr,mspe,0.023513038,n=25600_bz=1.0_cv1=0.8_p=2_q=32_20260124-211953
25600,1.0,0.8,2,32,posthoc,fr,bias2,0.020027867,n=25600_bz=1.0_cv1=0.8_p=2_q=32_20260124-211953
25600,1.0,0.8,2,32,posthoc,fr,var,0.0034851728,n=25600_bz=1.0_cv1=0.8_p=2_q=32_20260124-211953
25600,1.0,0.8,2,32,posthoc_orth,y,mspe,1.114775,n=25600_bz=1.0_cv1=0.8_p=2_q=32_20260124-211953
25600,1.0,0.8,2,32,posthoc_orth,y,bias2,1.1135677,n=25600_bz=1.0_cv1=0.8_p=2_q=32_20260124-211953
25600,1.0,0.8,2,32,posthoc_orth,y,var,0.0012073615,n=25600_bz=1.0_cv1=0.8_p=2_q=32_20260124-211953
25600,1.0,0.8,2,32,posthoc_orth,fx,mspe,0.0048373644,n=25600_bz=1.0_cv1=0.8_p=2_q=32_20260124-211953
25600,1.0,0.8,2,32,posthoc_orth,fx,bias2,0.0038405873,n=25600_bz=1.0_cv1=0.8_p=2_q=32_20260124-211953
25600,1.0,0.8,2,32,posthoc_orth,fx,var,0.0009967772,n=25600_bz=1.0_cv1=0.8_p=2_q=32_20260124-211953
25600,1.0,0.8,2,32,posthoc_orth,fz,mspe,0.1280023,n=25600_bz=1.0_cv1=0.8_p=2_q=32_20260124-211953
25600,1.0,0.8,2,32,posthoc_orth,fz,bias2,0.12783103,n=25600_bz=1.0_cv1=0.8_p=2_q=32_20260124-211953
25600,1.0,0.8,2,32,posthoc_orth,fz,var,0.00017127869,n=25600_bz=1.0_cv1=0.8_p=2_q=32_20260124-211953
25600,1.0,0.8,2,32,posthoc_orth,fr,mspe,0.004136476,n=25600_bz=1.0_cv1=0.8_p=2_q=32_20260124-211953
25600,1.0,0.8,2,32,posthoc_orth,fr,bias2,0.003139699,n=25600_bz=1.0_cv1=0.8_p=2_q=32_20260124-211953
25600,1.0,0.8,2,32,posthoc_orth,fr,var,0.0009967772,n=25600_bz=1.0_cv1=0.8_p=2_q=32_20260124-211953
25600,1.0,0.8,4,32,base,y,mspe,1.0782745,n=25600_bz=1.0_cv1=0.8_p=4_q=32_20260124-215503
25600,1.0,0.8,4,32,base,y,bias2,1.0767828,n=25600_bz=1.0_cv1=0.8_p=4_q=32_20260124-215503
25600,1.0,0.8,4,32,base,y,var,0.001491607,n=25600_bz=1.0_cv1=0.8_p=4_q=32_20260124-215503
25600,1.0,0.8,4,32,base,fx,mspe,0.09515058,n=25600_bz=1.0_cv1=0.8_p=4_q=32_20260124-215503
25600,1.0,0.8,4,32,base,fx,bias2,0.09381924,n=25600_bz=1.0_cv1=0.8_p=4_q=32_20260124-215503
25600,1.0,0.8,4,32,base,fx,var,0.0013313446,n=25600_bz=1.0_cv1=0.8_p=4_q=32_20260124-215503
25600,1.0,0.8,4,32,base,fz,mspe,7.929306e-05,n=25600_bz=1.0_cv1=0.8_p=4_q=32_20260124-215503
25600,1.0,0.8,4,32,base,fz,bias2,7.929306e-05,n=25600_bz=1.0_cv1=0.8_p=4_q=32_20260124-215503
25600,1.0,0.8,4,32,base,fz,var,0.0,n=25600_bz=1.0_cv1=0.8_p=4_q=32_20260124-215503
25600,1.0,0.8,4,32,base,fr,mspe,0.0976345,n=25600_bz=1.0_cv1=0.8_p=4_q=32_20260124-215503
25600,1.0,0.8,4,32,base,fr,bias2,0.09630316,n=25600_bz=1.0_cv1=0.8_p=4_q=32_20260124-215503
25600,1.0,0.8,4,32,base,fr,var,0.0013313446,n=25600_bz=1.0_cv1=0.8_p=4_q=32_20260124-215503
25600,1.0,0.8,4,32,posthoc,y,mspe,1.0908478,n=25600_bz=1.0_cv1=0.8_p=4_q=32_20260124-215503
25600,1.0,0.8,4,32,posthoc,y,bias2,1.0893463,n=25600_bz=1.0_cv1=0.8_p=4_q=32_20260124-215503
25600,1.0,0.8,4,32,posthoc,y,var,0.0015014582,n=25600_bz=1.0_cv1=0.8_p=4_q=32_20260124-215503
25600,1.0,0.8,4,32,posthoc,fx,mspe,0.0091200685,n=25600_bz=1.0_cv1=0.8_p=4_q=32_20260124-215503
25600,1.0,0.8,4,32,posthoc,fx,bias2,0.00553316,n=25600_bz=1.0_cv1=0.8_p=4_q=32_20260124-215503
25600,1.0,0.8,4,32,posthoc,fx,var,0.0035869083,n=25600_bz=1.0_cv1=0.8_p=4_q=32_20260124-215503
25600,1.0,0.8,4,32,posthoc,fz,mspe,0.07671742,n=25600_bz=1.0_cv1=0.8_p=4_q=32_20260124-215503
25600,1.0,0.8,4,32,posthoc,fz,bias2,0.07413626,n=25600_bz=1.0_cv1=0.8_p=4_q=32_20260124-215503
25600,1.0,0.8,4,32,posthoc,fz,var,0.002581168,n=25600_bz=1.0_cv1=0.8_p=4_q=32_20260124-215503
25600,1.0,0.8,4,32,posthoc,fr,mspe,0.00963865,n=25600_bz=1.0_cv1=0.8_p=4_q=32_20260124-215503
25600,1.0,0.8,4,32,posthoc,fr,bias2,0.006051743,n=25600_bz=1.0_cv1=0.8_p=4_q=32_20260124-215503
25600,1.0,0.8,4,32,posthoc,fr,var,0.0035869083,n=25600_bz=1.0_cv1=0.8_p=4_q=32_20260124-215503
25600,1.0,0.8,4,32,posthoc_orth,y,mspe,1.0908422,n=25600_bz=1.0_cv1=0.8_p=4_q=32_20260124-215503
25600,1.0,0.8,4,32,posthoc_orth,y,bias2,1.0893435,n=25600_bz=1.0_cv1=0.8_p=4_q=32_20260124-215503
25600,1.0,0.8,4,32,posthoc_orth,y,var,0.0014986158,n=25600_bz=1.0_cv1=0.8_p=4_q=32_20260124-215503
25600,1.0,0.8,4,32,posthoc_orth,fx,mspe,0.0021568874,n=25600_bz=1.0_cv1=0.8_p=4_q=32_20260124-215503
25600,1.0,0.8,4,32,posthoc_orth,fx,bias2,0.0010108757,n=25600_bz=1.0_cv1=0.8_p=4_q=32_20260124-215503
25600,1.0,0.8,4,32,posthoc_orth,fx,var,0.0011460115,n=25600_bz=1.0_cv1=0.8_p=4_q=32_20260124-215503
25600,1.0,0.8,4,32,posthoc_orth,fz,mspe,0.110320926,n=25600_bz=1.0_cv1=0.8_p=4_q=32_20260124-215503
25600,1.0,0.8,4,32,posthoc_orth,fz,bias2,0.110002935,n=25600_bz=1.0_cv1=0.8_p=4_q=32_20260124-215503
25600,1.0,0.8,4,32,posthoc_orth,fz,var,0.00031798318,n=25600_bz=1.0_cv1=0.8_p=4_q=32_20260124-215503
25600,1.0,0.8,4,32,posthoc_orth,fr,mspe,0.002124075,n=25600_bz=1.0_cv1=0.8_p=4_q=32_20260124-215503
25600,1.0,0.8,4,32,posthoc_orth,fr,bias2,0.0009780636,n=25600_bz=1.0_cv1=0.8_p=4_q=32_20260124-215503
25600,1.0,0.8,4,32,posthoc_orth,fr,var,0.0011460115,n=25600_bz=1.0_cv1=0.8_p=4_q=32_20260124-215503
25600,1.0,0.8,8,32,base,y,mspe,1.150192,n=25600_bz=1.0_cv1=0.8_p=8_q=32_20260124-224217
25600,1.0,0.8,8,32,base,y,bias2,1.1478118,n=25600_bz=1.0_cv1=0.8_p=8_q=32_20260124-224217
25600,1.0,0.8,8,32,base,y,var,0.0023801564,n=25600_bz=1.0_cv1=0.8_p=8_q=32_20260124-224217
25600,1.0,0.8,8,32,base,fx,mspe,0.076585695,n=25600_bz=1.0_cv1=0.8_p=8_q=32_20260124-224217
25600,1.0,0.8,8,32,base,fx,bias2,0.07439475,n=25600_bz=1.0_cv1=0.8_p=8_q=32_20260124-224217
25600,1.0,0.8,8,32,base,fx,var,0.0021909368,n=25600_bz=1.0_cv1=0.8_p=8_q=32_20260124-224217
25600,1.0,0.8,8,32,base,fz,mspe,2.5083282e-06,n=25600_bz=1.0_cv1=0.8_p=8_q=32_20260124-224217
25600,1.0,0.8,8,32,base,fz,bias2,2.5083282e-06,n=25600_bz=1.0_cv1=0.8_p=8_q=32_20260124-224217
25600,1.0,0.8,8,32,base,fz,var,0.0,n=25600_bz=1.0_cv1=0.8_p=8_q=32_20260124-224217
25600,1.0,0.8,8,32,base,fr,mspe,0.076959886,n=25600_bz=1.0_cv1=0.8_p=8_q=32_20260124-224217
25600,1.0,0.8,8,32,base,fr,bias2,0.074768946,n=25600_bz=1.0_cv1=0.8_p=8_q=32_20260124-224217
25600,1.0,0.8,8,32,base,fr,var,0.0021909368,n=25600_bz=1.0_cv1=0.8_p=8_q=32_20260124-224217
25600,1.0,0.8,8,32,posthoc,y,mspe,1.1826183,n=25600_bz=1.0_cv1=0.8_p=8_q=32_20260124-224217
25600,1.0,0.8,8,32,posthoc,y,bias2,1.1806606,n=25600_bz=1.0_cv1=0.8_p=8_q=32_20260124-224217
25600,1.0,0.8,8,32,posthoc,y,var,0.0019577665,n=25600_bz=1.0_cv1=0.8_p=8_q=32_20260124-224217
25600,1.0,0.8,8,32,posthoc,fx,mspe,0.006004796,n=25600_bz=1.0_cv1=0.8_p=8_q=32_20260124-224217
25600,1.0,0.8,8,32,posthoc,fx,bias2,0.0032990905,n=25600_bz=1.0_cv1=0.8_p=8_q=32_20260124-224217
25600,1.0,0.8,8,32,posthoc,fx,var,0.002705705,n=25600_bz=1.0_cv1=0.8_p=8_q=32_20260124-224217
25600,1.0,0.8,8,32,posthoc,fz,mspe,0.075185925,n=25600_bz=1.0_cv1=0.8_p=8_q=32_20260124-224217
25600,1.0,0.8,8,32,posthoc,fz,bias2,0.073551685,n=25600_bz=1.0_cv1=0.8_p=8_q=32_20260124-224217
25600,1.0,0.8,8,32,posthoc,fz,var,0.0016342489,n=25600_bz=1.0_cv1=0.8_p=8_q=32_20260124-224217
25600,1.0,0.8,8,32,posthoc,fr,mspe,0.006072432,n=25600_bz=1.0_cv1=0.8_p=8_q=32_20260124-224217
25600,1.0,0.8,8,32,posthoc,fr,bias2,0.003366727,n=25600_bz=1.0_cv1=0.8_p=8_q=32_20260124-224217
25600,1.0,0.8,8,32,posthoc,fr,var,0.002705705,n=25600_bz=1.0_cv1=0.8_p=8_q=32_20260124-224217
25600,1.0,0.8,8,32,posthoc_orth,y,mspe,1.1826137,n=25600_bz=1.0_cv1=0.8_p=8_q=32_20260124-224217
25600,1.0,0.8,8,32,posthoc_orth,y,bias2,1.1806604,n=25600_bz=1.0_cv1=0.8_p=8_q=32_20260124-224217
25600,1.0,0.8,8,32,posthoc_orth,y,var,0.0019533462,n=25600_bz=1.0_cv1=0.8_p=8_q=32_20260124-224217
25600,1.0,0.8,8,32,posthoc_orth,fx,mspe,0.0020055734,n=25600_bz=1.0_cv1=0.8_p=8_q=32_20260124-224217
25600,1.0,0.8,8,32,posthoc_orth,fx,bias2,0.0006459808,n=25600_bz=1.0_cv1=0.8_p=8_q=32_20260124-224217
25600,1.0,0.8,8,32,posthoc_orth,fx,var,0.0013595928,n=25600_bz=1.0_cv1=0.8_p=8_q=32_20260124-224217
25600,1.0,0.8,8,32,posthoc_orth,fz,mspe,0.09892214,n=25600_bz=1.0_cv1=0.8_p=8_q=32_20260124-224217
25600,1.0,0.8,8,32,posthoc_orth,fz,bias2,0.09829075,n=25600_bz=1.0_cv1=0.8_p=8_q=32_20260124-224217
25600,1.0,0.8,8,32,posthoc_orth,fz,var,0.0006313874,n=25600_bz=1.0_cv1=0.8_p=8_q=32_20260124-224217
25600,1.0,0.8,8,32,posthoc_orth,fr,mspe,0.002003999,n=25600_bz=1.0_cv1=0.8_p=8_q=32_20260124-224217
25600,1.0,0.8,8,32,posthoc_orth,fr,bias2,0.0006444061,n=25600_bz=1.0_cv1=0.8_p=8_q=32_20260124-224217
25600,1.0,0.8,8,32,posthoc_orth,fr,var,0.0013595928,n=25600_bz=1.0_cv1=0.8_p=8_q=32_20260124-224217
3200,1.0,0.8,16,32,base,y,mspe,0.9848409,n=3200_bz=1.0_cv1=0.8_p=16_q=32_20260124-175700
3200,1.0,0.8,16,32,base,y,bias2,0.97904587,n=3200_bz=1.0_cv1=0.8_p=16_q=32_20260124-175700
3200,1.0,0.8,16,32,base,y,var,0.0057950476,n=3200_bz=1.0_cv1=0.8_p=16_q=32_20260124-175700
3200,1.0,0.8,16,32,base,fx,mspe,0.048751093,n=3200_bz=1.0_cv1=0.8_p=16_q=32_20260124-175700
3200,1.0,0.8,16,32,base,fx,bias2,0.04373603,n=3200_bz=1.0_cv1=0.8_p=16_q=32_20260124-175700
3200,1.0,0.8,16,32,base,fx,var,0.005015065,n=3200_bz=1.0_cv1=0.8_p=16_q=32_20260124-175700
3200,1.0,0.8,16,32,base,fz,mspe,8.148678e-08,n=3200_bz=1.0_cv1=0.8_p=16_q=32_20260124-175700
3200,1.0,0.8,16,32,base,fz,bias2,8.1486775e-08,n=3200_bz=1.0_cv1=0.8_p=16_q=32_20260124-175700
3200,1.0,0.8,16,32,base,fz,var,0.0,n=3200_bz=1.0_cv1=0.8_p=16_q=32_20260124-175700
3200,1.0,0.8,16,32,base,fr,mspe,0.04879478,n=3200_bz=1.0_cv1=0.8_p=16_q=32_20260124-175700
3200,1.0,0.8,16,32,base,fr,bias2,0.043779716,n=3200_bz=1.0_cv1=0.8_p=16_q=32_20260124-175700
3200,1.0,0.8,16,32,base,fr,var,0.005015065,n=3200_bz=1.0_cv1=0.8_p=16_q=32_20260124-175700
3200,1.0,0.8,16,32,posthoc,y,mspe,1.0345236,n=3200_bz=1.0_cv1=0.8_p=16_q=32_20260124-175700
3200,1.0,0.8,16,32,posthoc,y,bias2,1.0195565,n=3200_bz=1.0_cv1=0.8_p=16_q=32_20260124-175700
3200,1.0,0.8,16,32,posthoc,y,var,0.014966974,n=3200_bz=1.0_cv1=0.8_p=16_q=32_20260124-175700
3200,1.0,0.8,16,32,posthoc,fx,mspe,0.008856104,n=3200_bz=1.0_cv1=0.8_p=16_q=32_20260124-175700
3200,1.0,0.8,16,32,posthoc,fx,bias2,0.0022151216,n=3200_bz=1.0_cv1=0.8_p=16_q=32_20260124-175700
3200,1.0,0.8,16,32,posthoc,fx,var,0.006640982,n=3200_bz=1.0_cv1=0.8_p=16_q=32_20260124-175700
3200,1.0,0.8,16,32,posthoc,fz,mspe,0.085191764,n=3200_bz=1.0_cv1=0.8_p=16_q=32_20260124-175700
3200,1.0,0.8,16,32,posthoc,fz,bias2,0.074242346,n=3200_bz=1.0_cv1=0.8_p=16_q=32_20260124-175700
3200,1.0,0.8,16,32,posthoc,fz,var,0.010949413,n=3200_bz=1.0_cv1=0.8_p=16_q=32_20260124-175700
3200,1.0,0.8,16,32,posthoc,fr,mspe,0.008865909,n=3200_bz=1.0_cv1=0.8_p=16_q=32_20260124-175700
3200,1.0,0.8,16,32,posthoc,fr,bias2,0.0022249268,n=3200_bz=1.0_cv1=0.8_p=16_q=32_20260124-175700
3200,1.0,0.8,16,32,posthoc,fr,var,0.006640982,n=3200_bz=1.0_cv1=0.8_p=16_q=32_20260124-175700
3200,1.0,0.8,16,32,posthoc_orth,y,mspe,1.0345801,n=3200_bz=1.0_cv1=0.8_p=16_q=32_20260124-175700
3200,1.0,0.8,16,32,posthoc_orth,y,bias2,1.0195765,n=3200_bz=1.0_cv1=0.8_p=16_q=32_20260124-175700
3200,1.0,0.8,16,32,posthoc_orth,y,var,0.015003413,n=3200_bz=1.0_cv1=0.8_p=16_q=32_20260124-175700
3200,1.0,0.8,16,32,posthoc_orth,fx,mspe,0.0062328014,n=3200_bz=1.0_cv1=0.8_p=16_q=32_20260124-175700
3200,1.0,0.8,16,32,posthoc_orth,fx,bias2,0.0009673703,n=3200_bz=1.0_cv1=0.8_p=16_q=32_20260124-175700
3200,1.0,0.8,16,32,posthoc_orth,fx,var,0.005265431,n=3200_bz=1.0_cv1=0.8_p=16_q=32_20260124-175700
3200,1.0,0.8,16,32,posthoc_orth,fz,mspe,0.10555386,n=3200_bz=1.0_cv1=0.8_p=16_q=32_20260124-175700
3200,1.0,0.8,16,32,posthoc_orth,fz,bias2,0.09453509,n=3200_bz=1.0_cv1=0.8_p=16_q=32_20260124-175700
3200,1.0,0.8,16,32,posthoc_orth,fz,var,0.011018773,n=3200_bz=1.0_cv1=0.8_p=16_q=32_20260124-175700
3200,1.0,0.8,16,32,posthoc_orth,fr,mspe,0.006232592,n=3200_bz=1.0_cv1=0.8_p=16_q=32_20260124-175700
3200,1.0,0.8,16,32,posthoc_orth,fr,bias2,0.00096716103,n=3200_bz=1.0_cv1=0.8_p=16_q=32_20260124-175700
3200,1.0,0.8,16,32,posthoc_orth,fr,var,0.005265431,n=3200_bz=1.0_cv1=0.8_p=16_q=32_20260124-175700
3200,1.0,0.8,2,32,base,y,mspe,1.1046883,n=3200_bz=1.0_cv1=0.8_p=2_q=32_20260124-173529
3200,1.0,0.8,2,32,base,y,bias2,1.0999836,n=3200_bz=1.0_cv1=0.8_p=2_q=32_20260124-173529
3200,1.0,0.8,2,32,base,y,var,0.004704632,n=3200_bz=1.0_cv1=0.8_p=2_q=32_20260124-173529
3200,1.0,0.8,2,32,base,fx,mspe,0.1384721,n=3200_bz=1.0_cv1=0.8_p=2_q=32_20260124-173529
3200,1.0,0.8,2,32,base,fx,bias2,0.13458261,n=3200_bz=1.0_cv1=0.8_p=2_q=32_20260124-173529
3200,1.0,0.8,2,32,base,fx,var,0.0038894909,n=3200_bz=1.0_cv1=0.8_p=2_q=32_20260124-173529
3200,1.0,0.8,2,32,base,fz,mspe,0.0026593867,n=3200_bz=1.0_cv1=0.8_p=2_q=32_20260124-173529
3200,1.0,0.8,2,32,base,fz,bias2,0.0026593867,n=3200_bz=1.0_cv1=0.8_p=2_q=32_20260124-173529
3200,1.0,0.8,2,32,base,fz,var,0.0,n=3200_bz=1.0_cv1=0.8_p=2_q=32_20260124-173529
3200,1.0,0.8,2,32,base,fr,mspe,0.1570204,n=3200_bz=1.0_cv1=0.8_p=2_q=32_20260124-173529
3200,1.0,0.8,2,32,base,fr,bias2,0.15313089,n=3200_bz=1.0_cv1=0.8_p=2_q=32_20260124-173529
3200,1.0,0.8,2,32,base,fr,var,0.0038894909,n=3200_bz=1.0_cv1=0.8_p=2_q=32_20260124-173529
3200,1.0,0.8,2,32,posthoc,y,mspe,1.1214304,n=3200_bz=1.0_cv1=0.8_p=2_q=32_20260124-173529
3200,1.0,0.8,2,32,posthoc,y,bias2,1.1161634,n=3200_bz=1.0_cv1=0.8_p=2_q=32_20260124-173529
3200,1.0,0.8,2,32,posthoc,y,var,0.0052669737,n=3200_bz=1.0_cv1=0.8_p=2_q=32_20260124-173529
3200,1.0,0.8,2,32,posthoc,fx,mspe,0.027585873,n=3200_bz=1.0_cv1=0.8_p=2_q=32_20260124-173529
3200,1.0,0.8,2,32,posthoc,fx,bias2,0.01749209,n=3200_bz=1.0_cv1=0.8_p=2_q=32_20260124-173529
3200,1.0,0.8,2,32,posthoc,fx,var,0.010093782,n=3200_bz=1.0_cv1=0.8_p=2_q=32_20260124-173529
3200,1.0,0.8,2,32,posthoc,fz,mspe,0.054930456,n=3200_bz=1.0_cv1=0.8_p=2_q=32_20260124-173529
3200,1.0,0.8,2,32,posthoc,fz,bias2,0.047222186,n=3200_bz=1.0_cv1=0.8_p=2_q=32_20260124-173529
3200,1.0,0.8,2,32,posthoc,fz,var,0.0077082687,n=3200_bz=1.0_cv1=0.8_p=2_q=32_20260124-173529
3200,1.0,0.8,2,32,posthoc,fr,mspe,0.034285273,n=3200_bz=1.0_cv1=0.8_p=2_q=32_20260124-173529
3200,1.0,0.8,2,32,posthoc,fr,bias2,0.024191488,n=3200_bz=1.0_cv1=0.8_p=2_q=32_20260124-173529
3200,1.0,0.8,2,32,posthoc,fr,var,0.010093782,n=3200_bz=1.0_cv1=0.8_p=2_q=32_20260124-173529
3200,1.0,0.8,2,32,posthoc_orth,y,mspe,1.1214781,n=3200_bz=1.0_cv1=0.8_p=2_q=32_20260124-173529
3200,1.0,0.8,2,32,posthoc_orth,y,bias2,1.1162219,n=3200_bz=1.0_cv1=0.8_p=2_q=32_20260124-173529
3200,1.0,0.8,2,32,posthoc_orth,y,var,0.005256327,n=3200_bz=1.0_cv1=0.8_p=2_q=32_20260124-173529
3200,1.0,0.8,2,32,posthoc_orth,fx,mspe,0.007934932,n=3200_bz=1.0_cv1=0.8_p=2_q=32_20260124-173529
3200,1.0,0.8,2,32,posthoc_orth,fx,bias2,0.004309392,n=3200_bz=1.0_cv1=0.8_p=2_q=32_20260124-173529
3200,1.0,0.8,2,32,posthoc_orth,fx,var,0.0036255398,n=3200_bz=1.0_cv1=0.8_p=2_q=32_20260124-173529
3200,1.0,0.8,2,32,posthoc_orth,fz,mspe,0.13039686,n=3200_bz=1.0_cv1=0.8_p=2_q=32_20260124-173529
3200,1.0,0.8,2,32,posthoc_orth,fz,bias2,0.12909256,n=3200_bz=1.0_cv1=0.8_p=2_q=32_20260124-173529
3200,1.0,0.8,2,32,posthoc_orth,fz,var,0.0013042822,n=3200_bz=1.0_cv1=0.8_p=2_q=32_20260124-173529
3200,1.0,0.8,2,32,posthoc_orth,fr,mspe,0.0072945924,n=3200_bz=1.0_cv1=0.8_p=2_q=32_20260124-173529
3200,1.0,0.8,2,32,posthoc_orth,fr,bias2,0.0036690522,n=3200_bz=1.0_cv1=0.8_p=2_q=32_20260124-173529
3200,1.0,0.8,2,32,posthoc_orth,fr,var,0.0036255398,n=3200_bz=1.0_cv1=0.8_p=2_q=32_20260124-173529
3200,1.0,0.8,4,32,base,y,mspe,1.071039,n=3200_bz=1.0_cv1=0.8_p=4_q=32_20260124-174106
3200,1.0,0.8,4,32,base,y,bias2,1.0646983,n=3200_bz=1.0_cv1=0.8_p=4_q=32_20260124-174106
3200,1.0,0.8,4,32,base,y,var,0.0063405875,n=3200_bz=1.0_cv1=0.8_p=4_q=32_20260124-174106
3200,1.0,0.8,4,32,base,fx,mspe,0.08983823,n=3200_bz=1.0_cv1=0.8_p=4_q=32_20260124-174106
3200,1.0,0.8,4,32,base,fx,bias2,0.084282726,n=3200_bz=1.0_cv1=0.8_p=4_q=32_20260124-174106
3200,1.0,0.8,4,32,base,fx,var,0.005555508,n=3200_bz=1.0_cv1=0.8_p=4_q=32_20260124-174106
3200,1.0,0.8,4,32,base,fz,mspe,7.929306e-05,n=3200_bz=1.0_cv1=0.8_p=4_q=32_20260124-174106
3200,1.0,0.8,4,32,base,fz,bias2,7.929306e-05,n=3200_bz=1.0_cv1=0.8_p=4_q=32_20260124-174106
3200,1.0,0.8,4,32,base,fz,var,0.0,n=3200_bz=1.0_cv1=0.8_p=4_q=32_20260124-174106
3200,1.0,0.8,4,32,base,fr,mspe,0.0921751,n=3200_bz=1.0_cv1=0.8_p=4_q=32_20260124-174106
3200,1.0,0.8,4,32,base,fr,bias2,0.086619586,n=3200_bz=1.0_cv1=0.8_p=4_q=32_20260124-174106
3200,1.0,0.8,4,32,base,fr,var,0.005555508,n=3200_bz=1.0_cv1=0.8_p=4_q=32_20260124-174106
3200,1.0,0.8,4,32,posthoc,y,mspe,1.0961174,n=3200_bz=1.0_cv1=0.8_p=4_q=32_20260124-174106
3200,1.0,0.8,4,32,posthoc,y,bias2,1.0890257,n=3200_bz=1.0_cv1=0.8_p=4_q=32_20260124-174106
3200,1.0,0.8,4,32,posthoc,y,var,0.0070916526,n=3200_bz=1.0_cv1=0.8_p=4_q=32_20260124-174106
3200,1.0,0.8,4,32,posthoc,fx,mspe,0.017683024,n=3200_bz=1.0_cv1=0.8_p=4_q=32_20260124-174106
3200,1.0,0.8,4,32,posthoc,fx,bias2,0.008152426,n=3200_bz=1.0_cv1=0.8_p=4_q=32_20260124-174106
3200,1.0,0.8,4,32,posthoc,fx,var,0.009530597,n=3200_bz=1.0_cv1=0.8_p=4_q=32_20260124-174106
3200,1.0,0.8,4,32,posthoc,fz,mspe,0.06739115,n=3200_bz=1.0_cv1=0.8_p=4_q=32_20260124-174106
3200,1.0,0.8,4,32,posthoc,fz,bias2,0.060566396,n=3200_bz=1.0_cv1=0.8_p=4_q=32_20260124-174106
3200,1.0,0.8,4,32,posthoc,fz,var,0.00682475,n=3200_bz=1.0_cv1=0.8_p=4_q=32_20260124-174106
3200,1.0,0.8,4,32,posthoc,fr,mspe,0.018391555,n=3200_bz=1.0_cv1=0.8_p=4_q=32_20260124-174106
3200,1.0,0.8,4,32,posthoc,fr,bias2,0.008860958,n=3200_bz=1.0_cv1=0.8_p=4_q=32_20260124-174106
3200,1.0,0.8,4,32,posthoc,fr,var,0.009530597,n=3200_bz=1.0_cv1=0.8_p=4_q=32_20260124-174106
3200,1.0,0.8,4,32,posthoc_orth,y,mspe,1.0960134,n=3200_bz=1.0_cv1=0.8_p=4_q=32_20260124-174106
3200,1.0,0.8,4,32,posthoc_orth,y,bias2,1.0890253,n=3200_bz=1.0_cv1=0.8_p=4_q=32_20260124-174106
3200,1.0,0.8,4,32,posthoc_orth,y,var,0.0069880965,n=3200_bz=1.0_cv1=0.8_p=4_q=32_20260124-174106
3200,1.0,0.8,4,32,posthoc_orth,fx,mspe,0.0059634843,n=3200_bz=1.0_cv1=0.8_p=4_q=32_20260124-174106
3200,1.0,0.8,4,32,posthoc_orth,fx,bias2,0.0018412438,n=3200_bz=1.0_cv1=0.8_p=4_q=32_20260124-174106
3200,1.0,0.8,4,32,posthoc_orth,fx,var,0.0041222405,n=3200_bz=1.0_cv1=0.8_p=4_q=32_20260124-174106
3200,1.0,0.8,4,32,posthoc_orth,fz,mspe,0.11143904,n=3200_bz=1.0_cv1=0.8_p=4_q=32_20260124-174106
3200,1.0,0.8,4,32,posthoc_orth,fz,bias2,0.108534604,n=3200_bz=1.0_cv1=0.8_p=4_q=32_20260124-174106
3200,1.0,0.8,4,32,posthoc_orth,fz,var,0.002904419,n=3200_bz=1.0_cv1=0.8_p=4_q=32_20260124-174106
3200,1.0,0.8,4,32,posthoc_orth,fr,mspe,0.005922078,n=3200_bz=1.0_cv1=0.8_p=4_q=32_20260124-174106
3200,1.0,0.8,4,32,posthoc_orth,fr,bias2,0.0017998382,n=3200_bz=1.0_cv1=0.8_p=4_q=32_20260124-174106
3200,1.0,0.8,4,32,posthoc_orth,fr,var,0.0041222405,n=3200_bz=1.0_cv1=0.8_p=4_q=32_20260124-174106
3200,1.0,0.8,8,32,base,y,mspe,1.137778,n=3200_bz=1.0_cv1=0.8_p=8_q=32_20260124-174809
3200,1.0,0.8,8,32,base,y,bias2,1.1311547,n=3200_bz=1.0_cv1=0.8_p=8_q=32_20260124-174809
3200,1.0,0.8,8,32,base,y,var,0.006623388,n=3200_bz=1.0_cv1=0.8_p=8_q=32_20260124-174809
3200,1.0,0.8,8,32,base,fx,mspe,0.068310656,n=3200_bz=1.0_cv1=0.8_p=8_q=32_20260124-174809
3200,1.0,0.8,8,32,base,fx,bias2,0.06263464,n=3200_bz=1.0_cv1=0.8_p=8_q=32_20260124-174809
3200,1.0,0.8,8,32,base,fx,var,0.0056760153,n=3200_bz=1.0_cv1=0.8_p=8_q=32_20260124-174809
3200,1.0,0.8,8,32,base,fz,mspe,2.5083282e-06,n=3200_bz=1.0_cv1=0.8_p=8_q=32_20260124-174809
3200,1.0,0.8,8,32,base,fz,bias2,2.5083282e-06,n=3200_bz=1.0_cv1=0.8_p=8_q=32_20260124-174809
3200,1.0,0.8,8,32,base,fz,var,0.0,n=3200_bz=1.0_cv1=0.8_p=8_q=32_20260124-174809
3200,1.0,0.8,8,32,base,fr,mspe,0.068636745,n=3200_bz=1.0_cv1=0.8_p=8_q=32_20260124-174809
3200,1.0,0.8,8,32,base,fr,bias2,0.06296073,n=3200_bz=1.0_cv1=0.8_p=8_q=32_20260124-174809
3200,1.0,0.8,8,32,base,fr,var,0.0056760153,n=3200_bz=1.0_cv1=0.8_p=8_q=32_20260124-174809
3200,1.0,0.8,8,32,posthoc,y,mspe,1.1905162,n=3200_bz=1.0_cv1=0.8_p=8_q=32_20260124-174809
3200,1.0,0.8,8,32,posthoc,y,bias2,1.1805799,n=3200_bz=1.0_cv1=0.8_p=8_q=32_20260124-174809
3200,1.0,0.8,8,32,posthoc,y,var,0.009936314,n=3200_bz=1.0_cv1=0.8_p=8_q=32_20260124-174809
3200,1.0,0.8,8,32,posthoc,fx,mspe,0.011833421,n=3200_bz=1.0_cv1=0.8_p=8_q=32_20260124-174809
3200,1.0,0.8,8,32,posthoc,fx,bias2,0.002899719,n=3200_bz=1.0_cv1=0.8_p=8_q=32_20260124-174809
3200,1.0,0.8,8,32,posthoc,fx,var,0.0089337025,n=3200_bz=1.0_cv1=0.8_p=8_q=32_20260124-174809
3200,1.0,0.8,8,32,posthoc,fz,mspe,0.083425134,n=3200_bz=1.0_cv1=0.8_p=8_q=32_20260124-174809
3200,1.0,0.8,8,32,posthoc,fz,bias2,0.07564383,n=3200_bz=1.0_cv1=0.8_p=8_q=32_20260124-174809
3200,1.0,0.8,8,32,posthoc,fz,var,0.0077812956,n=3200_bz=1.0_cv1=0.8_p=8_q=32_20260124-174809
3200,1.0,0.8,8,32,posthoc,fr,mspe,0.011898536,n=3200_bz=1.0_cv1=0.8_p=8_q=32_20260124-174809
3200,1.0,0.8,8,32,posthoc,fr,bias2,0.0029648338,n=3200_bz=1.0_cv1=0.8_p=8_q=32_20260124-174809
3200,1.0,0.8,8,32,posthoc,fr,var,0.0089337025,n=3200_bz=1.0_cv1=0.8_p=8_q=32_20260124-174809
3200,1.0,0.8,8,32,posthoc_orth,y,mspe,1.190342,n=3200_bz=1.0_cv1=0.8_p=8_q=32_20260124-174809
3200,1.0,0.8,8,32,posthoc_orth,y,bias2,1.1805325,n=3200_bz=1.0_cv1=0.8_p=8_q=32_20260124-174809
3200,1.0,0.8,8,32,posthoc_orth,y,var,0.009809476,n=3200_bz=1.0_cv1=0.8_p=8_q=32_20260124-174809
3200,1.0,0.8,8,32,posthoc_orth,fx,mspe,0.005716135,n=3200_bz=1.0_cv1=0.8_p=8_q=32_20260124-174809
3200,1.0,0.8,8,32,posthoc_orth,fx,bias2,0.0009500624,n=3200_bz=1.0_cv1=0.8_p=8_q=32_20260124-174809
3200,1.0,0.8,8,32,posthoc_orth,fx,var,0.004766072,n=3200_bz=1.0_cv1=0.8_p=8_q=32_20260124-174809
3200,1.0,0.8,8,32,posthoc_orth,fz,mspe,0.105846435,n=3200_bz=1.0_cv1=0.8_p=8_q=32_20260124-174809
3200,1.0,0.8,8,32,posthoc_orth,fz,bias2,0.1002697,n=3200_bz=1.0_cv1=0.8_p=8_q=32_20260124-174809
3200,1.0,0.8,8,32,posthoc_orth,fz,var,0.005576731,n=3200_bz=1.0_cv1=0.8_p=8_q=32_20260124-174809
3200,1.0,0.8,8,32,posthoc_orth,fr,mspe,0.0057147383,n=3200_bz=1.0_cv1=0.8_p=8_q=32_20260124-174809
3200,1.0,0.8,8,32,posthoc_orth,fr,bias2,0.0009486662,n=3200_bz=1.0_cv1=0.8_p=8_q=32_20260124-174809
3200,1.0,0.8,8,32,posthoc_orth,fr,var,0.004766072,n=3200_bz=1.0_cv1=0.8_p=8_q=32_20260124-174809
400,1.0,0.8,16,32,base,y,mspe,0.98040354,n=400_bz=1.0_cv1=0.8_p=16_q=32_20260124-170549
400,1.0,0.8,16,32,base,y,bias2,0.9547286,n=400_bz=1.0_cv1=0.8_p=16_q=32_20260124-170549
400,1.0,0.8,16,32,base,y,var,0.025674868,n=400_bz=1.0_cv1=0.8_p=16_q=32_20260124-170549
400,1.0,0.8,16,32,base,fx,mspe,0.040731743,n=400_bz=1.0_cv1=0.8_p=16_q=32_20260124-170549
400,1.0,0.8,16,32,base,fx,bias2,0.018169647,n=400_bz=1.0_cv1=0.8_p=16_q=32_20260124-170549
400,1.0,0.8,16,32,base,fx,var,0.022562098,n=400_bz=1.0_cv1=0.8_p=16_q=32_20260124-170549
400,1.0,0.8,16,32,base,fz,mspe,8.148678e-08,n=400_bz=1.0_cv1=0.8_p=16_q=32_20260124-170549
400,1.0,0.8,16,32,base,fz,bias2,8.1486775e-08,n=400_bz=1.0_cv1=0.8_p=16_q=32_20260124-170549
400,1.0,0.8,16,32,base,fz,var,0.0,n=400_bz=1.0_cv1=0.8_p=16_q=32_20260124-170549
400,1.0,0.8,16,32,base,fr,mspe,0.040758837,n=400_bz=1.0_cv1=0.8_p=16_q=32_20260124-170549
400,1.0,0.8,16,32,base,fr,bias2,0.01819674,n=400_bz=1.0_cv1=0.8_p=16_q=32_20260124-170549
400,1.0,0.8,16,32,base,fr,var,0.022562098,n=400_bz=1.0_cv1=0.8_p=16_q=32_20260124-170549
400,1.0,0.8,16,32,posthoc,y,mspe,1.1355952,n=400_bz=1.0_cv1=0.8_p=16_q=32_20260124-170549
400,1.0,0.8,16,32,posthoc,y,bias2,1.0263213,n=400_bz=1.0_cv1=0.8_p=16_q=32_20260124-170549
400,1.0,0.8,16,32,posthoc,y,var,0.1092739,n=400_bz=1.0_cv1=0.8_p=16_q=32_20260124-170549
400,1.0,0.8,16,32,posthoc,fx,mspe,0.029074457,n=400_bz=1.0_cv1=0.8_p=16_q=32_20260124-170549
400,1.0,0.8,16,32,posthoc,fx,bias2,0.0052583925,n=400_bz=1.0_cv1=0.8_p=16_q=32_20260124-170549
400,1.0,0.8,16,32,posthoc,fx,var,0.023816064,n=400_bz=1.0_cv1=0.8_p=16_q=32_20260124-170549
400,1.0,0.8,16,32,posthoc,fz,mspe,0.1540841,n=400_bz=1.0_cv1=0.8_p=16_q=32_20260124-170549
400,1.0,0.8,16,32,posthoc,fz,bias2,0.06460387,n=400_bz=1.0_cv1=0.8_p=16_q=32_20260124-170549
400,1.0,0.8,16,32,posthoc,fz,var,0.08948022,n=400_bz=1.0_cv1=0.8_p=16_q=32_20260124-170549
400,1.0,0.8,16,32,posthoc,fr,mspe,0.02908898,n=400_bz=1.0_cv1=0.8_p=16_q=32_20260124-170549
400,1.0,0.8,16,32,posthoc,fr,bias2,0.0052729165,n=400_bz=1.0_cv1=0.8_p=16_q=32_20260124-170549
400,1.0,0.8,16,32,posthoc,fr,var,0.023816064,n=400_bz=1.0_cv1=0.8_p=16_q=32_20260124-170549
400,1.0,0.8,16,32,posthoc_orth,y,mspe,1.1362194,n=400_bz=1.0_cv1=0.8_p=16_q=32_20260124-170549
400,1.0,0.8,16,32,posthoc_orth,y,bias2,1.0268704,n=400_bz=1.0_cv1=0.8_p=16_q=32_20260124-170549
400,1.0,0.8,16,32,posthoc_orth,y,var,0.10934892,n=400_bz=1.0_cv1=0.8_p=16_q=32_20260124-170549
400,1.0,0.8,16,32,posthoc_orth,fx,mspe,0.028607495,n=400_bz=1.0_cv1=0.8_p=16_q=32_20260124-170549
400,1.0,0.8,16,32,posthoc_orth,fx,bias2,0.0027323628,n=400_bz=1.0_cv1=0.8_p=16_q=32_20260124-170549
400,1.0,0.8,16,32,posthoc_orth,fx,var,0.025875129,n=400_bz=1.0_cv1=0.8_p=16_q=32_20260124-170549
400,1.0,0.8,16,32,posthoc_orth,fz,mspe,0.19171669,n=400_bz=1.0_cv1=0.8_p=16_q=32_20260124-170549
400,1.0,0.8,16,32,posthoc_orth,fz,bias2,0.09473913,n=400_bz=1.0_cv1=0.8_p=16_q=32_20260124-170549
400,1.0,0.8,16,32,posthoc_orth,fz,var,0.09697756,n=400_bz=1.0_cv1=0.8_p=16_q=32_20260124-170549
400,1.0,0.8,16,32,posthoc_orth,fr,mspe,0.028606461,n=400_bz=1.0_cv1=0.8_p=16_q=32_20260124-170549
400,1.0,0.8,16,32,posthoc_orth,fr,bias2,0.0027313293,n=400_bz=1.0_cv1=0.8_p=16_q=32_20260124-170549
400,1.0,0.8,16,32,posthoc_orth,fr,var,0.025875129,n=400_bz=1.0_cv1=0.8_p=16_q=32_20260124-170549
400,1.0,0.8,2,32,base,y,mspe,1.0921205,n=400_bz=1.0_cv1=0.8_p=2_q=32_20260124-170157
400,1.0,0.8,2,32,base,y,bias2,1.0689173,n=400_bz=1.0_cv1=0.8_p=2_q=32_20260124-170157
400,1.0,0.8,2,32,base,y,var,0.023203298,n=400_bz=1.0_cv1=0.8_p=2_q=32_20260124-170157
400,1.0,0.8,2,32,base,fx,mspe,0.11942544,n=400_bz=1.0_cv1=0.8_p=2_q=32_20260124-170157
400,1.0,0.8,2,32,base,fx,bias2,0.09955469,n=400_bz=1.0_cv1=0.8_p=2_q=32_20260124-170157
400,1.0,0.8,2,32,base,fx,var,0.01987076,n=400_bz=1.0_cv1=0.8_p=2_q=32_20260124-170157
400,1.0,0.8,2,32,base,fz,mspe,0.0026593867,n=400_bz=1.0_cv1=0.8_p=2_q=32_20260124-170157
400,1.0,0.8,2,32,base,fz,bias2,0.0026593867,n=400_bz=1.0_cv1=0.8_p=2_q=32_20260124-170157
400,1.0,0.8,2,32,base,fz,var,0.0,n=400_bz=1.0_cv1=0.8_p=2_q=32_20260124-170157
400,1.0,0.8,2,32,base,fr,mspe,0.13534981,n=400_bz=1.0_cv1=0.8_p=2_q=32_20260124-170157
400,1.0,0.8,2,32,base,fr,bias2,0.11547904,n=400_bz=1.0_cv1=0.8_p=2_q=32_20260124-170157
400,1.0,0.8,2,32,base,fr,var,0.01987076,n=400_bz=1.0_cv1=0.8_p=2_q=32_20260124-170157
400,1.0,0.8,2,32,posthoc,y,mspe,1.1404278,n=400_bz=1.0_cv1=0.8_p=2_q=32_20260124-170157
400,1.0,0.8,2,32,posthoc,y,bias2,1.1094077,n=400_bz=1.0_cv1=0.8_p=2_q=32_20260124-170157
400,1.0,0.8,2,32,posthoc,y,var,0.031020178,n=400_bz=1.0_cv1=0.8_p=2_q=32_20260124-170157
400,1.0,0.8,2,32,posthoc,fx,mspe,0.078631714,n=400_bz=1.0_cv1=0.8_p=2_q=32_20260124-170157
400,1.0,0.8,2,32,posthoc,fx,bias2,0.030561095,n=400_bz=1.0_cv1=0.8_p=2_q=32_20260124-170157
400,1.0,0.8,2,32,posthoc,fx,var,0.048070624,n=400_bz=1.0_cv1=0.8_p=2_q=32_20260124-170157
400,1.0,0.8,2,32,posthoc,fz,mspe,0.07037756,n=400_bz=1.0_cv1=0.8_p=2_q=32_20260124-170157
400,1.0,0.8,2,32,posthoc,fz,bias2,0.027446307,n=400_bz=1.0_cv1=0.8_p=2_q=32_20260124-170157
400,1.0,0.8,2,32,posthoc,fz,var,0.042931248,n=400_bz=1.0_cv1=0.8_p=2_q=32_20260124-170157
400,1.0,0.8,2,32,posthoc,fr,mspe,0.08758292,n=400_bz=1.0_cv1=0.8_p=2_q=32_20260124-170157
400,1.0,0.8,2,32,posthoc,fr,bias2,0.0395123,n=400_bz=1.0_cv1=0.8_p=2_q=32_20260124-170157
400,1.0,0.8,2,32,posthoc,fr,var,0.048070624,n=400_bz=1.0_cv1=0.8_p=2_q=32_20260124-170157
400,1.0,0.8,2,32,posthoc_orth,y,mspe,1.1408615,n=400_bz=1.0_cv1=0.8_p=2_q=32_20260124-170157
400,1.0,0.8,2,32,posthoc_orth,y,bias2,1.1095839,n=400_bz=1.0_cv1=0.8_p=2_q=32_20260124-170157
400,1.0,0.8,2,32,posthoc_orth,y,var,0.03127759,n=400_bz=1.0_cv1=0.8_p=2_q=32_20260124-170157
400,1.0,0.8,2,32,posthoc_orth,fx,mspe,0.021822099,n=400_bz=1.0_cv1=0.8_p=2_q=32_20260124-170157
400,1.0,0.8,2,32,posthoc_orth,fx,bias2,0.0048636557,n=400_bz=1.0_cv1=0.8_p=2_q=32_20260124-170157
400,1.0,0.8,2,32,posthoc_orth,fx,var,0.016958442,n=400_bz=1.0_cv1=0.8_p=2_q=32_20260124-170157
400,1.0,0.8,2,32,posthoc_orth,fz,mspe,0.13321283,n=400_bz=1.0_cv1=0.8_p=2_q=32_20260124-170157
400,1.0,0.8,2,32,posthoc_orth,fz,bias2,0.120998725,n=400_bz=1.0_cv1=0.8_p=2_q=32_20260124-170157
400,1.0,0.8,2,32,posthoc_orth,fz,var,0.012214102,n=400_bz=1.0_cv1=0.8_p=2_q=32_20260124-170157
400,1.0,0.8,2,32,posthoc_orth,fr,mspe,0.021245755,n=400_bz=1.0_cv1=0.8_p=2_q=32_20260124-170157
400,1.0,0.8,2,32,posthoc_orth,fr,bias2,0.004287313,n=400_bz=1.0_cv1=0.8_p=2_q=32_20260124-170157
400,1.0,0.8,2,32,posthoc_orth,fr,var,0.016958442,n=400_bz=1.0_cv1=0.8_p=2_q=32_20260124-170157
400,1.0,0.8,4,32,base,y,mspe,1.0607252,n=400_bz=1.0_cv1=0.8_p=4_q=32_20260124-170306
400,1.0,0.8,4,32,base,y,bias2,1.0340658,n=400_bz=1.0_cv1=0.8_p=4_q=32_20260124-170306
400,1.0,0.8,4,32,base,y,var,0.02665932,n=400_bz=1.0_cv1=0.8_p=4_q=32_20260124-170306
400,1.0,0.8,4,32,base,fx,mspe,0.08204869,n=400_bz=1.0_cv1=0.8_p=4_q=32_20260124-170306
400,1.0,0.8,4,32,base,fx,bias2,0.05973978,n=400_bz=1.0_cv1=0.8_p=4_q=32_20260124-170306
400,1.0,0.8,4,32,base,fx,var,0.022308923,n=400_bz=1.0_cv1=0.8_p=4_q=32_20260124-170306
400,1.0,0.8,4,32,base,fz,mspe,7.929306e-05,n=400_bz=1.0_cv1=0.8_p=4_q=32_20260124-170306
400,1.0,0.8,4,32,base,fz,bias2,7.929306e-05,n=400_bz=1.0_cv1=0.8_p=4_q=32_20260124-170306
400,1.0,0.8,4,32,base,fz,var,0.0,n=400_bz=1.0_cv1=0.8_p=4_q=32_20260124-170306
400,1.0,0.8,4,32,base,fr,mspe,0.083911195,n=400_bz=1.0_cv1=0.8_p=4_q=32_20260124-170306
400,1.0,0.8,4,32,base,fr,bias2,0.061602272,n=400_bz=1.0_cv1=0.8_p=4_q=32_20260124-170306
400,1.0,0.8,4,32,base,fr,var,0.022308923,n=400_bz=1.0_cv1=0.8_p=4_q=32_20260124-170306
400,1.0,0.8,4,32,posthoc,y,mspe,1.1470977,n=400_bz=1.0_cv1=0.8_p=4_q=32_20260124-170306
400,1.0,0.8,4,32,posthoc,y,bias2,1.105933,n=400_bz=1.0_cv1=0.8_p=4_q=32_20260124-170306
400,1.0,0.8,4,32,posthoc,y,var,0.04116473,n=400_bz=1.0_cv1=0.8_p=4_q=32_20260124-170306
400,1.0,0.8,4,32,posthoc,fx,mspe,0.045043226,n=400_bz=1.0_cv1=0.8_p=4_q=32_20260124-170306
400,1.0,0.8,4,32,posthoc,fx,bias2,0.017292915,n=400_bz=1.0_cv1=0.8_p=4_q=32_20260124-170306
400,1.0,0.8,4,32,posthoc,fx,var,0.027750315,n=400_bz=1.0_cv1=0.8_p=4_q=32_20260124-170306
400,1.0,0.8,4,32,posthoc,fz,mspe,0.08517588,n=400_bz=1.0_cv1=0.8_p=4_q=32_20260124-170306
400,1.0,0.8,4,32,posthoc,fz,bias2,0.05438905,n=400_bz=1.0_cv1=0.8_p=4_q=32_20260124-170306
400,1.0,0.8,4,32,posthoc,fz,var,0.030786835,n=400_bz=1.0_cv1=0.8_p=4_q=32_20260124-170306
400,1.0,0.8,4,32,posthoc,fr,mspe,0.046016667,n=400_bz=1.0_cv1=0.8_p=4_q=32_20260124-170306
400,1.0,0.8,4,32,posthoc,fr,bias2,0.018266352,n=400_bz=1.0_cv1=0.8_p=4_q=32_20260124-170306
400,1.0,0.8,4,32,posthoc,fr,var,0.027750315,n=400_bz=1.0_cv1=0.8_p=4_q=32_20260124-170306
400,1.0,0.8,4,32,posthoc_orth,y,mspe,1.1471608,n=400_bz=1.0_cv1=0.8_p=4_q=32_20260124-170306
400,1.0,0.8,4,32,posthoc_orth,y,bias2,1.1056446,n=400_bz=1.0_cv1=0.8_p=4_q=32_20260124-170306
400,1.0,0.8,4,32,posthoc_orth,y,var,0.041516278,n=400_bz=1.0_cv1=0.8_p=4_q=32_20260124-170306
400,1.0,0.8,4,32,posthoc_orth,fx,mspe,0.021453165,n=400_bz=1.0_cv1=0.8_p=4_q=32_20260124-170306
400,1.0,0.8,4,32,posthoc_orth,fx,bias2,0.0045989957,n=400_bz=1.0_cv1=0.8_p=4_q=32_20260124-170306
400,1.0,0.8,4,32,posthoc_orth,fx,var,0.016854167,n=400_bz=1.0_cv1=0.8_p=4_q=32_20260124-170306
400,1.0,0.8,4,32,posthoc_orth,fz,mspe,0.14369622,n=400_bz=1.0_cv1=0.8_p=4_q=32_20260124-170306
400,1.0,0.8,4,32,posthoc_orth,fz,bias2,0.12115212,n=400_bz=1.0_cv1=0.8_p=4_q=32_20260124-170306
400,1.0,0.8,4,32,posthoc_orth,fz,var,0.022544105,n=400_bz=1.0_cv1=0.8_p=4_q=32_20260124-170306
400,1.0,0.8,4,32,posthoc_orth,fr,mspe,0.021380175,n=400_bz=1.0_cv1=0.8_p=4_q=32_20260124-170306
400,1.0,0.8,4,32,posthoc_orth,fr,bias2,0.0045260065,n=400_bz=1.0_cv1=0.8_p=4_q=32_20260124-170306
400,1.0,0.8,4,32,posthoc_orth,fr,var,0.016854167,n=400_bz=1.0_cv1=0.8_p=4_q=32_20260124-170306
400,1.0,0.8,8,32,base,y,mspe,1.1300586,n=400_bz=1.0_cv1=0.8_p=8_q=32_20260124-170419
400,1.0,0.8,8,32,base,y,bias2,1.1063539,n=400_bz=1.0_cv1=0.8_p=8_q=32_20260124-170419
400,1.0,0.8,8,32,base,y,var,0.02370476,n=400_bz=1.0_cv1=0.8_p=8_q=32_20260124-170419
400,1.0,0.8,8,32,base,fx,mspe,0.06082574,n=400_bz=1.0_cv1=0.8_p=8_q=32_20260124-170419
400,1.0,0.8,8,32,base,fx,bias2,0.040294275,n=400_bz=1.0_cv1=0.8_p=8_q=32_20260124-170419
400,1.0,0.8,8,32,base,fx,var,0.020531464,n=400_bz=1.0_cv1=0.8_p=8_q=32_20260124-170419
400,1.0,0.8,8,32,base,fz,mspe,2.5083282e-06,n=400_bz=1.0_cv1=0.8_p=8_q=32_20260124-170419
400,1.0,0.8,8,32,base,fz,bias2,2.5083282e-06,n=400_bz=1.0_cv1=0.8_p=8_q=32_20260124-170419
400,1.0,0.8,8,32,base,fz,var,0.0,n=400_bz=1.0_cv1=0.8_p=8_q=32_20260124-170419
400,1.0,0.8,8,32,base,fr,mspe,0.061077062,n=400_bz=1.0_cv1=0.8_p=8_q=32_20260124-170419
400,1.0,0.8,8,32,base,fr,bias2,0.040545594,n=400_bz=1.0_cv1=0.8_p=8_q=32_20260124-170419
400,1.0,0.8,8,32,base,fr,var,0.020531464,n=400_bz=1.0_cv1=0.8_p=8_q=32_20260124-170419
400,1.0,0.8,8,32,posthoc,y,mspe,1.255016,n=400_bz=1.0_cv1=0.8_p=8_q=32_20260124-170419
400,1.0,0.8,8,32,posthoc,y,bias2,1.1892258,n=400_bz=1.0_cv1=0.8_p=8_q=32_20260124-170419
400,1.0,0.8,8,32,posthoc,y,var,0.06579023,n=400_bz=1.0_cv1=0.8_p=8_q=32_20260124-170419
400,1.0,0.8,8,32,posthoc,fx,mspe,0.03536264,n=400_bz=1.0_cv1=0.8_p=8_q=32_20260124-170419
400,1.0,0.8,8,32,posthoc,fx,bias2,0.00783928,n=400_bz=1.0_cv1=0.8_p=8_q=32_20260124-170419
400,1.0,0.8,8,32,posthoc,fx,var,0.027523365,n=400_bz=1.0_cv1=0.8_p=8_q=32_20260124-170419
400,1.0,0.8,8,32,posthoc,fz,mspe,0.123412535,n=400_bz=1.0_cv1=0.8_p=8_q=32_20260124-170419
400,1.0,0.8,8,32,posthoc,fz,bias2,0.06875093,n=400_bz=1.0_cv1=0.8_p=8_q=32_20260124-170419
400,1.0,0.8,8,32,posthoc,fz,var,0.054661617,n=400_bz=1.0_cv1=0.8_p=8_q=32_20260124-170419
400,1.0,0.8,8,32,posthoc,fr,mspe,0.035468183,n=400_bz=1.0_cv1=0.8_p=8_q=32_20260124-170419
400,1.0,0.8,8,32,posthoc,fr,bias2,0.007944822,n=400_bz=1.0_cv1=0.8_p=8_q=32_20260124-170419
400,1.0,0.8,8,32,posthoc,fr,var,0.027523365,n=400_bz=1.0_cv1=0.8_p=8_q=32_20260124-170419
400,1.0,0.8,8,32,posthoc_orth,y,mspe,1.2546092,n=400_bz=1.0_cv1=0.8_p=8_q=32_20260124-170419
400,1.0,0.8,8,32,posthoc_orth,y,bias2,1.1890317,n=400_bz=1.0_cv1=0.8_p=8_q=32_20260124-170419
400,1.0,0.8,8,32,posthoc_orth,y,var,0.065577395,n=400_bz=1.0_cv1=0.8_p=8_q=32_20260124-170419
400,1.0,0.8,8,32,posthoc_orth,fx,mspe,0.022934487,n=400_bz=1.0_cv1=0.8_p=8_q=32_20260124-170419
400,1.0,0.8,8,32,posthoc_orth,fx,bias2,0.0030590496,n=400_bz=1.0_cv1=0.8_p=8_q=32_20260124-170419
400,1.0,0.8,8,32,posthoc_orth,fx,var,0.019875437,n=400_bz=1.0_cv1=0.8_p=8_q=32_20260124-170419
400,1.0,0.8,8,32,posthoc_orth,fz,mspe,0.1530649,n=400_bz=1.0_cv1=0.8_p=8_q=32_20260124-170419
400,1.0,0.8,8,32,posthoc_orth,fz,bias2,0.10633503,n=400_bz=1.0_cv1=0.8_p=8_q=32_20260124-170419
400,1.0,0.8,8,32,posthoc_orth,fz,var,0.04672988,n=400_bz=1.0_cv1=0.8_p=8_q=32_20260124-170419
400,1.0,0.8,8,32,posthoc_orth,fr,mspe,0.022935726,n=400_bz=1.0_cv1=0.8_p=8_q=32_20260124-170419
400,1.0,0.8,8,32,posthoc_orth,fr,bias2,0.0030602887,n=400_bz=1.0_cv1=0.8_p=8_q=32_20260124-170419
400,1.0,0.8,8,32,posthoc_orth,fr,var,0.019875437,n=400_bz=1.0_cv1=0.8_p=8_q=32_20260124-170419
6400,1.0,0.8,16,32,base,y,mspe,0.9894221,n=6400_bz=1.0_cv1=0.8_p=16_q=32_20260124-184705
6400,1.0,0.8,16,32,base,y,bias2,0.9836879,n=6400_bz=1.0_cv1=0.8_p=16_q=32_20260124-184705
6400,1.0,0.8,16,32,base,y,var,0.0057341848,n=6400_bz=1.0_cv1=0.8_p=16_q=32_20260124-184705
6400,1.0,0.8,16,32,base,fx,mspe,0.054804638,n=6400_bz=1.0_cv1=0.8_p=16_q=32_20260124-184705
6400,1.0,0.8,16,32,base,fx,bias2,0.04954803,n=6400_bz=1.0_cv1=0.8_p=16_q=32_20260124-184705
6400,1.0,0.8,16,32,base,fx,var,0.0052566146,n=6400_bz=1.0_cv1=0.8_p=16_q=32_20260124-184705
6400,1.0,0.8,16,32,base,fz,mspe,8.148678e-08,n=6400_bz=1.0_cv1=0.8_p=16_q=32_20260124-184705
6400,1.0,0.8,16,32,base,fz,bias2,8.1486775e-08,n=6400_bz=1.0_cv1=0.8_p=16_q=32_20260124-184705
6400,1.0,0.8,16,32,base,fz,var,0.0,n=6400_bz=1.0_cv1=0.8_p=16_q=32_20260124-184705
6400,1.0,0.8,16,32,base,fr,mspe,0.054853432,n=6400_bz=1.0_cv1=0.8_p=16_q=32_20260124-184705
6400,1.0,0.8,16,32,base,fr,bias2,0.04959682,n=6400_bz=1.0_cv1=0.8_p=16_q=32_20260124-184705
6400,1.0,0.8,16,32,base,fr,var,0.0052566146,n=6400_bz=1.0_cv1=0.8_p=16_q=32_20260124-184705
6400,1.0,0.8,16,32,posthoc,y,mspe,1.0297236,n=6400_bz=1.0_cv1=0.8_p=16_q=32_20260124-184705
6400,1.0,0.8,16,32,posthoc,y,bias2,1.0206027,n=6400_bz=1.0_cv1=0.8_p=16_q=32_20260124-184705
6400,1.0,0.8,16,32,posthoc,y,var,0.009120797,n=6400_bz=1.0_cv1=0.8_p=16_q=32_20260124-184705
6400,1.0,0.8,16,32,posthoc,fx,mspe,0.00898349,n=6400_bz=1.0_cv1=0.8_p=16_q=32_20260124-184705
6400,1.0,0.8,16,32,posthoc,fx,bias2,0.002915538,n=6400_bz=1.0_cv1=0.8_p=16_q=32_20260124-184705
6400,1.0,0.8,16,32,posthoc,fx,var,0.0060679517,n=6400_bz=1.0_cv1=0.8_p=16_q=32_20260124-184705
6400,1.0,0.8,16,32,posthoc,fz,mspe,0.078028,n=6400_bz=1.0_cv1=0.8_p=16_q=32_20260124-184705
6400,1.0,0.8,16,32,posthoc,fz,bias2,0.07233655,n=6400_bz=1.0_cv1=0.8_p=16_q=32_20260124-184705
6400,1.0,0.8,16,32,posthoc,fz,var,0.0056914603,n=6400_bz=1.0_cv1=0.8_p=16_q=32_20260124-184705
6400,1.0,0.8,16,32,posthoc,fr,mspe,0.008994958,n=6400_bz=1.0_cv1=0.8_p=16_q=32_20260124-184705
6400,1.0,0.8,16,32,posthoc,fr,bias2,0.0029270065,n=6400_bz=1.0_cv1=0.8_p=16_q=32_20260124-184705
6400,1.0,0.8,16,32,posthoc,fr,var,0.0060679517,n=6400_bz=1.0_cv1=0.8_p=16_q=32_20260124-184705
6400,1.0,0.8,16,32,posthoc_orth,y,mspe,1.0297147,n=6400_bz=1.0_cv1=0.8_p=16_q=32_20260124-184705
6400,1.0,0.8,16,32,posthoc_orth,y,bias2,1.0206094,n=6400_bz=1.0_cv1=0.8_p=16_q=32_20260124-184705
6400,1.0,0.8,16,32,posthoc_orth,y,var,0.0091052875,n=6400_bz=1.0_cv1=0.8_p=16_q=32_20260124-184705
6400,1.0,0.8,16,32,posthoc_orth,fx,mspe,0.004966131,n=6400_bz=1.0_cv1=0.8_p=16_q=32_20260124-184705
6400,1.0,0.8,16,32,posthoc_orth,fx,bias2,0.0008295685,n=6400_bz=1.0_cv1=0.8_p=16_q=32_20260124-184705
6400,1.0,0.8,16,32,posthoc_orth,fx,var,0.0041365623,n=6400_bz=1.0_cv1=0.8_p=16_q=32_20260124-184705
6400,1.0,0.8,16,32,posthoc_orth,fz,mspe,0.10070798,n=6400_bz=1.0_cv1=0.8_p=16_q=32_20260124-184705
6400,1.0,0.8,16,32,posthoc_orth,fz,bias2,0.09512277,n=6400_bz=1.0_cv1=0.8_p=16_q=32_20260124-184705
6400,1.0,0.8,16,32,posthoc_orth,fz,var,0.0055852095,n=6400_bz=1.0_cv1=0.8_p=16_q=32_20260124-184705
6400,1.0,0.8,16,32,posthoc_orth,fr,mspe,0.004966053,n=6400_bz=1.0_cv1=0.8_p=16_q=32_20260124-184705
6400,1.0,0.8,16,32,posthoc_orth,fr,bias2,0.0008294905,n=6400_bz=1.0_cv1=0.8_p=16_q=32_20260124-184705
6400,1.0,0.8,16,32,posthoc_orth,fr,var,0.0041365623,n=6400_bz=1.0_cv1=0.8_p=16_q=32_20260124-184705
6400,1.0,0.8,2,32,base,y,mspe,1.1046023,n=6400_bz=1.0_cv1=0.8_p=2_q=32_20260124-180806
6400,1.0,0.8,2,32,base,y,bias2,1.1019883,n=6400_bz=1.0_cv1=0.8_p=2_q=32_20260124-180806
6400,1.0,0.8,2,32,base,y,var,0.0026140204,n=6400_bz=1.0_cv1=0.8_p=2_q=32_20260124-180806
6400,1.0,0.8,2,32,base,fx,mspe,0.13882814,n=6400_bz=1.0_cv1=0.8_p=2_q=32_20260124-180806
6400,1.0,0.8,2,32,base,fx,bias2,0.13666512,n=6400_bz=1.0_cv1=0.8_p=2_q=32_20260124-180806
6400,1.0,0.8,2,32,base,fx,var,0.0021630109,n=6400_bz=1.0_cv1=0.8_p=2_q=32_20260124-180806
6400,1.0,0.8,2,32,base,fz,mspe,0.0026593867,n=6400_bz=1.0_cv1=0.8_p=2_q=32_20260124-180806
6400,1.0,0.8,2,32,base,fz,bias2,0.0026593867,n=6400_bz=1.0_cv1=0.8_p=2_q=32_20260124-180806
6400,1.0,0.8,2,32,base,fz,var,0.0,n=6400_bz=1.0_cv1=0.8_p=2_q=32_20260124-180806
6400,1.0,0.8,2,32,base,fr,mspe,0.15751448,n=6400_bz=1.0_cv1=0.8_p=2_q=32_20260124-180806
6400,1.0,0.8,2,32,base,fr,bias2,0.15535145,n=6400_bz=1.0_cv1=0.8_p=2_q=32_20260124-180806
6400,1.0,0.8,2,32,base,fr,var,0.0021630109,n=6400_bz=1.0_cv1=0.8_p=2_q=32_20260124-180806
6400,1.0,0.8,2,32,posthoc,y,mspe,1.1166695,n=6400_bz=1.0_cv1=0.8_p=2_q=32_20260124-180806
6400,1.0,0.8,2,32,posthoc,y,bias2,1.1132362,n=6400_bz=1.0_cv1=0.8_p=2_q=32_20260124-180806
6400,1.0,0.8,2,32,posthoc,y,var,0.0034332322,n=6400_bz=1.0_cv1=0.8_p=2_q=32_20260124-180806
6400,1.0,0.8,2,32,posthoc,fx,mspe,0.019975573,n=6400_bz=1.0_cv1=0.8_p=2_q=32_20260124-180806
6400,1.0,0.8,2,32,posthoc,fx,bias2,0.012411462,n=6400_bz=1.0_cv1=0.8_p=2_q=32_20260124-180806
6400,1.0,0.8,2,32,posthoc,fx,var,0.007564112,n=6400_bz=1.0_cv1=0.8_p=2_q=32_20260124-180806
6400,1.0,0.8,2,32,posthoc,fz,mspe,0.06227677,n=6400_bz=1.0_cv1=0.8_p=2_q=32_20260124-180806
6400,1.0,0.8,2,32,posthoc,fz,bias2,0.0568749,n=6400_bz=1.0_cv1=0.8_p=2_q=32_20260124-180806
6400,1.0,0.8,2,32,posthoc,fz,var,0.005401873,n=6400_bz=1.0_cv1=0.8_p=2_q=32_20260124-180806
6400,1.0,0.8,2,32,posthoc,fr,mspe,0.025466306,n=6400_bz=1.0_cv1=0.8_p=2_q=32_20260124-180806
6400,1.0,0.8,2,32,posthoc,fr,bias2,0.017902194,n=6400_bz=1.0_cv1=0.8_p=2_q=32_20260124-180806
6400,1.0,0.8,2,32,posthoc,fr,var,0.007564112,n=6400_bz=1.0_cv1=0.8_p=2_q=32_20260124-180806
6400,1.0,0.8,2,32,posthoc_orth,y,mspe,1.1166681,n=6400_bz=1.0_cv1=0.8_p=2_q=32_20260124-180806
6400,1.0,0.8,2,32,posthoc_orth,y,bias2,1.1132362,n=6400_bz=1.0_cv1=0.8_p=2_q=32_20260124-180806
6400,1.0,0.8,2,32,posthoc_orth,y,var,0.0034319237,n=6400_bz=1.0_cv1=0.8_p=2_q=32_20260124-180806
6400,1.0,0.8,2,32,posthoc_orth,fx,mspe,0.0062394207,n=6400_bz=1.0_cv1=0.8_p=2_q=32_20260124-180806
6400,1.0,0.8,2,32,posthoc_orth,fx,bias2,0.003693324,n=6400_bz=1.0_cv1=0.8_p=2_q=32_20260124-180806
6400,1.0,0.8,2,32,posthoc_orth,fx,var,0.0025460967,n=6400_bz=1.0_cv1=0.8_p=2_q=32_20260124-180806
6400,1.0,0.8,2,32,posthoc_orth,fz,mspe,0.12844622,n=6400_bz=1.0_cv1=0.8_p=2_q=32_20260124-180806
6400,1.0,0.8,2,32,posthoc_orth,fz,bias2,0.12773971,n=6400_bz=1.0_cv1=0.8_p=2_q=32_20260124-180806
6400,1.0,0.8,2,32,posthoc_orth,fz,var,0.0007065146,n=6400_bz=1.0_cv1=0.8_p=2_q=32_20260124-180806
6400,1.0,0.8,2,32,posthoc_orth,fr,mspe,0.00553726,n=6400_bz=1.0_cv1=0.8_p=2_q=32_20260124-180806
6400,1.0,0.8,2,32,posthoc_orth,fr,bias2,0.002991163,n=6400_bz=1.0_cv1=0.8_p=2_q=32_20260124-180806
6400,1.0,0.8,2,32,posthoc_orth,fr,var,0.0025460967,n=6400_bz=1.0_cv1=0.8_p=2_q=32_20260124-180806
6400,1.0,0.8,4,32,base,y,mspe,1.0752902,n=6400_bz=1.0_cv1=0.8_p=4_q=32_20260124-181737
6400,1.0,0.8,4,32,base,y,bias2,1.0717846,n=6400_bz=1.0_cv1=0.8_p=4_q=32_20260124-181737
6400,1.0,0.8,4,32,base,y,var,0.0035055743,n=6400_bz=1.0_cv1=0.8_p=4_q=32_20260124-181737
6400,1.0,0.8,4,32,base,fx,mspe,0.092338905,n=6400_bz=1.0_cv1=0.8_p=4_q=32_20260124-181737
6400,1.0,0.8,4,32,base,fx,bias2,0.08940867,n=6400_bz=1.0_cv1=0.8_p=4_q=32_20260124-181737
6400,1.0,0.8,4,32,base,fx,var,0.002930233,n=6400_bz=1.0_cv1=0.8_p=4_q=32_20260124-181737
6400,1.0,0.8,4,32,base,fz,mspe,7.929306e-05,n=6400_bz=1.0_cv1=0.8_p=4_q=32_20260124-181737
6400,1.0,0.8,4,32,base,fz,bias2,7.929306e-05,n=6400_bz=1.0_cv1=0.8_p=4_q=32_20260124-181737
6400,1.0,0.8,4,32,base,fz,var,0.0,n=6400_bz=1.0_cv1=0.8_p=4_q=32_20260124-181737
6400,1.0,0.8,4,32,base,fr,mspe,0.09475358,n=6400_bz=1.0_cv1=0.8_p=4_q=32_20260124-181737
6400,1.0,0.8,4,32,base,fr,bias2,0.09182335,n=6400_bz=1.0_cv1=0.8_p=4_q=32_20260124-181737
6400,1.0,0.8,4,32,base,fr,var,0.002930233,n=6400_bz=1.0_cv1=0.8_p=4_q=32_20260124-181737
6400,1.0,0.8,4,32,posthoc,y,mspe,1.0927888,n=6400_bz=1.0_cv1=0.8_p=4_q=32_20260124-181737
6400,1.0,0.8,4,32,posthoc,y,bias2,1.0884243,n=6400_bz=1.0_cv1=0.8_p=4_q=32_20260124-181737
6400,1.0,0.8,4,32,posthoc,y,var,0.0043645594,n=6400_bz=1.0_cv1=0.8_p=4_q=32_20260124-181737
6400,1.0,0.8,4,32,posthoc,fx,mspe,0.0144049665,n=6400_bz=1.0_cv1=0.8_p=4_q=32_20260124-181737
6400,1.0,0.8,4,32,posthoc,fx,bias2,0.006836711,n=6400_bz=1.0_cv1=0.8_p=4_q=32_20260124-181737
6400,1.0,0.8,4,32,posthoc,fx,var,0.0075682565,n=6400_bz=1.0_cv1=0.8_p=4_q=32_20260124-181737
6400,1.0,0.8,4,32,posthoc,fz,mspe,0.07166663,n=6400_bz=1.0_cv1=0.8_p=4_q=32_20260124-181737
6400,1.0,0.8,4,32,posthoc,fz,bias2,0.06552554,n=6400_bz=1.0_cv1=0.8_p=4_q=32_20260124-181737
6400,1.0,0.8,4,32,posthoc,fz,var,0.0061410856,n=6400_bz=1.0_cv1=0.8_p=4_q=32_20260124-181737
6400,1.0,0.8,4,32,posthoc,fr,mspe,0.015030115,n=6400_bz=1.0_cv1=0.8_p=4_q=32_20260124-181737
6400,1.0,0.8,4,32,posthoc,fr,bias2,0.007461858,n=6400_bz=1.0_cv1=0.8_p=4_q=32_20260124-181737
6400,1.0,0.8,4,32,posthoc,fr,var,0.0075682565,n=6400_bz=1.0_cv1=0.8_p=4_q=32_20260124-181737
6400,1.0,0.8,4,32,posthoc_orth,y,mspe,1.0927259,n=6400_bz=1.0_cv1=0.8_p=4_q=32_20260124-181737
6400,1.0,0.8,4,32,posthoc_orth,y,bias2,1.0883846,n=6400_bz=1.0_cv1=0.8_p=4_q=32_20260124-181737
6400,1.0,0.8,4,32,posthoc_orth,y,var,0.004341305,n=6400_bz=1.0_cv1=0.8_p=4_q=32_20260124-181737
6400,1.0,0.8,4,32,posthoc_orth,fx,mspe,0.0042235632,n=6400_bz=1.0_cv1=0.8_p=4_q=32_20260124-181737
6400,1.0,0.8,4,32,posthoc_orth,fx,bias2,0.0014217492,n=6400_bz=1.0_cv1=0.8_p=4_q=32_20260124-181737
6400,1.0,0.8,4,32,posthoc_orth,fx,var,0.0028018141,n=6400_bz=1.0_cv1=0.8_p=4_q=32_20260124-181737
6400,1.0,0.8,4,32,posthoc_orth,fz,mspe,0.1098001,n=6400_bz=1.0_cv1=0.8_p=4_q=32_20260124-181737
6400,1.0,0.8,4,32,posthoc_orth,fz,bias2,0.10832596,n=6400_bz=1.0_cv1=0.8_p=4_q=32_20260124-181737
6400,1.0,0.8,4,32,posthoc_orth,fz,var,0.0014741314,n=6400_bz=1.0_cv1=0.8_p=4_q=32_20260124-181737
6400,1.0,0.8,4,32,posthoc_orth,fr,mspe,0.004184532,n=6400_bz=1.0_cv1=0.8_p=4_q=32_20260124-181737
6400,1.0,0.8,4,32,posthoc_orth,fr,bias2,0.001382718,n=6400_bz=1.0_cv1=0.8_p=4_q=32_20260124-181737
6400,1.0,0.8,4,32,posthoc_orth,fr,var,0.0028018141,n=6400_bz=1.0_cv1=0.8_p=4_q=32_20260124-181737
6400,1.0,0.8,8,32,base,y,mspe,1.142821,n=6400_bz=1.0_cv1=0.8_p=8_q=32_20260124-182945
6400,1.0,0.8,8,32,base,y,bias2,1.1381831,n=6400_bz=1.0_cv1=0.8_p=8_q=32_20260124-182945
6400,1.0,0.8,8,32,base,y,var,0.0046377815,n=6400_bz=1.0_cv1=0.8_p=8_q=32_20260124-182945
6400,1.0,0.8,8,32,base,fx,mspe,0.07046044,n=6400_bz=1.0_cv1=0.8_p=8_q=32_20260124-182945
6400,1.0,0.8,8,32,base,fx,bias2,0.06638199,n=6400_bz=1.0_cv1=0.8_p=8_q=32_20260124-182945
6400,1.0,0.8,8,32,base,fx,var,0.004078448,n=6400_bz=1.0_cv1=0.8_p=8_q=32_20260124-182945
6400,1.0,0.8,8,32,base,fz,mspe,2.5083282e-06,n=6400_bz=1.0_cv1=0.8_p=8_q=32_20260124-182945
6400,1.0,0.8,8,32,base,fz,bias2,2.5083282e-06,n=6400_bz=1.0_cv1=0.8_p=8_q=32_20260124-182945
6400,1.0,0.8,8,32,base,fz,var,0.0,n=6400_bz=1.0_cv1=0.8_p=8_q=32_20260124-182945
6400,1.0,0.8,8,32,base,fr,mspe,0.07080299,n=6400_bz=1.0_cv1=0.8_p=8_q=32_20260124-182945
6400,1.0,0.8,8,32,base,fr,bias2,0.06672454,n=6400_bz=1.0_cv1=0.8_p=8_q=32_20260124-182945
6400,1.0,0.8,8,32,base,fr,var,0.004078448,n=6400_bz=1.0_cv1=0.8_p=8_q=32_20260124-182945
6400,1.0,0.8,8,32,posthoc,y,mspe,1.1847018,n=6400_bz=1.0_cv1=0.8_p=8_q=32_20260124-182945
6400,1.0,0.8,8,32,posthoc,y,bias2,1.1791588,n=6400_bz=1.0_cv1=0.8_p=8_q=32_20260124-182945
6400,1.0,0.8,8,32,posthoc,y,var,0.005542901,n=6400_bz=1.0_cv1=0.8_p=8_q=32_20260124-182945
6400,1.0,0.8,8,32,posthoc,fx,mspe,0.009001398,n=6400_bz=1.0_cv1=0.8_p=8_q=32_20260124-182945
6400,1.0,0.8,8,32,posthoc,fx,bias2,0.0035831665,n=6400_bz=1.0_cv1=0.8_p=8_q=32_20260124-182945
6400,1.0,0.8,8,32,posthoc,fx,var,0.005418232,n=6400_bz=1.0_cv1=0.8_p=8_q=32_20260124-182945
6400,1.0,0.8,8,32,posthoc,fz,mspe,0.07507502,n=6400_bz=1.0_cv1=0.8_p=8_q=32_20260124-182945
6400,1.0,0.8,8,32,posthoc,fz,bias2,0.07120454,n=6400_bz=1.0_cv1=0.8_p=8_q=32_20260124-182945
6400,1.0,0.8,8,32,posthoc,fz,var,0.0038704837,n=6400_bz=1.0_cv1=0.8_p=8_q=32_20260124-182945
6400,1.0,0.8,8,32,posthoc,fr,mspe,0.009072964,n=6400_bz=1.0_cv1=0.8_p=8_q=32_20260124-182945
6400,1.0,0.8,8,32,posthoc,fr,bias2,0.0036547333,n=6400_bz=1.0_cv1=0.8_p=8_q=32_20260124-182945
6400,1.0,0.8,8,32,posthoc,fr,var,0.005418232,n=6400_bz=1.0_cv1=0.8_p=8_q=32_20260124-182945
6400,1.0,0.8,8,32,posthoc_orth,y,mspe,1.1846365,n=6400_bz=1.0_cv1=0.8_p=8_q=32_20260124-182945
6400,1.0,0.8,8,32,posthoc_orth,y,bias2,1.1791195,n=6400_bz=1.0_cv1=0.8_p=8_q=32_20260124-182945
6400,1.0,0.8,8,32,posthoc_orth,y,var,0.0055172713,n=6400_bz=1.0_cv1=0.8_p=8_q=32_20260124-182945
6400,1.0,0.8,8,32,posthoc_orth,fx,mspe,0.003881145,n=6400_bz=1.0_cv1=0.8_p=8_q=32_20260124-182945
6400,1.0,0.8,8,32,posthoc_orth,fx,bias2,0.00091314444,n=6400_bz=1.0_cv1=0.8_p=8_q=32_20260124-182945
6400,1.0,0.8,8,32,posthoc_orth,fx,var,0.0029680007,n=6400_bz=1.0_cv1=0.8_p=8_q=32_20260124-182945
6400,1.0,0.8,8,32,posthoc_orth,fz,mspe,0.09952927,n=6400_bz=1.0_cv1=0.8_p=8_q=32_20260124-182945
6400,1.0,0.8,8,32,posthoc_orth,fz,bias2,0.096864484,n=6400_bz=1.0_cv1=0.8_p=8_q=32_20260124-182945
6400,1.0,0.8,8,32,posthoc_orth,fz,var,0.0026647851,n=6400_bz=1.0_cv1=0.8_p=8_q=32_20260124-182945
6400,1.0,0.8,8,32,posthoc_orth,fr,mspe,0.0038801944,n=6400_bz=1.0_cv1=0.8_p=8_q=32_20260124-182945
6400,1.0,0.8,8,32,posthoc_orth,fr,bias2,0.0009121938,n=6400_bz=1.0_cv1=0.8_p=8_q=32_20260124-182945
6400,1.0,0.8,8,32,posthoc_orth,fr,var,0.0029680007,n=6400_bz=1.0_cv1=0.8_p=8_q=32_20260124-182945
800,1.0,0.8,16,32,base,y,mspe,0.98209494,n=800_bz=1.0_cv1=0.8_p=16_q=32_20260124-171419
800,1.0,0.8,16,32,base,y,bias2,0.9677887,n=800_bz=1.0_cv1=0.8_p=16_q=32_20260124-171419
800,1.0,0.8,16,32,base,y,var,0.014306236,n=800_bz=1.0_cv1=0.8_p=16_q=32_20260124-171419
800,1.0,0.8,16,32,base,fx,mspe,0.043245386,n=800_bz=1.0_cv1=0.8_p=16_q=32_20260124-171419
800,1.0,0.8,16,32,base,fx,bias2,0.03088542,n=800_bz=1.0_cv1=0.8_p=16_q=32_20260124-171419
800,1.0,0.8,16,32,base,fx,var,0.012359964,n=800_bz=1.0_cv1=0.8_p=16_q=32_20260124-171419
800,1.0,0.8,16,32,base,fz,mspe,8.148678e-08,n=800_bz=1.0_cv1=0.8_p=16_q=32_20260124-171419
800,1.0,0.8,16,32,base,fz,bias2,8.1486775e-08,n=800_bz=1.0_cv1=0.8_p=16_q=32_20260124-171419
800,1.0,0.8,16,32,base,fz,var,0.0,n=800_bz=1.0_cv1=0.8_p=16_q=32_20260124-171419
800,1.0,0.8,16,32,base,fr,mspe,0.043280974,n=800_bz=1.0_cv1=0.8_p=16_q=32_20260124-171419
800,1.0,0.8,16,32,base,fr,bias2,0.03092101,n=800_bz=1.0_cv1=0.8_p=16_q=32_20260124-171419
800,1.0,0.8,16,32,base,fr,var,0.012359964,n=800_bz=1.0_cv1=0.8_p=16_q=32_20260124-171419
800,1.0,0.8,16,32,posthoc,y,mspe,1.0781542,n=800_bz=1.0_cv1=0.8_p=16_q=32_20260124-171419
800,1.0,0.8,16,32,posthoc,y,bias2,1.0249871,n=800_bz=1.0_cv1=0.8_p=16_q=32_20260124-171419
800,1.0,0.8,16,32,posthoc,y,var,0.053167146,n=800_bz=1.0_cv1=0.8_p=16_q=32_20260124-171419
800,1.0,0.8,16,32,posthoc,fx,mspe,0.017927716,n=800_bz=1.0_cv1=0.8_p=16_q=32_20260124-171419
800,1.0,0.8,16,32,posthoc,fx,bias2,0.0059173675,n=800_bz=1.0_cv1=0.8_p=16_q=32_20260124-171419
800,1.0,0.8,16,32,posthoc,fx,var,0.012010348,n=800_bz=1.0_cv1=0.8_p=16_q=32_20260124-171419
800,1.0,0.8,16,32,posthoc,fz,mspe,0.10799464,n=800_bz=1.0_cv1=0.8_p=16_q=32_20260124-171419
800,1.0,0.8,16,32,posthoc,fz,bias2,0.065282404,n=800_bz=1.0_cv1=0.8_p=16_q=32_20260124-171419
800,1.0,0.8,16,32,posthoc,fz,var,0.042712238,n=800_bz=1.0_cv1=0.8_p=16_q=32_20260124-171419
800,1.0,0.8,16,32,posthoc,fr,mspe,0.017943118,n=800_bz=1.0_cv1=0.8_p=16_q=32_20260124-171419
800,1.0,0.8,16,32,posthoc,fr,bias2,0.0059327716,n=800_bz=1.0_cv1=0.8_p=16_q=32_20260124-171419
800,1.0,0.8,16,32,posthoc,fr,var,0.012010348,n=800_bz=1.0_cv1=0.8_p=16_q=32_20260124-171419
800,1.0,0.8,16,32,posthoc_orth,y,mspe,1.0785167,n=800_bz=1.0_cv1=0.8_p=16_q=32_20260124-171419
800,1.0,0.8,16,32,posthoc_orth,y,bias2,1.0253785,n=800_bz=1.0_cv1=0.8_p=16_q=32_20260124-171419
800,1.0,0.8,16,32,posthoc_orth,y,var,0.053138386,n=800_bz=1.0_cv1=0.8_p=16_q=32_20260124-171419
800,1.0,0.8,16,32,posthoc_orth,fx,mspe,0.015948983,n=800_bz=1.0_cv1=0.8_p=16_q=32_20260124-171419
800,1.0,0.8,16,32,posthoc_orth,fx,bias2,0.0030275807,n=800_bz=1.0_cv1=0.8_p=16_q=32_20260124-171419
800,1.0,0.8,16,32,posthoc_orth,fx,var,0.012921402,n=800_bz=1.0_cv1=0.8_p=16_q=32_20260124-171419
800,1.0,0.8,16,32,posthoc_orth,fz,mspe,0.13864781,n=800_bz=1.0_cv1=0.8_p=16_q=32_20260124-171419
800,1.0,0.8,16,32,posthoc_orth,fz,bias2,0.09383403,n=800_bz=1.0_cv1=0.8_p=16_q=32_20260124-171419
800,1.0,0.8,16,32,posthoc_orth,fz,var,0.044813775,n=800_bz=1.0_cv1=0.8_p=16_q=32_20260124-171419
800,1.0,0.8,16,32,posthoc_orth,fr,mspe,0.015949469,n=800_bz=1.0_cv1=0.8_p=16_q=32_20260124-171419
800,1.0,0.8,16,32,posthoc_orth,fr,bias2,0.0030280673,n=800_bz=1.0_cv1=0.8_p=16_q=32_20260124-171419
800,1.0,0.8,16,32,posthoc_orth,fr,var,0.012921402,n=800_bz=1.0_cv1=0.8_p=16_q=32_20260124-171419
800,1.0,0.8,2,32,base,y,mspe,1.1065052,n=800_bz=1.0_cv1=0.8_p=2_q=32_20260124-170741
800,1.0,0.8,2,32,base,y,bias2,1.0931754,n=800_bz=1.0_cv1=0.8_p=2_q=32_20260124-170741
800,1.0,0.8,2,32,base,y,var,0.013329808,n=800_bz=1.0_cv1=0.8_p=2_q=32_20260124-170741
800,1.0,0.8,2,32,base,fx,mspe,0.13472438,n=800_bz=1.0_cv1=0.8_p=2_q=32_20260124-170741
800,1.0,0.8,2,32,base,fx,bias2,0.123141006,n=800_bz=1.0_cv1=0.8_p=2_q=32_20260124-170741
800,1.0,0.8,2,32,base,fx,var,0.011583375,n=800_bz=1.0_cv1=0.8_p=2_q=32_20260124-170741
800,1.0,0.8,2,32,base,fz,mspe,0.0026593867,n=800_bz=1.0_cv1=0.8_p=2_q=32_20260124-170741
800,1.0,0.8,2,32,base,fz,bias2,0.0026593867,n=800_bz=1.0_cv1=0.8_p=2_q=32_20260124-170741
800,1.0,0.8,2,32,base,fz,var,0.0,n=800_bz=1.0_cv1=0.8_p=2_q=32_20260124-170741
800,1.0,0.8,2,32,base,fr,mspe,0.15244243,n=800_bz=1.0_cv1=0.8_p=2_q=32_20260124-170741
800,1.0,0.8,2,32,base,fr,bias2,0.14085905,n=800_bz=1.0_cv1=0.8_p=2_q=32_20260124-170741
800,1.0,0.8,2,32,base,fr,var,0.011583375,n=800_bz=1.0_cv1=0.8_p=2_q=32_20260124-170741
800,1.0,0.8,2,32,posthoc,y,mspe,1.1328149,n=800_bz=1.0_cv1=0.8_p=2_q=32_20260124-170741
800,1.0,0.8,2,32,posthoc,y,bias2,1.1168036,n=800_bz=1.0_cv1=0.8_p=2_q=32_20260124-170741
800,1.0,0.8,2,32,posthoc,y,var,0.016011352,n=800_bz=1.0_cv1=0.8_p=2_q=32_20260124-170741
800,1.0,0.8,2,32,posthoc,fx,mspe,0.06224253,n=800_bz=1.0_cv1=0.8_p=2_q=32_20260124-170741
800,1.0,0.8,2,32,posthoc,fx,bias2,0.028930927,n=800_bz=1.0_cv1=0.8_p=2_q=32_20260124-170741
800,1.0,0.8,2,32,posthoc,fx,var,0.033311598,n=800_bz=1.0_cv1=0.8_p=2_q=32_20260124-170741
800,1.0,0.8,2,32,posthoc,fz,mspe,0.058901433,n=800_bz=1.0_cv1=0.8_p=2_q=32_20260124-170741
800,1.0,0.8,2,32,posthoc,fz,bias2,0.032524556,n=800_bz=1.0_cv1=0.8_p=2_q=32_20260124-170741
800,1.0,0.8,2,32,posthoc,fz,var,0.02637688,n=800_bz=1.0_cv1=0.8_p=2_q=32_20260124-170741
800,1.0,0.8,2,32,posthoc,fr,mspe,0.070951626,n=800_bz=1.0_cv1=0.8_p=2_q=32_20260124-170741
800,1.0,0.8,2,32,posthoc,fr,bias2,0.03764003,n=800_bz=1.0_cv1=0.8_p=2_q=32_20260124-170741
800,1.0,0.8,2,32,posthoc,fr,var,0.033311598,n=800_bz=1.0_cv1=0.8_p=2_q=32_20260124-170741
800,1.0,0.8,2,32,posthoc_orth,y,mspe,1.1330429,n=800_bz=1.0_cv1=0.8_p=2_q=32_20260124-170741
800,1.0,0.8,2,32,posthoc_orth,y,bias2,1.1169693,n=800_bz=1.0_cv1=0.8_p=2_q=32_20260124-170741
800,1.0,0.8,2,32,posthoc_orth,y,var,0.016073586,n=800_bz=1.0_cv1=0.8_p=2_q=32_20260124-170741
800,1.0,0.8,2,32,posthoc_orth,fx,mspe,0.015959775,n=800_bz=1.0_cv1=0.8_p=2_q=32_20260124-170741
800,1.0,0.8,2,32,posthoc_orth,fx,bias2,0.004895157,n=800_bz=1.0_cv1=0.8_p=2_q=32_20260124-170741
800,1.0,0.8,2,32,posthoc_orth,fx,var,0.011064618,n=800_bz=1.0_cv1=0.8_p=2_q=32_20260124-170741
800,1.0,0.8,2,32,posthoc_orth,fz,mspe,0.1338795,n=800_bz=1.0_cv1=0.8_p=2_q=32_20260124-170741
800,1.0,0.8,2,32,posthoc_orth,fz,bias2,0.12943196,n=800_bz=1.0_cv1=0.8_p=2_q=32_20260124-170741
800,1.0,0.8,2,32,posthoc_orth,fz,var,0.0044475268,n=800_bz=1.0_cv1=0.8_p=2_q=32_20260124-170741
800,1.0,0.8,2,32,posthoc_orth,fr,mspe,0.015304962,n=800_bz=1.0_cv1=0.8_p=2_q=32_20260124-170741
800,1.0,0.8,2,32,posthoc_orth,fr,bias2,0.0042403447,n=800_bz=1.0_cv1=0.8_p=2_q=32_20260124-170741
800,1.0,0.8,2,32,posthoc_orth,fr,var,0.011064618,n=800_bz=1.0_cv1=0.8_p=2_q=32_20260124-170741
800,1.0,0.8,4,32,base,y,mspe,1.0597205,n=800_bz=1.0_cv1=0.8_p=4_q=32_20260124-170942
800,1.0,0.8,4,32,base,y,bias2,1.0468277,n=800_bz=1.0_cv1=0.8_p=4_q=32_20260124-170942
800,1.0,0.8,4,32,base,y,var,0.012892835,n=800_bz=1.0_cv1=0.8_p=4_q=32_20260124-170942
800,1.0,0.8,4,32,base,fx,mspe,0.08238846,n=800_bz=1.0_cv1=0.8_p=4_q=32_20260124-170942
800,1.0,0.8,4,32,base,fx,bias2,0.07110896,n=800_bz=1.0_cv1=0.8_p=4_q=32_20260124-170942
800,1.0,0.8,4,32,base,fx,var,0.0112795,n=800_bz=1.0_cv1=0.8_p=4_q=32_20260124-170942
800,1.0,0.8,4,32,base,fz,mspe,7.929306e-05,n=800_bz=1.0_cv1=0.8_p=4_q=32_20260124-170942
800,1.0,0.8,4,32,base,fz,bias2,7.929306e-05,n=800_bz=1.0_cv1=0.8_p=4_q=32_20260124-170942
800,1.0,0.8,4,32,base,fz,var,0.0,n=800_bz=1.0_cv1=0.8_p=4_q=32_20260124-170942
800,1.0,0.8,4,32,base,fr,mspe,0.08445542,n=800_bz=1.0_cv1=0.8_p=4_q=32_20260124-170942
800,1.0,0.8,4,32,base,fr,bias2,0.07317593,n=800_bz=1.0_cv1=0.8_p=4_q=32_20260124-170942
800,1.0,0.8,4,32,base,fr,var,0.0112795,n=800_bz=1.0_cv1=0.8_p=4_q=32_20260124-170942
800,1.0,0.8,4,32,posthoc,y,mspe,1.1142342,n=800_bz=1.0_cv1=0.8_p=4_q=32_20260124-170942
800,1.0,0.8,4,32,posthoc,y,bias2,1.0943236,n=800_bz=1.0_cv1=0.8_p=4_q=32_20260124-170942
800,1.0,0.8,4,32,posthoc,y,var,0.019910628,n=800_bz=1.0_cv1=0.8_p=4_q=32_20260124-170942
800,1.0,0.8,4,32,posthoc,fx,mspe,0.029629601,n=800_bz=1.0_cv1=0.8_p=4_q=32_20260124-170942
800,1.0,0.8,4,32,posthoc,fx,bias2,0.012906817,n=800_bz=1.0_cv1=0.8_p=4_q=32_20260124-170942
800,1.0,0.8,4,32,posthoc,fx,var,0.016722785,n=800_bz=1.0_cv1=0.8_p=4_q=32_20260124-170942
800,1.0,0.8,4,32,posthoc,fz,mspe,0.07109089,n=800_bz=1.0_cv1=0.8_p=4_q=32_20260124-170942
800,1.0,0.8,4,32,posthoc,fz,bias2,0.054465964,n=800_bz=1.0_cv1=0.8_p=4_q=32_20260124-170942
800,1.0,0.8,4,32,posthoc,fz,var,0.01662492,n=800_bz=1.0_cv1=0.8_p=4_q=32_20260124-170942
800,1.0,0.8,4,32,posthoc,fr,mspe,0.030508148,n=800_bz=1.0_cv1=0.8_p=4_q=32_20260124-170942
800,1.0,0.8,4,32,posthoc,fr,bias2,0.013785362,n=800_bz=1.0_cv1=0.8_p=4_q=32_20260124-170942
800,1.0,0.8,4,32,posthoc,fr,var,0.016722785,n=800_bz=1.0_cv1=0.8_p=4_q=32_20260124-170942
800,1.0,0.8,4,32,posthoc_orth,y,mspe,1.1147295,n=800_bz=1.0_cv1=0.8_p=4_q=32_20260124-170942
800,1.0,0.8,4,32,posthoc_orth,y,bias2,1.0944724,n=800_bz=1.0_cv1=0.8_p=4_q=32_20260124-170942
800,1.0,0.8,4,32,posthoc_orth,y,var,0.020257069,n=800_bz=1.0_cv1=0.8_p=4_q=32_20260124-170942
800,1.0,0.8,4,32,posthoc_orth,fx,mspe,0.011675119,n=800_bz=1.0_cv1=0.8_p=4_q=32_20260124-170942
800,1.0,0.8,4,32,posthoc_orth,fx,bias2,0.0027286066,n=800_bz=1.0_cv1=0.8_p=4_q=32_20260124-170942
800,1.0,0.8,4,32,posthoc_orth,fx,var,0.008946513,n=800_bz=1.0_cv1=0.8_p=4_q=32_20260124-170942
800,1.0,0.8,4,32,posthoc_orth,fz,mspe,0.12308785,n=800_bz=1.0_cv1=0.8_p=4_q=32_20260124-170942
800,1.0,0.8,4,32,posthoc_orth,fz,bias2,0.111903,n=800_bz=1.0_cv1=0.8_p=4_q=32_20260124-170942
800,1.0,0.8,4,32,posthoc_orth,fz,var,0.011184862,n=800_bz=1.0_cv1=0.8_p=4_q=32_20260124-170942
800,1.0,0.8,4,32,posthoc_orth,fr,mspe,0.011633894,n=800_bz=1.0_cv1=0.8_p=4_q=32_20260124-170942
800,1.0,0.8,4,32,posthoc_orth,fr,bias2,0.002687381,n=800_bz=1.0_cv1=0.8_p=4_q=32_20260124-170942
800,1.0,0.8,4,32,posthoc_orth,fr,var,0.008946513,n=800_bz=1.0_cv1=0.8_p=4_q=32_20260124-170942
800,1.0,0.8,8,32,base,y,mspe,1.1263301,n=800_bz=1.0_cv1=0.8_p=8_q=32_20260124-171148
800,1.0,0.8,8,32,base,y,bias2,1.1135637,n=800_bz=1.0_cv1=0.8_p=8_q=32_20260124-171148
800,1.0,0.8,8,32,base,y,var,0.012766391,n=800_bz=1.0_cv1=0.8_p=8_q=32_20260124-171148
800,1.0,0.8,8,32,base,fx,mspe,0.059133716,n=800_bz=1.0_cv1=0.8_p=8_q=32_20260124-171148
800,1.0,0.8,8,32,base,fx,bias2,0.047765866,n=800_bz=1.0_cv1=0.8_p=8_q=32_20260124-171148
800,1.0,0.8,8,32,base,fx,var,0.011367848,n=800_bz=1.0_cv1=0.8_p=8_q=32_20260124-171148
800,1.0,0.8,8,32,base,fz,mspe,2.5083282e-06,n=800_bz=1.0_cv1=0.8_p=8_q=32_20260124-171148
800,1.0,0.8,8,32,base,fz,bias2,2.5083282e-06,n=800_bz=1.0_cv1=0.8_p=8_q=32_20260124-171148
800,1.0,0.8,8,32,base,fz,var,0.0,n=800_bz=1.0_cv1=0.8_p=8_q=32_20260124-171148
800,1.0,0.8,8,32,base,fr,mspe,0.059407704,n=800_bz=1.0_cv1=0.8_p=8_q=32_20260124-171148
800,1.0,0.8,8,32,base,fr,bias2,0.048039865,n=800_bz=1.0_cv1=0.8_p=8_q=32_20260124-171148
800,1.0,0.8,8,32,base,fr,var,0.011367848,n=800_bz=1.0_cv1=0.8_p=8_q=32_20260124-171148
800,1.0,0.8,8,32,posthoc,y,mspe,1.2103027,n=800_bz=1.0_cv1=0.8_p=8_q=32_20260124-171148
800,1.0,0.8,8,32,posthoc,y,bias2,1.1807151,n=800_bz=1.0_cv1=0.8_p=8_q=32_20260124-171148
800,1.0,0.8,8,32,posthoc,y,var,0.029587647,n=800_bz=1.0_cv1=0.8_p=8_q=32_20260124-171148
800,1.0,0.8,8,32,posthoc,fx,mspe,0.02374282,n=800_bz=1.0_cv1=0.8_p=8_q=32_20260124-171148
800,1.0,0.8,8,32,posthoc,fx,bias2,0.00868344,n=800_bz=1.0_cv1=0.8_p=8_q=32_20260124-171148
800,1.0,0.8,8,32,posthoc,fx,var,0.01505938,n=800_bz=1.0_cv1=0.8_p=8_q=32_20260124-171148
800,1.0,0.8,8,32,posthoc,fz,mspe,0.08568977,n=800_bz=1.0_cv1=0.8_p=8_q=32_20260124-171148
800,1.0,0.8,8,32,posthoc,fz,bias2,0.06207974,n=800_bz=1.0_cv1=0.8_p=8_q=32_20260124-171148
800,1.0,0.8,8,32,posthoc,fz,var,0.023610033,n=800_bz=1.0_cv1=0.8_p=8_q=32_20260124-171148
800,1.0,0.8,8,32,posthoc,fr,mspe,0.023858096,n=800_bz=1.0_cv1=0.8_p=8_q=32_20260124-171148
800,1.0,0.8,8,32,posthoc,fr,bias2,0.0087987175,n=800_bz=1.0_cv1=0.8_p=8_q=32_20260124-171148
800,1.0,0.8,8,32,posthoc,fr,var,0.01505938,n=800_bz=1.0_cv1=0.8_p=8_q=32_20260124-171148
800,1.0,0.8,8,32,posthoc_orth,y,mspe,1.2100844,n=800_bz=1.0_cv1=0.8_p=8_q=32_20260124-171148
800,1.0,0.8,8,32,posthoc_orth,y,bias2,1.1805692,n=800_bz=1.0_cv1=0.8_p=8_q=32_20260124-171148
800,1.0,0.8,8,32,posthoc_orth,y,var,0.02951532,n=800_bz=1.0_cv1=0.8_p=8_q=32_20260124-171148
800,1.0,0.8,8,32,posthoc_orth,fx,mspe,0.013802957,n=800_bz=1.0_cv1=0.8_p=8_q=32_20260124-171148
800,1.0,0.8,8,32,posthoc_orth,fx,bias2,0.0027493448,n=800_bz=1.0_cv1=0.8_p=8_q=32_20260124-171148
800,1.0,0.8,8,32,posthoc_orth,fx,var,0.0110536115,n=800_bz=1.0_cv1=0.8_p=8_q=32_20260124-171148
800,1.0,0.8,8,32,posthoc_orth,fz,mspe,0.124408156,n=800_bz=1.0_cv1=0.8_p=8_q=32_20260124-171148
800,1.0,0.8,8,32,posthoc_orth,fz,bias2,0.10371382,n=800_bz=1.0_cv1=0.8_p=8_q=32_20260124-171148
800,1.0,0.8,8,32,posthoc_orth,fz,var,0.020694336,n=800_bz=1.0_cv1=0.8_p=8_q=32_20260124-171148
800,1.0,0.8,8,32,posthoc_orth,fr,mspe,0.013799779,n=800_bz=1.0_cv1=0.8_p=8_q=32_20260124-171148
800,1.0,0.8,8,32,posthoc_orth,fr,bias2,0.0027461671,n=800_bz=1.0_cv1=0.8_p=8_q=32_20260124-171148
800,1.0,0.8,8,32,posthoc_orth,fr,var,0.0110536115,n=800_bz=1.0_cv1=0.8_p=8_q=32_20260124-171148
