model,effect,metric,value,bz,n
refit,y,mspe,0.24738597869873047,0,12800
refit,y,bias2,0.247166708111763,0,12800
refit,y,var,0.00021926652698311955,0,12800
refit,fx,mspe,0.004507862962782383,0,12800
refit,fx,bias2,0.0008131514769047499,0,12800
refit,fx,var,0.0036947117187082767,0,12800
refit,fr,mspe,0.020042825490236282,0,12800
refit,fr,bias2,0.016348112374544144,0,12800
refit,fr,var,0.0036947117187082767,0,12800
refit,fz,mspe,0.0013068323023617268,0,12800
refit,fz,bias2,0.00023480963136535138,0,12800
refit,fz,var,0.0010720225982367992,0,12800
refit_orth,y,mspe,0.2473868876695633,0,12800
refit_orth,y,bias2,0.24716758728027344,0,12800
refit_orth,y,var,0.000219294466660358,0,12800
refit_orth,fx,mspe,0.022889969870448112,0,12800
refit_orth,fx,bias2,0.019862795248627663,0,12800
refit_orth,fx,var,0.003027173224836588,0,12800
refit_orth,fr,mspe,0.003640697803348303,0,12800
refit_orth,fr,bias2,0.0006135248695500195,0,12800
refit_orth,fr,var,0.003027173224836588,0,12800
refit_orth,fz,mspe,0.019932592287659645,0,12800
refit_orth,fz,bias2,0.01957358978688717,0,12800
refit_orth,fz,var,0.00035900325747206807,0,12800
base,y,mspe,0.24757400155067444,0,12800
base,y,bias2,0.2473197728395462,0,12800
base,y,var,0.0002542224247008562,0,12800
base,fx,mspe,0.0040811412036418915,0,12800
base,fx,bias2,0.0007898843032307923,0,12800
base,fx,var,0.00329125695861876,0,12800
base,fr,mspe,0.019298724830150604,0,12800
base,fr,bias2,0.016007468104362488,0,12800
base,fr,var,0.00329125695861876,0,12800
base,fz,mspe,0.0,0,12800
base,fz,bias2,0.0,0,12800
base,fz,var,0.0,0,12800
posthoc_web,y,mspe,0.24894919991493225,0,12800
posthoc_web,y,bias2,0.2487146407365799,0,12800
posthoc_web,y,var,0.00023457733914256096,0,12800
posthoc_web,fx,mspe,0.0228916984051466,0,12800
posthoc_web,fx,bias2,0.01995869353413582,0,12800
posthoc_web,fx,var,0.0029330039396882057,0,12800
posthoc_web,fr,mspe,0.0034895334392786026,0,12800
posthoc_web,fr,bias2,0.0005565295577980578,0,12800
posthoc_web,fr,var,0.0029330039396882057,0,12800
posthoc_web,fz,mspe,0.0,0,12800
posthoc_web,fz,bias2,0.0,0,12800
posthoc_web,fz,var,0.0,0,12800
refit,y,mspe,0.24509960412979126,0.5,12800
refit,y,bias2,0.2449013888835907,0.5,12800
refit,y,var,0.00019820431771222502,0.5,12800
refit,fx,mspe,0.00429634191095829,0.5,12800
refit,fx,bias2,0.0009152871207334101,0.5,12800
refit,fx,var,0.0033810550812631845,0.5,12800
refit,fr,mspe,0.02662799321115017,0.5,12800
refit,fr,bias2,0.023246942088007927,0.5,12800
refit,fr,var,0.0033810550812631845,0.5,12800
refit,fz,mspe,0.001050654798746109,0.5,12800
refit,fz,bias2,0.00011680683383019641,0.5,12800
refit,fz,var,0.0009338480303995311,0.5,12800
refit_orth,y,mspe,0.24509873986244202,0.5,12800
refit_orth,y,bias2,0.24490100145339966,0.5,12800
refit_orth,y,var,0.00019773896201513708,0.5,12800
refit_orth,fx,mspe,0.022923020645976067,0.5,12800
refit_orth,fx,bias2,0.020186588168144226,0.5,12800
refit_orth,fx,var,0.002736430149525404,0.5,12800
refit_orth,fr,mspe,0.0035483124665915966,0.5,12800
refit_orth,fr,bias2,0.0008118825498968363,0.5,12800
refit_orth,fr,var,0.002736430149525404,0.5,12800
refit_orth,fz,mspe,0.019634729251265526,0.5,12800
refit_orth,fz,bias2,0.019201960414648056,0.5,12800
refit_orth,fz,var,0.000432768021710217,0.5,12800
base,y,mspe,0.2458486557006836,0.5,12800
base,y,bias2,0.24559062719345093,0.5,12800
base,y,var,0.0002580072032287717,0.5,12800
base,fx,mspe,0.01342847477644682,0.5,12800
base,fx,bias2,0.009899597615003586,0.5,12800
base,fx,var,0.0035288778599351645,0.5,12800
base,fr,mspe,0.054649773985147476,0.5,12800
base,fr,bias2,0.05112089961767197,0.5,12800
base,fr,var,0.0035288778599351645,0.5,12800
base,fz,mspe,0.01948864758014679,0.5,12800
base,fz,bias2,0.01948864758014679,0.5,12800
base,fz,var,0.0,0.5,12800
posthoc_web,y,mspe,0.24976402521133423,0.5,12800
posthoc_web,y,bias2,0.24952362477779388,0.5,12800
posthoc_web,y,var,0.00024042178119998425,0.5,12800
posthoc_web,fx,mspe,0.027195528149604797,0.5,12800
posthoc_web,fx,bias2,0.024116234853863716,0.5,12800
posthoc_web,fx,var,0.0030792916659265757,0.5,12800
posthoc_web,fr,mspe,0.006926866713911295,0.5,12800
posthoc_web,fr,bias2,0.0038475757464766502,0.5,12800
posthoc_web,fr,var,0.0030792916659265757,0.5,12800
posthoc_web,fz,mspe,0.01948864758014679,0.5,12800
posthoc_web,fz,bias2,0.01948864758014679,0.5,12800
posthoc_web,fz,var,0.0,0.5,12800
refit,y,mspe,0.23838216066360474,1,12800
refit,y,bias2,0.23818179965019226,1,12800
refit,y,var,0.0002003819536184892,1,12800
refit,fx,mspe,0.004700730554759502,1,12800
refit,fx,bias2,0.0010605660500004888,1,12800
refit,fx,var,0.0036401646211743355,1,12800
refit,fr,mspe,0.028730519115924835,1,12800
refit,fr,bias2,0.025090353563427925,1,12800
refit,fr,var,0.0036401646211743355,1,12800
refit,fz,mspe,0.001719984458759427,1,12800
refit,fz,bias2,0.00029314038692973554,1,12800
refit,fz,var,0.001426844042725861,1,12800
refit_orth,y,mspe,0.23838268220424652,1,12800
refit_orth,y,bias2,0.23818248510360718,1,12800
refit_orth,y,var,0.00020019215298816562,1,12800
refit_orth,fx,mspe,0.023096848279237747,1,12800
refit_orth,fx,bias2,0.020275510847568512,1,12800
refit_orth,fx,var,0.0028213367331773043,1,12800
refit_orth,fr,mspe,0.003617781912907958,1,12800
refit_orth,fr,bias2,0.0007964454707689583,1,12800
refit_orth,fr,var,0.0028213367331773043,1,12800
refit_orth,fz,mspe,0.019672373309731483,1,12800
refit_orth,fz,bias2,0.019238341599702835,1,12800
refit_orth,fz,var,0.0004340317100286484,1,12800
base,y,mspe,0.241112619638443,1,12800
base,y,bias2,0.24083279073238373,1,12800
base,y,var,0.0002798259083647281,1,12800
base,fx,mspe,0.05147822946310043,1,12800
base,fx,bias2,0.047403354197740555,1,12800
base,fx,var,0.00407487154006958,1,12800
base,fr,mspe,0.11969961225986481,1,12800
base,fr,bias2,0.11562474071979523,1,12800
base,fr,var,0.00407487154006958,1,12800
base,fz,mspe,0.07795459032058716,1,12800
base,fz,bias2,0.07795459032058716,1,12800
base,fz,var,0.0,1,12800
posthoc_web,y,mspe,0.2516060173511505,1,12800
posthoc_web,y,bias2,0.2513332664966583,1,12800
posthoc_web,y,var,0.000272748147835955,1,12800
posthoc_web,fx,mspe,0.04185048118233681,1,12800
posthoc_web,fx,bias2,0.038213882595300674,1,12800
posthoc_web,fx,var,0.0036365974228829145,1,12800
posthoc_web,fr,mspe,0.02061002515256405,1,12800
posthoc_web,fr,bias2,0.016973428428173065,1,12800
posthoc_web,fr,var,0.0036365974228829145,1,12800
posthoc_web,fz,mspe,0.07795459032058716,1,12800
posthoc_web,fz,bias2,0.07795459032058716,1,12800
posthoc_web,fz,var,0.0,1,12800
refit,y,mspe,0.23285050690174103,1.5,12800
refit,y,bias2,0.2326602041721344,1.5,12800
refit,y,var,0.0001903129304992035,1.5,12800
refit,fx,mspe,0.004657272715121508,1.5,12800
refit,fx,bias2,0.0010001097107306123,1.5,12800
refit,fx,var,0.0036571628879755735,1.5,12800
refit,fr,mspe,0.028174160048365593,1.5,12800
refit,fr,bias2,0.02451699785888195,1.5,12800
refit,fr,var,0.0036571628879755735,1.5,12800
refit,fz,mspe,0.0016735125100240111,1.5,12800
refit,fz,bias2,0.000261202483670786,1.5,12800
refit,fz,var,0.0014123100554570556,1.5,12800
refit_orth,y,mspe,0.23285003006458282,1.5,12800
refit_orth,y,bias2,0.23266009986400604,1.5,12800
refit_orth,y,var,0.00018995095160789788,1.5,12800
refit_orth,fx,mspe,0.022970661520957947,1.5,12800
refit_orth,fx,bias2,0.020164594054222107,1.5,12800
refit_orth,fx,var,0.0028060665354132652,1.5,12800
refit_orth,fr,mspe,0.00359830679371953,1.5,12800
refit_orth,fr,bias2,0.0007922404329292476,1.5,12800
refit_orth,fr,var,0.0028060665354132652,1.5,12800
refit_orth,fz,mspe,0.019350653514266014,1.5,12800
refit_orth,fz,bias2,0.018894916400313377,1.5,12800
refit_orth,fz,var,0.00045573682291433215,1.5,12800
base,y,mspe,0.23786628246307373,1.5,12800
base,y,bias2,0.23756523430347443,1.5,12800
base,y,var,0.0003010708896908909,1.5,12800
base,fx,mspe,0.10641200095415115,1.5,12800
base,fx,bias2,0.10276436060667038,1.5,12800
base,fx,var,0.0036476466339081526,1.5,12800
base,fr,mspe,0.1978762298822403,1.5,12800
base,fr,bias2,0.19422858953475952,1.5,12800
base,fr,var,0.0036476466339081526,1.5,12800
base,fz,mspe,0.1753978282213211,1.5,12800
base,fz,bias2,0.1753978282213211,1.5,12800
base,fz,var,0.0,1.5,12800
posthoc_web,y,mspe,0.25458237528800964,1.5,12800
posthoc_web,y,bias2,0.25428175926208496,1.5,12800
posthoc_web,y,var,0.00030061331926845014,1.5,12800
posthoc_web,fx,mspe,0.06170932948589325,1.5,12800
posthoc_web,fx,bias2,0.05858578532934189,1.5,12800
posthoc_web,fx,var,0.003123540198430419,1.5,12800
posthoc_web,fr,mspe,0.03951645269989967,1.5,12800
posthoc_web,fr,bias2,0.03639291226863861,1.5,12800
posthoc_web,fr,var,0.003123540198430419,1.5,12800
posthoc_web,fz,mspe,0.1753978282213211,1.5,12800
posthoc_web,fz,bias2,0.1753978282213211,1.5,12800
posthoc_web,fz,var,0.0,1.5,12800
refit,y,mspe,0.22557389736175537,2,12800
refit,y,bias2,0.22540950775146484,2,12800
refit,y,var,0.00016438934835605323,2,12800
refit,fx,mspe,0.0044675725512206554,2,12800
refit,fx,bias2,0.0011654968839138746,2,12800
refit,fx,var,0.0033020759001374245,2,12800
refit,fr,mspe,0.028187725692987442,2,12800
refit,fr,bias2,0.024885648861527443,2,12800
refit,fr,var,0.0033020759001374245,2,12800
refit,fz,mspe,0.0013879468897357583,2,12800
refit,fz,bias2,0.00029471892048604786,2,12800
refit,fz,var,0.001093227998353541,2,12800
refit_orth,y,mspe,0.2255735844373703,2,12800
refit_orth,y,bias2,0.22540946304798126,2,12800
refit_orth,y,var,0.0001640897971810773,2,12800
refit_orth,fx,mspe,0.022929705679416656,2,12800
refit_orth,fx,bias2,0.020393334329128265,2,12800
refit_orth,fx,var,0.0025363736785948277,2,12800
refit_orth,fr,mspe,0.003474757308140397,2,12800
refit_orth,fr,bias2,0.0009383836877532303,2,12800
refit_orth,fr,var,0.0025363736785948277,2,12800
refit_orth,fz,mspe,0.019365794956684113,2,12800
refit_orth,fz,bias2,0.018899550661444664,2,12800
refit_orth,fz,var,0.00046624563401564956,2,12800
base,y,mspe,0.23326140642166138,2,12800
base,y,bias2,0.2329578846693039,2,12800
base,y,var,0.00030352792236953974,2,12800
base,fx,mspe,0.19584165513515472,2,12800
base,fx,bias2,0.19106362760066986,2,12800
base,fx,var,0.004778034519404173,2,12800
base,fr,mspe,0.31361380219459534,2,12800
base,fr,bias2,0.30883580446243286,2,12800
base,fr,var,0.004778034519404173,2,12800
base,fz,mspe,0.31181836128234863,2,12800
base,fz,bias2,0.31181836128234863,2,12800
base,fz,var,0.0,2,12800
posthoc_web,y,mspe,0.25824612379074097,2,12800
posthoc_web,y,bias2,0.25792667269706726,2,12800
posthoc_web,y,var,0.0003194676828570664,2,12800
posthoc_web,fx,mspe,0.0947345718741417,2,12800
posthoc_web,fx,bias2,0.09058576822280884,2,12800
posthoc_web,fx,var,0.004148814361542463,2,12800
posthoc_web,fr,mspe,0.07146432250738144,2,12800
posthoc_web,fr,bias2,0.06731550395488739,2,12800
posthoc_web,fr,var,0.004148814361542463,2,12800
posthoc_web,fz,mspe,0.31181836128234863,2,12800
posthoc_web,fz,bias2,0.31181836128234863,2,12800
posthoc_web,fz,var,0.0,2,12800
refit,y,mspe,0.21845366060733795,2.5,12800
refit,y,bias2,0.2182951718568802,2.5,12800
refit,y,var,0.00015846600581426173,2.5,12800
refit,fx,mspe,0.00466948701068759,2.5,12800
refit,fx,bias2,0.0010602609254419804,2.5,12800
refit,fx,var,0.0036092260852456093,2.5,12800
refit,fr,mspe,0.027902569621801376,2.5,12800
refit,fr,bias2,0.02429334633052349,2.5,12800
refit,fr,var,0.0036092260852456093,2.5,12800
refit,fz,mspe,0.0015293060569092631,2.5,12800
refit,fz,bias2,0.00019542526570148766,2.5,12800
refit,fz,var,0.001333880820311606,2.5,12800
refit_orth,y,mspe,0.21845278143882751,2.5,12800
refit_orth,y,bias2,0.21829454600811005,2.5,12800
refit_orth,y,var,0.00015822327986825258,2.5,12800
refit_orth,fx,mspe,0.022985629737377167,2.5,12800
refit_orth,fx,bias2,0.020370354875922203,2.5,12800
refit_orth,fx,var,0.0026152771897614002,2.5,12800
refit_orth,fr,mspe,0.0034966361708939075,2.5,12800
refit_orth,fr,bias2,0.0008813587483018637,2.5,12800
refit_orth,fr,var,0.0026152771897614002,2.5,12800
refit_orth,fz,mspe,0.01985931396484375,2.5,12800
refit_orth,fz,bias2,0.01933574490249157,2.5,12800
refit_orth,fz,var,0.0005235721473582089,2.5,12800
base,y,mspe,0.2280576378107071,2.5,12800
base,y,bias2,0.22775806486606598,2.5,12800
base,y,var,0.00029957483639009297,2.5,12800
base,fx,mspe,0.3087049722671509,2.5,12800
base,fx,bias2,0.303419291973114,2.5,12800
base,fx,var,0.005285684950649738,2.5,12800
base,fr,mspe,0.452041357755661,2.5,12800
base,fr,bias2,0.44675567746162415,2.5,12800
base,fr,var,0.005285684950649738,2.5,12800
base,fz,mspe,0.48721617460250854,2.5,12800
base,fz,bias2,0.48721617460250854,2.5,12800
base,fz,var,0.0,2.5,12800
posthoc_web,y,mspe,0.26060402393341064,2.5,12800
posthoc_web,y,bias2,0.260290265083313,2.5,12800
posthoc_web,y,var,0.00031374767422676086,2.5,12800
posthoc_web,fx,mspe,0.1353655308485031,2.5,12800
posthoc_web,fx,bias2,0.13108862936496735,2.5,12800
posthoc_web,fx,var,0.004276893101632595,2.5,12800
posthoc_web,fr,mspe,0.11119072139263153,2.5,12800
posthoc_web,fr,bias2,0.10691381245851517,2.5,12800
posthoc_web,fr,var,0.004276893101632595,2.5,12800
posthoc_web,fz,mspe,0.48721617460250854,2.5,12800
posthoc_web,fz,bias2,0.48721617460250854,2.5,12800
posthoc_web,fz,var,0.0,2.5,12800
refit,y,mspe,0.2093219757080078,3,12800
refit,y,bias2,0.20915527641773224,3,12800
refit,y,var,0.00016669016622472554,3,12800
refit,fx,mspe,0.005526470951735973,3,12800
refit,fx,bias2,0.0012034543324261904,3,12800
refit,fx,var,0.004323016852140427,3,12800
refit,fr,mspe,0.02819203771650791,3,12800
refit,fr,bias2,0.023869019001722336,3,12800
refit,fr,var,0.004323016852140427,3,12800
refit,fz,mspe,0.0018721413798630238,3,12800
refit,fz,bias2,0.00015155754226725549,3,12800
refit,fz,var,0.001720583881251514,3,12800
refit_orth,y,mspe,0.2093159556388855,3,12800
refit_orth,y,bias2,0.20915168523788452,3,12800
refit_orth,y,var,0.00016426459478680044,3,12800
refit_orth,fx,mspe,0.02356545999646187,3,12800
refit_orth,fx,bias2,0.020522423088550568,3,12800
refit_orth,fx,var,0.003043035976588726,3,12800
refit_orth,fr,mspe,0.004120269790291786,3,12800
refit_orth,fr,bias2,0.0010772340465337038,3,12800
refit_orth,fr,var,0.003043035976588726,3,12800
refit_orth,fz,mspe,0.019831612706184387,3,12800
refit_orth,fz,bias2,0.019184572622179985,3,12800
refit_orth,fz,var,0.0006470412481576204,3,12800
base,y,mspe,0.2225734293460846,3,12800
base,y,bias2,0.22227466106414795,3,12800
base,y,var,0.0002987708430737257,3,12800
base,fx,mspe,0.41893649101257324,3,12800
base,fx,bias2,0.41307273507118225,3,12800
base,fx,var,0.005863739177584648,3,12800
base,fr,mspe,0.5829588770866394,3,12800
base,fr,bias2,0.577095091342926,3,12800
base,fr,var,0.005863739177584648,3,12800
base,fz,mspe,0.7015913128852844,3,12800
base,fz,bias2,0.7015913128852844,3,12800
base,fz,var,0.0,3,12800
posthoc_web,y,mspe,0.2644701302051544,3,12800
posthoc_web,y,bias2,0.26413387060165405,3,12800
posthoc_web,y,var,0.00033623987110331655,3,12800
posthoc_web,fx,mspe,0.17563579976558685,3,12800
posthoc_web,fx,bias2,0.17076519131660461,3,12800
posthoc_web,fx,var,0.004870597273111343,3,12800
posthoc_web,fr,mspe,0.15035998821258545,3,12800
posthoc_web,fr,bias2,0.1454894095659256,3,12800
posthoc_web,fr,var,0.004870597273111343,3,12800
posthoc_web,fz,mspe,0.7015913128852844,3,12800
posthoc_web,fz,bias2,0.7015913128852844,3,12800
posthoc_web,fz,var,0.0,3,12800
refit,y,mspe,0.20013466477394104,3.5,12800
refit,y,bias2,0.19996234774589539,3.5,12800
refit,y,var,0.00017231208039447665,3.5,12800
refit,fx,mspe,0.006059614010155201,3.5,12800
refit,fx,bias2,0.0010675963712856174,3.5,12800
refit,fx,var,0.004992017522454262,3.5,12800
refit,fr,mspe,0.027432313188910484,3.5,12800
refit,fr,bias2,0.022440291941165924,3.5,12800
refit,fr,var,0.004992017522454262,3.5,12800
refit,fz,mspe,0.0020768209360539913,3.5,12800
refit,fz,bias2,6.175113230710849e-05,3.5,12800
refit,fz,var,0.0020150698255747557,3.5,12800
refit_orth,y,mspe,0.20013518631458282,3.5,12800
refit_orth,y,bias2,0.1999630481004715,3.5,12800
refit_orth,y,var,0.00017215726256836206,3.5,12800
refit_orth,fx,mspe,0.02395692840218544,3.5,12800
refit_orth,fx,bias2,0.020516658201813698,3.5,12800
refit_orth,fx,var,0.003440268337726593,3.5,12800
refit_orth,fr,mspe,0.0044631618075072765,3.5,12800
refit_orth,fr,bias2,0.0010228933533653617,3.5,12800
refit_orth,fr,var,0.003440268337726593,3.5,12800
refit_orth,fz,mspe,0.019985975697636604,3.5,12800
refit_orth,fz,bias2,0.019202174618840218,3.5,12800
refit_orth,fz,var,0.0007837990415282547,3.5,12800
base,y,mspe,0.21553903818130493,3.5,12800
base,y,bias2,0.21519266068935394,3.5,12800
base,y,var,0.0003463841276243329,3.5,12800
base,fx,mspe,0.5633929967880249,3.5,12800
base,fx,bias2,0.5569657683372498,3.5,12800
base,fx,var,0.0064271665178239346,3.5,12800
base,fr,mspe,0.7507389187812805,3.5,12800
base,fr,bias2,0.7443117499351501,3.5,12800
base,fr,var,0.0064271665178239346,3.5,12800
base,fz,mspe,0.9549437165260315,3.5,12800
base,fz,bias2,0.954943835735321,3.5,12800
base,fz,var,0.0,3.5,12800
posthoc_web,y,mspe,0.2672242820262909,3.5,12800
posthoc_web,y,bias2,0.26681599020957947,3.5,12800
posthoc_web,y,var,0.00040826358599588275,3.5,12800
posthoc_web,fx,mspe,0.2269720435142517,3.5,12800
posthoc_web,fx,bias2,0.22208110988140106,3.5,12800
posthoc_web,fx,var,0.004890927113592625,3.5,12800
posthoc_web,fr,mspe,0.20091967284679413,3.5,12800
posthoc_web,fr,bias2,0.1960287094116211,3.5,12800
posthoc_web,fr,var,0.004890927113592625,3.5,12800
posthoc_web,fz,mspe,0.9549437165260315,3.5,12800
posthoc_web,fz,bias2,0.954943835735321,3.5,12800
posthoc_web,fz,var,0.0,3.5,12800
refit,y,mspe,0.1944955289363861,4,12800
refit,y,bias2,0.1943434476852417,4,12800
refit,y,var,0.000152082386193797,4,12800
refit,fx,mspe,0.005449952557682991,4,12800
refit,fx,bias2,0.0010173097252845764,4,12800
refit,fx,var,0.004432642832398415,4,12800
refit,fr,mspe,0.026546897366642952,4,12800
refit,fr,bias2,0.022114258259534836,4,12800
refit,fr,var,0.004432642832398415,4,12800
refit,fz,mspe,0.0023561136331409216,4,12800
refit,fz,bias2,0.00011515701044118032,4,12800
refit,fz,var,0.002240956760942936,4,12800
refit_orth,y,mspe,0.1944957971572876,4,12800
refit_orth,y,bias2,0.19434350728988647,4,12800
refit_orth,y,var,0.00015228375559672713,4,12800
refit_orth,fx,mspe,0.02356107160449028,4,12800
refit_orth,fx,bias2,0.020499568432569504,4,12800
refit_orth,fx,var,0.0030615045689046383,4,12800
refit_orth,fr,mspe,0.004043759778141975,4,12800
refit_orth,fr,bias2,0.0009822552092373371,4,12800
refit_orth,fr,var,0.0030615045689046383,4,12800
refit_orth,fz,mspe,0.019114091992378235,4,12800
refit_orth,fz,bias2,0.01817062869668007,4,12800
refit_orth,fz,var,0.0009434655075892806,4,12800
base,y,mspe,0.21293134987354279,4,12800
base,y,bias2,0.21264049410820007,4,12800
base,y,var,0.0002908691531047225,4,12800
base,fx,mspe,0.7280041575431824,4,12800
base,fx,bias2,0.7217866778373718,4,12800
base,fx,var,0.006217529997229576,4,12800
base,fr,mspe,0.938599169254303,4,12800
base,fr,bias2,0.9323816895484924,4,12800
base,fr,var,0.006217529997229576,4,12800
base,fz,mspe,1.2472734451293945,4,12800
base,fz,bias2,1.2472734451293945,4,12800
base,fz,var,0.0,4,12800
posthoc_web,y,mspe,0.27287983894348145,4,12800
posthoc_web,y,bias2,0.27249786257743835,4,12800
posthoc_web,y,var,0.00038199807750061154,4,12800
posthoc_web,fx,mspe,0.2865320146083832,4,12800
posthoc_web,fx,bias2,0.28113457560539246,4,12800
posthoc_web,fx,var,0.005397467408329248,4,12800
posthoc_web,fr,mspe,0.25937798619270325,4,12800
posthoc_web,fr,bias2,0.25398048758506775,4,12800
posthoc_web,fr,var,0.005397467408329248,4,12800
posthoc_web,fz,mspe,1.2472734451293945,4,12800
posthoc_web,fz,bias2,1.2472734451293945,4,12800
posthoc_web,fz,var,0.0,4,12800
refit,y,mspe,0.24841885268688202,0,1600
refit,y,bias2,0.24710391461849213,0,1600
refit,y,var,0.0013149235164746642,0,1600
refit,fx,mspe,0.020776618272066116,0,1600
refit,fx,bias2,0.00399897713214159,0,1600
refit,fx,var,0.0167776420712471,0,1600
refit,fr,mspe,0.035784486681222916,0,1600
refit,fr,bias2,0.019006842747330666,0,1600
refit,fr,var,0.0167776420712471,0,1600
refit,fz,mspe,0.008171254768967628,0,1600
refit,fz,bias2,0.00022705504670739174,0,1600
refit,fz,var,0.007944200187921524,0,1600
refit_orth,y,mspe,0.24842038750648499,0,1600
refit_orth,y,bias2,0.2471075803041458,0,1600
refit_orth,y,var,0.0013128162827342749,0,1600
refit_orth,fx,mspe,0.0370284840464592,0,1600
refit_orth,fx,bias2,0.02343553863465786,0,1600
refit_orth,fx,var,0.013592946343123913,0,1600
refit_orth,fr,mspe,0.017331527546048164,0,1600
refit_orth,fr,bias2,0.003738581435754895,0,1600
refit_orth,fr,var,0.013592946343123913,0,1600
refit_orth,fz,mspe,0.023658771067857742,0,1600
refit_orth,fz,bias2,0.01941859722137451,0,1600
refit_orth,fz,var,0.004240173846483231,0,1600
base,y,mspe,0.24808140099048615,0,1600
base,y,bias2,0.2469114363193512,0,1600
base,y,var,0.0011699751485139132,0,1600
base,fx,mspe,0.02003343589603901,0,1600
base,fx,bias2,0.005566741805523634,0,1600
base,fx,var,0.014466693624854088,0,1600
base,fr,mspe,0.03061782382428646,0,1600
base,fr,bias2,0.016151128336787224,0,1600
base,fr,var,0.014466693624854088,0,1600
base,fz,mspe,0.0,0,1600
base,fz,bias2,0.0,0,1600
base,fz,var,0.0,0,1600
posthoc_web,y,mspe,0.24919670820236206,0,1600
posthoc_web,y,bias2,0.24820701777935028,0,1600
posthoc_web,y,var,0.0009896897245198488,0,1600
posthoc_web,fx,mspe,0.03498253971338272,0,1600
posthoc_web,fx,bias2,0.023666592314839363,0,1600
posthoc_web,fx,var,0.011315946467220783,0,1600
posthoc_web,fr,mspe,0.01586807519197464,0,1600
posthoc_web,fr,bias2,0.004552129656076431,0,1600
posthoc_web,fr,var,0.011315946467220783,0,1600
posthoc_web,fz,mspe,0.0,0,1600
posthoc_web,fz,bias2,0.0,0,1600
posthoc_web,fz,var,0.0,0,1600
refit,y,mspe,0.2463291883468628,0.5,1600
refit,y,bias2,0.2448355108499527,0.5,1600
refit,y,var,0.0014936667867004871,0.5,1600
refit,fx,mspe,0.022809285670518875,0.5,1600
refit,fx,bias2,0.003973399288952351,0.5,1600
refit,fx,var,0.01883588545024395,0.5,1600
refit,fr,mspe,0.04416009038686752,0.5,1600
refit,fr,bias2,0.025324201211333275,0.5,1600
refit,fr,var,0.01883588545024395,0.5,1600
refit,fz,mspe,0.008503202348947525,0.5,1600
refit,fz,bias2,1.2273580978217069e-05,0.5,1600
refit,fz,var,0.008490929380059242,0.5,1600
refit_orth,y,mspe,0.24632714688777924,0.5,1600
refit_orth,y,bias2,0.2448352426290512,0.5,1600
refit_orth,y,var,0.0014919266104698181,0.5,1600
refit_orth,fx,mspe,0.0401841402053833,0.5,1600
refit_orth,fx,bias2,0.024116167798638344,0.5,1600
refit_orth,fx,var,0.016067970544099808,0.5,1600
refit_orth,fr,mspe,0.020004667341709137,0.5,1600
refit_orth,fr,bias2,0.003936699125915766,0.5,1600
refit_orth,fr,var,0.016067970544099808,0.5,1600
refit_orth,fz,mspe,0.026354679837822914,0.5,1600
refit_orth,fz,bias2,0.02112823911011219,0.5,1600
refit_orth,fz,var,0.005226439330726862,0.5,1600
base,y,mspe,0.24664191901683807,0.5,1600
base,y,bias2,0.24534626305103302,0.5,1600
base,y,var,0.0012956629507243633,0.5,1600
base,fx,mspe,0.027548857033252716,0.5,1600
base,fx,bias2,0.010086207650601864,0.5,1600
base,fx,var,0.017462650313973427,0.5,1600
base,fr,mspe,0.0662136971950531,0.5,1600
base,fr,bias2,0.04875104874372482,0.5,1600
base,fr,var,0.017462650313973427,0.5,1600
base,fz,mspe,0.01948864758014679,0.5,1600
base,fz,bias2,0.01948864758014679,0.5,1600
base,fz,var,0.0,0.5,1600
posthoc_web,y,mspe,0.2503957748413086,0.5,1600
posthoc_web,y,bias2,0.24919304251670837,0.5,1600
posthoc_web,y,var,0.0012027439661324024,0.5,1600
posthoc_web,fx,mspe,0.04057139903306961,0.5,1600
posthoc_web,fx,bias2,0.025312762707471848,0.5,1600
posthoc_web,fx,var,0.015258639119565487,0.5,1600
posthoc_web,fr,mspe,0.020623669028282166,0.5,1600
posthoc_web,fr,bias2,0.005365031771361828,0.5,1600
posthoc_web,fr,var,0.015258639119565487,0.5,1600
posthoc_web,fz,mspe,0.01948864758014679,0.5,1600
posthoc_web,fz,bias2,0.01948864758014679,0.5,1600
posthoc_web,fz,var,0.0,0.5,1600
refit,y,mspe,0.23926906287670135,1,1600
refit,y,bias2,0.23798756301403046,1,1600
refit,y,var,0.0012815067311748862,1,1600
refit,fx,mspe,0.023566406220197678,1,1600
refit,fx,bias2,0.006121132522821426,1,1600
refit,fx,var,0.01744527369737625,1,1600
refit,fr,mspe,0.050613537430763245,1,1600
refit,fr,bias2,0.03316826373338699,1,1600
refit,fr,var,0.01744527369737625,1,1600
refit,fz,mspe,0.010224993340671062,1,1600
refit,fz,bias2,0.00021490435756277293,1,1600
refit,fz,var,0.010010088793933392,1,1600
refit_orth,y,mspe,0.23926815390586853,1,1600
refit_orth,y,bias2,0.23798657953739166,1,1600
refit_orth,y,var,0.0012815567897632718,1,1600
refit_orth,fx,mspe,0.03925184905529022,1,1600
refit_orth,fx,bias2,0.025561146438121796,1,1600
refit_orth,fx,var,0.013690702617168427,1,1600
refit_orth,fr,mspe,0.019085664302110672,1,1600
refit_orth,fr,bias2,0.0053949616849422455,1,1600
refit_orth,fr,var,0.013690702617168427,1,1600
refit_orth,fz,mspe,0.029382722452282906,1,1600
refit_orth,fz,bias2,0.023862654343247414,1,1600
refit_orth,fz,var,0.005520065315067768,1,1600
base,y,mspe,0.2418895959854126,1,1600
base,y,bias2,0.2406032532453537,1,1600
base,y,var,0.0012863326119259,1,1600
base,fx,mspe,0.0634595975279808,1,1600
base,fx,bias2,0.04482180252671242,1,1600
base,fx,var,0.018637796863913536,1,1600
base,fr,mspe,0.12905994057655334,1,1600
base,fr,bias2,0.11042214184999466,1,1600
base,fr,var,0.018637796863913536,1,1600
base,fz,mspe,0.07795459032058716,1,1600
base,fz,bias2,0.07795459032058716,1,1600
base,fz,var,0.0,1,1600
posthoc_web,y,mspe,0.2520942687988281,1,1600
posthoc_web,y,bias2,0.2508855164051056,1,1600
posthoc_web,y,var,0.0012087456416338682,1,1600
posthoc_web,fx,mspe,0.0543331652879715,1,1600
posthoc_web,fx,bias2,0.03844202682375908,1,1600
posthoc_web,fx,var,0.015891145914793015,1,1600
posthoc_web,fr,mspe,0.03344765305519104,1,1600
posthoc_web,fr,bias2,0.017556510865688324,1,1600
posthoc_web,fr,var,0.015891145914793015,1,1600
posthoc_web,fz,mspe,0.07795459032058716,1,1600
posthoc_web,fz,bias2,0.07795459032058716,1,1600
posthoc_web,fz,var,0.0,1,1600
refit,y,mspe,0.23376408219337463,1.5,1600
refit,y,bias2,0.23236408829689026,1.5,1600
refit,y,var,0.0014000305673107505,1.5,1600
refit,fx,mspe,0.027142507955431938,1.5,1600
refit,fx,bias2,0.007772352546453476,1.5,1600
refit,fx,var,0.019370153546333313,1.5,1600
refit,fr,mspe,0.05664926394820213,1.5,1600
refit,fr,bias2,0.03727911785244942,1.5,1600
refit,fr,var,0.019370153546333313,1.5,1600
refit,fz,mspe,0.010323689319193363,1.5,1600
refit,fz,bias2,0.0005871793837286532,1.5,1600
refit,fz,var,0.009736509062349796,1.5,1600
refit_orth,y,mspe,0.23376807570457458,1.5,1600
refit_orth,y,bias2,0.2323645055294037,1.5,1600
refit_orth,y,var,0.0014035770436748862,1.5,1600
refit_orth,fx,mspe,0.04250118136405945,1.5,1600
refit_orth,fx,bias2,0.026735819876194,1.5,1600
refit_orth,fx,var,0.015765367075800896,1.5,1600
refit_orth,fr,mspe,0.022260203957557678,1.5,1600
refit_orth,fr,bias2,0.0064948368817567825,1.5,1600
refit_orth,fr,var,0.015765367075800896,1.5,1600
refit_orth,fz,mspe,0.029733523726463318,1.5,1600
refit_orth,fz,bias2,0.02371508814394474,1.5,1600
refit_orth,fz,var,0.006018439307808876,1.5,1600
base,y,mspe,0.23864635825157166,1.5,1600
base,y,bias2,0.23740695416927338,1.5,1600
base,y,var,0.0012393962824717164,1.5,1600
base,fx,mspe,0.1292322874069214,1.5,1600
base,fx,bias2,0.10977151989936829,1.5,1600
base,fx,var,0.01946076937019825,1.5,1600
base,fr,mspe,0.2221662551164627,1.5,1600
base,fr,bias2,0.2027054727077484,1.5,1600
base,fr,var,0.01946076937019825,1.5,1600
base,fz,mspe,0.1753978282213211,1.5,1600
base,fz,bias2,0.1753978282213211,1.5,1600
base,fz,var,0.0,1.5,1600
posthoc_web,y,mspe,0.25524047017097473,1.5,1600
posthoc_web,y,bias2,0.2540406286716461,1.5,1600
posthoc_web,y,var,0.001199826248921454,1.5,1600
posthoc_web,fx,mspe,0.07872738689184189,1.5,1600
posthoc_web,fx,bias2,0.06221312656998634,1.5,1600
posthoc_web,fx,var,0.01651426963508129,1.5,1600
posthoc_web,fr,mspe,0.057117048650979996,1.5,1600
posthoc_web,fr,bias2,0.040602780878543854,1.5,1600
posthoc_web,fr,var,0.01651426963508129,1.5,1600
posthoc_web,fz,mspe,0.1753978282213211,1.5,1600
posthoc_web,fz,bias2,0.1753978282213211,1.5,1600
posthoc_web,fz,var,0.0,1.5,1600
refit,y,mspe,0.22643020749092102,2,1600
refit,y,bias2,0.2250645011663437,2,1600
refit,y,var,0.0013656921219080687,2,1600
refit,fx,mspe,0.030473528429865837,2,1600
refit,fx,bias2,0.008882677182555199,2,1600
refit,fx,var,0.02159084752202034,2,1600
refit,fr,mspe,0.061720725148916245,2,1600
refit,fr,bias2,0.04012987017631531,2,1600
refit,fr,var,0.02159084752202034,2,1600
refit,fz,mspe,0.01483078021556139,2,1600
refit,fz,bias2,0.001089561264961958,2,1600
refit,fz,var,0.01374121941626072,2,1600
refit_orth,y,mspe,0.22642821073532104,2,1600
refit_orth,y,bias2,0.22506406903266907,2,1600
refit_orth,y,var,0.001364142750389874,2,1600
refit_orth,fx,mspe,0.04394001513719559,2,1600
refit_orth,fx,bias2,0.027765685692429543,2,1600
refit_orth,fx,var,0.016174327582120895,2,1600
refit_orth,fr,mspe,0.02330821193754673,2,1600
refit_orth,fr,bias2,0.007133884355425835,2,1600
refit_orth,fr,var,0.016174327582120895,2,1600
refit_orth,fz,mspe,0.02992146462202072,2,1600
refit_orth,fz,bias2,0.023365234956145287,2,1600
refit_orth,fz,var,0.006556229200214148,2,1600
base,y,mspe,0.23411619663238525,2,1600
base,y,bias2,0.23269076645374298,2,1600
base,y,var,0.001425445661880076,2,1600
base,fx,mspe,0.21449659764766693,2,1600
base,fx,bias2,0.19252356886863708,2,1600
base,fx,var,0.02197299897670746,2,1600
base,fr,mspe,0.33192867040634155,2,1600
base,fr,bias2,0.3099556863307953,2,1600
base,fr,var,0.02197299897670746,2,1600
base,fz,mspe,0.31181836128234863,2,1600
base,fz,bias2,0.31181836128234863,2,1600
base,fz,var,0.0,2,1600
posthoc_web,y,mspe,0.25884753465652466,2,1600
posthoc_web,y,bias2,0.25744563341140747,2,1600
posthoc_web,y,var,0.0014019167283549905,2,1600
posthoc_web,fx,mspe,0.11008957028388977,2,1600
posthoc_web,fx,bias2,0.09239095449447632,2,1600
posthoc_web,fx,var,0.0176986176520586,2,1600
posthoc_web,fr,mspe,0.08726204186677933,2,1600
posthoc_web,fr,bias2,0.06956341117620468,2,1600
posthoc_web,fr,var,0.0176986176520586,2,1600
posthoc_web,fz,mspe,0.31181836128234863,2,1600
posthoc_web,fz,bias2,0.31181836128234863,2,1600
posthoc_web,fz,var,0.0,2,1600
refit,y,mspe,0.2194168120622635,2.5,1600
refit,y,bias2,0.21803396940231323,2.5,1600
refit,y,var,0.001382844871841371,2.5,1600
refit,fx,mspe,0.03182361274957657,2.5,1600
refit,fx,bias2,0.008040472865104675,2.5,1600
refit,fx,var,0.023783139884471893,2.5,1600
refit,fr,mspe,0.062287915498018265,2.5,1600
refit,fr,bias2,0.03850477561354637,2.5,1600
refit,fr,var,0.023783139884471893,2.5,1600
refit,fz,mspe,0.017490549013018608,2.5,1600
refit,fz,bias2,0.0006308883312158287,2.5,1600
refit,fz,var,0.016859661787748337,2.5,1600
refit_orth,y,mspe,0.21941795945167542,2.5,1600
refit_orth,y,bias2,0.2180345505475998,2.5,1600
refit_orth,y,var,0.001383387017995119,2.5,1600
refit_orth,fx,mspe,0.044001396745443344,2.5,1600
refit_orth,fx,bias2,0.027091646566987038,2.5,1600
refit_orth,fx,var,0.016909752041101456,2.5,1600
refit_orth,fr,mspe,0.023421168327331543,2.5,1600
refit_orth,fr,bias2,0.006511416286230087,2.5,1600
refit_orth,fr,var,0.016909752041101456,2.5,1600
refit_orth,fz,mspe,0.033431172370910645,2.5,1600
refit_orth,fz,bias2,0.024911604821681976,2.5,1600
refit_orth,fz,var,0.008519567549228668,2.5,1600
base,y,mspe,0.22900390625,2.5,1600
base,y,bias2,0.2274532914161682,2.5,1600
base,y,var,0.001550604123622179,2.5,1600
base,fx,mspe,0.3233463168144226,2.5,1600
base,fx,bias2,0.2953227162361145,2.5,1600
base,fx,var,0.0280236154794693,2.5,1600
base,fr,mspe,0.4641854465007782,2.5,1600
base,fr,bias2,0.4361618161201477,2.5,1600
base,fr,var,0.0280236154794693,2.5,1600
base,fz,mspe,0.48721617460250854,2.5,1600
base,fz,bias2,0.48721617460250854,2.5,1600
base,fz,var,0.0,2.5,1600
posthoc_web,y,mspe,0.2610374391078949,2.5,1600
posthoc_web,y,bias2,0.2594360411167145,2.5,1600
posthoc_web,y,var,0.001601403346285224,2.5,1600
posthoc_web,fx,mspe,0.15145248174667358,2.5,1600
posthoc_web,fx,bias2,0.13007935881614685,2.5,1600
posthoc_web,fx,var,0.021373115479946136,2.5,1600
posthoc_web,fr,mspe,0.127931609749794,2.5,1600
posthoc_web,fr,bias2,0.10655848681926727,2.5,1600
posthoc_web,fr,var,0.021373115479946136,2.5,1600
posthoc_web,fz,mspe,0.48721617460250854,2.5,1600
posthoc_web,fz,bias2,0.48721617460250854,2.5,1600
posthoc_web,fz,var,0.0,2.5,1600
refit,y,mspe,0.21046565473079681,3,1600
refit,y,bias2,0.20917952060699463,3,1600
refit,y,var,0.0012861409923061728,3,1600
refit,fx,mspe,0.03243955224752426,3,1600
refit,fx,bias2,0.008382486179471016,3,1600
refit,fx,var,0.024057067930698395,3,1600
refit,fr,mspe,0.06212454289197922,3,1600
refit,fr,bias2,0.03806747496128082,3,1600
refit,fr,var,0.024057067930698395,3,1600
refit,fz,mspe,0.01842830330133438,3,1600
refit,fz,bias2,0.0007151851896196604,3,1600
refit,fz,var,0.017713120207190514,3,1600
refit_orth,y,mspe,0.21047000586986542,3,1600
refit_orth,y,bias2,0.20918112993240356,3,1600
refit_orth,y,var,0.0012888717465102673,3,1600
refit_orth,fx,mspe,0.045103516429662704,3,1600
refit_orth,fx,bias2,0.027623286470770836,3,1600
refit_orth,fx,var,0.01748022995889187,3,1600
refit_orth,fr,mspe,0.02454347163438797,3,1600
refit_orth,fr,bias2,0.007063243538141251,3,1600
refit_orth,fr,var,0.01748022995889187,3,1600
refit_orth,fz,mspe,0.03107628785073757,3,1600
refit_orth,fz,bias2,0.02352582849562168,3,1600
refit_orth,fz,var,0.007550460752099752,3,1600
base,y,mspe,0.2238209843635559,3,1600
base,y,bias2,0.22256454825401306,3,1600
base,y,var,0.0012564797652885318,3,1600
base,fx,mspe,0.45662394165992737,3,1600
base,fx,bias2,0.43112725019454956,3,1600
base,fx,var,0.02549676224589348,3,1600
base,fr,mspe,0.6227007508277893,3,1600
base,fr,bias2,0.5972039699554443,3,1600
base,fr,var,0.02549676224589348,3,1600
base,fz,mspe,0.7015913128852844,3,1600
base,fz,bias2,0.7015913128852844,3,1600
base,fz,var,0.0,3,1600
posthoc_web,y,mspe,0.2655061185359955,3,1600
posthoc_web,y,bias2,0.26416462659835815,3,1600
posthoc_web,y,var,0.0013415153371170163,3,1600
posthoc_web,fx,mspe,0.19925227761268616,3,1600
posthoc_web,fx,bias2,0.1799176186323166,3,1600
posthoc_web,fx,var,0.019334672018885612,3,1600
posthoc_web,fr,mspe,0.17503418028354645,3,1600
posthoc_web,fr,bias2,0.15569953620433807,3,1600
posthoc_web,fr,var,0.019334672018885612,3,1600
posthoc_web,fz,mspe,0.7015913128852844,3,1600
posthoc_web,fz,bias2,0.7015913128852844,3,1600
posthoc_web,fz,var,0.0,3,1600
refit,y,mspe,0.2013959139585495,3.5,1600
refit,y,bias2,0.2000141143798828,3.5,1600
refit,y,var,0.001381807611323893,3.5,1600
refit,fx,mspe,0.03539304807782173,3.5,1600
refit,fx,bias2,0.007237051613628864,3.5,1600
refit,fx,var,0.028155997395515442,3.5,1600
refit,fr,mspe,0.0631512999534607,3.5,1600
refit,fr,bias2,0.03499529883265495,3.5,1600
refit,fr,var,0.028155997395515442,3.5,1600
refit,fz,mspe,0.02101314812898636,3.5,1600
refit,fz,bias2,0.00026846167747862637,3.5,1600
refit,fz,var,0.02074468694627285,3.5,1600
refit_orth,y,mspe,0.2013959288597107,3.5,1600
refit_orth,y,bias2,0.20001445710659027,3.5,1600
refit_orth,y,var,0.0013814924750477076,3.5,1600
refit_orth,fx,mspe,0.04748542606830597,3.5,1600
refit_orth,fx,bias2,0.026876725256443024,3.5,1600
refit_orth,fx,var,0.020608700811862946,3.5,1600
refit_orth,fr,mspe,0.026980943977832794,3.5,1600
refit_orth,fr,bias2,0.006372240372002125,3.5,1600
refit_orth,fr,var,0.020608700811862946,3.5,1600
refit_orth,fz,mspe,0.034304019063711166,3.5,1600
refit_orth,fz,bias2,0.024555427953600883,3.5,1600
refit_orth,fz,var,0.009748588316142559,3.5,1600
base,y,mspe,0.21685516834259033,3.5,1600
base,y,bias2,0.2156350314617157,3.5,1600
base,y,var,0.0012201446807011962,3.5,1600
base,fx,mspe,0.5889292359352112,3.5,1600
base,fx,bias2,0.5634545683860779,3.5,1600
base,fx,var,0.025474634021520615,3.5,1600
base,fr,mspe,0.7761178612709045,3.5,1600
base,fr,bias2,0.7506431341171265,3.5,1600
base,fr,var,0.025474634021520615,3.5,1600
base,fz,mspe,0.9549437165260315,3.5,1600
base,fz,bias2,0.954943835735321,3.5,1600
base,fz,var,0.0,3.5,1600
posthoc_web,y,mspe,0.26827093958854675,3.5,1600
posthoc_web,y,bias2,0.26685795187950134,3.5,1600
posthoc_web,y,var,0.001413025544025004,3.5,1600
posthoc_web,fx,mspe,0.2484537661075592,3.5,1600
posthoc_web,fx,bias2,0.2281765341758728,3.5,1600
posthoc_web,fx,var,0.020277220755815506,3.5,1600
posthoc_web,fr,mspe,0.22329944372177124,3.5,1600
posthoc_web,fr,bias2,0.20302221179008484,3.5,1600
posthoc_web,fr,var,0.020277220755815506,3.5,1600
posthoc_web,fz,mspe,0.9549437165260315,3.5,1600
posthoc_web,fz,bias2,0.954943835735321,3.5,1600
posthoc_web,fz,var,0.0,3.5,1600
refit,y,mspe,0.19568069279193878,4,1600
refit,y,bias2,0.19438892602920532,4,1600
refit,y,var,0.0012917759595438838,4,1600
refit,fx,mspe,0.037635549902915955,4,1600
refit,fx,bias2,0.007600802928209305,4,1600
refit,fx,var,0.03003474697470665,4,1600
refit,fr,mspe,0.06375487148761749,4,1600
refit,fr,bias2,0.033720120787620544,4,1600
refit,fr,var,0.03003474697470665,4,1600
refit,fz,mspe,0.01971275545656681,4,1600
refit,fz,bias2,8.133819210343063e-05,4,1600
refit,fz,var,0.019631417468190193,4,1600
refit_orth,y,mspe,0.19568628072738647,4,1600
refit_orth,y,bias2,0.1943897008895874,4,1600
refit_orth,y,var,0.0012965640053153038,4,1600
refit_orth,fx,mspe,0.050616003572940826,4,1600
refit_orth,fx,bias2,0.027468295767903328,4,1600
refit_orth,fx,var,0.0231477040797472,4,1600
refit_orth,fr,mspe,0.03020142950117588,4,1600
refit_orth,fr,bias2,0.007053723558783531,4,1600
refit_orth,fr,var,0.0231477040797472,4,1600
refit_orth,fz,mspe,0.035100873559713364,4,1600
refit_orth,fz,bias2,0.025039661675691605,4,1600
refit_orth,fz,var,0.010061211884021759,4,1600
base,y,mspe,0.21468345820903778,4,1600
base,y,bias2,0.21308490633964539,4,1600
base,y,var,0.0015985450008884072,4,1600
base,fx,mspe,0.7436997890472412,4,1600
base,fx,bias2,0.7082524299621582,4,1600
base,fx,var,0.03544725850224495,4,1600
base,fr,mspe,0.9515842199325562,4,1600
base,fr,bias2,0.9161369204521179,4,1600
base,fr,var,0.03544725850224495,4,1600
base,fz,mspe,1.2472734451293945,4,1600
base,fz,bias2,1.2472734451293945,4,1600
base,fz,var,0.0,4,1600
posthoc_web,y,mspe,0.2734409272670746,4,1600
posthoc_web,y,bias2,0.2716539800167084,4,1600
posthoc_web,y,var,0.0017869699513539672,4,1600
posthoc_web,fx,mspe,0.3059804439544678,4,1600
posthoc_web,fx,bias2,0.2789677381515503,4,1600
posthoc_web,fx,var,0.027012739330530167,4,1600
posthoc_web,fr,mspe,0.2803056538105011,4,1600
posthoc_web,fr,bias2,0.25329291820526123,4,1600
posthoc_web,fr,var,0.027012739330530167,4,1600
posthoc_web,fz,mspe,1.2472734451293945,4,1600
posthoc_web,fz,bias2,1.2472734451293945,4,1600
posthoc_web,fz,var,0.0,4,1600
refit,y,mspe,0.24741306900978088,0,25600
refit,y,bias2,0.24726369976997375,0,25600
refit,y,var,0.00014933662896510214,0,25600
refit,fx,mspe,0.002964229555800557,0,25600
refit,fx,bias2,0.0005190063966438174,0,25600
refit,fx,var,0.0024452232755720615,0,25600
refit,fr,mspe,0.020165612921118736,0,25600
refit,fr,bias2,0.017720390111207962,0,25600
refit,fr,var,0.0024452232755720615,0,25600
refit,fz,mspe,0.0007392495754174888,0,25600
refit,fz,bias2,0.00011050993634853512,0,25600
refit,fz,var,0.0006287396536208689,0,25600
refit_orth,y,mspe,0.2474144697189331,0,25600
refit_orth,y,bias2,0.2472650557756424,0,25600
refit_orth,y,var,0.00014940272376406938,0,25600
refit_orth,fx,mspe,0.021974613890051842,0,25600
refit_orth,fx,bias2,0.019922424107789993,0,25600
refit_orth,fx,var,0.0020521897822618484,0,25600
refit_orth,fr,mspe,0.0025044726207852364,0,25600
refit_orth,fr,bias2,0.00045228301314637065,0,25600
refit_orth,fr,var,0.0020521897822618484,0,25600
refit_orth,fz,mspe,0.0203523188829422,0,25600
refit_orth,fz,bias2,0.020124543458223343,0,25600
refit_orth,fz,var,0.00022777635604143143,0,25600
base,y,mspe,0.2474009394645691,0,25600
base,y,bias2,0.24725036323070526,0,25600
base,y,var,0.00015055069525260478,0,25600
base,fx,mspe,0.002758102724328637,0,25600
base,fx,bias2,0.0005084004369564354,0,25600
base,fx,var,0.002249702112749219,0,25600
base,fr,mspe,0.01933772675693035,0,25600
base,fr,bias2,0.0170880239456892,0,25600
base,fr,var,0.002249702112749219,0,25600
base,fz,mspe,0.0,0,25600
base,fz,bias2,0.0,0,25600
base,fz,var,0.0,0,25600
posthoc_web,y,mspe,0.24878856539726257,0,25600
posthoc_web,y,bias2,0.2486535906791687,0,25600
posthoc_web,y,var,0.00013498932821676135,0,25600
posthoc_web,fx,mspe,0.021634435281157494,0,25600
posthoc_web,fx,bias2,0.019679279997944832,0,25600
posthoc_web,fx,var,0.0019551538862288,0,25600
posthoc_web,fr,mspe,0.0023556582164019346,0,25600
posthoc_web,fr,bias2,0.0004005041264463216,0,25600
posthoc_web,fr,var,0.0019551538862288,0,25600
posthoc_web,fz,mspe,0.0,0,25600
posthoc_web,fz,bias2,0.0,0,25600
posthoc_web,fz,var,0.0,0,25600
refit,y,mspe,0.24503666162490845,0.5,25600
refit,y,bias2,0.2448870837688446,0.5,25600
refit,y,var,0.00014958754763938487,0.5,25600
refit,fx,mspe,0.0032326458021998405,0.5,25600
refit,fx,bias2,0.0005762680084444582,0.5,25600
refit,fx,var,0.002656377851963043,0.5,25600
refit,fr,mspe,0.0259261354804039,0.5,25600
refit,fr,bias2,0.023269757628440857,0.5,25600
refit,fr,var,0.002656377851963043,0.5,25600
refit,fz,mspe,0.0007873518625274301,0.5,25600
refit,fz,bias2,9.053463145392016e-05,0.5,25600
refit,fz,var,0.0006968171801418066,0.5,25600
refit_orth,y,mspe,0.2450377643108368,0.5,25600
refit_orth,y,bias2,0.24488769471645355,0.5,25600
refit_orth,y,var,0.00015004952729213983,0.5,25600
refit_orth,fx,mspe,0.02214518003165722,0.5,25600
refit_orth,fx,bias2,0.02002222090959549,0.5,25600
refit_orth,fx,var,0.0021229602862149477,0.5,25600
refit_orth,fr,mspe,0.0025669222231954336,0.5,25600
refit_orth,fr,bias2,0.00044396190787665546,0.5,25600
refit_orth,fr,var,0.0021229602862149477,0.5,25600
refit_orth,fz,mspe,0.020362630486488342,0.5,25600
refit_orth,fz,bias2,0.02012990042567253,0.5,25600
refit_orth,fz,var,0.00023273240367416292,0.5,25600
base,y,mspe,0.24587994813919067,0.5,25600
base,y,bias2,0.2456585317850113,0.5,25600
base,y,var,0.00022142779198475182,0.5,25600
base,fx,mspe,0.014243709854781628,0.5,25600
base,fx,bias2,0.011306650936603546,0.5,25600
base,fx,var,0.002937058452516794,0.5,25600
base,fr,mspe,0.05739208683371544,0.5,25600
base,fr,bias2,0.054455023258924484,0.5,25600
base,fr,var,0.002937058452516794,0.5,25600
base,fz,mspe,0.01948864758014679,0.5,25600
base,fz,bias2,0.01948864758014679,0.5,25600
base,fz,var,0.0,0.5,25600
posthoc_web,y,mspe,0.24981097877025604,0.5,25600
posthoc_web,y,bias2,0.2496034950017929,0.5,25600
posthoc_web,y,var,0.00020746130030602217,0.5,25600
posthoc_web,fx,mspe,0.026774225756525993,0.5,25600
posthoc_web,fx,bias2,0.0242487620562315,0.5,25600
posthoc_web,fx,var,0.0025254625361412764,0.5,25600
posthoc_web,fr,mspe,0.0066550844348967075,0.5,25600
posthoc_web,fr,bias2,0.004129622131586075,0.5,25600
posthoc_web,fr,var,0.0025254625361412764,0.5,25600
posthoc_web,fz,mspe,0.01948864758014679,0.5,25600
posthoc_web,fz,bias2,0.01948864758014679,0.5,25600
posthoc_web,fz,var,0.0,0.5,25600
refit,y,mspe,0.23827087879180908,1,25600
refit,y,bias2,0.23813945055007935,1,25600
refit,y,var,0.00013141728413756937,1,25600
refit,fx,mspe,0.0029291582759469748,1,25600
refit,fx,bias2,0.0006577302701771259,1,25600
refit,fx,var,0.002271428005769849,1,25600
refit,fr,mspe,0.025901541113853455,1,25600
refit,fr,bias2,0.023630114272236824,1,25600
refit,fr,var,0.002271428005769849,1,25600
refit,fz,mspe,0.0007504515233449638,1,25600
refit,fz,bias2,9.948391380021349e-05,1,25600
refit,fz,var,0.0006509676459245384,1,25600
refit_orth,y,mspe,0.2382715940475464,1,25600
refit_orth,y,bias2,0.2381395846605301,1,25600
refit_orth,y,var,0.00013198991655372083,1,25600
refit_orth,fx,mspe,0.021897239610552788,1,25600
refit_orth,fx,bias2,0.020060865208506584,1,25600
refit_orth,fx,var,0.0018363728886470199,1,25600
refit_orth,fr,mspe,0.0023367637768387794,1,25600
refit_orth,fr,bias2,0.0005003908881917596,1,25600
refit_orth,fr,var,0.0018363728886470199,1,25600
refit_orth,fz,mspe,0.020546188578009605,1,25600
refit_orth,fz,bias2,0.02027030475437641,1,25600
refit_orth,fz,var,0.00027588597731664777,1,25600
base,y,mspe,0.24087749421596527,1,25600
base,y,bias2,0.2406938672065735,1,25600
base,y,var,0.00018360264948569238,1,25600
base,fx,mspe,0.048419464379549026,1,25600
base,fx,bias2,0.04561104625463486,1,25600
base,fx,var,0.0028084188234061003,1,25600
base,fr,mspe,0.115847148001194,1,25600
base,fr,bias2,0.11303871870040894,1,25600
base,fr,var,0.0028084188234061003,1,25600
base,fz,mspe,0.07795459032058716,1,25600
base,fz,bias2,0.07795459032058716,1,25600
base,fz,var,0.0,1,25600
posthoc_web,y,mspe,0.25128477811813354,1,25600
posthoc_web,y,bias2,0.25111767649650574,1,25600
posthoc_web,y,var,0.00016710649651940912,1,25600
posthoc_web,fx,mspe,0.03945958614349365,1,25600
posthoc_web,fx,bias2,0.0371912382543087,1,25600
posthoc_web,fx,var,0.002268349751830101,1,25600
posthoc_web,fr,mspe,0.018425539135932922,1,25600
posthoc_web,fr,bias2,0.01615718938410282,1,25600
posthoc_web,fr,var,0.002268349751830101,1,25600
posthoc_web,fz,mspe,0.07795459032058716,1,25600
posthoc_web,fz,bias2,0.07795459032058716,1,25600
posthoc_web,fz,var,0.0,1,25600
refit,y,mspe,0.23274224996566772,1.5,25600
refit,y,bias2,0.23261794447898865,1.5,25600
refit,y,var,0.00012429498019628227,1.5,25600
refit,fx,mspe,0.0031404774636030197,1.5,25600
refit,fx,bias2,0.0007837294251658022,1.5,25600
refit,fx,var,0.0023567480966448784,1.5,25600
refit,fr,mspe,0.02618037536740303,1.5,25600
refit,fr,bias2,0.023823626339435577,1.5,25600
refit,fr,var,0.0023567480966448784,1.5,25600
refit,fz,mspe,0.0008482441189698875,1.5,25600
refit,fz,bias2,0.0001328533689957112,1.5,25600
refit,fz,var,0.0007153908372856677,1.5,25600
refit_orth,y,mspe,0.23274162411689758,1.5,25600
refit_orth,y,bias2,0.23261722922325134,1.5,25600
refit_orth,y,var,0.00012441373837646097,1.5,25600
refit_orth,fx,mspe,0.02203480526804924,1.5,25600
refit_orth,fx,bias2,0.02016894333064556,1.5,25600
refit_orth,fx,var,0.0018658622866496444,1.5,25600
refit_orth,fr,mspe,0.0024876431562006474,1.5,25600
refit_orth,fr,bias2,0.0006217810441739857,1.5,25600
refit_orth,fr,var,0.0018658622866496444,1.5,25600
refit_orth,fz,mspe,0.020156921818852425,1.5,25600
refit_orth,fz,bias2,0.019883617758750916,1.5,25600
refit_orth,fz,var,0.0002733022265601903,1.5,25600
base,y,mspe,0.2377670258283615,1.5,25600
base,y,bias2,0.2375565767288208,1.5,25600
base,y,var,0.00021047551126684994,1.5,25600
base,fx,mspe,0.11068306118249893,1.5,25600
base,fx,bias2,0.10764513909816742,1.5,25600
base,fx,var,0.003037921153008938,1.5,25600
base,fr,mspe,0.2038879245519638,1.5,25600
base,fr,bias2,0.2008499950170517,1.5,25600
base,fr,var,0.003037921153008938,1.5,25600
base,fz,mspe,0.1753978282213211,1.5,25600
base,fz,bias2,0.1753978282213211,1.5,25600
base,fz,var,0.0,1.5,25600
posthoc_web,y,mspe,0.2545640170574188,1.5,25600
posthoc_web,y,bias2,0.254349946975708,1.5,25600
posthoc_web,y,var,0.00021407219173852354,1.5,25600
posthoc_web,fx,mspe,0.06264805048704147,1.5,25600
posthoc_web,fx,bias2,0.05997515842318535,1.5,25600
posthoc_web,fx,var,0.0026728850789368153,1.5,25600
posthoc_web,fr,mspe,0.040681492537260056,1.5,25600
posthoc_web,fr,bias2,0.03800860419869423,1.5,25600
posthoc_web,fr,var,0.0026728850789368153,1.5,25600
posthoc_web,fz,mspe,0.1753978282213211,1.5,25600
posthoc_web,fz,bias2,0.1753978282213211,1.5,25600
posthoc_web,fz,var,0.0,1.5,25600
refit,y,mspe,0.2254781872034073,2,25600
refit,y,bias2,0.22535938024520874,2,25600
refit,y,var,0.00011883415572810918,2,25600
refit,fx,mspe,0.0033726978581398726,2,25600
refit,fx,bias2,0.0009119600290432572,2,25600
refit,fx,var,0.002460737945511937,2,25600
refit,fr,mspe,0.026863373816013336,2,25600
refit,fr,bias2,0.024402635172009468,2,25600
refit,fr,var,0.002460737945511937,2,25600
refit,fz,mspe,0.0009108773083426058,2,25600
refit,fz,bias2,0.0001877468457678333,2,25600
refit,fz,var,0.0007231304189190269,2,25600
refit_orth,y,mspe,0.22547948360443115,2,25600
refit_orth,y,bias2,0.22536061704158783,2,25600
refit_orth,y,var,0.00011887113214470446,2,25600
refit_orth,fx,mspe,0.022233568131923676,2,25600
refit_orth,fx,bias2,0.020284684374928474,2,25600
refit_orth,fx,var,0.0019488850375637412,2,25600
refit_orth,fr,mspe,0.002654704498127103,2,25600
refit_orth,fr,bias2,0.0007058197516016662,2,25600
refit_orth,fr,var,0.0019488850375637412,2,25600
refit_orth,fz,mspe,0.02008174918591976,2,25600
refit_orth,fz,bias2,0.019753338769078255,2,25600
refit_orth,fz,var,0.0003284085541963577,2,25600
base,y,mspe,0.23305894434452057,2,25600
base,y,bias2,0.23283234238624573,2,25600
base,y,var,0.00022661247930955142,2,25600
base,fx,mspe,0.19719062745571136,2,25600
base,fx,bias2,0.19349388778209686,2,25600
base,fx,var,0.0036967580672353506,2,25600
base,fr,mspe,0.31557318568229675,2,25600
base,fr,bias2,0.31187641620635986,2,25600
base,fr,var,0.0036967580672353506,2,25600
base,fz,mspe,0.31181836128234863,2,25600
base,fz,bias2,0.31181836128234863,2,25600
base,fz,var,0.0,2,25600
posthoc_web,y,mspe,0.25794294476509094,2,25600
posthoc_web,y,bias2,0.257718950510025,2,25600
posthoc_web,y,var,0.00022400818124879152,2,25600
posthoc_web,fx,mspe,0.09391393512487411,2,25600
posthoc_web,fx,bias2,0.09095323830842972,2,25600
posthoc_web,fx,var,0.0029607010073959827,2,25600
posthoc_web,fr,mspe,0.07112614810466766,2,25600
posthoc_web,fr,bias2,0.06816545128822327,2,25600
posthoc_web,fr,var,0.0029607010073959827,2,25600
posthoc_web,fz,mspe,0.31181836128234863,2,25600
posthoc_web,fz,bias2,0.31181836128234863,2,25600
posthoc_web,fz,var,0.0,2,25600
refit,y,mspe,0.2183988392353058,2.5,25600
refit,y,bias2,0.21828292310237885,2.5,25600
refit,y,var,0.00011592703231144696,2.5,25600
refit,fx,mspe,0.003465318353846669,2.5,25600
refit,fx,bias2,0.0007889766711741686,2.5,25600
refit,fx,var,0.002676341449841857,2.5,25600
refit,fr,mspe,0.02653469517827034,2.5,25600
refit,fr,bias2,0.02385835349559784,2.5,25600
refit,fr,var,0.002676341449841857,2.5,25600
refit,fz,mspe,0.0009295672061853111,2.5,25600
refit,fz,bias2,0.00012402329593896866,2.5,25600
refit,fz,var,0.0008055437938310206,2.5,25600
refit_orth,y,mspe,0.2183992713689804,2.5,25600
refit_orth,y,bias2,0.21828345954418182,2.5,25600
refit_orth,y,var,0.00011581572471186519,2.5,25600
refit_orth,fx,mspe,0.022246800363063812,2.5,25600
refit_orth,fx,bias2,0.02019635960459709,2.5,25600
refit_orth,fx,var,0.0020504402928054333,2.5,25600
refit_orth,fr,mspe,0.002675866475328803,2.5,25600
refit_orth,fr,bias2,0.0006254261243157089,2.5,25600
refit_orth,fr,var,0.0020504402928054333,2.5,25600
refit_orth,fz,mspe,0.020428616553544998,2.5,25600
refit_orth,fz,bias2,0.02004433609545231,2.5,25600
refit_orth,fz,var,0.00038428109837695956,2.5,25600
base,y,mspe,0.2278277724981308,2.5,25600
base,y,bias2,0.22763924300670624,2.5,25600
base,y,var,0.000188558449735865,2.5,25600
base,fx,mspe,0.30416473746299744,2.5,25600
base,fx,bias2,0.30074238777160645,2.5,25600
base,fx,var,0.003422363894060254,2.5,25600
base,fr,mspe,0.4470188617706299,2.5,25600
base,fr,bias2,0.4435964822769165,2.5,25600
base,fr,var,0.003422363894060254,2.5,25600
base,fz,mspe,0.48721617460250854,2.5,25600
base,fz,bias2,0.48721617460250854,2.5,25600
base,fz,var,0.0,2.5,25600
posthoc_web,y,mspe,0.26024875044822693,2.5,25600
posthoc_web,y,bias2,0.2600431740283966,2.5,25600
posthoc_web,y,var,0.00020556947856675833,2.5,25600
posthoc_web,fx,mspe,0.1324220448732376,2.5,25600
posthoc_web,fx,bias2,0.12953568994998932,2.5,25600
posthoc_web,fx,var,0.002886369125917554,2.5,25600
posthoc_web,fr,mspe,0.10862074047327042,2.5,25600
posthoc_web,fr,bias2,0.10573438555002213,2.5,25600
posthoc_web,fr,var,0.002886369125917554,2.5,25600
posthoc_web,fz,mspe,0.48721617460250854,2.5,25600
posthoc_web,fz,bias2,0.48721617460250854,2.5,25600
posthoc_web,fz,var,0.0,2.5,25600
refit,y,mspe,0.20927546918392181,3,25600
refit,y,bias2,0.20916995406150818,3,25600
refit,y,var,0.00010549023863859475,3,25600
refit,fx,mspe,0.0035834566224366426,3,25600
refit,fx,bias2,0.0008784240344539285,3,25600
refit,fx,var,0.0027050322387367487,3,25600
refit,fr,mspe,0.026687869802117348,3,25600
refit,fr,bias2,0.023982839658856392,3,25600
refit,fr,var,0.0027050322387367487,3,25600
refit,fz,mspe,0.0011729798279702663,3,25600
refit,fz,bias2,0.0001545283303130418,3,25600
refit,fz,var,0.0010184514103457332,3,25600
refit_orth,y,mspe,0.20927591621875763,3,25600
refit_orth,y,bias2,0.2091703563928604,3,25600
refit_orth,y,var,0.00010553614993114024,3,25600
refit_orth,fx,mspe,0.02225424349308014,3,25600
refit_orth,fx,bias2,0.020339250564575195,3,25600
refit_orth,fx,var,0.0019149932777509093,3,25600
refit_orth,fr,mspe,0.0026262367609888315,3,25600
refit_orth,fr,bias2,0.0007112433086149395,3,25600
refit_orth,fr,var,0.0019149932777509093,3,25600
refit_orth,fz,mspe,0.02025514282286167,3,25600
refit_orth,fz,bias2,0.01977531984448433,3,25600
refit_orth,fz,var,0.0004798223089892417,3,25600
base,y,mspe,0.22236229479312897,3,25600
base,y,bias2,0.22215981781482697,3,25600
base,y,var,0.000202465002075769,3,25600
base,fx,mspe,0.4370120167732239,3,25600
base,fx,bias2,0.4325810372829437,3,25600
base,fx,var,0.004430986475199461,3,25600
base,fr,mspe,0.6043903231620789,3,25600
base,fr,bias2,0.5999593138694763,3,25600
base,fr,var,0.004430986475199461,3,25600
base,fz,mspe,0.7015913128852844,3,25600
base,fz,bias2,0.7015913128852844,3,25600
base,fz,var,0.0,3,25600
posthoc_web,y,mspe,0.26452505588531494,3,25600
posthoc_web,y,bias2,0.2643037736415863,3,25600
posthoc_web,y,var,0.00022131428704597056,3,25600
posthoc_web,fx,mspe,0.18067806959152222,3,25600
posthoc_web,fx,bias2,0.17721232771873474,3,25600
posthoc_web,fx,var,0.0034657397773116827,3,25600
posthoc_web,fr,mspe,0.15582780539989471,3,25600
posthoc_web,fr,bias2,0.15236206352710724,3,25600
posthoc_web,fr,var,0.0034657397773116827,3,25600
posthoc_web,fz,mspe,0.7015913128852844,3,25600
posthoc_web,fz,bias2,0.7015913128852844,3,25600
posthoc_web,fz,var,0.0,3,25600
refit,y,mspe,0.2000831663608551,3.5,25600
refit,y,bias2,0.19997990131378174,3.5,25600
refit,y,var,0.00010327661584597081,3.5,25600
refit,fx,mspe,0.0035868240520358086,3.5,25600
refit,fx,bias2,0.0007604188285768032,3.5,25600
refit,fx,var,0.0028264052234590054,3.5,25600
refit,fr,mspe,0.02554340288043022,3.5,25600
refit,fr,bias2,0.022716999053955078,3.5,25600
refit,fr,var,0.0028264052234590054,3.5,25600
refit,fz,mspe,0.001267091603949666,3.5,25600
refit,fz,bias2,3.938792724511586e-05,3.5,25600
refit,fz,var,0.001227703643962741,3.5,25600
refit_orth,y,mspe,0.20008395612239838,3.5,25600
refit_orth,y,bias2,0.19998055696487427,3.5,25600
refit_orth,y,var,0.0001034204542520456,3.5,25600
refit_orth,fx,mspe,0.022294621914625168,3.5,25600
refit_orth,fx,bias2,0.020273776724934578,3.5,25600
refit_orth,fx,var,0.002020845888182521,3.5,25600
refit_orth,fr,mspe,0.0027036918327212334,3.5,25600
refit_orth,fr,bias2,0.0006828460027463734,3.5,25600
refit_orth,fr,var,0.002020845888182521,3.5,25600
refit_orth,fz,mspe,0.020912175998091698,3.5,25600
refit_orth,fz,bias2,0.020312733948230743,3.5,25600
refit_orth,fz,var,0.0005994390230625868,3.5,25600
base,y,mspe,0.21524226665496826,3.5,25600
base,y,bias2,0.21505104005336761,3.5,25600
base,y,var,0.0001912378502311185,3.5,25600
base,fx,mspe,0.5672372579574585,3.5,25600
base,fx,bias2,0.5628180503845215,3.5,25600
base,fx,var,0.004419161472469568,3.5,25600
base,fr,mspe,0.7554620504379272,3.5,25600
base,fr,bias2,0.7510427832603455,3.5,25600
base,fr,var,0.004419161472469568,3.5,25600
base,fz,mspe,0.9549437165260315,3.5,25600
base,fz,bias2,0.954943835735321,3.5,25600
base,fz,var,0.0,3.5,25600
posthoc_web,y,mspe,0.2669503688812256,3.5,25600
posthoc_web,y,bias2,0.2667209506034851,3.5,25600
posthoc_web,y,var,0.00022940266353543848,3.5,25600
posthoc_web,fx,mspe,0.2272469848394394,3.5,25600
posthoc_web,fx,bias2,0.22365093231201172,3.5,25600
posthoc_web,fx,var,0.0035960422828793526,3.5,25600
posthoc_web,fr,mspe,0.20162716507911682,3.5,25600
posthoc_web,fr,bias2,0.19803112745285034,3.5,25600
posthoc_web,fr,var,0.0035960422828793526,3.5,25600
posthoc_web,fz,mspe,0.9549437165260315,3.5,25600
posthoc_web,fz,bias2,0.954943835735321,3.5,25600
posthoc_web,fz,var,0.0,3.5,25600
refit,y,mspe,0.19447015225887299,4,25600
refit,y,bias2,0.19436508417129517,4,25600
refit,y,var,0.00010508947161724791,4,25600
refit,fx,mspe,0.004203511867672205,4,25600
refit,fx,bias2,0.0009562514605931938,4,25600
refit,fx,var,0.0032472603488713503,4,25600
refit,fr,mspe,0.02710442617535591,4,25600
refit,fr,bias2,0.02385716512799263,4,25600
refit,fr,var,0.0032472603488713503,4,25600
refit,fz,mspe,0.0016293199732899666,4,25600
refit,fz,bias2,8.501517731929198e-05,4,25600
refit,fz,var,0.0015443047741428018,4,25600
refit_orth,y,mspe,0.19447073340415955,4,25600
refit_orth,y,bias2,0.19436538219451904,4,25600
refit_orth,y,var,0.00010534948523854837,4,25600
refit_orth,fx,mspe,0.022784758359193802,4,25600
refit_orth,fx,bias2,0.020525092259049416,4,25600
refit_orth,fx,var,0.0022596665658056736,4,25600
refit_orth,fr,mspe,0.0030664908699691296,4,25600
refit_orth,fr,bias2,0.0008068245369940996,4,25600
refit_orth,fr,var,0.0022596665658056736,4,25600
refit_orth,fz,mspe,0.021251235157251358,4,25600
refit_orth,fz,bias2,0.020573191344738007,4,25600
refit_orth,fz,var,0.0006780445110052824,4,25600
base,y,mspe,0.2126765102148056,4,25600
base,y,bias2,0.21241283416748047,4,25600
base,y,var,0.0002636746794451028,4,25600
base,fx,mspe,0.7448196411132812,4,25600
base,fx,bias2,0.7390785217285156,4,25600
base,fx,var,0.005741069093346596,4,25600
base,fr,mspe,0.9576050043106079,4,25600
base,fr,bias2,0.9518640041351318,4,25600
base,fr,var,0.005741069093346596,4,25600
base,fz,mspe,1.2472734451293945,4,25600
base,fz,bias2,1.2472734451293945,4,25600
base,fz,var,0.0,4,25600
posthoc_web,y,mspe,0.27289557456970215,4,25600
posthoc_web,y,bias2,0.2725598216056824,4,25600
posthoc_web,y,var,0.00033579766750335693,4,25600
posthoc_web,fx,mspe,0.29191529750823975,4,25600
posthoc_web,fx,bias2,0.2872122526168823,4,25600
posthoc_web,fx,var,0.004703017883002758,4,25600
posthoc_web,fr,mspe,0.2651246190071106,4,25600
posthoc_web,fr,bias2,0.26042160391807556,4,25600
posthoc_web,fr,var,0.004703017883002758,4,25600
posthoc_web,fz,mspe,1.2472734451293945,4,25600
posthoc_web,fz,bias2,1.2472734451293945,4,25600
posthoc_web,fz,var,0.0,4,25600
refit,y,mspe,0.2476801872253418,0,3200
refit,y,bias2,0.24698719382286072,0,3200
refit,y,var,0.000692979374434799,0,3200
refit,fx,mspe,0.013592967763543129,0,3200
refit,fx,bias2,0.0039088125340640545,0,3200
refit,fx,var,0.009684155695140362,0,3200
refit,fr,mspe,0.025459451600909233,0,3200
refit,fr,bias2,0.015775296837091446,0,3200
refit,fr,var,0.009684155695140362,0,3200
refit,fz,mspe,0.004851783625781536,0,3200
refit,fz,bias2,0.00039300552452914417,0,3200
refit,fz,var,0.0044587780721485615,0,3200
refit_orth,y,mspe,0.24768058955669403,0,3200
refit_orth,y,bias2,0.2469874620437622,0,3200
refit_orth,y,var,0.0006931378738954663,0,3200
refit_orth,fx,mspe,0.029564524069428444,0,3200
refit_orth,fx,bias2,0.022078746929764748,0,3200
refit_orth,fx,var,0.007485772483050823,0,3200
refit_orth,fr,mspe,0.010654213838279247,0,3200
refit_orth,fr,bias2,0.003168440191075206,0,3200
refit_orth,fr,var,0.007485772483050823,0,3200
refit_orth,fz,mspe,0.01911916583776474,0,3200
refit_orth,fz,bias2,0.016913656145334244,0,3200
refit_orth,fz,var,0.002205509692430496,0,3200
base,y,mspe,0.2479233294725418,0,3200
base,y,bias2,0.2470695674419403,0,3200
base,y,var,0.0008537712856195867,0,3200
base,fx,mspe,0.01635054498910904,0,3200
base,fx,bias2,0.004555178340524435,0,3200
base,fx,var,0.011795368045568466,0,3200
base,fr,mspe,0.025868799537420273,0,3200
base,fr,bias2,0.014073432423174381,0,3200
base,fr,var,0.011795368045568466,0,3200
base,fz,mspe,0.0,0,3200
base,fz,bias2,0.0,0,3200
base,fz,var,0.0,0,3200
posthoc_web,y,mspe,0.2490614354610443,0,3200
posthoc_web,y,bias2,0.24831001460552216,0,3200
posthoc_web,y,var,0.0007514199824072421,0,3200
posthoc_web,fx,mspe,0.03189940005540848,0,3200
posthoc_web,fx,bias2,0.021955180913209915,0,3200
posthoc_web,fx,var,0.009944221004843712,0,3200
posthoc_web,fr,mspe,0.013232864439487457,0,3200
posthoc_web,fr,bias2,0.0032886445987969637,0,3200
posthoc_web,fr,var,0.009944221004843712,0,3200
posthoc_web,fz,mspe,0.0,0,3200
posthoc_web,fz,bias2,0.0,0,3200
posthoc_web,fz,var,0.0,0,3200
refit,y,mspe,0.24531914293766022,0.5,3200
refit,y,bias2,0.2445862889289856,0.5,3200
refit,y,var,0.0007328332285396755,0.5,3200
refit,fx,mspe,0.014386288821697235,0.5,3200
refit,fx,bias2,0.003723054425790906,0.5,3200
refit,fx,var,0.010663235560059547,0.5,3200
refit,fr,mspe,0.03368091583251953,0.5,3200
refit,fr,bias2,0.023017682135105133,0.5,3200
refit,fr,var,0.010663235560059547,0.5,3200
refit,fz,mspe,0.004152313340455294,0.5,3200
refit,fz,bias2,7.565206760773435e-05,0.5,3200
refit,fz,var,0.004076661076396704,0.5,3200
refit_orth,y,mspe,0.24531862139701843,0.5,3200
refit_orth,y,bias2,0.24458587169647217,0.5,3200
refit_orth,y,var,0.0007327392813749611,0.5,3200
refit_orth,fx,mspe,0.031069202348589897,0.5,3200
refit_orth,fx,bias2,0.022768281400203705,0.5,3200
refit_orth,fx,var,0.008300919085741043,0.5,3200
refit_orth,fr,mspe,0.012025874108076096,0.5,3200
refit_orth,fr,bias2,0.0037249538581818342,0.5,3200
refit_orth,fr,var,0.008300919085741043,0.5,3200
refit_orth,fz,mspe,0.018904589116573334,0.5,3200
refit_orth,fz,bias2,0.016538940370082855,0.5,3200
refit_orth,fz,var,0.0023656487464904785,0.5,3200
base,y,mspe,0.24597445130348206,0.5,3200
base,y,bias2,0.24529129266738892,0.5,3200
base,y,var,0.0006831374485045671,0.5,3200
base,fx,mspe,0.01744236797094345,0.5,3200
base,fx,bias2,0.00746387941762805,0.5,3200
base,fx,var,0.00997848715633154,0.5,3200
base,fr,mspe,0.054143331944942474,0.5,3200
base,fr,bias2,0.04416484758257866,0.5,3200
base,fr,var,0.00997848715633154,0.5,3200
base,fz,mspe,0.01948864758014679,0.5,3200
base,fz,bias2,0.01948864758014679,0.5,3200
base,fz,var,0.0,0.5,3200
posthoc_web,y,mspe,0.24963201582431793,0.5,3200
posthoc_web,y,bias2,0.24902766942977905,0.5,3200
posthoc_web,y,var,0.0006043554749339819,0.5,3200
posthoc_web,fx,mspe,0.031235795468091965,0.5,3200
posthoc_web,fx,bias2,0.023048726841807365,0.5,3200
posthoc_web,fx,var,0.008187067694962025,0.5,3200
posthoc_web,fr,mspe,0.011850332841277122,0.5,3200
posthoc_web,fr,bias2,0.003663265146315098,0.5,3200
posthoc_web,fr,var,0.008187067694962025,0.5,3200
posthoc_web,fz,mspe,0.01948864758014679,0.5,3200
posthoc_web,fz,bias2,0.01948864758014679,0.5,3200
posthoc_web,fz,var,0.0,0.5,3200
refit,y,mspe,0.23863685131072998,1,3200
refit,y,bias2,0.23789823055267334,1,3200
refit,y,var,0.0007386156939901412,1,3200
refit,fx,mspe,0.01466869842261076,1,3200
refit,fx,bias2,0.0035075878258794546,1,3200
refit,fx,var,0.011161109432578087,1,3200
refit,fr,mspe,0.03550037369132042,1,3200
refit,fr,bias2,0.02433926612138748,1,3200
refit,fr,var,0.011161109432578087,1,3200
refit,fz,mspe,0.004690517205744982,1,3200
refit,fz,bias2,0.00035539508098736405,1,3200
refit,fz,var,0.004335122182965279,1,3200
refit_orth,y,mspe,0.2386375218629837,1,3200
refit_orth,y,bias2,0.2378978729248047,1,3200
refit_orth,y,var,0.0007396313594654202,1,3200
refit_orth,fx,mspe,0.031154733151197433,1,3200
refit_orth,fx,bias2,0.022371258586645126,1,3200
refit_orth,fx,var,0.008783475495874882,1,3200
refit_orth,fr,mspe,0.012269433587789536,1,3200
refit_orth,fr,bias2,0.0034859583247452974,1,3200
refit_orth,fr,var,0.008783475495874882,1,3200
refit_orth,fz,mspe,0.017718682065606117,1,3200
refit_orth,fz,bias2,0.015227467752993107,1,3200
refit_orth,fz,var,0.0024912143126130104,1,3200
base,y,mspe,0.24130010604858398,1,3200
base,y,bias2,0.24042634665966034,1,3200
base,y,var,0.0008737551979720592,1,3200
base,fx,mspe,0.047832947224378586,1,3200
base,fx,bias2,0.03636780381202698,1,3200
base,fx,var,0.011465145274996758,1,3200
base,fr,mspe,0.10876120626926422,1,3200
base,fr,bias2,0.09729606658220291,1,3200
base,fr,var,0.011465145274996758,1,3200
base,fz,mspe,0.07795459032058716,1,3200
base,fz,bias2,0.07795459032058716,1,3200
base,fz,var,0.0,1,3200
posthoc_web,y,mspe,0.2511335015296936,1,3200
posthoc_web,y,bias2,0.25032317638397217,1,3200
posthoc_web,y,var,0.0008103284053504467,1,3200
posthoc_web,fx,mspe,0.0442388541996479,1,3200
posthoc_web,fx,bias2,0.03455556929111481,1,3200
posthoc_web,fx,var,0.009683288633823395,1,3200
posthoc_web,fr,mspe,0.024025941267609596,1,3200
posthoc_web,fr,bias2,0.014342651702463627,1,3200
posthoc_web,fr,var,0.009683288633823395,1,3200
posthoc_web,fz,mspe,0.07795459032058716,1,3200
posthoc_web,fz,bias2,0.07795459032058716,1,3200
posthoc_web,fz,var,0.0,1,3200
refit,y,mspe,0.2331392616033554,1.5,3200
refit,y,bias2,0.23235273361206055,1.5,3200
refit,y,var,0.0007865375955589116,1.5,3200
refit,fx,mspe,0.017320873215794563,1.5,3200
refit,fx,bias2,0.0037333250511437654,1.5,3200
refit,fx,var,0.013587548397481441,1.5,3200
refit,fr,mspe,0.04016491770744324,1.5,3200
refit,fr,bias2,0.02657737210392952,1.5,3200
refit,fr,var,0.013587548397481441,1.5,3200
refit,fz,mspe,0.007088304962962866,1.5,3200
refit,fz,bias2,0.0006713696639053524,1.5,3200
refit,fz,var,0.006416934542357922,1.5,3200
refit_orth,y,mspe,0.23313602805137634,1.5,3200
refit_orth,y,bias2,0.23235294222831726,1.5,3200
refit_orth,y,var,0.0007830752292647958,1.5,3200
refit_orth,fx,mspe,0.03243870288133621,1.5,3200
refit_orth,fx,bias2,0.02226199209690094,1.5,3200
refit_orth,fx,var,0.010176713578402996,1.5,3200
refit_orth,fr,mspe,0.01377780456095934,1.5,3200
refit_orth,fr,bias2,0.0036010905168950558,1.5,3200
refit_orth,fr,var,0.010176713578402996,1.5,3200
refit_orth,fz,mspe,0.017451709136366844,1.5,3200
refit_orth,fz,bias2,0.015064481645822525,1.5,3200
refit_orth,fz,var,0.002387227723374963,1.5,3200
base,y,mspe,0.23807643353939056,1.5,3200
base,y,bias2,0.23729071021080017,1.5,3200
base,y,var,0.0007857211166992784,1.5,3200
base,fx,mspe,0.10437707602977753,1.5,3200
base,fx,bias2,0.09278195351362228,1.5,3200
base,fx,var,0.011595132760703564,1.5,3200
base,fr,mspe,0.19140909612178802,1.5,3200
base,fr,bias2,0.179813951253891,1.5,3200
base,fr,var,0.011595132760703564,1.5,3200
base,fz,mspe,0.1753978282213211,1.5,3200
base,fz,bias2,0.1753978282213211,1.5,3200
base,fz,var,0.0,1.5,3200
posthoc_web,y,mspe,0.2541293799877167,1.5,3200
posthoc_web,y,bias2,0.2533862590789795,1.5,3200
posthoc_web,y,var,0.0007431277772411704,1.5,3200
posthoc_web,fx,mspe,0.06469153612852097,1.5,3200
posthoc_web,fx,bias2,0.05517086014151573,1.5,3200
posthoc_web,fx,var,0.009520672261714935,1.5,3200
posthoc_web,fr,mspe,0.04379822313785553,1.5,3200
posthoc_web,fr,bias2,0.034277547150850296,1.5,3200
posthoc_web,fr,var,0.009520672261714935,1.5,3200
posthoc_web,fz,mspe,0.1753978282213211,1.5,3200
posthoc_web,fz,bias2,0.1753978282213211,1.5,3200
posthoc_web,fz,var,0.0,1.5,3200
refit,y,mspe,0.22580072283744812,2,3200
refit,y,bias2,0.22504784166812897,2,3200
refit,y,var,0.0007528780261054635,2,3200
refit,fx,mspe,0.018590569496154785,2,3200
refit,fx,bias2,0.004644633270800114,2,3200
refit,fx,var,0.013945936225354671,2,3200
refit,fr,mspe,0.04119774326682091,2,3200
refit,fr,bias2,0.02725180611014366,2,3200
refit,fr,var,0.013945936225354671,2,3200
refit,fz,mspe,0.006177994422614574,2,3200
refit,fz,bias2,0.0004872583085671067,2,3200
refit,fz,var,0.005690734833478928,2,3200
refit_orth,y,mspe,0.2258007973432541,2,3200
refit_orth,y,bias2,0.225047767162323,2,3200
refit_orth,y,var,0.0007530443253926933,2,3200
refit_orth,fx,mspe,0.03420067951083183,2,3200
refit_orth,fx,bias2,0.023303167894482613,2,3200
refit_orth,fx,var,0.010897507891058922,2,3200
refit_orth,fr,mspe,0.015425175428390503,2,3200
refit_orth,fr,bias2,0.004527667537331581,2,3200
refit_orth,fr,var,0.010897507891058922,2,3200
refit_orth,fz,mspe,0.018203068524599075,2,3200
refit_orth,fz,bias2,0.015915073454380035,2,3200
refit_orth,fz,var,0.0022879946045577526,2,3200
base,y,mspe,0.2333279401063919,2,3200
base,y,bias2,0.23249372839927673,2,3200
base,y,var,0.0008342273649759591,2,3200
base,fx,mspe,0.18674354255199432,2,3200
base,fx,bias2,0.17388345301151276,2,3200
base,fx,var,0.012860089540481567,2,3200
base,fr,mspe,0.29919105768203735,2,3200
base,fr,bias2,0.2863309979438782,2,3200
base,fr,var,0.012860089540481567,2,3200
base,fz,mspe,0.31181836128234863,2,3200
base,fz,bias2,0.31181836128234863,2,3200
base,fz,var,0.0,2,3200
posthoc_web,y,mspe,0.25734370946884155,2,3200
posthoc_web,y,bias2,0.2565236985683441,2,3200
posthoc_web,y,var,0.000820000481326133,2,3200
posthoc_web,fx,mspe,0.09535696357488632,2,3200
posthoc_web,fx,bias2,0.08474043756723404,2,3200
posthoc_web,fx,var,0.01061650738120079,2,3200
posthoc_web,fr,mspe,0.0737011656165123,2,3200
posthoc_web,fr,bias2,0.0630846619606018,2,3200
posthoc_web,fr,var,0.01061650738120079,2,3200
posthoc_web,fz,mspe,0.31181836128234863,2,3200
posthoc_web,fz,bias2,0.31181836128234863,2,3200
posthoc_web,fz,var,0.0,2,3200
refit,y,mspe,0.2185722291469574,2.5,3200
refit,y,bias2,0.2179386168718338,2.5,3200
refit,y,var,0.00063363864319399,2.5,3200
refit,fx,mspe,0.017926936969161034,2.5,3200
refit,fx,bias2,0.0053675188682973385,2.5,3200
refit,fx,var,0.012559416703879833,2.5,3200
refit,fr,mspe,0.038971129804849625,2.5,3200
refit,fr,bias2,0.026411710307002068,2.5,3200
refit,fr,var,0.012559416703879833,2.5,3200
refit,fz,mspe,0.006587186828255653,2.5,3200
refit,fz,bias2,0.0002544091548770666,2.5,3200
refit,fz,var,0.00633277790620923,2.5,3200
refit_orth,y,mspe,0.2185702919960022,2.5,3200
refit_orth,y,bias2,0.21793898940086365,2.5,3200
refit_orth,y,var,0.0006312850164249539,2.5,3200
refit_orth,fx,mspe,0.03304066136479378,2.5,3200
refit_orth,fx,bias2,0.02396513521671295,2.5,3200
refit_orth,fx,var,0.009075526148080826,2.5,3200
refit_orth,fr,mspe,0.014418089762330055,2.5,3200
refit_orth,fr,bias2,0.005342564545571804,2.5,3200
refit_orth,fr,var,0.009075526148080826,2.5,3200
refit_orth,fz,mspe,0.018987134099006653,2.5,3200
refit_orth,fz,bias2,0.015912292525172234,2.5,3200
refit_orth,fz,var,0.0030748408753424883,2.5,3200
base,y,mspe,0.22813744843006134,2.5,3200
base,y,bias2,0.22736190259456635,2.5,3200
base,y,var,0.000775554624851793,2.5,3200
base,fx,mspe,0.28762680292129517,2.5,3200
base,fx,bias2,0.2737649083137512,2.5,3200
base,fx,var,0.013861898332834244,2.5,3200
base,fr,mspe,0.4240399897098541,2.5,3200
base,fr,bias2,0.4101780951023102,2.5,3200
base,fr,var,0.013861898332834244,2.5,3200
base,fz,mspe,0.48721617460250854,2.5,3200
base,fz,bias2,0.48721617460250854,2.5,3200
base,fz,var,0.0,2.5,3200
posthoc_web,y,mspe,0.2594612240791321,2.5,3200
posthoc_web,y,bias2,0.2586331069469452,2.5,3200
posthoc_web,y,var,0.00082811014726758,2.5,3200
posthoc_web,fx,mspe,0.13210979104042053,2.5,3200
posthoc_web,fx,bias2,0.12081298977136612,2.5,3200
posthoc_web,fx,var,0.011296801269054413,2.5,3200
posthoc_web,fr,mspe,0.10977878421545029,2.5,3200
posthoc_web,fr,bias2,0.09848198294639587,2.5,3200
posthoc_web,fr,var,0.011296801269054413,2.5,3200
posthoc_web,fz,mspe,0.48721617460250854,2.5,3200
posthoc_web,fz,bias2,0.48721617460250854,2.5,3200
posthoc_web,fz,var,0.0,2.5,3200
refit,y,mspe,0.20965930819511414,3,3200
refit,y,bias2,0.20902301371097565,3,3200
refit,y,var,0.0006362940184772015,3,3200
refit,fx,mspe,0.017336895689368248,3,3200
refit,fx,bias2,0.00443347729742527,3,3200
refit,fx,var,0.012903417460620403,3,3200
refit,fr,mspe,0.03768322616815567,3,3200
refit,fr,bias2,0.02477981150150299,3,3200
refit,fr,var,0.012903417460620403,3,3200
refit,fz,mspe,0.007925586774945259,3,3200
refit,fz,bias2,8.179739234037697e-05,3,3200
refit,fz,var,0.007843788713216782,3,3200
refit_orth,y,mspe,0.2096588909626007,3,3200
refit_orth,y,bias2,0.20902259647846222,3,3200
refit_orth,y,var,0.0006362796411849558,3,3200
refit_orth,fx,mspe,0.032223448157310486,3,3200
refit_orth,fx,bias2,0.023135557770729065,3,3200
refit_orth,fx,var,0.009087891317903996,3,3200
refit_orth,fr,mspe,0.013519864529371262,3,3200
refit_orth,fr,bias2,0.004431973211467266,3,3200
refit_orth,fr,var,0.009087891317903996,3,3200
refit_orth,fz,mspe,0.02157968282699585,3,3200
refit_orth,fz,bias2,0.01714041642844677,3,3200
refit_orth,fz,var,0.004439262207597494,3,3200
base,y,mspe,0.22290046513080597,3,3200
base,y,bias2,0.22220264375209808,3,3200
base,y,var,0.0006978450110182166,3,3200
base,fx,mspe,0.40970146656036377,3,3200
base,fx,bias2,0.3977683186531067,3,3200
base,fx,var,0.01193313393741846,3,3200
base,fr,mspe,0.5704094767570496,3,3200
base,fr,bias2,0.5584763288497925,3,3200
base,fr,var,0.01193313393741846,3,3200
base,fz,mspe,0.7015913128852844,3,3200
base,fz,bias2,0.7015913128852844,3,3200
base,fz,var,0.0,3,3200
posthoc_web,y,mspe,0.2636830806732178,3,3200
posthoc_web,y,bias2,0.26291629672050476,3,3200
posthoc_web,y,var,0.0007667717291042209,3,3200
posthoc_web,fx,mspe,0.17492172122001648,3,3200
posthoc_web,fx,bias2,0.16532661020755768,3,3200
posthoc_web,fx,var,0.009595105424523354,3,3200
posthoc_web,fr,mspe,0.15169380605220795,3,3200
posthoc_web,fr,bias2,0.14209870994091034,3,3200
posthoc_web,fr,var,0.009595105424523354,3,3200
posthoc_web,fz,mspe,0.7015913128852844,3,3200
posthoc_web,fz,bias2,0.7015913128852844,3,3200
posthoc_web,fz,var,0.0,3,3200
refit,y,mspe,0.20045241713523865,3.5,3200
refit,y,bias2,0.19980773329734802,3.5,3200
refit,y,var,0.0006446862244047225,3.5,3200
refit,fx,mspe,0.018349602818489075,3.5,3200
refit,fx,bias2,0.004584652837365866,3.5,3200
refit,fx,var,0.013764951378107071,3.5,3200
refit,fr,mspe,0.03878210484981537,3.5,3200
refit,fr,bias2,0.025017157196998596,3.5,3200
refit,fr,var,0.013764951378107071,3.5,3200
refit,fz,mspe,0.008903446607291698,3.5,3200
refit,fz,bias2,0.00010886940435739234,3.5,3200
refit,fz,var,0.008794576860964298,3.5,3200
refit_orth,y,mspe,0.20045170187950134,3.5,3200
refit_orth,y,bias2,0.19980722665786743,3.5,3200
refit_orth,y,var,0.0006444925675168633,3.5,3200
refit_orth,fx,mspe,0.03350415080785751,3.5,3200
refit_orth,fx,bias2,0.023336607962846756,3.5,3200
refit_orth,fx,var,0.010167541913688183,3.5,3200
refit_orth,fr,mspe,0.014750667847692966,3.5,3200
refit_orth,fr,bias2,0.004583126865327358,3.5,3200
refit_orth,fr,var,0.010167541913688183,3.5,3200
refit_orth,fz,mspe,0.021593725308775902,3.5,3200
refit_orth,fz,bias2,0.01690206304192543,3.5,3200
refit_orth,fz,var,0.004691663663834333,3.5,3200
base,y,mspe,0.21587616205215454,3.5,3200
base,y,bias2,0.21511295437812805,3.5,3200
base,y,var,0.0007631942862644792,3.5,3200
base,fx,mspe,0.550948441028595,3.5,3200
base,fx,bias2,0.537591814994812,3.5,3200
base,fx,var,0.013356641866266727,3.5,3200
base,fr,mspe,0.7346720695495605,3.5,3200
base,fr,bias2,0.7213154435157776,3.5,3200
base,fr,var,0.013356641866266727,3.5,3200
base,fz,mspe,0.9549437165260315,3.5,3200
base,fz,bias2,0.954943835735321,3.5,3200
base,fz,var,0.0,3.5,3200
posthoc_web,y,mspe,0.266195684671402,3.5,3200
posthoc_web,y,bias2,0.2653418183326721,3.5,3200
posthoc_web,y,var,0.0008538545807823539,3.5,3200
posthoc_web,fx,mspe,0.22579456865787506,3.5,3200
posthoc_web,fx,bias2,0.21567386388778687,3.5,3200
posthoc_web,fx,var,0.010120728053152561,3.5,3200
posthoc_web,fr,mspe,0.20192192494869232,3.5,3200
posthoc_web,fr,bias2,0.19180119037628174,3.5,3200
posthoc_web,fr,var,0.010120728053152561,3.5,3200
posthoc_web,fz,mspe,0.9549437165260315,3.5,3200
posthoc_web,fz,bias2,0.954943835735321,3.5,3200
posthoc_web,fz,var,0.0,3.5,3200
refit,y,mspe,0.19474008679389954,4,3200
refit,y,bias2,0.1941184550523758,4,3200
refit,y,var,0.0006216182373464108,4,3200
refit,fx,mspe,0.02019043266773224,4,3200
refit,fx,bias2,0.00547413807362318,4,3200
refit,fx,var,0.014716294594109058,4,3200
refit,fr,mspe,0.038504455238580704,4,3200
refit,fr,bias2,0.02378815971314907,4,3200
refit,fr,var,0.014716294594109058,4,3200
refit,fz,mspe,0.009774544276297092,4,3200
refit,fz,bias2,3.9442973502445966e-05,4,3200
refit,fz,var,0.009735100902616978,4,3200
refit_orth,y,mspe,0.19474154710769653,4,3200
refit_orth,y,bias2,0.19411861896514893,4,3200
refit_orth,y,var,0.0006229232531040907,4,3200
refit_orth,fx,mspe,0.03451200947165489,4,3200
refit_orth,fx,bias2,0.023924952372908592,4,3200
refit_orth,fx,var,0.010587058030068874,4,3200
refit_orth,fr,mspe,0.01605393923819065,4,3200
refit_orth,fr,bias2,0.005466882139444351,4,3200
refit_orth,fr,var,0.010587058030068874,4,3200
refit_orth,fz,mspe,0.02087320387363434,4,3200
refit_orth,fz,bias2,0.015787499025464058,4,3200
refit_orth,fz,var,0.005085705313831568,4,3200
base,y,mspe,0.21345637738704681,4,3200
base,y,bias2,0.21268846094608307,4,3200
base,y,var,0.0007679084083065391,4,3200
base,fx,mspe,0.7032514810562134,4,3200
base,fx,bias2,0.6886025071144104,4,3200
base,fx,var,0.01464903261512518,4,3200
base,fr,mspe,0.9086235165596008,4,3200
base,fr,bias2,0.8939745426177979,4,3200
base,fr,var,0.01464903261512518,4,3200
base,fz,mspe,1.2472734451293945,4,3200
base,fz,bias2,1.2472734451293945,4,3200
base,fz,var,0.0,4,3200
posthoc_web,y,mspe,0.27140939235687256,4,3200
posthoc_web,y,bias2,0.2705188989639282,4,3200
posthoc_web,y,var,0.0008904833812266588,4,3200
posthoc_web,fx,mspe,0.28256550431251526,4,3200
posthoc_web,fx,bias2,0.27016642689704895,4,3200
posthoc_web,fx,var,0.012399076484143734,4,3200
posthoc_web,fr,mspe,0.25805991888046265,4,3200
posthoc_web,fr,bias2,0.24566085636615753,4,3200
posthoc_web,fr,var,0.012399076484143734,4,3200
posthoc_web,fz,mspe,1.2472734451293945,4,3200
posthoc_web,fz,bias2,1.2472734451293945,4,3200
posthoc_web,fz,var,0.0,4,3200
refit,y,mspe,0.25226086378097534,0,400
refit,y,bias2,0.2476688176393509,0,400
refit,y,var,0.004592027980834246,0,400
refit,fx,mspe,0.06487789005041122,0,400
refit,fx,bias2,0.0178539976477623,0,400
refit,fx,var,0.047023896127939224,0,400
refit,fr,mspe,0.07045786082744598,0,400
refit,fr,bias2,0.02343396469950676,0,400
refit,fr,var,0.047023896127939224,0,400
refit,fz,mspe,0.025964228436350822,0,400
refit,fz,bias2,0.0003650510625448078,0,400
refit,fz,var,0.025599179789423943,0,400
refit_orth,y,mspe,0.25226378440856934,0,400
refit_orth,y,bias2,0.2476685643196106,0,400
refit_orth,y,var,0.004595223814249039,0,400
refit_orth,fx,mspe,0.07144007831811905,0,400
refit_orth,fx,bias2,0.03465060889720917,0,400
refit_orth,fx,var,0.03678947314620018,0,400
refit_orth,fr,mspe,0.0521644651889801,0,400
refit_orth,fr,bias2,0.015374989248812199,0,400
refit_orth,fr,var,0.03678947314620018,0,400
refit_orth,fz,mspe,0.02841663360595703,0,400
refit_orth,fz,bias2,0.011674954555928707,0,400
refit_orth,fz,var,0.01674167811870575,0,400
base,y,mspe,0.25029948353767395,0,400
base,y,bias2,0.24707461893558502,0,400
base,y,var,0.0032248760107904673,0,400
base,fx,mspe,0.070806123316288,0,400
base,fx,bias2,0.03558645397424698,0,400
base,fx,var,0.035219673067331314,0,400
base,fr,mspe,0.06745890527963638,0,400
base,fr,bias2,0.03223922848701477,0,400
base,fr,var,0.035219673067331314,0,400
base,fz,mspe,0.0,0,400
base,fz,bias2,0.0,0,400
base,fz,var,0.0,0,400
posthoc_web,y,mspe,0.2507215142250061,0,400
posthoc_web,y,bias2,0.24790054559707642,0,400
posthoc_web,y,var,0.0028209746815264225,0,400
posthoc_web,fx,mspe,0.07543317973613739,0,400
posthoc_web,fx,bias2,0.047592345625162125,0,400
posthoc_web,fx,var,0.027840834110975266,0,400
posthoc_web,fr,mspe,0.05675993114709854,0,400
posthoc_web,fr,bias2,0.028919093310832977,0,400
posthoc_web,fr,var,0.027840834110975266,0,400
posthoc_web,fz,mspe,0.0,0,400
posthoc_web,fz,bias2,0.0,0,400
posthoc_web,fz,var,0.0,0,400
refit,y,mspe,0.24974693357944489,0.5,400
refit,y,bias2,0.244904562830925,0.5,400
refit,y,var,0.004842378199100494,0.5,400
refit,fx,mspe,0.07270724326372147,0.5,400
refit,fx,bias2,0.02039235085248947,0.5,400
refit,fx,var,0.052314892411231995,0.5,400
refit,fr,mspe,0.08292531967163086,0.5,400
refit,fr,bias2,0.030610425397753716,0.5,400
refit,fr,var,0.052314892411231995,0.5,400
refit,fz,mspe,0.029759878292679787,0.5,400
refit,fz,bias2,3.6462515708990395e-05,0.5,400
refit,fz,var,0.02972341701388359,0.5,400
refit_orth,y,mspe,0.24974697828292847,0.5,400
refit_orth,y,bias2,0.24490459263324738,0.5,400
refit_orth,y,var,0.004842356313019991,0.5,400
refit_orth,fx,mspe,0.07553959637880325,0.5,400
refit_orth,fx,bias2,0.03803417086601257,0.5,400
refit_orth,fx,var,0.03750542551279068,0.5,400
refit_orth,fr,mspe,0.056803856045007706,0.5,400
refit_orth,fr,bias2,0.019298424944281578,0.5,400
refit_orth,fr,var,0.03750542551279068,0.5,400
refit_orth,fz,mspe,0.032722920179367065,0.5,400
refit_orth,fz,bias2,0.012025599367916584,0.5,400
refit_orth,fz,var,0.020697321742773056,0.5,400
base,y,mspe,0.24905703961849213,0.5,400
base,y,bias2,0.24537619948387146,0.5,400
base,y,var,0.0036808489821851254,0.5,400
base,fx,mspe,0.06460510194301605,0.5,400
base,fx,bias2,0.020706072449684143,0.5,400
base,fx,var,0.04389902949333191,0.5,400
base,fr,mspe,0.07831171900033951,0.5,400
base,fr,bias2,0.0344126895070076,0.5,400
base,fr,var,0.04389902949333191,0.5,400
base,fz,mspe,0.01948864758014679,0.5,400
base,fz,bias2,0.01948864758014679,0.5,400
base,fz,var,0.0,0.5,400
posthoc_web,y,mspe,0.2511543929576874,0.5,400
posthoc_web,y,bias2,0.24808792769908905,0.5,400
posthoc_web,y,var,0.003066477831453085,0.5,400
posthoc_web,fx,mspe,0.07016566395759583,0.5,400
posthoc_web,fx,bias2,0.039372239261865616,0.5,400
posthoc_web,fx,var,0.03079342097043991,0.5,400
posthoc_web,fr,mspe,0.05107565224170685,0.5,400
posthoc_web,fr,bias2,0.020282233133912086,0.5,400
posthoc_web,fr,var,0.03079342097043991,0.5,400
posthoc_web,fz,mspe,0.01948864758014679,0.5,400
posthoc_web,fz,bias2,0.01948864758014679,0.5,400
posthoc_web,fz,var,0.0,0.5,400
refit,y,mspe,0.24355396628379822,1,400
refit,y,bias2,0.23854514956474304,1,400
refit,y,var,0.005008814390748739,1,400
refit,fx,mspe,0.07563069462776184,1,400
refit,fx,bias2,0.017538806423544884,1,400
refit,fx,var,0.058091890066862106,1,400
refit,fr,mspe,0.0907662957906723,1,400
refit,fr,bias2,0.0326744019985199,1,400
refit,fr,var,0.058091890066862106,1,400
refit,fz,mspe,0.03560059145092964,1,400
refit,fz,bias2,4.830733814742416e-05,1,400
refit,fz,var,0.03555228188633919,1,400
refit_orth,y,mspe,0.2435542345046997,1,400
refit_orth,y,bias2,0.23854511976242065,1,400
refit_orth,y,var,0.005009129177778959,1,400
refit_orth,fx,mspe,0.07645294815301895,1,400
refit_orth,fx,bias2,0.03642158955335617,1,400
refit_orth,fx,var,0.04003136232495308,1,400
refit_orth,fr,mspe,0.05732690170407295,1,400
refit_orth,fr,bias2,0.017295541241765022,1,400
refit_orth,fr,var,0.04003136232495308,1,400
refit_orth,fz,mspe,0.04214569181203842,1,400
refit_orth,fz,bias2,0.013465466909110546,1,400
refit_orth,fz,var,0.0286802239716053,1,400
base,y,mspe,0.2451704442501068,1,400
base,y,bias2,0.24106992781162262,1,400
base,y,var,0.00410051504150033,1,400
base,fx,mspe,0.07705272734165192,1,400
base,fx,bias2,0.021076085045933723,1,400
base,fx,var,0.05597664415836334,1,400
base,fr,mspe,0.11940755695104599,1,400
base,fr,bias2,0.06343091279268265,1,400
base,fr,var,0.05597664415836334,1,400
base,fz,mspe,0.07795459032058716,1,400
base,fz,bias2,0.07795459032058716,1,400
base,fz,var,0.0,1,400
posthoc_web,y,mspe,0.25319960713386536,1,400
posthoc_web,y,bias2,0.24966581165790558,1,400
posthoc_web,y,var,0.0035338110756129026,1,400
posthoc_web,fx,mspe,0.07217750698328018,1,400
posthoc_web,fx,bias2,0.035077571868896484,1,400
posthoc_web,fx,var,0.0370999351143837,1,400
posthoc_web,fr,mspe,0.05147247016429901,1,400
posthoc_web,fr,bias2,0.014372535049915314,1,400
posthoc_web,fr,var,0.0370999351143837,1,400
posthoc_web,fz,mspe,0.07795459032058716,1,400
posthoc_web,fz,bias2,0.07795459032058716,1,400
posthoc_web,fz,var,0.0,1,400
refit,y,mspe,0.23677785694599152,1.5,400
refit,y,bias2,0.23218102753162384,1.5,400
refit,y,var,0.004596811719238758,1.5,400
refit,fx,mspe,0.07370976358652115,1.5,400
refit,fx,bias2,0.017756614834070206,1.5,400
refit,fx,var,0.05595314875245094,1.5,400
refit,fr,mspe,0.08550886064767838,1.5,400
refit,fr,bias2,0.02955571562051773,1.5,400
refit,fr,var,0.05595314875245094,1.5,400
refit,fz,mspe,0.037238411605358124,1.5,400
refit,fz,bias2,0.0001973386824829504,1.5,400
refit,fz,var,0.0370410718023777,1.5,400
refit_orth,y,mspe,0.23677606880664825,1.5,400
refit_orth,y,bias2,0.23218145966529846,1.5,400
refit_orth,y,var,0.004594610538333654,1.5,400
refit_orth,fx,mspe,0.0770513042807579,1.5,400
refit_orth,fx,bias2,0.036689236760139465,1.5,400
refit_orth,fx,var,0.04036206752061844,1.5,400
refit_orth,fr,mspe,0.05735642835497856,1.5,400
refit_orth,fr,bias2,0.016994362697005272,1.5,400
refit_orth,fr,var,0.04036206752061844,1.5,400
refit_orth,fz,mspe,0.04591968655586243,1.5,400
refit_orth,fz,bias2,0.016021035611629486,1.5,400
refit_orth,fz,var,0.02989865280687809,1.5,400
base,y,mspe,0.24249866604804993,1.5,400
base,y,bias2,0.23767028748989105,1.5,400
base,y,var,0.004828362260013819,1.5,400
base,fx,mspe,0.12900952994823456,1.5,400
base,fx,bias2,0.05653425678610802,1.5,400
base,fx,var,0.07247526943683624,1.5,400
base,fr,mspe,0.19770003855228424,1.5,400
base,fr,bias2,0.125224769115448,1.5,400
base,fr,var,0.07247526943683624,1.5,400
base,fz,mspe,0.1753978282213211,1.5,400
base,fz,bias2,0.1753978282213211,1.5,400
base,fz,var,0.0,1.5,400
posthoc_web,y,mspe,0.25597506761550903,1.5,400
posthoc_web,y,bias2,0.25209519267082214,1.5,400
posthoc_web,y,var,0.003879866097122431,1.5,400
posthoc_web,fx,mspe,0.09442032128572464,1.5,400
posthoc_web,fx,bias2,0.046701520681381226,1.5,400
posthoc_web,fx,var,0.04771879315376282,1.5,400
posthoc_web,fr,mspe,0.07322666794061661,1.5,400
posthoc_web,fr,bias2,0.02550787478685379,1.5,400
posthoc_web,fr,var,0.04771879315376282,1.5,400
posthoc_web,fz,mspe,0.1753978282213211,1.5,400
posthoc_web,fz,bias2,0.1753978282213211,1.5,400
posthoc_web,fz,var,0.0,1.5,400
refit,y,mspe,0.2289995551109314,2,400
refit,y,bias2,0.22453004121780396,2,400
refit,y,var,0.0044695124961435795,2,400
refit,fx,mspe,0.08292187750339508,2,400
refit,fx,bias2,0.021686475723981857,2,400
refit,fx,var,0.06123540922999382,2,400
refit,fr,mspe,0.09765785187482834,2,400
refit,fr,bias2,0.03642244637012482,2,400
refit,fr,var,0.06123540922999382,2,400
refit,fz,mspe,0.03344668075442314,2,400
refit,fz,bias2,7.166832801885903e-05,2,400
refit,fz,var,0.03337501361966133,2,400
refit_orth,y,mspe,0.22899959981441498,2,400
refit_orth,y,bias2,0.22453004121780396,2,400
refit_orth,y,var,0.00446953484788537,2,400
refit_orth,fx,mspe,0.08643406629562378,2,400
refit_orth,fx,bias2,0.04135212302207947,2,400
refit_orth,fx,var,0.04508194327354431,2,400
refit_orth,fr,mspe,0.06647823005914688,2,400
refit_orth,fr,bias2,0.021396279335021973,2,400
refit_orth,fr,var,0.04508194327354431,2,400
refit_orth,fz,mspe,0.05031121149659157,2,400
refit_orth,fz,bias2,0.017456866800785065,2,400
refit_orth,fz,var,0.0328543446958065,2,400
base,y,mspe,0.2364853322505951,2,400
base,y,bias2,0.23238132894039154,2,400
base,y,var,0.004103987943381071,2,400
base,fx,mspe,0.2170485109090805,2,400
base,fx,bias2,0.1498238891363144,2,400
base,fx,var,0.06722461432218552,2,400
base,fr,mspe,0.3208109140396118,2,400
base,fr,bias2,0.2535863220691681,2,400
base,fr,var,0.06722461432218552,2,400
base,fz,mspe,0.31181836128234863,2,400
base,fz,bias2,0.31181836128234863,2,400
base,fz,var,0.0,2,400
posthoc_web,y,mspe,0.2596052885055542,2,400
posthoc_web,y,bias2,0.25584694743156433,2,400
posthoc_web,y,var,0.0037583275698125362,2,400
posthoc_web,fx,mspe,0.12959431111812592,2,400
posthoc_web,fx,bias2,0.08212225139141083,2,400
posthoc_web,fx,var,0.04747205600142479,2,400
posthoc_web,fr,mspe,0.10637706518173218,2,400
posthoc_web,fr,bias2,0.058905020356178284,2,400
posthoc_web,fr,var,0.04747205600142479,2,400
posthoc_web,fz,mspe,0.31181836128234863,2,400
posthoc_web,fz,bias2,0.31181836128234863,2,400
posthoc_web,fz,var,0.0,2,400
refit,y,mspe,0.22278296947479248,2.5,400
refit,y,bias2,0.2178313434123993,2.5,400
refit,y,var,0.004951611626893282,2.5,400
refit,fx,mspe,0.09174344688653946,2.5,400
refit,fx,bias2,0.019622351974248886,2.5,400
refit,fx,var,0.07212109118700027,2.5,400
refit,fr,mspe,0.10899827629327774,2.5,400
refit,fr,bias2,0.03687719255685806,2.5,400
refit,fr,var,0.07212109118700027,2.5,400
refit,fz,mspe,0.03766052424907684,2.5,400
refit,fz,bias2,3.675080370157957e-05,2.5,400
refit,fz,var,0.037623774260282516,2.5,400
refit_orth,y,mspe,0.22277435660362244,2.5,400
refit_orth,y,bias2,0.21783189475536346,2.5,400
refit_orth,y,var,0.0049424669705331326,2.5,400
refit_orth,fx,mspe,0.0955221951007843,2.5,400
refit_orth,fx,bias2,0.039004821330308914,2.5,400
refit_orth,fx,var,0.05651737377047539,2.5,400
refit_orth,fr,mspe,0.07606600970029831,2.5,400
refit_orth,fr,bias2,0.019548635929822922,2.5,400
refit_orth,fr,var,0.05651737377047539,2.5,400
refit_orth,fz,mspe,0.05374552682042122,2.5,400
refit_orth,fz,bias2,0.016117630526423454,2.5,400
refit_orth,fz,var,0.037627898156642914,2.5,400
base,y,mspe,0.23257315158843994,2.5,400
base,y,bias2,0.22773151099681854,2.5,400
base,y,var,0.004841632675379515,2.5,400
base,fx,mspe,0.3090879023075104,2.5,400
base,fx,bias2,0.22121383249759674,2.5,400
base,fx,var,0.08787406980991364,2.5,400
base,fr,mspe,0.4314829111099243,2.5,400
base,fr,bias2,0.3436088562011719,2.5,400
base,fr,var,0.08787406980991364,2.5,400
base,fz,mspe,0.48721617460250854,2.5,400
base,fz,bias2,0.48721617460250854,2.5,400
base,fz,var,0.0,2.5,400
posthoc_web,y,mspe,0.2621084451675415,2.5,400
posthoc_web,y,bias2,0.2576582729816437,2.5,400
posthoc_web,y,var,0.004450180567800999,2.5,400
posthoc_web,fx,mspe,0.17004632949829102,2.5,400
posthoc_web,fx,bias2,0.10916080325841904,2.5,400
posthoc_web,fx,var,0.060885533690452576,2.5,400
posthoc_web,fr,mspe,0.14650145173072815,2.5,400
posthoc_web,fr,bias2,0.08561590313911438,2.5,400
posthoc_web,fr,var,0.060885533690452576,2.5,400
posthoc_web,fz,mspe,0.48721617460250854,2.5,400
posthoc_web,fz,bias2,0.48721617460250854,2.5,400
posthoc_web,fz,var,0.0,2.5,400
refit,y,mspe,0.21296462416648865,3,400
refit,y,bias2,0.208918958902359,3,400
refit,y,var,0.004045684821903706,3,400
refit,fx,mspe,0.07630112767219543,3,400
refit,fx,bias2,0.025717971846461296,3,400
refit,fx,var,0.05058315768837929,3,400
refit,fr,mspe,0.09128709882497787,3,400
refit,fr,bias2,0.04070392996072769,3,400
refit,fr,var,0.05058315768837929,3,400
refit,fz,mspe,0.05138354003429413,3,400
refit,fz,bias2,0.0005829797009937465,3,400
refit,fz,var,0.05080056190490723,3,400
refit_orth,y,mspe,0.2129778116941452,3,400
refit_orth,y,bias2,0.20892177522182465,3,400
refit_orth,y,var,0.004056044388562441,3,400
refit_orth,fx,mspe,0.08491847664117813,3,400
refit_orth,fx,bias2,0.045793429017066956,3,400
refit_orth,fx,var,0.03912506252527237,3,400
refit_orth,fr,mspe,0.06459303200244904,3,400
refit_orth,fr,bias2,0.025467967614531517,3,400
refit_orth,fr,var,0.03912506252527237,3,400
refit_orth,fz,mspe,0.0689958855509758,3,400
refit_orth,fz,bias2,0.022573623806238174,3,400
refit_orth,fz,var,0.046422261744737625,3,400
base,y,mspe,0.2263975590467453,3,400
base,y,bias2,0.22227343916893005,3,400
base,y,var,0.004124094732105732,3,400
base,fx,mspe,0.4253246784210205,3,400
base,fx,bias2,0.34688958525657654,3,400
base,fx,var,0.07843510806560516,3,400
base,fr,mspe,0.5745067596435547,3,400
base,fr,bias2,0.49607163667678833,3,400
base,fr,var,0.07843510806560516,3,400
base,fz,mspe,0.7015913128852844,3,400
base,fz,bias2,0.7015913128852844,3,400
base,fz,var,0.0,3,400
posthoc_web,y,mspe,0.26625850796699524,3,400
posthoc_web,y,bias2,0.26207461953163147,3,400
posthoc_web,y,var,0.004183906130492687,3,400
posthoc_web,fx,mspe,0.21139751374721527,3,400
posthoc_web,fx,bias2,0.15661485493183136,3,400
posthoc_web,fx,var,0.05478266254067421,3,400
posthoc_web,fr,mspe,0.18635135889053345,3,400
posthoc_web,fr,bias2,0.13156870007514954,3,400
posthoc_web,fr,var,0.05478266254067421,3,400
posthoc_web,fz,mspe,0.7015913128852844,3,400
posthoc_web,fz,bias2,0.7015913128852844,3,400
posthoc_web,fz,var,0.0,3,400
refit,y,mspe,0.2038932740688324,3.5,400
refit,y,bias2,0.20006760954856873,3.5,400
refit,y,var,0.003825654974207282,3.5,400
refit,fx,mspe,0.07603979855775833,3.5,400
refit,fx,bias2,0.025268377736210823,3.5,400
refit,fx,var,0.05077141895890236,3.5,400
refit,fr,mspe,0.0867224633693695,3.5,400
refit,fr,bias2,0.03595103695988655,3.5,400
refit,fr,var,0.05077141895890236,3.5,400
refit,fz,mspe,0.0643267035484314,3.5,400
refit,fz,bias2,0.0035506223794072866,3.5,400
refit,fz,var,0.060776080936193466,3.5,400
refit_orth,y,mspe,0.2039082944393158,3.5,400
refit_orth,y,bias2,0.20006634294986725,3.5,400
refit_orth,y,var,0.0038419682532548904,3.5,400
refit_orth,fx,mspe,0.08335698395967484,3.5,400
refit_orth,fx,bias2,0.0437556654214859,3.5,400
refit_orth,fx,var,0.03960132226347923,3.5,400
refit_orth,fr,mspe,0.0638400986790657,3.5,400
refit_orth,fr,bias2,0.02423877641558647,3.5,400
refit_orth,fr,var,0.03960132226347923,3.5,400
refit_orth,fz,mspe,0.084495909512043,3.5,400
refit_orth,fz,bias2,0.028156861662864685,3.5,400
refit_orth,fz,var,0.056339044123888016,3.5,400
base,y,mspe,0.21941448748111725,3.5,400
base,y,bias2,0.21526814997196198,3.5,400
base,y,var,0.004146304912865162,3.5,400
base,fx,mspe,0.6046323180198669,3.5,400
base,fx,bias2,0.5187917947769165,3.5,400
base,fx,var,0.08584056049585342,3.5,400
base,fr,mspe,0.7837801575660706,3.5,400
base,fr,bias2,0.6979395151138306,3.5,400
base,fr,var,0.08584056049585342,3.5,400
base,fz,mspe,0.9549437165260315,3.5,400
base,fz,bias2,0.954943835735321,3.5,400
base,fz,var,0.0,3.5,400
posthoc_web,y,mspe,0.2699113190174103,3.5,400
posthoc_web,y,bias2,0.26522600650787354,3.5,400
posthoc_web,y,var,0.004685316700488329,3.5,400
posthoc_web,fx,mspe,0.2795238792896271,3.5,400
posthoc_web,fx,bias2,0.21784012019634247,3.5,400
posthoc_web,fx,var,0.06168375164270401,3.5,400
posthoc_web,fr,mspe,0.2540140748023987,3.5,400
posthoc_web,fr,bias2,0.19233031570911407,3.5,400
posthoc_web,fr,var,0.06168375164270401,3.5,400
posthoc_web,fz,mspe,0.9549437165260315,3.5,400
posthoc_web,fz,bias2,0.954943835735321,3.5,400
posthoc_web,fz,var,0.0,3.5,400
refit,y,mspe,0.1978943645954132,4,400
refit,y,bias2,0.1943848431110382,4,400
refit,y,var,0.003509519388899207,4,400
refit,fx,mspe,0.07078306376934052,4,400
refit,fx,bias2,0.027264801785349846,4,400
refit,fx,var,0.04351825639605522,4,400
refit,fr,mspe,0.0818750187754631,4,400
refit,fr,bias2,0.03835676237940788,4,400
refit,fr,var,0.04351825639605522,4,400
refit,fz,mspe,0.07949600368738174,4,400
refit,fz,bias2,0.003983073402196169,4,400
refit,fz,var,0.07551293820142746,4,400
refit_orth,y,mspe,0.1978943794965744,4,400
refit_orth,y,bias2,0.19438482820987701,4,400
refit_orth,y,var,0.0035095459315925837,4,400
refit_orth,fx,mspe,0.0770849883556366,4,400
refit_orth,fx,bias2,0.045380353927612305,4,400
refit_orth,fx,var,0.03170463442802429,4,400
refit_orth,fr,mspe,0.058067962527275085,4,400
refit_orth,fr,bias2,0.026363329961895943,4,400
refit_orth,fr,var,0.03170463442802429,4,400
refit_orth,fz,mspe,0.09881541877985,4,400
refit_orth,fz,bias2,0.029195478186011314,4,400
refit_orth,fz,var,0.06961993873119354,4,400
base,y,mspe,0.21728545427322388,4,400
base,y,bias2,0.2126971036195755,4,400
base,y,var,0.004588373936712742,4,400
base,fx,mspe,0.8159580230712891,4,400
base,fx,bias2,0.6961854696273804,4,400
base,fx,var,0.1197725459933281,4,400
base,fr,mspe,1.0209487676620483,4,400
base,fr,bias2,0.9011761546134949,4,400
base,fr,var,0.1197725459933281,4,400
base,fz,mspe,1.2472734451293945,4,400
base,fz,bias2,1.2472734451293945,4,400
base,fz,var,0.0,4,400
posthoc_web,y,mspe,0.27571970224380493,4,400
posthoc_web,y,bias2,0.27069443464279175,4,400
posthoc_web,y,var,0.005025282967835665,4,400
posthoc_web,fx,mspe,0.3603340983390808,4,400
posthoc_web,fx,bias2,0.2814599871635437,4,400
posthoc_web,fx,var,0.07887410372495651,4,400
posthoc_web,fr,mspe,0.33426743745803833,4,400
posthoc_web,fr,bias2,0.2553933262825012,4,400
posthoc_web,fr,var,0.07887410372495651,4,400
posthoc_web,fz,mspe,1.2472734451293945,4,400
posthoc_web,fz,bias2,1.2472734451293945,4,400
posthoc_web,fz,var,0.0,4,400
refit,y,mspe,0.24760036170482635,0,6400
refit,y,bias2,0.24718591570854187,0,6400
refit,y,var,0.00041442905785515904,0,6400
refit,fx,mspe,0.0077397022396326065,0,6400
refit,fx,bias2,0.0015634555602446198,0,6400
refit,fx,var,0.006176247727125883,0,6400
refit,fr,mspe,0.025003550574183464,0,6400
refit,fr,bias2,0.018827300518751144,0,6400
refit,fr,var,0.006176247727125883,0,6400
refit,fz,mspe,0.002298660110682249,0,6400
refit,fz,bias2,2.731860695348587e-05,0,6400
refit,fz,var,0.0022713413927704096,0,6400
refit_orth,y,mspe,0.2476012259721756,0,6400
refit_orth,y,bias2,0.2471863180398941,0,6400
refit_orth,y,var,0.00041491302545182407,0,6400
refit_orth,fx,mspe,0.0254413653165102,0,6400
refit_orth,fx,bias2,0.02043849416077137,0,6400
refit_orth,fx,var,0.005002868361771107,0,6400
refit_orth,fr,mspe,0.0065078698098659515,0,6400
refit_orth,fr,bias2,0.0015050016809254885,0,6400
refit_orth,fr,var,0.005002868361771107,0,6400
refit_orth,fz,mspe,0.019383344799280167,0,6400
refit_orth,fz,bias2,0.01819015108048916,0,6400
refit_orth,fz,var,0.0011931952321901917,0,6400
base,y,mspe,0.24761651456356049,0,6400
base,y,bias2,0.24721138179302216,0,6400
base,y,var,0.00040514743886888027,0,6400
base,fx,mspe,0.007142249494791031,0,6400
base,fx,bias2,0.0016885334625840187,0,6400
base,fx,var,0.0054537151008844376,0,6400
base,fr,mspe,0.02249583788216114,0,6400
base,fr,bias2,0.017042119055986404,0,6400
base,fr,var,0.0054537151008844376,0,6400
base,fz,mspe,0.0,0,6400
base,fz,bias2,0.0,0,6400
base,fz,var,0.0,0,6400
posthoc_web,y,mspe,0.2489415407180786,0,6400
posthoc_web,y,bias2,0.2485782504081726,0,6400
posthoc_web,y,var,0.0003632933658082038,0,6400
posthoc_web,fx,mspe,0.02502867765724659,0,6400
posthoc_web,fx,bias2,0.020405516028404236,0,6400
posthoc_web,fx,var,0.004623162094503641,0,6400
posthoc_web,fr,mspe,0.006097538862377405,0,6400
posthoc_web,fr,bias2,0.0014743766514584422,0,6400
posthoc_web,fr,var,0.004623162094503641,0,6400
posthoc_web,fz,mspe,0.0,0,6400
posthoc_web,fz,bias2,0.0,0,6400
posthoc_web,fz,var,0.0,0,6400
refit,y,mspe,0.2452508509159088,0.5,6400
refit,y,bias2,0.24486537277698517,0.5,6400
refit,y,var,0.0003854601818602532,0.5,6400
refit,fx,mspe,0.00883944146335125,0.5,6400
refit,fx,bias2,0.00272359699010849,0.5,6400
refit,fx,var,0.00611584447324276,0.5,6400
refit,fr,mspe,0.03400389850139618,0.5,6400
refit,fr,bias2,0.02788805030286312,0.5,6400
refit,fr,var,0.00611584447324276,0.5,6400
refit,fz,mspe,0.002890196396037936,0.5,6400
refit,fz,bias2,0.0006603180663660169,0.5,6400
refit,fz,var,0.002229878678917885,0.5,6400
refit_orth,y,mspe,0.2452501505613327,0.5,6400
refit_orth,y,bias2,0.24486495554447174,0.5,6400
refit_orth,y,var,0.0003851833171211183,0.5,6400
refit_orth,fx,mspe,0.026288243010640144,0.5,6400
refit_orth,fx,bias2,0.02140934206545353,0.5,6400
refit_orth,fx,var,0.004878899082541466,0.5,6400
refit_orth,fr,mspe,0.007192226592451334,0.5,6400
refit_orth,fr,bias2,0.002313327742740512,0.5,6400
refit_orth,fr,var,0.004878899082541466,0.5,6400
refit_orth,fz,mspe,0.018699614331126213,0.5,6400
refit_orth,fz,bias2,0.017644107341766357,0.5,6400
refit_orth,fz,var,0.001055505475960672,0.5,6400
base,y,mspe,0.2461220771074295,0.5,6400
base,y,bias2,0.24564260244369507,0.5,6400
base,y,var,0.00047945789992809296,0.5,6400
base,fx,mspe,0.017035556957125664,0.5,6400
base,fx,bias2,0.011117377318441868,0.5,6400
base,fx,var,0.005918178707361221,0.5,6400
base,fr,mspe,0.05879989638924599,0.5,6400
base,fr,bias2,0.052881717681884766,0.5,6400
base,fr,var,0.005918178707361221,0.5,6400
base,fz,mspe,0.01948864758014679,0.5,6400
base,fz,bias2,0.01948864758014679,0.5,6400
base,fz,var,0.0,0.5,6400
posthoc_web,y,mspe,0.249977245926857,0.5,6400
posthoc_web,y,bias2,0.24953319132328033,0.5,6400
posthoc_web,y,var,0.0004440641787368804,0.5,6400
posthoc_web,fx,mspe,0.029552411288022995,0.5,6400
posthoc_web,fx,bias2,0.024568665772676468,0.5,6400
posthoc_web,fx,var,0.00498374504968524,0.5,6400
posthoc_web,fr,mspe,0.009737176820635796,0.5,6400
posthoc_web,fr,bias2,0.0047534313052892685,0.5,6400
posthoc_web,fr,var,0.00498374504968524,0.5,6400
posthoc_web,fz,mspe,0.01948864758014679,0.5,6400
posthoc_web,fz,bias2,0.01948864758014679,0.5,6400
posthoc_web,fz,var,0.0,0.5,6400
refit,y,mspe,0.23844659328460693,1,6400
refit,y,bias2,0.23805183172225952,1,6400
refit,y,var,0.0003947778313886374,1,6400
refit,fx,mspe,0.010802488774061203,1,6400
refit,fx,bias2,0.004014007281512022,1,6400
refit,fx,var,0.006788481492549181,1,6400
refit,fr,mspe,0.04016079753637314,1,6400
refit,fr,bias2,0.033372316509485245,1,6400
refit,fr,var,0.006788481492549181,1,6400
refit,fz,mspe,0.0037605781108140945,1,6400
refit,fz,bias2,0.0016027918318286538,1,6400
refit,fz,var,0.0021577859297394753,1,6400
refit_orth,y,mspe,0.23844540119171143,1,6400
refit_orth,y,bias2,0.23805060982704163,1,6400
refit_orth,y,var,0.00039478990947827697,1,6400
refit_orth,fx,mspe,0.027381479740142822,1,6400
refit_orth,fx,bias2,0.022031689062714577,1,6400
refit_orth,fx,var,0.005349789280444384,1,6400
refit_orth,fr,mspe,0.008112414740025997,1,6400
refit_orth,fr,bias2,0.0027626261580735445,1,6400
refit_orth,fr,var,0.005349789280444384,1,6400
refit_orth,fz,mspe,0.019138699397444725,1,6400
refit_orth,fz,bias2,0.017992431297898293,1,6400
refit_orth,fz,var,0.001146264374256134,1,6400
base,y,mspe,0.24104726314544678,1,6400
base,y,bias2,0.24062025547027588,1,6400
base,y,var,0.0004270253994036466,1,6400
base,fx,mspe,0.052272699773311615,1,6400
base,fx,bias2,0.046254273504018784,1,6400
base,fx,var,0.006018426269292831,1,6400
base,fr,mspe,0.11952079832553864,1,6400
base,fr,bias2,0.1135023757815361,1,6400
base,fr,var,0.006018426269292831,1,6400
base,fz,mspe,0.07795459032058716,1,6400
base,fz,bias2,0.07795459032058716,1,6400
base,fz,var,0.0,1,6400
posthoc_web,y,mspe,0.25136637687683105,1,6400
posthoc_web,y,bias2,0.2509627044200897,1,6400
posthoc_web,y,var,0.000403653975808993,1,6400
posthoc_web,fx,mspe,0.04276801645755768,1,6400
posthoc_web,fx,bias2,0.03768027201294899,1,6400
posthoc_web,fx,var,0.0050877416506409645,1,6400
posthoc_web,fr,mspe,0.02209710143506527,1,6400
posthoc_web,fr,bias2,0.01700936257839203,1,6400
posthoc_web,fr,var,0.0050877416506409645,1,6400
posthoc_web,fz,mspe,0.07795459032058716,1,6400
posthoc_web,fz,bias2,0.07795459032058716,1,6400
posthoc_web,fz,var,0.0,1,6400
refit,y,mspe,0.23301485180854797,1.5,6400
refit,y,bias2,0.23261432349681854,1.5,6400
refit,y,var,0.00040053619886748493,1.5,6400
refit,fx,mspe,0.011440059170126915,1.5,6400
refit,fx,bias2,0.0043930355459451675,1.5,6400
refit,fx,var,0.0070470236241817474,1.5,6400
refit,fr,mspe,0.04163399711251259,1.5,6400
refit,fr,bias2,0.03458697721362114,1.5,6400
refit,fr,var,0.0070470236241817474,1.5,6400
refit,fz,mspe,0.0047981031239032745,1.5,6400
refit,fz,bias2,0.0018888675840571523,1.5,6400
refit,fz,var,0.0029092354234308004,1.5,6400
refit_orth,y,mspe,0.23301541805267334,1.5,6400
refit_orth,y,bias2,0.23261409997940063,1.5,6400
refit_orth,y,var,0.0004013238940387964,1.5,6400
refit_orth,fx,mspe,0.027556948363780975,1.5,6400
refit_orth,fx,bias2,0.022121213376522064,1.5,6400
refit_orth,fx,var,0.005435734987258911,1.5,6400
refit_orth,fr,mspe,0.008358039893209934,1.5,6400
refit_orth,fr,bias2,0.0029223053716123104,1.5,6400
refit_orth,fr,var,0.005435734987258911,1.5,6400
refit_orth,fz,mspe,0.019284790381789207,1.5,6400
refit_orth,fz,bias2,0.017808174714446068,1.5,6400
refit_orth,fz,var,0.001476617413572967,1.5,6400
base,y,mspe,0.23784217238426208,1.5,6400
base,y,bias2,0.23740381002426147,1.5,6400
base,y,var,0.0004383475461509079,1.5,6400
base,fx,mspe,0.10404474288225174,1.5,6400
base,fx,bias2,0.09799247980117798,1.5,6400
base,fx,var,0.006052261684089899,1.5,6400
base,fr,mspe,0.19329726696014404,1.5,6400
base,fr,bias2,0.18724502623081207,1.5,6400
base,fr,var,0.006052261684089899,1.5,6400
base,fz,mspe,0.1753978282213211,1.5,6400
base,fz,bias2,0.1753978282213211,1.5,6400
base,fz,var,0.0,1.5,6400
posthoc_web,y,mspe,0.2542247474193573,1.5,6400
posthoc_web,y,bias2,0.25379395484924316,1.5,6400
posthoc_web,y,var,0.000430797110311687,1.5,6400
posthoc_web,fx,mspe,0.061993006616830826,1.5,6400
posthoc_web,fx,bias2,0.05705611780285835,1.5,6400
posthoc_web,fx,var,0.004936894867569208,1.5,6400
posthoc_web,fr,mspe,0.040538396686315536,1.5,6400
posthoc_web,fr,bias2,0.035601500421762466,1.5,6400
posthoc_web,fr,var,0.004936894867569208,1.5,6400
posthoc_web,fz,mspe,0.1753978282213211,1.5,6400
posthoc_web,fz,bias2,0.1753978282213211,1.5,6400
posthoc_web,fz,var,0.0,1.5,6400
refit,y,mspe,0.2256530225276947,2,6400
refit,y,bias2,0.2252555787563324,2,6400
refit,y,var,0.0003974171122536063,2,6400
refit,fx,mspe,0.011559952050447464,2,6400
refit,fx,bias2,0.004211009480059147,2,6400
refit,fx,var,0.007348942570388317,2,6400
refit,fr,mspe,0.04234480857849121,2,6400
refit,fr,bias2,0.03499586507678032,2,6400
refit,fr,var,0.007348942570388317,2,6400
refit,fz,mspe,0.00590685848146677,2,6400
refit,fz,bias2,0.002418858464807272,2,6400
refit,fz,var,0.003488000016659498,2,6400
refit_orth,y,mspe,0.22565288841724396,2,6400
refit_orth,y,bias2,0.2252558171749115,2,6400
refit_orth,y,var,0.0003970717662014067,2,6400
refit_orth,fx,mspe,0.0274962168186903,2,6400
refit_orth,fx,bias2,0.02189149335026741,2,6400
refit_orth,fx,var,0.005604721140116453,2,6400
refit_orth,fr,mspe,0.008179047144949436,2,6400
refit_orth,fr,bias2,0.002574326004832983,2,6400
refit_orth,fr,var,0.005604721140116453,2,6400
refit_orth,fz,mspe,0.018689122051000595,2,6400
refit_orth,fz,bias2,0.01697159931063652,2,6400
refit_orth,fz,var,0.001717521226964891,2,6400
base,y,mspe,0.23316015303134918,2,6400
base,y,bias2,0.23273169994354248,2,6400
base,y,var,0.00042844944982789457,2,6400
base,fx,mspe,0.18502669036388397,2,6400
base,fx,bias2,0.17888954281806946,2,6400
base,fx,var,0.006137143354862928,2,6400
base,fr,mspe,0.2992309629917145,2,6400
base,fr,bias2,0.29309383034706116,2,6400
base,fr,var,0.006137143354862928,2,6400
base,fz,mspe,0.31181836128234863,2,6400
base,fz,bias2,0.31181836128234863,2,6400
base,fz,var,0.0,2,6400
posthoc_web,y,mspe,0.25752881169319153,2,6400
posthoc_web,y,bias2,0.2570963203907013,2,6400
posthoc_web,y,var,0.00043247974826954305,2,6400
posthoc_web,fx,mspe,0.09101644158363342,2,6400
posthoc_web,fx,bias2,0.08612724393606186,2,6400
posthoc_web,fx,var,0.004889199510216713,2,6400
posthoc_web,fr,mspe,0.06878027319908142,2,6400
posthoc_web,fr,bias2,0.06389107555150986,2,6400
posthoc_web,fr,var,0.004889199510216713,2,6400
posthoc_web,fz,mspe,0.31181836128234863,2,6400
posthoc_web,fz,bias2,0.31181836128234863,2,6400
posthoc_web,fz,var,0.0,2,6400
refit,y,mspe,0.21857021749019623,2.5,6400
refit,y,bias2,0.21815109252929688,2.5,6400
refit,y,var,0.0004191376210656017,2.5,6400
refit,fx,mspe,0.01292076800018549,2.5,6400
refit,fx,bias2,0.00453547015786171,2.5,6400
refit,fx,var,0.00838529970496893,2.5,6400
refit,fr,mspe,0.043272797018289566,2.5,6400
refit,fr,bias2,0.03488749638199806,2.5,6400
refit,fr,var,0.00838529970496893,2.5,6400
refit,fz,mspe,0.005751437041908503,2.5,6400
refit,fz,bias2,0.0020722756162285805,2.5,6400
refit,fz,var,0.003679160960018635,2.5,6400
refit_orth,y,mspe,0.21856889128684998,2.5,6400
refit_orth,y,bias2,0.21815046668052673,2.5,6400
refit_orth,y,var,0.0004184351419098675,2.5,6400
refit_orth,fx,mspe,0.028755774721503258,2.5,6400
refit_orth,fx,bias2,0.022250762209296227,2.5,6400
refit_orth,fx,var,0.006505011115223169,2.5,6400
refit_orth,fr,mspe,0.009523659944534302,2.5,6400
refit_orth,fr,bias2,0.0030186492949724197,2.5,6400
refit_orth,fr,var,0.006505011115223169,2.5,6400
refit_orth,fz,mspe,0.01924850419163704,2.5,6400
refit_orth,fz,bias2,0.017442183569073677,2.5,6400
refit_orth,fz,var,0.0018063210882246494,2.5,6400
base,y,mspe,0.2279500514268875,2.5,6400
base,y,bias2,0.2275143414735794,2.5,6400
base,y,var,0.00043570727575570345,2.5,6400
base,fx,mspe,0.30046477913856506,2.5,6400
base,fx,bias2,0.29338139295578003,2.5,6400
base,fx,var,0.007083383854478598,2.5,6400
base,fr,mspe,0.44150596857070923,2.5,6400
base,fr,bias2,0.4344225227832794,2.5,6400
base,fr,var,0.007083383854478598,2.5,6400
base,fz,mspe,0.48721617460250854,2.5,6400
base,fz,bias2,0.48721617460250854,2.5,6400
base,fz,var,0.0,2.5,6400
posthoc_web,y,mspe,0.2600253224372864,2.5,6400
posthoc_web,y,bias2,0.2595442235469818,2.5,6400
posthoc_web,y,var,0.0004811110848095268,2.5,6400
posthoc_web,fx,mspe,0.13335594534873962,2.5,6400
posthoc_web,fx,bias2,0.1273621767759323,2.5,6400
posthoc_web,fx,var,0.005993764381855726,2.5,6400
posthoc_web,fr,mspe,0.1100093424320221,2.5,6400
posthoc_web,fr,bias2,0.10401558130979538,2.5,6400
posthoc_web,fr,var,0.005993764381855726,2.5,6400
posthoc_web,fz,mspe,0.48721617460250854,2.5,6400
posthoc_web,fz,bias2,0.48721617460250854,2.5,6400
posthoc_web,fz,var,0.0,2.5,6400
refit,y,mspe,0.20950478315353394,3,6400
refit,y,bias2,0.2091389149427414,3,6400
refit,y,var,0.00036584894405677915,3,6400
refit,fx,mspe,0.012814123183488846,3,6400
refit,fx,bias2,0.004241629969328642,3,6400
refit,fx,var,0.008572493679821491,3,6400
refit,fr,mspe,0.042046260088682175,3,6400
refit,fr,bias2,0.03347376734018326,3,6400
refit,fr,var,0.008572493679821491,3,6400
refit,fz,mspe,0.0059559945948421955,3,6400
refit,fz,bias2,0.0017137053655460477,3,6400
refit,fz,var,0.004242289811372757,3,6400
refit_orth,y,mspe,0.20950496196746826,3,6400
refit_orth,y,bias2,0.20913928747177124,3,6400
refit_orth,y,var,0.0003656665503513068,3,6400
refit_orth,fx,mspe,0.028320781886577606,3,6400
refit_orth,fx,bias2,0.02230709046125412,3,6400
refit_orth,fx,var,0.006013689562678337,3,6400
refit_orth,fr,mspe,0.009039277210831642,3,6400
refit_orth,fr,bias2,0.003025586949661374,3,6400
refit_orth,fr,var,0.006013689562678337,3,6400
refit_orth,fz,mspe,0.019434701651334763,3,6400
refit_orth,fz,bias2,0.017524920403957367,3,6400
refit_orth,fz,var,0.0019097839249297976,3,6400
base,y,mspe,0.22266662120819092,3,6400
base,y,bias2,0.22223106026649475,3,6400
base,y,var,0.00043556882883422077,3,6400
base,fx,mspe,0.4123168885707855,3,6400
base,fx,bias2,0.4053049087524414,3,6400
base,fx,var,0.007011970970779657,3,6400
base,fr,mspe,0.5746099948883057,3,6400
base,fr,bias2,0.5675979852676392,3,6400
base,fr,var,0.007011970970779657,3,6400
base,fz,mspe,0.7015913128852844,3,6400
base,fz,bias2,0.7015913128852844,3,6400
base,fz,var,0.0,3,6400
posthoc_web,y,mspe,0.26387882232666016,3,6400
posthoc_web,y,bias2,0.2633819878101349,3,6400
posthoc_web,y,var,0.0004968534340150654,3,6400
posthoc_web,fx,mspe,0.1737505942583084,3,6400
posthoc_web,fx,bias2,0.16797755658626556,3,6400
posthoc_web,fx,var,0.005773019976913929,3,6400
posthoc_web,fr,mspe,0.1497134566307068,3,6400
posthoc_web,fr,bias2,0.14394044876098633,3,6400
posthoc_web,fr,var,0.005773019976913929,3,6400
posthoc_web,fz,mspe,0.7015913128852844,3,6400
posthoc_web,fz,bias2,0.7015913128852844,3,6400
posthoc_web,fz,var,0.0,3,6400
refit,y,mspe,0.2003195881843567,3.5,6400
refit,y,bias2,0.1999596804380417,3.5,6400
refit,y,var,0.00035989395109936595,3.5,6400
refit,fx,mspe,0.013886252418160439,3.5,6400
refit,fx,bias2,0.004400577396154404,3.5,6400
refit,fx,var,0.009485675022006035,3.5,6400
refit,fr,mspe,0.04292304813861847,3.5,6400
refit,fr,bias2,0.033437374979257584,3.5,6400
refit,fr,var,0.009485675022006035,3.5,6400
refit,fz,mspe,0.006517835892736912,3.5,6400
refit,fz,bias2,0.0017433628672733903,3.5,6400
refit,fz,var,0.004774472676217556,3.5,6400
refit_orth,y,mspe,0.20031426846981049,3.5,6400
refit_orth,y,bias2,0.1999533772468567,3.5,6400
refit_orth,y,var,0.00036088161868974566,3.5,6400
refit_orth,fx,mspe,0.029088301584124565,3.5,6400
refit_orth,fx,bias2,0.022349050268530846,3.5,6400
refit_orth,fx,var,0.006739251781255007,3.5,6400
refit_orth,fr,mspe,0.00997590459883213,3.5,6400
refit_orth,fr,bias2,0.0032366528175771236,3.5,6400
refit_orth,fr,var,0.006739251781255007,3.5,6400
refit_orth,fz,mspe,0.019457435235381126,3.5,6400
refit_orth,fz,bias2,0.017089614644646645,3.5,6400
refit_orth,fz,var,0.002367817796766758,3.5,6400
base,y,mspe,0.2156020551919937,3.5,6400
base,y,bias2,0.21514423191547394,3.5,6400
base,y,var,0.00045780197251588106,3.5,6400
base,fx,mspe,0.5603850483894348,3.5,6400
base,fx,bias2,0.5523306727409363,3.5,6400
base,fx,var,0.008054403588175774,3.5,6400
base,fr,mspe,0.7467001080513,3.5,6400
base,fr,bias2,0.738645613193512,3.5,6400
base,fr,var,0.008054403588175774,3.5,6400
base,fz,mspe,0.9549437165260315,3.5,6400
base,fz,bias2,0.954943835735321,3.5,6400
base,fz,var,0.0,3.5,6400
posthoc_web,y,mspe,0.2667098641395569,3.5,6400
posthoc_web,y,bias2,0.26614123582839966,3.5,6400
posthoc_web,y,var,0.0005686311051249504,3.5,6400
posthoc_web,fx,mspe,0.22745275497436523,3.5,6400
posthoc_web,fx,bias2,0.22061645984649658,3.5,6400
posthoc_web,fx,var,0.006836301181465387,3.5,6400
posthoc_web,fr,mspe,0.2024928629398346,3.5,6400
posthoc_web,fr,bias2,0.19565655291080475,3.5,6400
posthoc_web,fr,var,0.006836301181465387,3.5,6400
posthoc_web,fz,mspe,0.9549437165260315,3.5,6400
posthoc_web,fz,bias2,0.954943835735321,3.5,6400
posthoc_web,fz,var,0.0,3.5,6400
refit,y,mspe,0.19467981159687042,4,6400
refit,y,bias2,0.1943097710609436,4,6400
refit,y,var,0.000370016903616488,4,6400
refit,fx,mspe,0.013870669528841972,4,6400
refit,fx,bias2,0.00367817678488791,4,6400
refit,fx,var,0.010192492045462132,4,6400
refit,fr,mspe,0.040818408131599426,4,6400
refit,fr,bias2,0.030625920742750168,4,6400
refit,fr,var,0.010192492045462132,4,6400
refit,fz,mspe,0.006156934425234795,4,6400
refit,fz,bias2,0.0009502372122369707,4,6400
refit,fz,var,0.005206698086112738,4,6400
refit_orth,y,mspe,0.19467800855636597,4,6400
refit_orth,y,bias2,0.19430766999721527,4,6400
refit_orth,y,var,0.0003702974645420909,4,6400
refit_orth,fx,mspe,0.029393725097179413,4,6400
refit_orth,fx,bias2,0.022120272740721703,4,6400
refit_orth,fx,var,0.00727345235645771,4,6400
refit_orth,fr,mspe,0.010241519659757614,4,6400
refit_orth,fr,bias2,0.002968067303299904,4,6400
refit_orth,fr,var,0.00727345235645771,4,6400
refit_orth,fz,mspe,0.02067948877811432,4,6400
refit_orth,fz,bias2,0.0180515144020319,4,6400
refit_orth,fz,var,0.0026279722806066275,4,6400
base,y,mspe,0.21303999423980713,4,6400
base,y,bias2,0.21260572969913483,4,6400
base,y,var,0.00043426506454125047,4,6400
base,fx,mspe,0.7236095666885376,4,6400
base,fx,bias2,0.7143162488937378,4,6400
base,fx,var,0.00929331872612238,4,6400
base,fr,mspe,0.9329055547714233,4,6400
base,fr,bias2,0.9236122965812683,4,6400
base,fr,var,0.00929331872612238,4,6400
base,fz,mspe,1.2472734451293945,4,6400
base,fz,bias2,1.2472734451293945,4,6400
base,fz,var,0.0,4,6400
posthoc_web,y,mspe,0.27210578322410583,4,6400
posthoc_web,y,bias2,0.2715666592121124,4,6400
posthoc_web,y,var,0.0005391115555539727,4,6400
posthoc_web,fx,mspe,0.28566884994506836,4,6400
posthoc_web,fx,bias2,0.27846428751945496,4,6400
posthoc_web,fx,var,0.007204563822597265,4,6400
posthoc_web,fr,mspe,0.2598317861557007,4,6400
posthoc_web,fr,bias2,0.2526271939277649,4,6400
posthoc_web,fr,var,0.007204563822597265,4,6400
posthoc_web,fz,mspe,1.2472734451293945,4,6400
posthoc_web,fz,bias2,1.2472734451293945,4,6400
posthoc_web,fz,var,0.0,4,6400
refit,y,mspe,0.2492668181657791,0,800
refit,y,bias2,0.24677711725234985,0,800
refit,y,var,0.0024897102266550064,0,800
refit,fx,mspe,0.03804938867688179,0,800
refit,fx,bias2,0.011194637045264244,0,800
refit,fx,var,0.026854753494262695,0,800
refit,fr,mspe,0.04627790302038193,0,800
refit,fr,bias2,0.01942315138876438,0,800
refit,fr,var,0.026854753494262695,0,800
refit,fz,mspe,0.021518154069781303,0,800
refit,fz,bias2,0.003132350044324994,0,800
refit,fz,var,0.018385805189609528,0,800
refit_orth,y,mspe,0.24926131963729858,0,800
refit_orth,y,bias2,0.24677398800849915,0,800
refit_orth,y,var,0.00248734257183969,0,800
refit_orth,fx,mspe,0.04792039841413498,0,800
refit_orth,fx,bias2,0.02844228222966194,0,800
refit_orth,fx,var,0.019478116184473038,0,800
refit_orth,fr,mspe,0.02905057929456234,0,800
refit_orth,fr,bias2,0.009572463110089302,0,800
refit_orth,fr,var,0.019478116184473038,0,800
refit_orth,fz,mspe,0.03476957231760025,0,800
refit_orth,fz,bias2,0.023421110585331917,0,800
refit_orth,fz,var,0.011348459869623184,0,800
base,y,mspe,0.24914470314979553,0,800
base,y,bias2,0.24674025177955627,0,800
base,y,var,0.0024044541642069817,0,800
base,fx,mspe,0.0413668267428875,0,800
base,fx,bias2,0.009692592546343803,0,800
base,fx,var,0.031674232333898544,0,800
base,fr,mspe,0.046299949288368225,0,800
base,fr,bias2,0.014625716023147106,0,800
base,fr,var,0.031674232333898544,0,800
base,fz,mspe,0.0,0,800
base,fz,bias2,0.0,0,800
base,fz,var,0.0,0,800
posthoc_web,y,mspe,0.24999378621578217,0,800
posthoc_web,y,bias2,0.24786198139190674,0,800
posthoc_web,y,var,0.0021317910868674517,0,800
posthoc_web,fx,mspe,0.05254286900162697,0,800
posthoc_web,fx,bias2,0.025800392031669617,0,800
posthoc_web,fx,var,0.02674248069524765,0,800
posthoc_web,fr,mspe,0.03372316062450409,0,800
posthoc_web,fr,bias2,0.006980683654546738,0,800
posthoc_web,fr,var,0.02674248069524765,0,800
posthoc_web,fz,mspe,0.0,0,800
posthoc_web,fz,bias2,0.0,0,800
posthoc_web,fz,var,0.0,0,800
refit,y,mspe,0.24703316390514374,0.5,800
refit,y,bias2,0.2444329857826233,0.5,800
refit,y,var,0.002600188599899411,0.5,800
refit,fx,mspe,0.03875106945633888,0.5,800
refit,fx,bias2,0.009573860093951225,0.5,800
refit,fx,var,0.029177211225032806,0.5,800
refit,fr,mspe,0.054853036999702454,0.5,800
refit,fr,bias2,0.025675831362605095,0.5,800
refit,fr,var,0.029177211225032806,0.5,800
refit,fz,mspe,0.023717274889349937,0.5,800
refit,fz,bias2,0.0012959088198840618,0.5,800
refit,fz,var,0.02242136560380459,0.5,800
refit_orth,y,mspe,0.2470359355211258,0.5,800
refit_orth,y,bias2,0.24443435668945312,0.5,800
refit_orth,y,var,0.002601589309051633,0.5,800
refit_orth,fx,mspe,0.04971567168831825,0.5,800
refit_orth,fx,bias2,0.028748324140906334,0.5,800
refit_orth,fx,var,0.02096734568476677,0.5,800
refit_orth,fr,mspe,0.030398216098546982,0.5,800
refit_orth,fr,bias2,0.009430869482457638,0.5,800
refit_orth,fr,var,0.02096734568476677,0.5,800
refit_orth,fz,mspe,0.04019272327423096,0.5,800
refit_orth,fz,bias2,0.026515919715166092,0.5,800
refit_orth,fz,var,0.013676803559064865,0.5,800
base,y,mspe,0.24791184067726135,0.5,800
base,y,bias2,0.2452869862318039,0.5,800
base,y,var,0.002624854678288102,0.5,800
base,fx,mspe,0.04242013022303581,0.5,800
base,fx,bias2,0.007235991768538952,0.5,800
base,fx,var,0.035184137523174286,0.5,800
base,fr,mspe,0.07262922078371048,0.5,800
base,fr,bias2,0.037445079535245895,0.5,800
base,fr,var,0.035184137523174286,0.5,800
base,fz,mspe,0.01948864758014679,0.5,800
base,fz,bias2,0.01948864758014679,0.5,800
base,fz,var,0.0,0.5,800
posthoc_web,y,mspe,0.25107312202453613,0.5,800
posthoc_web,y,bias2,0.2488602250814438,0.5,800
posthoc_web,y,var,0.002212879480794072,0.5,800
posthoc_web,fx,mspe,0.05278013274073601,0.5,800
posthoc_web,fx,bias2,0.025686785578727722,0.5,800
posthoc_web,fx,var,0.027093343436717987,0.5,800
posthoc_web,fr,mspe,0.03285769745707512,0.5,800
posthoc_web,fr,bias2,0.005764353089034557,0.5,800
posthoc_web,fr,var,0.027093343436717987,0.5,800
posthoc_web,fz,mspe,0.01948864758014679,0.5,800
posthoc_web,fz,bias2,0.01948864758014679,0.5,800
posthoc_web,fz,var,0.0,0.5,800
refit,y,mspe,0.23967953026294708,1,800
refit,y,bias2,0.23743858933448792,1,800
refit,y,var,0.002240929054096341,1,800
refit,fx,mspe,0.03875110298395157,1,800
refit,fx,bias2,0.012572982348501682,1,800
refit,fx,var,0.02617812156677246,1,800
refit,fr,mspe,0.05509776249527931,1,800
refit,fr,bias2,0.028919639065861702,1,800
refit,fr,var,0.02617812156677246,1,800
refit,fz,mspe,0.022362757474184036,1,800
refit,fz,bias2,0.001220407779328525,1,800
refit,fz,var,0.021142348647117615,1,800
refit_orth,y,mspe,0.2396795153617859,1,800
refit_orth,y,bias2,0.2374386042356491,1,800
refit_orth,y,var,0.002240918343886733,1,800
refit_orth,fx,mspe,0.049498558044433594,1,800
refit_orth,fx,bias2,0.03193356841802597,1,800
refit_orth,fx,var,0.017564989626407623,1,800
refit_orth,fr,mspe,0.030011262744665146,1,800
refit_orth,fr,bias2,0.012446273118257523,1,800
refit_orth,fr,var,0.017564989626407623,1,800
refit_orth,fz,mspe,0.038384128361940384,1,800
refit_orth,fz,bias2,0.026660341769456863,1,800
refit_orth,fz,var,0.011723787523806095,1,800
base,y,mspe,0.24323245882987976,1,800
base,y,bias2,0.24056878685951233,1,800
base,y,var,0.002663649385794997,1,800
base,fx,mspe,0.0687338262796402,1,800
base,fx,bias2,0.033674657344818115,1,800
base,fx,var,0.03505916893482208,1,800
base,fr,mspe,0.12612783908843994,1,800
base,fr,bias2,0.09106867015361786,1,800
base,fr,var,0.03505916893482208,1,800
base,fz,mspe,0.07795459032058716,1,800
base,fz,bias2,0.07795459032058716,1,800
base,fz,var,0.0,1,800
posthoc_web,y,mspe,0.25265777111053467,1,800
posthoc_web,y,bias2,0.2503085136413574,1,800
posthoc_web,y,var,0.002349268412217498,1,800
posthoc_web,fx,mspe,0.0628172978758812,1,800
posthoc_web,fx,bias2,0.03620079159736633,1,800
posthoc_web,fx,var,0.026616506278514862,1,800
posthoc_web,fr,mspe,0.04188154265284538,1,800
posthoc_web,fr,bias2,0.01526503823697567,1,800
posthoc_web,fr,var,0.026616506278514862,1,800
posthoc_web,fz,mspe,0.07795459032058716,1,800
posthoc_web,fz,bias2,0.07795459032058716,1,800
posthoc_web,fz,var,0.0,1,800
refit,y,mspe,0.2342669814825058,1.5,800
refit,y,bias2,0.23184974491596222,1.5,800
refit,y,var,0.00241723726503551,1.5,800
refit,fx,mspe,0.0438050851225853,1.5,800
refit,fx,bias2,0.01237106416374445,1.5,800
refit,fx,var,0.031434014439582825,1.5,800
refit,fr,mspe,0.06355389207601547,1.5,800
refit,fr,bias2,0.03211987391114235,1.5,800
refit,fr,var,0.031434014439582825,1.5,800
refit,fz,mspe,0.022361600771546364,1.5,800
refit,fz,bias2,0.00041229353519156575,1.5,800
refit,fz,var,0.02194930985569954,1.5,800
refit_orth,y,mspe,0.2342684119939804,1.5,800
refit_orth,y,bias2,0.2318505495786667,1.5,800
refit_orth,y,var,0.0024178794119507074,1.5,800
refit_orth,fx,mspe,0.05486532673239708,1.5,800
refit_orth,fx,bias2,0.03227569907903671,1.5,800
refit_orth,fx,var,0.02258962392807007,1.5,800
refit_orth,fr,mspe,0.03496295586228371,1.5,800
refit_orth,fr,bias2,0.012373331002891064,1.5,800
refit_orth,fr,var,0.02258962392807007,1.5,800
refit_orth,fz,mspe,0.03817198425531387,1.5,800
refit_orth,fz,bias2,0.026358451694250107,1.5,800
refit_orth,fz,var,0.01181352511048317,1.5,800
base,y,mspe,0.24021941423416138,1.5,800
base,y,bias2,0.23759378492832184,1.5,800
base,y,var,0.002625641878694296,1.5,800
base,fx,mspe,0.11505161225795746,1.5,800
base,fx,bias2,0.07953516393899918,1.5,800
base,fx,var,0.03551645204424858,1.5,800
base,fr,mspe,0.1953471601009369,1.5,800
base,fr,bias2,0.1598307192325592,1.5,800
base,fr,var,0.03551645204424858,1.5,800
base,fz,mspe,0.1753978282213211,1.5,800
base,fz,bias2,0.1753978282213211,1.5,800
base,fz,var,0.0,1.5,800
posthoc_web,y,mspe,0.25576260685920715,1.5,800
posthoc_web,y,bias2,0.25333550572395325,1.5,800
posthoc_web,y,var,0.002427099272608757,1.5,800
posthoc_web,fx,mspe,0.08170576393604279,1.5,800
posthoc_web,fx,bias2,0.05416790023446083,1.5,800
posthoc_web,fx,var,0.027537856251001358,1.5,800
posthoc_web,fr,mspe,0.05971269682049751,1.5,800
posthoc_web,fr,bias2,0.032174840569496155,1.5,800
posthoc_web,fr,var,0.027537856251001358,1.5,800
posthoc_web,fz,mspe,0.1753978282213211,1.5,800
posthoc_web,fz,bias2,0.1753978282213211,1.5,800
posthoc_web,fz,var,0.0,1.5,800
refit,y,mspe,0.22670979797840118,2,800
refit,y,bias2,0.2244846671819687,2,800
refit,y,var,0.0022251326590776443,2,800
refit,fx,mspe,0.04265847057104111,2,800
refit,fx,bias2,0.010980759747326374,2,800
refit,fx,var,0.031677715480327606,2,800
refit,fr,mspe,0.0618511401116848,2,800
refit,fr,bias2,0.030173420906066895,2,800
refit,fr,var,0.031677715480327606,2,800
refit,fz,mspe,0.018550341948866844,2,800
refit,fz,bias2,0.0002623893378768116,2,800
refit,fz,var,0.01828795112669468,2,800
refit_orth,y,mspe,0.22671139240264893,2,800
refit_orth,y,bias2,0.22448371350765228,2,800
refit_orth,y,var,0.0022276579402387142,2,800
refit_orth,fx,mspe,0.05309930816292763,2,800
refit_orth,fx,bias2,0.03111499361693859,2,800
refit_orth,fx,var,0.021984312683343887,2,800
refit_orth,fr,mspe,0.032965611666440964,2,800
refit_orth,fr,bias2,0.010981298983097076,2,800
refit_orth,fr,var,0.021984312683343887,2,800
refit_orth,fz,mspe,0.036793116480112076,2,800
refit_orth,fz,bias2,0.02466525137424469,2,800
refit_orth,fz,var,0.012127868831157684,2,800
base,y,mspe,0.23568058013916016,2,800
base,y,bias2,0.23286254703998566,2,800
base,y,var,0.0028180342633277178,2,800
base,fx,mspe,0.19762393832206726,2,800
base,fx,bias2,0.15445159375667572,2,800
base,fx,var,0.04317232966423035,2,800
base,fr,mspe,0.303419828414917,2,800
base,fr,bias2,0.26024749875068665,2,800
base,fr,var,0.04317232966423035,2,800
base,fz,mspe,0.31181836128234863,2,800
base,fz,bias2,0.31181836128234863,2,800
base,fz,var,0.0,2,800
posthoc_web,y,mspe,0.2592024505138397,2,800
posthoc_web,y,bias2,0.25653526186943054,2,800
posthoc_web,y,var,0.0026672196108847857,2,800
posthoc_web,fx,mspe,0.11499688774347305,2,800
posthoc_web,fx,bias2,0.08197014033794403,2,800
posthoc_web,fx,var,0.03302674740552902,2,800
posthoc_web,fr,mspe,0.09206908941268921,2,800
posthoc_web,fr,bias2,0.05904233828186989,2,800
posthoc_web,fr,var,0.03302674740552902,2,800
posthoc_web,fz,mspe,0.31181836128234863,2,800
posthoc_web,fz,bias2,0.31181836128234863,2,800
posthoc_web,fz,var,0.0,2,800
refit,y,mspe,0.21981868147850037,2.5,800
refit,y,bias2,0.2175856977701187,2.5,800
refit,y,var,0.002232995582744479,2.5,800
refit,fx,mspe,0.043212346732616425,2.5,800
refit,fx,bias2,0.010034841485321522,2.5,800
refit,fx,var,0.03317750245332718,2.5,800
refit,fr,mspe,0.06290266662836075,2.5,800
refit,fr,bias2,0.029725169762969017,2.5,800
refit,fr,var,0.03317750245332718,2.5,800
refit,fz,mspe,0.02074822038412094,2.5,800
refit,fz,bias2,0.00026727563817985356,2.5,800
refit,fz,var,0.020480947569012642,2.5,800
refit_orth,y,mspe,0.2198188155889511,2.5,800
refit_orth,y,bias2,0.21758680045604706,2.5,800
refit_orth,y,var,0.002232020255178213,2.5,800
refit_orth,fx,mspe,0.052981022745370865,2.5,800
refit_orth,fx,bias2,0.02940790168941021,2.5,800
refit_orth,fx,var,0.023573122918605804,2.5,800
refit_orth,fr,mspe,0.03361557424068451,2.5,800
refit_orth,fr,bias2,0.010042453184723854,2.5,800
refit_orth,fr,var,0.023573122918605804,2.5,800
refit_orth,fz,mspe,0.03955434635281563,2.5,800
refit_orth,fz,bias2,0.02437491901218891,2.5,800
refit_orth,fz,var,0.015179429203271866,2.5,800
base,y,mspe,0.23030580580234528,2.5,800
base,y,bias2,0.22774353623390198,2.5,800
base,y,var,0.002562287962064147,2.5,800
base,fx,mspe,0.31690511107444763,2.5,800
base,fx,bias2,0.2751642167568207,2.5,800
base,fx,var,0.04174087569117546,2.5,800
base,fr,mspe,0.4519384801387787,2.5,800
base,fr,bias2,0.4101976156234741,2.5,800
base,fr,var,0.04174087569117546,2.5,800
base,fz,mspe,0.48721617460250854,2.5,800
base,fz,bias2,0.48721617460250854,2.5,800
base,fz,var,0.0,2.5,800
posthoc_web,y,mspe,0.26204949617385864,2.5,800
posthoc_web,y,bias2,0.25938132405281067,2.5,800
posthoc_web,y,var,0.0026681586168706417,2.5,800
posthoc_web,fx,mspe,0.16147811710834503,2.5,800
posthoc_web,fx,bias2,0.1283172070980072,2.5,800
posthoc_web,fx,var,0.03316092863678932,2.5,800
posthoc_web,fr,mspe,0.1373266726732254,2.5,800
posthoc_web,fr,bias2,0.10416574776172638,2.5,800
posthoc_web,fr,var,0.03316092863678932,2.5,800
posthoc_web,fz,mspe,0.48721617460250854,2.5,800
posthoc_web,fz,bias2,0.48721617460250854,2.5,800
posthoc_web,fz,var,0.0,2.5,800
refit,y,mspe,0.21074771881103516,3,800
refit,y,bias2,0.20872320234775543,3,800
refit,y,var,0.002024514600634575,3,800
refit,fx,mspe,0.04881204664707184,3,800
refit,fx,bias2,0.013511004857718945,3,800
refit,fx,var,0.03530104085803032,3,800
refit,fr,mspe,0.06644994020462036,3,800
refit,fr,bias2,0.031148899346590042,3,800
refit,fr,var,0.03530104085803032,3,800
refit,fz,mspe,0.022662844508886337,3,800
refit,fz,bias2,0.0007832915289327502,3,800
refit,fz,var,0.02187955379486084,3,800
refit_orth,y,mspe,0.2107498198747635,3,800
refit_orth,y,bias2,0.20871977508068085,3,800
refit_orth,y,var,0.0020300555042922497,3,800
refit_orth,fx,mspe,0.058298300951719284,3,800
refit_orth,fx,bias2,0.032224394381046295,3,800
refit_orth,fx,var,0.026073908433318138,3,800
refit_orth,fr,mspe,0.0395268090069294,3,800
refit_orth,fr,bias2,0.01345290057361126,3,800
refit_orth,fr,var,0.026073908433318138,3,800
refit_orth,fz,mspe,0.0390983521938324,3,800
refit_orth,fz,bias2,0.02513945661485195,3,800
refit_orth,fz,var,0.013958900235593319,3,800
base,y,mspe,0.22476889193058014,3,800
base,y,bias2,0.22251299023628235,3,800
base,y,var,0.00225588446483016,3,800
base,fx,mspe,0.46267685294151306,3,800
base,fx,bias2,0.41662827134132385,3,800
base,fx,var,0.046048566699028015,3,800
base,fr,mspe,0.6251398324966431,3,800
base,fr,bias2,0.5790912508964539,3,800
base,fr,var,0.046048566699028015,3,800
base,fz,mspe,0.7015913128852844,3,800
base,fz,bias2,0.7015913128852844,3,800
base,fz,var,0.0,3,800
posthoc_web,y,mspe,0.26677435636520386,3,800
posthoc_web,y,bias2,0.26425445079803467,3,800
posthoc_web,y,var,0.002519903238862753,3,800
posthoc_web,fx,mspe,0.21555811166763306,3,800
posthoc_web,fx,bias2,0.18034374713897705,3,800
posthoc_web,fx,var,0.0352143719792366,3,800
posthoc_web,fr,mspe,0.19006305932998657,3,800
posthoc_web,fr,bias2,0.15484870970249176,3,800
posthoc_web,fr,var,0.0352143719792366,3,800
posthoc_web,fz,mspe,0.7015913128852844,3,800
posthoc_web,fz,bias2,0.7015913128852844,3,800
posthoc_web,fz,var,0.0,3,800
refit,y,mspe,0.20179535448551178,3.5,800
refit,y,bias2,0.1995573192834854,3.5,800
refit,y,var,0.0022380156442523003,3.5,800
refit,fx,mspe,0.05310465022921562,3.5,800
refit,fx,bias2,0.013104231096804142,3.5,800
refit,fx,var,0.040000420063734055,3.5,800
refit,fr,mspe,0.06886176019906998,3.5,800
refit,fr,bias2,0.02886134572327137,3.5,800
refit,fr,var,0.040000420063734055,3.5,800
refit,fz,mspe,0.025058822706341743,3.5,800
refit,fz,bias2,0.001097950036637485,3.5,800
refit,fz,var,0.023960871621966362,3.5,800
refit_orth,y,mspe,0.20179668068885803,3.5,800
refit_orth,y,bias2,0.19955430924892426,3.5,800
refit_orth,y,var,0.002242382150143385,3.5,800
refit_orth,fx,mspe,0.06229950860142708,3.5,800
refit_orth,fx,bias2,0.03262666240334511,3.5,800
refit_orth,fx,var,0.029672851786017418,3.5,800
refit_orth,fr,mspe,0.04258213937282562,3.5,800
refit_orth,fr,bias2,0.012909292243421078,3.5,800
refit_orth,fr,var,0.029672851786017418,3.5,800
refit_orth,fz,mspe,0.04529769718647003,3.5,800
refit_orth,fz,bias2,0.025615360587835312,3.5,800
refit_orth,fz,var,0.01968233659863472,3.5,800
base,y,mspe,0.21794822812080383,3.5,800
base,y,bias2,0.21537119150161743,3.5,800
base,y,var,0.002577046165242791,3.5,800
base,fx,mspe,0.6071239709854126,3.5,800
base,fx,bias2,0.5525259971618652,3.5,800
base,fx,var,0.0545978918671608,3.5,800
base,fr,mspe,0.7918957471847534,3.5,800
base,fr,bias2,0.7372978329658508,3.5,800
base,fr,var,0.0545978918671608,3.5,800
base,fz,mspe,0.9549437165260315,3.5,800
base,fz,bias2,0.954943835735321,3.5,800
base,fz,var,0.0,3.5,800
posthoc_web,y,mspe,0.26985403895378113,3.5,800
posthoc_web,y,bias2,0.2667594850063324,3.5,800
posthoc_web,y,var,0.0030945653561502695,3.5,800
posthoc_web,fx,mspe,0.27038246393203735,3.5,800
posthoc_web,fx,bias2,0.22928108274936676,3.5,800
posthoc_web,fx,var,0.04110138863325119,3.5,800
posthoc_web,fr,mspe,0.2437923103570938,3.5,800
posthoc_web,fr,bias2,0.20269089937210083,3.5,800
posthoc_web,fr,var,0.04110138863325119,3.5,800
posthoc_web,fz,mspe,0.9549437165260315,3.5,800
posthoc_web,fz,bias2,0.954943835735321,3.5,800
posthoc_web,fz,var,0.0,3.5,800
refit,y,mspe,0.19626183807849884,4,800
refit,y,bias2,0.19396556913852692,4,800
refit,y,var,0.0022962777875363827,4,800
refit,fx,mspe,0.057250529527664185,4,800
refit,fx,bias2,0.014430582523345947,4,800
refit,fx,var,0.042819954454898834,4,800
refit,fr,mspe,0.0716647133231163,4,800
refit,fr,bias2,0.028844758868217468,4,800
refit,fr,var,0.042819954454898834,4,800
refit,fz,mspe,0.031196976080536842,4,800
refit,fz,bias2,0.0009783818386495113,4,800
refit,fz,var,0.030218591913580894,4,800
refit_orth,y,mspe,0.19626298546791077,4,800
refit_orth,y,bias2,0.19396524131298065,4,800
refit_orth,y,var,0.0022977397311478853,4,800
refit_orth,fx,mspe,0.06482155621051788,4,800
refit_orth,fx,bias2,0.0335875004529953,4,800
refit_orth,fx,var,0.03123405948281288,4,800
refit_orth,fr,mspe,0.045331764966249466,4,800
refit_orth,fr,bias2,0.014097707346081734,4,800
refit_orth,fr,var,0.03123405948281288,4,800
refit_orth,fz,mspe,0.04644520580768585,4,800
refit_orth,fz,bias2,0.02325446903705597,4,800
refit_orth,fz,var,0.023190734907984734,4,800
base,y,mspe,0.21513012051582336,4,800
base,y,bias2,0.21307401359081268,4,800
base,y,var,0.0020561099518090487,4,800
base,fx,mspe,0.7533828616142273,4,800
base,fx,bias2,0.7092669606208801,4,800
base,fx,var,0.044115785509347916,4,800
base,fr,mspe,0.9606834650039673,4,800
base,fr,bias2,0.9165676236152649,4,800
base,fr,var,0.044115785509347916,4,800
base,fz,mspe,1.2472734451293945,4,800
base,fz,bias2,1.2472734451293945,4,800
base,fz,var,0.0,4,800
posthoc_web,y,mspe,0.27495554089546204,4,800
posthoc_web,y,bias2,0.2723604440689087,4,800
posthoc_web,y,var,0.002595068421214819,4,800
posthoc_web,fx,mspe,0.31820908188819885,4,800
posthoc_web,fx,bias2,0.2848977744579315,4,800
posthoc_web,fx,var,0.03331128507852554,4,800
posthoc_web,fr,mspe,0.2908432185649872,4,800
posthoc_web,fr,bias2,0.25753194093704224,4,800
posthoc_web,fr,var,0.03331128507852554,4,800
posthoc_web,fz,mspe,1.2472734451293945,4,800
posthoc_web,fz,bias2,1.2472734451293945,4,800
posthoc_web,fz,var,0.0,4,800
