model,effect,metric,value,a,n
refit,y,mspe,1.0036143064498901,0.0,12800
refit,y,bias2,1.0025913715362549,0.0,12800
refit,y,var,0.0010230944026261568,0.0,12800
refit,fx,mspe,0.0013294697273522615,0.0,12800
refit,fx,bias2,0.00032551109325140715,0.0,12800
refit,fx,var,0.0010039586341008544,0.0,12800
refit,fr,mspe,0.0218817088752985,0.0,12800
refit,fr,bias2,0.02087775059044361,0.0,12800
refit,fr,var,0.0010039586341008544,0.0,12800
refit,fz,mspe,0.00022494794393423945,0.0,12800
refit,fz,bias2,1.0653005119820591e-05,0.0,12800
refit,fz,var,0.00021429493790492415,0.0,12800
refit_orth,y,mspe,1.003617286682129,0.0,12800
refit_orth,y,bias2,1.0025943517684937,0.0,12800
refit_orth,y,var,0.0010229441104456782,0.0,12800
refit_orth,fx,mspe,0.02060817740857601,0.0,12800
refit_orth,fx,bias2,0.019776253029704094,0.0,12800
refit_orth,fx,var,0.0008319264743477106,0.0,12800
refit_orth,fr,mspe,0.0011428662110120058,0.0,12800
refit_orth,fr,bias2,0.0003109397948719561,0.0,12800
refit_orth,fr,var,0.0008319264743477106,0.0,12800
refit_orth,fz,mspe,0.019735144451260567,0.0,12800
refit_orth,fz,bias2,0.019621437415480614,0.0,12800
refit_orth,fz,var,0.00011370802531018853,0.0,12800
base,y,mspe,1.052075982093811,0.0,12800
base,y,bias2,1.050003170967102,0.0,12800
base,y,var,0.002072870032861829,0.0,12800
base,fx,mspe,0.048287283629179,0.0,12800
base,fx,bias2,0.04680609703063965,0.0,12800
base,fx,var,0.0014811888104304671,0.0,12800
base,fr,mspe,0.11638209968805313,0.0,12800
base,fr,bias2,0.11490092426538467,0.0,12800
base,fr,var,0.0014811888104304671,0.0,12800
base,fz,mspe,0.07795459032058716,0.0,12800
base,fz,bias2,0.07795459032058716,0.0,12800
base,fz,var,0.0,0.0,12800
posthoc_web,y,mspe,1.2381702661514282,0.0,12800
posthoc_web,y,bias2,1.2362533807754517,0.0,12800
posthoc_web,y,var,0.0019169115694239736,0.0,12800
posthoc_web,fx,mspe,0.03928513824939728,0.0,12800
posthoc_web,fx,bias2,0.037963565438985825,0.0,12800
posthoc_web,fx,var,0.0013215714134275913,0.0,12800
posthoc_web,fr,mspe,0.017862943932414055,0.0,12800
posthoc_web,fr,bias2,0.01654137298464775,0.0,12800
posthoc_web,fr,var,0.0013215714134275913,0.0,12800
posthoc_web,fz,mspe,0.07795459032058716,0.0,12800
posthoc_web,fz,bias2,0.07795459032058716,0.0,12800
posthoc_web,fz,var,0.0,0.0,12800
refit,y,mspe,1.0048243999481201,0.1,12800
refit,y,bias2,1.002874493598938,0.1,12800
refit,y,var,0.0019498721230775118,0.1,12800
refit,fx,mspe,0.0014650445664301515,0.1,12800
refit,fx,bias2,0.0004434357979334891,0.1,12800
refit,fx,var,0.001021609059534967,0.1,12800
refit,fr,mspe,0.023677244782447815,0.1,12800
refit,fr,bias2,0.022655634209513664,0.1,12800
refit,fr,var,0.001021609059534967,0.1,12800
refit,fz,mspe,0.001308393431827426,0.1,12800
refit,fz,bias2,0.00017452199244871736,0.1,12800
refit,fz,var,0.0011338714975863695,0.1,12800
refit_orth,y,mspe,1.004827618598938,0.1,12800
refit_orth,y,bias2,1.0028773546218872,0.1,12800
refit_orth,y,var,0.0019501799251884222,0.1,12800
refit_orth,fx,mspe,0.02048896625638008,0.1,12800
refit_orth,fx,bias2,0.019367551431059837,0.1,12800
refit_orth,fx,var,0.0011214123805984855,0.1,12800
refit_orth,fr,mspe,0.001481807790696621,0.1,12800
refit_orth,fr,bias2,0.0003603954683057964,0.1,12800
refit_orth,fr,var,0.0011214123805984855,0.1,12800
refit_orth,fz,mspe,0.020612651482224464,0.1,12800
refit_orth,fz,bias2,0.018299419432878494,0.1,12800
refit_orth,fz,var,0.00231323204934597,0.1,12800
base,y,mspe,1.052075982093811,0.1,12800
base,y,bias2,1.050003170967102,0.1,12800
base,y,var,0.002072870032861829,0.1,12800
base,fx,mspe,0.048287283629179,0.1,12800
base,fx,bias2,0.04680609703063965,0.1,12800
base,fx,var,0.0014811888104304671,0.1,12800
base,fr,mspe,0.11638209968805313,0.1,12800
base,fr,bias2,0.11490092426538467,0.1,12800
base,fr,var,0.0014811888104304671,0.1,12800
base,fz,mspe,0.07795459032058716,0.1,12800
base,fz,bias2,0.07795459032058716,0.1,12800
base,fz,var,0.0,0.1,12800
posthoc_web,y,mspe,1.2364271879196167,0.1,12800
posthoc_web,y,bias2,1.233253002166748,0.1,12800
posthoc_web,y,var,0.0031741070561110973,0.1,12800
posthoc_web,fx,mspe,0.03944305330514908,0.1,12800
posthoc_web,fx,bias2,0.036851540207862854,0.1,12800
posthoc_web,fx,var,0.00259151728823781,0.1,12800
posthoc_web,fr,mspe,0.019136497750878334,0.1,12800
posthoc_web,fr,bias2,0.016544979065656662,0.1,12800
posthoc_web,fr,var,0.00259151728823781,0.1,12800
posthoc_web,fz,mspe,0.07795459032058716,0.1,12800
posthoc_web,fz,bias2,0.07795459032058716,0.1,12800
posthoc_web,fz,var,0.0,0.1,12800
refit,y,mspe,1.010155439376831,0.2,12800
refit,y,bias2,1.0055242776870728,0.2,12800
refit,y,var,0.004631220828741789,0.2,12800
refit,fx,mspe,0.0027814072091132402,0.2,12800
refit,fx,bias2,0.0017313269199803472,0.2,12800
refit,fx,var,0.001050080405548215,0.2,12800
refit,fr,mspe,0.030864687636494637,0.2,12800
refit,fr,bias2,0.02981460653245449,0.2,12800
refit,fr,var,0.001050080405548215,0.2,12800
refit,fz,mspe,0.005923448596149683,0.2,12800
refit,fz,bias2,0.0021358018275350332,0.2,12800
refit,fz,var,0.0037876470014452934,0.2,12800
refit_orth,y,mspe,1.0101463794708252,0.2,12800
refit_orth,y,bias2,1.0055161714553833,0.2,12800
refit_orth,y,var,0.004630192648619413,0.2,12800
refit_orth,fx,mspe,0.020396240055561066,0.2,12800
refit_orth,fx,bias2,0.01783519983291626,0.2,12800
refit_orth,fx,var,0.002561040921136737,0.2,12800
refit_orth,fr,mspe,0.0034737479873001575,0.2,12800
refit_orth,fr,bias2,0.0009127070661634207,0.2,12800
refit_orth,fr,var,0.002561040921136737,0.2,12800
refit_orth,fz,mspe,0.02384784072637558,0.2,12800
refit_orth,fz,bias2,0.013590899296104908,0.2,12800
refit_orth,fz,var,0.010256941430270672,0.2,12800
base,y,mspe,1.052075982093811,0.2,12800
base,y,bias2,1.050003170967102,0.2,12800
base,y,var,0.002072870032861829,0.2,12800
base,fx,mspe,0.048287283629179,0.2,12800
base,fx,bias2,0.04680609703063965,0.2,12800
base,fx,var,0.0014811888104304671,0.2,12800
base,fr,mspe,0.11638209968805313,0.2,12800
base,fr,bias2,0.11490092426538467,0.2,12800
base,fr,var,0.0014811888104304671,0.2,12800
base,fz,mspe,0.07795459032058716,0.2,12800
base,fz,bias2,0.07795459032058716,0.2,12800
base,fz,var,0.0,0.2,12800
posthoc_web,y,mspe,1.2285481691360474,0.2,12800
posthoc_web,y,bias2,1.220768690109253,0.2,12800
posthoc_web,y,var,0.007779489737004042,0.2,12800
posthoc_web,fx,mspe,0.040112320333719254,0.2,12800
posthoc_web,fx,bias2,0.03290066123008728,0.2,12800
posthoc_web,fx,var,0.007211655378341675,0.2,12800
posthoc_web,fr,mspe,0.024005435407161713,0.2,12800
posthoc_web,fr,bias2,0.016793780028820038,0.2,12800
posthoc_web,fr,var,0.007211655378341675,0.2,12800
posthoc_web,fz,mspe,0.07795459032058716,0.2,12800
posthoc_web,fz,bias2,0.07795459032058716,0.2,12800
posthoc_web,fz,var,0.0,0.2,12800
refit,y,mspe,1.0191959142684937,0.3,12800
refit,y,bias2,1.0118417739868164,0.3,12800
refit,y,var,0.007353982888162136,0.3,12800
refit,fx,mspe,0.007782468572258949,0.3,12800
refit,fx,bias2,0.006700504571199417,0.3,12800
refit,fx,var,0.0010819643503054976,0.3,12800
refit,fr,mspe,0.0453462116420269,0.3,12800
refit,fr,bias2,0.04426424205303192,0.3,12800
refit,fr,var,0.0010819643503054976,0.3,12800
refit,fz,mspe,0.016352592036128044,0.3,12800
refit,fz,bias2,0.00991202611476183,0.3,12800
refit,fz,var,0.006440566387027502,0.3,12800
refit_orth,y,mspe,1.019189476966858,0.3,12800
refit_orth,y,bias2,1.0118354558944702,0.3,12800
refit_orth,y,var,0.007353952620178461,0.3,12800
refit_orth,fx,mspe,0.02141932211816311,0.3,12800
refit_orth,fx,bias2,0.014685910195112228,0.3,12800
refit_orth,fx,var,0.006733411457389593,0.3,12800
refit_orth,fr,mspe,0.010274713858962059,0.3,12800
refit_orth,fr,bias2,0.0035413026344031096,0.3,12800
refit_orth,fr,var,0.006733411457389593,0.3,12800
refit_orth,fz,mspe,0.030321944504976273,0.3,12800
refit_orth,fz,bias2,0.006165009923279285,0.3,12800
refit_orth,fz,var,0.024156933650374413,0.3,12800
base,y,mspe,1.052075982093811,0.3,12800
base,y,bias2,1.050003170967102,0.3,12800
base,y,var,0.002072870032861829,0.3,12800
base,fx,mspe,0.048287283629179,0.3,12800
base,fx,bias2,0.04680609703063965,0.3,12800
base,fx,var,0.0014811888104304671,0.3,12800
base,fr,mspe,0.11638209968805313,0.3,12800
base,fr,bias2,0.11490092426538467,0.3,12800
base,fr,var,0.0014811888104304671,0.3,12800
base,fz,mspe,0.07795459032058716,0.3,12800
base,fz,bias2,0.07795459032058716,0.3,12800
base,fz,var,0.0,0.3,12800
posthoc_web,y,mspe,1.21165132522583,0.3,12800
posthoc_web,y,bias2,1.1958036422729492,0.3,12800
posthoc_web,y,var,0.01584768481552601,0.3,12800
posthoc_web,fx,mspe,0.041439928114414215,0.3,12800
posthoc_web,fx,bias2,0.02614491991698742,0.3,12800
posthoc_web,fx,var,0.015295011922717094,0.3,12800
posthoc_web,fr,mspe,0.03397480398416519,0.3,12800
posthoc_web,fr,bias2,0.018679795786738396,0.3,12800
posthoc_web,fr,var,0.015295011922717094,0.3,12800
posthoc_web,fz,mspe,0.07795459032058716,0.3,12800
posthoc_web,fz,bias2,0.07795459032058716,0.3,12800
posthoc_web,fz,var,0.0,0.3,12800
refit,y,mspe,1.0293174982070923,0.4,12800
refit,y,bias2,1.0213656425476074,0.4,12800
refit,y,var,0.007951893843710423,0.4,12800
refit,fx,mspe,0.017304932698607445,0.4,12800
refit,fx,bias2,0.016233952715992928,0.4,12800
refit,fx,var,0.0010709812631830573,0.4,12800
refit,fr,mspe,0.06527118384838104,0.4,12800
refit,fr,bias2,0.06420020759105682,0.4,12800
refit,fr,var,0.0010709812631830573,0.4,12800
refit,fz,mspe,0.032125070691108704,0.4,12800
refit,fz,bias2,0.02512175962328911,0.4,12800
refit,fz,var,0.007003315724432468,0.4,12800
refit_orth,y,mspe,1.0293257236480713,0.4,12800
refit_orth,y,bias2,1.0213737487792969,0.4,12800
refit_orth,y,var,0.007951879873871803,0.4,12800
refit_orth,fx,mspe,0.024981198832392693,0.4,12800
refit_orth,fx,bias2,0.010733022354543209,0.4,12800
refit_orth,fx,var,0.014248176477849483,0.4,12800
refit_orth,fr,mspe,0.025549784302711487,0.4,12800
refit_orth,fr,bias2,0.011301605962216854,0.4,12800
refit_orth,fr,var,0.014248176477849483,0.4,12800
refit_orth,fz,mspe,0.04009068384766579,0.4,12800
refit_orth,fz,bias2,0.0008909687167033553,0.4,12800
refit_orth,fz,var,0.03919971361756325,0.4,12800
base,y,mspe,1.052075982093811,0.4,12800
base,y,bias2,1.050003170967102,0.4,12800
base,y,var,0.002072870032861829,0.4,12800
base,fx,mspe,0.048287283629179,0.4,12800
base,fx,bias2,0.04680609703063965,0.4,12800
base,fx,var,0.0014811888104304671,0.4,12800
base,fr,mspe,0.11638209968805313,0.4,12800
base,fr,bias2,0.11490092426538467,0.4,12800
base,fr,var,0.0014811888104304671,0.4,12800
base,fz,mspe,0.07795459032058716,0.4,12800
base,fz,bias2,0.07795459032058716,0.4,12800
base,fz,var,0.0,0.4,12800
posthoc_web,y,mspe,1.1842663288116455,0.4,12800
posthoc_web,y,bias2,1.1596912145614624,0.4,12800
posthoc_web,y,var,0.024575086310505867,0.4,12800
posthoc_web,fx,mspe,0.04331810772418976,0.4,12800
posthoc_web,fx,bias2,0.019283398985862732,0.4,12800
posthoc_web,fx,var,0.024034710600972176,0.4,12800
posthoc_web,fr,mspe,0.04950045049190521,0.4,12800
posthoc_web,fr,bias2,0.025465738028287888,0.4,12800
posthoc_web,fr,var,0.024034710600972176,0.4,12800
posthoc_web,fz,mspe,0.07795459032058716,0.4,12800
posthoc_web,fz,bias2,0.07795459032058716,0.4,12800
posthoc_web,fz,var,0.0,0.4,12800
refit,y,mspe,1.0378730297088623,0.5,12800
refit,y,bias2,1.0312705039978027,0.5,12800
refit,y,var,0.006602451670914888,0.5,12800
refit,fx,mspe,0.028094451874494553,0.5,12800
refit,fx,bias2,0.027055297046899796,0.5,12800
refit,fx,var,0.0010391538962721825,0.5,12800
refit,fr,mspe,0.08444485068321228,0.5,12800
refit,fr,bias2,0.08340570330619812,0.5,12800
refit,fr,var,0.0010391538962721825,0.5,12800
refit,fz,mspe,0.048572830855846405,0.5,12800
refit,fz,bias2,0.042985547333955765,0.5,12800
refit,fz,var,0.005587279796600342,0.5,12800
refit_orth,y,mspe,1.0378731489181519,0.5,12800
refit_orth,y,bias2,1.0312711000442505,0.5,12800
refit_orth,y,var,0.006602082401514053,0.5,12800
refit_orth,fx,mspe,0.03090309165418148,0.5,12800
refit_orth,fx,bias2,0.010125084780156612,0.5,12800
refit_orth,fx,var,0.020778005942702293,0.5,12800
refit_orth,fr,mspe,0.04867328330874443,0.5,12800
refit_orth,fr,bias2,0.02789527364075184,0.5,12800
refit_orth,fr,var,0.020778005942702293,0.5,12800
refit_orth,fz,mspe,0.05163126811385155,0.5,12800
refit_orth,fz,bias2,0.0056315078400075436,0.5,12800
refit_orth,fz,var,0.045999765396118164,0.5,12800
base,y,mspe,1.052075982093811,0.5,12800
base,y,bias2,1.050003170967102,0.5,12800
base,y,var,0.002072870032861829,0.5,12800
base,fx,mspe,0.048287283629179,0.5,12800
base,fx,bias2,0.04680609703063965,0.5,12800
base,fx,var,0.0014811888104304671,0.5,12800
base,fr,mspe,0.11638209968805313,0.5,12800
base,fr,bias2,0.11490092426538467,0.5,12800
base,fr,var,0.0014811888104304671,0.5,12800
base,fz,mspe,0.07795459032058716,0.5,12800
base,fz,bias2,0.07795459032058716,0.5,12800
base,fz,var,0.0,0.5,12800
posthoc_web,y,mspe,1.1489700078964233,0.5,12800
posthoc_web,y,bias2,1.120448112487793,0.5,12800
posthoc_web,y,var,0.028521914035081863,0.5,12800
posthoc_web,fx,mspe,0.04527616500854492,0.5,12800
posthoc_web,fx,bias2,0.01728920266032219,0.5,12800
posthoc_web,fx,var,0.027986960485577583,0.5,12800
posthoc_web,fr,mspe,0.06864149123430252,0.5,12800
posthoc_web,fr,bias2,0.04065452516078949,0.5,12800
posthoc_web,fr,var,0.027986960485577583,0.5,12800
posthoc_web,fz,mspe,0.07795459032058716,0.5,12800
posthoc_web,fz,bias2,0.07795459032058716,0.5,12800
posthoc_web,fz,var,0.0,0.5,12800
refit,y,mspe,1.0438975095748901,0.6,12800
refit,y,bias2,1.0393033027648926,0.6,12800
refit,y,var,0.004594261758029461,0.6,12800
refit,fx,mspe,0.036955904215574265,0.6,12800
refit,fx,bias2,0.0359460823237896,0.6,12800
refit,fx,var,0.0010098203783854842,0.6,12800
refit,fr,mspe,0.09899555146694183,0.6,12800
refit,fr,bias2,0.09798572212457657,0.6,12800
refit,fr,var,0.0010098203783854842,0.6,12800
refit,fz,mspe,0.06174570694565773,0.6,12800
refit,fz,bias2,0.05819935351610184,0.6,12800
refit,fz,var,0.00354634877294302,0.6,12800
refit_orth,y,mspe,1.043941855430603,0.6,12800
refit_orth,y,bias2,1.0393164157867432,0.6,12800
refit_orth,y,var,0.004625511821359396,0.6,12800
refit_orth,fx,mspe,0.03741328790783882,0.6,12800
refit_orth,fx,bias2,0.016894282773137093,0.6,12800
refit_orth,fx,var,0.020519008859992027,0.6,12800
refit_orth,fr,mspe,0.07390222698450089,0.6,12800
refit_orth,fr,bias2,0.05338321998715401,0.6,12800
refit_orth,fr,var,0.020519008859992027,0.6,12800
refit_orth,fz,mspe,0.062354907393455505,0.6,12800
refit_orth,fz,bias2,0.023118143901228905,0.6,12800
refit_orth,fz,var,0.03923676535487175,0.6,12800
base,y,mspe,1.052075982093811,0.6,12800
base,y,bias2,1.050003170967102,0.6,12800
base,y,var,0.002072870032861829,0.6,12800
base,fx,mspe,0.048287283629179,0.6,12800
base,fx,bias2,0.04680609703063965,0.6,12800
base,fx,var,0.0014811888104304671,0.6,12800
base,fr,mspe,0.11638209968805313,0.6,12800
base,fr,bias2,0.11490092426538467,0.6,12800
base,fr,var,0.0014811888104304671,0.6,12800
base,fz,mspe,0.07795459032058716,0.6,12800
base,fz,bias2,0.07795459032058716,0.6,12800
base,fz,var,0.0,0.6,12800
posthoc_web,y,mspe,1.1128734350204468,0.6,12800
posthoc_web,y,bias2,1.0882591009140015,0.6,12800
posthoc_web,y,var,0.024614250287413597,0.6,12800
posthoc_web,fx,mspe,0.046776220202445984,0.6,12800
posthoc_web,fx,bias2,0.022700447589159012,0.6,12800
posthoc_web,fx,var,0.024075768887996674,0.6,12800
posthoc_web,fr,mspe,0.08731573820114136,0.6,12800
posthoc_web,fr,bias2,0.06323997676372528,0.6,12800
posthoc_web,fr,var,0.024075768887996674,0.6,12800
posthoc_web,fz,mspe,0.07795459032058716,0.6,12800
posthoc_web,fz,bias2,0.07795459032058716,0.6,12800
posthoc_web,fz,var,0.0,0.6,12800
refit,y,mspe,1.0476393699645996,0.7,12800
refit,y,bias2,1.0447179079055786,0.7,12800
refit,y,var,0.002921408973634243,0.7,12800
refit,fx,mspe,0.04294225573539734,0.7,12800
refit,fx,bias2,0.041954394429922104,0.7,12800
refit,fx,var,0.0009878589771687984,0.7,12800
refit,fr,mspe,0.10842937231063843,0.7,12800
refit,fr,bias2,0.10744151473045349,0.7,12800
refit,fr,var,0.0009878589771687984,0.7,12800
refit,fz,mspe,0.07042495906352997,0.7,12800
refit,fz,bias2,0.06857217103242874,0.7,12800
refit,fz,var,0.0018527850043028593,0.7,12800
refit_orth,y,mspe,1.047633171081543,0.7,12800
refit_orth,y,bias2,1.0447105169296265,0.7,12800
refit_orth,y,var,0.00292263925075531,0.7,12800
refit_orth,fx,mspe,0.042729150503873825,0.7,12800
refit_orth,fx,bias2,0.02872578054666519,0.7,12800
refit_orth,fx,var,0.014003370888531208,0.7,12800
refit_orth,fr,mspe,0.09475531429052353,0.7,12800
refit_orth,fr,bias2,0.0807519406080246,0.7,12800
refit_orth,fr,var,0.014003370888531208,0.7,12800
refit_orth,fz,mspe,0.07032065838575363,0.7,12800
refit_orth,fz,bias2,0.04608532413840294,0.7,12800
refit_orth,fz,var,0.024235334247350693,0.7,12800
base,y,mspe,1.052075982093811,0.7,12800
base,y,bias2,1.050003170967102,0.7,12800
base,y,var,0.002072870032861829,0.7,12800
base,fx,mspe,0.048287283629179,0.7,12800
base,fx,bias2,0.04680609703063965,0.7,12800
base,fx,var,0.0014811888104304671,0.7,12800
base,fr,mspe,0.11638209968805313,0.7,12800
base,fr,bias2,0.11490092426538467,0.7,12800
base,fr,var,0.0014811888104304671,0.7,12800
base,fz,mspe,0.07795459032058716,0.7,12800
base,fz,bias2,0.07795459032058716,0.7,12800
base,fz,var,0.0,0.7,12800
posthoc_web,y,mspe,1.0835858583450317,0.7,12800
posthoc_web,y,bias2,1.0676486492156982,0.7,12800
posthoc_web,y,var,0.015937233343720436,0.7,12800
posthoc_web,fx,mspe,0.04764740169048309,0.7,12800
posthoc_web,fx,bias2,0.03225948289036751,0.7,12800
posthoc_web,fx,var,0.015387916937470436,0.7,12800
posthoc_web,fr,mspe,0.1018146425485611,0.7,12800
posthoc_web,fr,bias2,0.08642671257257462,0.7,12800
posthoc_web,fr,var,0.015387916937470436,0.7,12800
posthoc_web,fz,mspe,0.07795459032058716,0.7,12800
posthoc_web,fz,bias2,0.07795459032058716,0.7,12800
posthoc_web,fz,var,0.0,0.7,12800
refit,y,mspe,1.049728274345398,0.8,12800
refit,y,bias2,1.047845721244812,0.8,12800
refit,y,var,0.0018825551960617304,0.8,12800
refit,fx,mspe,0.04613827168941498,0.8,12800
refit,fx,bias2,0.045168761163949966,0.8,12800
refit,fx,var,0.0009695130866020918,0.8,12800
refit,fr,mspe,0.11337154358625412,0.8,12800
refit,fr,bias2,0.1124020367860794,0.8,12800
refit,fr,var,0.0009695130866020918,0.8,12800
refit,fz,mspe,0.07527076452970505,0.8,12800
refit,fz,bias2,0.07445993274450302,0.8,12800
refit,fz,var,0.000810842786449939,0.8,12800
refit_orth,y,mspe,1.0497195720672607,0.8,12800
refit_orth,y,bias2,1.0478357076644897,0.8,12800
refit_orth,y,var,0.0018838813994079828,0.8,12800
refit_orth,fx,mspe,0.04596792161464691,0.8,12800
refit_orth,fx,bias2,0.03929118067026138,0.8,12800
refit_orth,fx,var,0.00667674420401454,0.8,12800
refit_orth,fr,mspe,0.10797769576311111,0.8,12800
refit_orth,fr,bias2,0.10130094736814499,0.8,12800
refit_orth,fr,var,0.00667674420401454,0.8,12800
refit_orth,fz,mspe,0.07514400780200958,0.8,12800
refit_orth,fz,bias2,0.0647837370634079,0.8,12800
refit_orth,fz,var,0.01036026794463396,0.8,12800
base,y,mspe,1.052075982093811,0.8,12800
base,y,bias2,1.050003170967102,0.8,12800
base,y,var,0.002072870032861829,0.8,12800
base,fx,mspe,0.048287283629179,0.8,12800
base,fx,bias2,0.04680609703063965,0.8,12800
base,fx,var,0.0014811888104304671,0.8,12800
base,fr,mspe,0.11638209968805313,0.8,12800
base,fr,bias2,0.11490092426538467,0.8,12800
base,fr,var,0.0014811888104304671,0.8,12800
base,fz,mspe,0.07795459032058716,0.8,12800
base,fz,bias2,0.07795459032058716,0.8,12800
base,fz,var,0.0,0.8,12800
posthoc_web,y,mspe,1.0646145343780518,0.8,12800
posthoc_web,y,bias2,1.0566964149475098,0.8,12800
posthoc_web,y,var,0.007918082177639008,0.8,12800
posthoc_web,fx,mspe,0.048063892871141434,0.8,12800
posthoc_web,fx,bias2,0.04070941358804703,0.8,12800
posthoc_web,fx,var,0.00735447509214282,0.8,12800
posthoc_web,fr,mspe,0.11085399985313416,0.8,12800
posthoc_web,fr,bias2,0.10349951684474945,0.8,12800
posthoc_web,fr,var,0.00735447509214282,0.8,12800
posthoc_web,fz,mspe,0.07795459032058716,0.8,12800
posthoc_web,fz,bias2,0.07795459032058716,0.8,12800
posthoc_web,fz,var,0.0,0.8,12800
refit,y,mspe,1.0508173704147339,0.9,12800
refit,y,bias2,1.0494365692138672,0.9,12800
refit,y,var,0.0013807876966893673,0.9,12800
refit,fx,mspe,0.047698184847831726,0.9,12800
refit,fx,bias2,0.04673297703266144,0.9,12800
refit,fx,var,0.0009652097360230982,0.9,12800
refit,fr,mspe,0.115757055580616,0.9,12800
refit,fr,bias2,0.11479184776544571,0.9,12800
refit,fr,var,0.0009652097360230982,0.9,12800
refit,fz,mspe,0.0774988979101181,0.9,12800
refit,fz,bias2,0.0771980807185173,0.9,12800
refit,fz,var,0.00030081463046371937,0.9,12800
refit_orth,y,mspe,1.0508208274841309,0.9,12800
refit_orth,y,bias2,1.0494418144226074,0.9,12800
refit_orth,y,var,0.0013790837256237864,0.9,12800
refit_orth,fx,mspe,0.04765510559082031,0.9,12800
refit_orth,fx,bias2,0.0454268641769886,0.9,12800
refit_orth,fx,var,0.002228241879492998,0.9,12800
refit_orth,fr,mspe,0.11460498720407486,0.9,12800
refit_orth,fr,bias2,0.11237674951553345,0.9,12800
refit_orth,fr,var,0.002228241879492998,0.9,12800
refit_orth,fz,mspe,0.07745882868766785,0.9,12800
refit_orth,fz,bias2,0.0750482976436615,0.9,12800
refit_orth,fz,var,0.0024105366319417953,0.9,12800
base,y,mspe,1.052075982093811,0.9,12800
base,y,bias2,1.050003170967102,0.9,12800
base,y,var,0.002072870032861829,0.9,12800
base,fx,mspe,0.048287283629179,0.9,12800
base,fx,bias2,0.04680609703063965,0.9,12800
base,fx,var,0.0014811888104304671,0.9,12800
base,fr,mspe,0.11638209968805313,0.9,12800
base,fr,bias2,0.11490092426538467,0.9,12800
base,fr,var,0.0014811888104304671,0.9,12800
base,fz,mspe,0.07795459032058716,0.9,12800
base,fz,bias2,0.07795459032058716,0.9,12800
base,fz,var,0.0,0.9,12800
posthoc_web,y,mspe,1.0550702810287476,0.9,12800
posthoc_web,y,bias2,1.0517258644104004,0.9,12800
posthoc_web,y,var,0.0033443847205489874,0.9,12800
posthoc_web,fx,mspe,0.04824398085474968,0.9,12800
posthoc_web,fx,bias2,0.04547759145498276,0.9,12800
posthoc_web,fx,var,0.0027663945220410824,0.9,12800
posthoc_web,fr,mspe,0.11522206664085388,0.9,12800
posthoc_web,fr,bias2,0.11245567351579666,0.9,12800
posthoc_web,fr,var,0.0027663945220410824,0.9,12800
posthoc_web,fz,mspe,0.07795459032058716,0.9,12800
posthoc_web,fz,bias2,0.07795459032058716,0.9,12800
posthoc_web,fz,var,0.0,0.9,12800
refit,y,mspe,1.0512611865997314,1.0,12800
refit,y,bias2,1.0500264167785645,1.0,12800
refit,y,var,0.0012346672592684627,1.0,12800
refit,fx,mspe,0.048175010830163956,1.0,12800
refit,fx,bias2,0.04721389710903168,1.0,12800
refit,fx,var,0.0009611098212189972,1.0,12800
refit,fr,mspe,0.1164831891655922,1.0,12800
refit,fr,bias2,0.11552207916975021,1.0,12800
refit,fr,var,0.0009611098212189972,1.0,12800
refit,fz,mspe,0.0781121477484703,1.0,12800
refit,fz,bias2,0.07795946300029755,1.0,12800
refit,fz,var,0.00015268354036379606,1.0,12800
refit_orth,y,mspe,1.0512455701828003,1.0,12800
refit_orth,y,bias2,1.050007700920105,1.0,12800
refit_orth,y,var,0.0012379356194287539,1.0,12800
refit_orth,fx,mspe,0.048205211758613586,1.0,12800
refit_orth,fx,bias2,0.047206975519657135,1.0,12800
refit_orth,fx,var,0.0009982390329241753,1.0,12800
refit_orth,fr,mspe,0.11649996787309647,1.0,12800
refit_orth,fr,bias2,0.11550173908472061,1.0,12800
refit_orth,fr,var,0.0009982390329241753,1.0,12800
refit_orth,fz,mspe,0.07811395823955536,1.0,12800
refit_orth,fz,bias2,0.07793276011943817,1.0,12800
refit_orth,fz,var,0.00018120357708539814,1.0,12800
base,y,mspe,1.052075982093811,1.0,12800
base,y,bias2,1.050003170967102,1.0,12800
base,y,var,0.002072870032861829,1.0,12800
base,fx,mspe,0.048287283629179,1.0,12800
base,fx,bias2,0.04680609703063965,1.0,12800
base,fx,var,0.0014811888104304671,1.0,12800
base,fr,mspe,0.11638209968805313,1.0,12800
base,fr,bias2,0.11490092426538467,1.0,12800
base,fr,var,0.0014811888104304671,1.0,12800
base,fz,mspe,0.07795459032058716,1.0,12800
base,fz,bias2,0.07795459032058716,1.0,12800
base,fz,var,0.0,1.0,12800
posthoc_web,y,mspe,1.0521893501281738,1.0,12800
posthoc_web,y,bias2,1.0500905513763428,1.0,12800
posthoc_web,y,var,0.0020988606847822666,1.0,12800
posthoc_web,fx,mspe,0.04831269383430481,1.0,12800
posthoc_web,fx,bias2,0.0468045249581337,1.0,12800
posthoc_web,fx,var,0.0015081685269251466,1.0,12800
posthoc_web,fr,mspe,0.11640194058418274,1.0,12800
posthoc_web,fr,bias2,0.11489377170801163,1.0,12800
posthoc_web,fr,var,0.0015081685269251466,1.0,12800
posthoc_web,fz,mspe,0.07795459032058716,1.0,12800
posthoc_web,fz,bias2,0.07795459032058716,1.0,12800
posthoc_web,fz,var,0.0,1.0,12800
refit,y,mspe,1.0131324529647827,0.0,1600
refit,y,bias2,1.006831169128418,0.0,1600
refit,y,var,0.006301338784396648,0.0,1600
refit,fx,mspe,0.007971520535647869,0.0,1600
refit,fx,bias2,0.0024881737772375345,0.0,1600
refit,fx,var,0.005483346059918404,0.0,1600
refit,fr,mspe,0.03364508971571922,0.0,1600
refit,fr,bias2,0.02816174179315567,0.0,1600
refit,fr,var,0.005483346059918404,0.0,1600
refit,fz,mspe,0.002643459476530552,0.0,1600
refit,fz,bias2,0.0003831266367342323,0.0,1600
refit,fz,var,0.002260332927107811,0.0,1600
refit_orth,y,mspe,1.0131211280822754,0.0,1600
refit_orth,y,bias2,1.0068252086639404,0.0,1600
refit_orth,y,var,0.0062957569025456905,0.0,1600
refit_orth,fx,mspe,0.026556335389614105,0.0,1600
refit_orth,fx,bias2,0.022158222272992134,0.0,1600
refit_orth,fx,var,0.0043981135822832584,0.0,1600
refit_orth,fr,mspe,0.006401386111974716,0.0,1600
refit_orth,fr,bias2,0.0020032732281833887,0.0,1600
refit_orth,fr,var,0.0043981135822832584,0.0,1600
refit_orth,fz,mspe,0.02218881994485855,0.0,1600
refit_orth,fz,bias2,0.02090306207537651,0.0,1600
refit_orth,fz,var,0.0012857599649578333,0.0,1600
base,y,mspe,1.0609384775161743,0.0,1600
base,y,bias2,1.0524187088012695,0.0,1600
base,y,var,0.008519768714904785,0.0,1600
base,fx,mspe,0.05537625774741173,0.0,1600
base,fx,bias2,0.04965414106845856,0.0,1600
base,fx,var,0.0057221148163080215,0.0,1600
base,fr,mspe,0.1246083676815033,0.0,1600
base,fr,bias2,0.11888626217842102,0.0,1600
base,fr,var,0.0057221148163080215,0.0,1600
base,fz,mspe,0.07795459032058716,0.0,1600
base,fz,bias2,0.07795459032058716,0.0,1600
base,fz,var,0.0,0.0,1600
posthoc_web,y,mspe,1.2465499639511108,0.0,1600
posthoc_web,y,bias2,1.2386868000030518,0.0,1600
posthoc_web,y,var,0.007863100618124008,0.0,1600
posthoc_web,fx,mspe,0.043933454900979996,0.0,1600
posthoc_web,fx,bias2,0.0390453040599823,0.0,1600
posthoc_web,fx,var,0.004888144787400961,0.0,1600
posthoc_web,fr,mspe,0.02281700074672699,0.0,1600
posthoc_web,fr,bias2,0.01792885735630989,0.0,1600
posthoc_web,fr,var,0.004888144787400961,0.0,1600
posthoc_web,fz,mspe,0.07795459032058716,0.0,1600
posthoc_web,fz,bias2,0.07795459032058716,0.0,1600
posthoc_web,fz,var,0.0,0.0,1600
refit,y,mspe,1.0143213272094727,0.1,1600
refit,y,bias2,1.0072219371795654,0.1,1600
refit,y,var,0.007099403068423271,0.1,1600
refit,fx,mspe,0.0082692326977849,0.1,1600
refit,fx,bias2,0.0029016423504799604,0.1,1600
refit,fx,var,0.0053675915114581585,0.1,1600
refit,fr,mspe,0.03533882647752762,0.1,1600
refit,fr,bias2,0.029971236363053322,0.1,1600
refit,fr,var,0.0053675915114581585,0.1,1600
refit,fz,mspe,0.003775437828153372,0.1,1600
refit,fz,bias2,0.0007754254620522261,0.1,1600
refit,fz,var,0.0030000123661011457,0.1,1600
refit_orth,y,mspe,1.014318585395813,0.1,1600
refit_orth,y,bias2,1.007226586341858,0.1,1600
refit_orth,y,var,0.007091971579939127,0.1,1600
refit_orth,fx,mspe,0.02652663178741932,0.1,1600
refit_orth,fx,bias2,0.021808914840221405,0.1,1600
refit_orth,fx,var,0.004717716947197914,0.1,1600
refit_orth,fr,mspe,0.006900763604789972,0.1,1600
refit_orth,fr,bias2,0.0021830471232533455,0.1,1600
refit_orth,fr,var,0.004717716947197914,0.1,1600
refit_orth,fz,mspe,0.02308780886232853,0.1,1600
refit_orth,fz,bias2,0.019557077437639236,0.1,1600
refit_orth,fz,var,0.0035307323560118675,0.1,1600
base,y,mspe,1.0609384775161743,0.1,1600
base,y,bias2,1.0524187088012695,0.1,1600
base,y,var,0.008519768714904785,0.1,1600
base,fx,mspe,0.05537625774741173,0.1,1600
base,fx,bias2,0.04965414106845856,0.1,1600
base,fx,var,0.0057221148163080215,0.1,1600
base,fr,mspe,0.1246083676815033,0.1,1600
base,fr,bias2,0.11888626217842102,0.1,1600
base,fr,var,0.0057221148163080215,0.1,1600
base,fz,mspe,0.07795459032058716,0.1,1600
base,fz,bias2,0.07795459032058716,0.1,1600
base,fz,var,0.0,0.1,1600
posthoc_web,y,mspe,1.244858980178833,0.1,1600
posthoc_web,y,bias2,1.2356678247451782,0.1,1600
posthoc_web,y,var,0.009191124700009823,0.1,1600
posthoc_web,fx,mspe,0.044132161885499954,0.1,1600
posthoc_web,fx,bias2,0.0379292331635952,0.1,1600
posthoc_web,fx,var,0.006202932447195053,0.1,1600
posthoc_web,fr,mspe,0.02414446324110031,0.1,1600
posthoc_web,fr,bias2,0.017941532656550407,0.1,1600
posthoc_web,fr,var,0.006202932447195053,0.1,1600
posthoc_web,fz,mspe,0.07795459032058716,0.1,1600
posthoc_web,fz,bias2,0.07795459032058716,0.1,1600
posthoc_web,fz,var,0.0,0.1,1600
refit,y,mspe,1.0193127393722534,0.2,1600
refit,y,bias2,1.009668231010437,0.2,1600
refit,y,var,0.009644623845815659,0.2,1600
refit,fx,mspe,0.010016210377216339,0.2,1600
refit,fx,bias2,0.004786900244653225,0.2,1600
refit,fx,var,0.0052293092012405396,0.2,1600
refit,fr,mspe,0.041729431599378586,0.2,1600
refit,fr,bias2,0.03650011867284775,0.2,1600
refit,fr,var,0.0052293092012405396,0.2,1600
refit,fz,mspe,0.00836025271564722,0.2,1600
refit,fz,bias2,0.003122111549600959,0.2,1600
refit,fz,var,0.005238140933215618,0.2,1600
refit_orth,y,mspe,1.0193114280700684,0.2,1600
refit_orth,y,bias2,1.0096735954284668,0.2,1600
refit_orth,y,var,0.009637891314923763,0.2,1600
refit_orth,fx,mspe,0.026721706613898277,0.2,1600
refit_orth,fx,bias2,0.020293422043323517,0.2,1600
refit_orth,fx,var,0.0064282845705747604,0.2,1600
refit_orth,fr,mspe,0.009431603364646435,0.2,1600
refit_orth,fr,bias2,0.0030033187940716743,0.2,1600
refit_orth,fr,var,0.0064282845705747604,0.2,1600
refit_orth,fz,mspe,0.02630544640123844,0.2,1600
refit_orth,fz,bias2,0.01465446874499321,0.2,1600
refit_orth,fz,var,0.011650976724922657,0.2,1600
base,y,mspe,1.0609384775161743,0.2,1600
base,y,bias2,1.0524187088012695,0.2,1600
base,y,var,0.008519768714904785,0.2,1600
base,fx,mspe,0.05537625774741173,0.2,1600
base,fx,bias2,0.04965414106845856,0.2,1600
base,fx,var,0.0057221148163080215,0.2,1600
base,fr,mspe,0.1246083676815033,0.2,1600
base,fr,bias2,0.11888626217842102,0.2,1600
base,fr,var,0.0057221148163080215,0.2,1600
base,fz,mspe,0.07795459032058716,0.2,1600
base,fz,bias2,0.07795459032058716,0.2,1600
base,fz,var,0.0,0.2,1600
posthoc_web,y,mspe,1.2370481491088867,0.2,1600
posthoc_web,y,bias2,1.2230833768844604,0.2,1600
posthoc_web,y,var,0.013964804820716381,0.2,1600
posthoc_web,fx,mspe,0.04493609443306923,0.2,1600
posthoc_web,fx,bias2,0.0339689627289772,0.2,1600
posthoc_web,fx,var,0.0109671326354146,0.2,1600
posthoc_web,fr,mspe,0.029196949675679207,0.2,1600
posthoc_web,fr,bias2,0.01822981797158718,0.2,1600
posthoc_web,fr,var,0.0109671326354146,0.2,1600
posthoc_web,fz,mspe,0.07795459032058716,0.2,1600
posthoc_web,fz,bias2,0.07795459032058716,0.2,1600
posthoc_web,fz,var,0.0,0.2,1600
refit,y,mspe,1.028194785118103,0.3,1600
refit,y,bias2,1.0156611204147339,0.3,1600
refit,y,var,0.012533637695014477,0.3,1600
refit,fx,mspe,0.015229851007461548,0.3,1600
refit,fx,bias2,0.009996856562793255,0.3,1600
refit,fx,var,0.005232993513345718,0.3,1600
refit,fr,mspe,0.055238399654626846,0.3,1600
refit,fr,bias2,0.05000540614128113,0.3,1600
refit,fr,var,0.005232993513345718,0.3,1600
refit,fz,mspe,0.018627718091011047,0.3,1600
refit,fz,bias2,0.010938462801277637,0.3,1600
refit,fz,var,0.0076892562210559845,0.3,1600
refit_orth,y,mspe,1.0281929969787598,0.3,1600
refit_orth,y,bias2,1.0156646966934204,0.3,1600
refit_orth,y,var,0.01252835988998413,0.3,1600
refit_orth,fx,mspe,0.02805694378912449,0.3,1600
refit_orth,fx,bias2,0.016920305788517,0.3,1600
refit_orth,fx,var,0.011136638931930065,0.3,1600
refit_orth,fr,mspe,0.016777152195572853,0.3,1600
refit_orth,fr,bias2,0.005640515126287937,0.3,1600
refit_orth,fr,var,0.011136638931930065,0.3,1600
refit_orth,fz,mspe,0.03269597142934799,0.3,1600
refit_orth,fz,bias2,0.006823396775871515,0.3,1600
refit_orth,fz,var,0.025872578844428062,0.3,1600
base,y,mspe,1.0609384775161743,0.3,1600
base,y,bias2,1.0524187088012695,0.3,1600
base,y,var,0.008519768714904785,0.3,1600
base,fx,mspe,0.05537625774741173,0.3,1600
base,fx,bias2,0.04965414106845856,0.3,1600
base,fx,var,0.0057221148163080215,0.3,1600
base,fr,mspe,0.1246083676815033,0.3,1600
base,fr,bias2,0.11888626217842102,0.3,1600
base,fr,var,0.0057221148163080215,0.3,1600
base,fz,mspe,0.07795459032058716,0.3,1600
base,fz,bias2,0.07795459032058716,0.3,1600
base,fz,var,0.0,0.3,1600
posthoc_web,y,mspe,1.2201975584030151,0.3,1600
posthoc_web,y,bias2,1.197908878326416,0.3,1600
posthoc_web,y,var,0.02228866145014763,0.3,1600
posthoc_web,fx,mspe,0.04651119187474251,0.3,1600
posthoc_web,fx,bias2,0.02722099982202053,0.3,1600
posthoc_web,fx,var,0.019290193915367126,0.3,1600
posthoc_web,fr,mspe,0.0395217090845108,0.3,1600
posthoc_web,fr,bias2,0.020231513306498528,0.3,1600
posthoc_web,fr,var,0.019290193915367126,0.3,1600
posthoc_web,fz,mspe,0.07795459032058716,0.3,1600
posthoc_web,fz,bias2,0.07795459032058716,0.3,1600
posthoc_web,fz,var,0.0,0.3,1600
refit,y,mspe,1.037916660308838,0.4,1600
refit,y,bias2,1.024322271347046,0.4,1600
refit,y,var,0.013594381511211395,0.4,1600
refit,fx,mspe,0.023906437680125237,0.4,1600
refit,fx,bias2,0.018711037933826447,0.4,1600
refit,fx,var,0.005195400677621365,0.4,1600
refit,fr,mspe,0.07284262031316757,0.4,1600
refit,fr,bias2,0.06764721870422363,0.4,1600
refit,fr,var,0.005195400677621365,0.4,1600
refit,fz,mspe,0.03356968238949776,0.4,1600
refit,fz,bias2,0.025170311331748962,0.4,1600
refit,fz,var,0.00839936826378107,0.4,1600
refit_orth,y,mspe,1.0379290580749512,0.4,1600
refit_orth,y,bias2,1.0243295431137085,0.4,1600
refit_orth,y,var,0.013599473983049393,0.4,1600
refit_orth,fx,mspe,0.0313175767660141,0.4,1600
refit_orth,fx,bias2,0.012561512179672718,0.4,1600
refit_orth,fx,var,0.018756065517663956,0.4,1600
refit_orth,fr,mspe,0.03182153403759003,0.4,1600
refit_orth,fr,bias2,0.013065464794635773,0.4,1600
refit_orth,fr,var,0.018756065517663956,0.4,1600
refit_orth,fz,mspe,0.04229661822319031,0.4,1600
refit_orth,fz,bias2,0.0010086100082844496,0.4,1600
refit_orth,fz,var,0.04128800332546234,0.4,1600
base,y,mspe,1.0609384775161743,0.4,1600
base,y,bias2,1.0524187088012695,0.4,1600
base,y,var,0.008519768714904785,0.4,1600
base,fx,mspe,0.05537625774741173,0.4,1600
base,fx,bias2,0.04965414106845856,0.4,1600
base,fx,var,0.0057221148163080215,0.4,1600
base,fr,mspe,0.1246083676815033,0.4,1600
base,fr,bias2,0.11888626217842102,0.4,1600
base,fr,var,0.0057221148163080215,0.4,1600
base,fz,mspe,0.07795459032058716,0.4,1600
base,fz,bias2,0.07795459032058716,0.4,1600
base,fz,var,0.0,0.4,1600
posthoc_web,y,mspe,1.1927902698516846,0.4,1600
posthoc_web,y,bias2,1.1615318059921265,0.4,1600
posthoc_web,y,var,0.03125837445259094,0.4,1600
posthoc_web,fx,mspe,0.04873892292380333,0.4,1600
posthoc_web,fx,bias2,0.020465321838855743,0.4,1600
posthoc_web,fx,var,0.028273606672883034,0.4,1600
posthoc_web,fr,mspe,0.05557619035243988,0.4,1600
posthoc_web,fr,bias2,0.027302589267492294,0.4,1600
posthoc_web,fr,var,0.028273606672883034,0.4,1600
posthoc_web,fz,mspe,0.07795459032058716,0.4,1600
posthoc_web,fz,bias2,0.07795459032058716,0.4,1600
posthoc_web,fz,var,0.0,0.4,1600
refit,y,mspe,1.0464380979537964,0.5,1600
refit,y,bias2,1.0334951877593994,0.5,1600
refit,y,var,0.012942829169332981,0.5,1600
refit,fx,mspe,0.03338458761572838,0.5,1600
refit,fx,bias2,0.028029946610331535,0.5,1600
refit,fx,var,0.005354640539735556,0.5,1600
refit,fr,mspe,0.08960382640361786,0.5,1600
refit,fr,bias2,0.08424918353557587,0.5,1600
refit,fr,var,0.005354640539735556,0.5,1600
refit,fz,mspe,0.049290236085653305,0.5,1600
refit,fz,bias2,0.04210320860147476,0.5,1600
refit,fz,var,0.007187029346823692,0.5,1600
refit_orth,y,mspe,1.0464732646942139,0.5,1600
refit_orth,y,bias2,1.0335074663162231,0.5,1600
refit_orth,y,var,0.012965860776603222,0.5,1600
refit_orth,fx,mspe,0.03643183410167694,0.5,1600
refit_orth,fx,bias2,0.011256106197834015,0.5,1600
refit_orth,fx,var,0.025175727903842926,0.5,1600
refit_orth,fr,mspe,0.05389656126499176,0.5,1600
refit_orth,fr,bias2,0.028720833361148834,0.5,1600
refit_orth,fr,var,0.025175727903842926,0.5,1600
refit_orth,fz,mspe,0.05361155420541763,0.5,1600
refit_orth,fz,bias2,0.0052846153266727924,0.5,1600
refit_orth,fz,var,0.04832693934440613,0.5,1600
base,y,mspe,1.0609384775161743,0.5,1600
base,y,bias2,1.0524187088012695,0.5,1600
base,y,var,0.008519768714904785,0.5,1600
base,fx,mspe,0.05537625774741173,0.5,1600
base,fx,bias2,0.04965414106845856,0.5,1600
base,fx,var,0.0057221148163080215,0.5,1600
base,fr,mspe,0.1246083676815033,0.5,1600
base,fr,bias2,0.11888626217842102,0.5,1600
base,fr,var,0.0057221148163080215,0.5,1600
base,fz,mspe,0.07795459032058716,0.5,1600
base,fz,bias2,0.07795459032058716,0.5,1600
base,fz,var,0.0,0.5,1600
posthoc_web,y,mspe,1.1574231386184692,0.5,1600
posthoc_web,y,bias2,1.1221365928649902,0.5,1600
posthoc_web,y,var,0.03528657555580139,0.5,1600
posthoc_web,fx,mspe,0.051115021109580994,0.5,1600
posthoc_web,fx,bias2,0.018782250583171844,0.5,1600
posthoc_web,fx,var,0.03233276680111885,0.5,1600
posthoc_web,fr,mspe,0.07535583525896072,0.5,1600
posthoc_web,fr,bias2,0.043023061007261276,0.5,1600
posthoc_web,fr,var,0.03233276680111885,0.5,1600
posthoc_web,fz,mspe,0.07795459032058716,0.5,1600
posthoc_web,fz,bias2,0.07795459032058716,0.5,1600
posthoc_web,fz,var,0.0,0.5,1600
refit,y,mspe,1.0527725219726562,0.6,1600
refit,y,bias2,1.0414791107177734,0.6,1600
refit,y,var,0.01129348948597908,0.6,1600
refit,fx,mspe,0.04132706671953201,0.6,1600
refit,fx,bias2,0.03582313656806946,0.6,1600
refit,fx,var,0.0055039310827851295,0.6,1600
refit,fr,mspe,0.10264875739812851,0.6,1600
refit,fr,bias2,0.09714483469724655,0.6,1600
refit,fr,var,0.0055039310827851295,0.6,1600
refit,fz,mspe,0.06233591213822365,0.6,1600
refit,fz,bias2,0.05719911679625511,0.6,1600
refit,fz,var,0.005136794876307249,0.6,1600
refit_orth,y,mspe,1.0527775287628174,0.6,1600
refit_orth,y,bias2,1.0414751768112183,0.6,1600
refit_orth,y,var,0.011302364058792591,0.6,1600
refit_orth,fx,mspe,0.042158231139183044,0.6,1600
refit_orth,fx,bias2,0.017250895500183105,0.6,1600
refit_orth,fx,var,0.024907341226935387,0.6,1600
refit_orth,fr,mspe,0.07794614136219025,0.6,1600
refit_orth,fr,bias2,0.05303880199790001,0.6,1600
refit_orth,fr,var,0.024907341226935387,0.6,1600
refit_orth,fz,mspe,0.06411702930927277,0.6,1600
refit_orth,fz,bias2,0.022554993629455566,0.6,1600
refit_orth,fz,var,0.0415620356798172,0.6,1600
base,y,mspe,1.0609384775161743,0.6,1600
base,y,bias2,1.0524187088012695,0.6,1600
base,y,var,0.008519768714904785,0.6,1600
base,fx,mspe,0.05537625774741173,0.6,1600
base,fx,bias2,0.04965414106845856,0.6,1600
base,fx,var,0.0057221148163080215,0.6,1600
base,fr,mspe,0.1246083676815033,0.6,1600
base,fr,bias2,0.11888626217842102,0.6,1600
base,fr,var,0.0057221148163080215,0.6,1600
base,fz,mspe,0.07795459032058716,0.6,1600
base,fz,bias2,0.07795459032058716,0.6,1600
base,fz,var,0.0,0.6,1600
posthoc_web,y,mspe,1.1213222742080688,0.6,1600
posthoc_web,y,bias2,1.0900312662124634,0.6,1600
posthoc_web,y,var,0.03129102289676666,0.6,1600
posthoc_web,fx,mspe,0.05306445062160492,0.6,1600
posthoc_web,fx,bias2,0.02468368038535118,0.6,1600
posthoc_web,fx,var,0.02838077023625374,0.6,1600
posthoc_web,fr,mspe,0.09466896951198578,0.6,1600
posthoc_web,fr,bias2,0.06628820300102234,0.6,1600
posthoc_web,fr,var,0.02838077023625374,0.6,1600
posthoc_web,fz,mspe,0.07795459032058716,0.6,1600
posthoc_web,fz,bias2,0.07795459032058716,0.6,1600
posthoc_web,fz,var,0.0,0.6,1600
refit,y,mspe,1.056712031364441,0.7,1600
refit,y,bias2,1.04705810546875,0.7,1600
refit,y,var,0.009653928689658642,0.7,1600
refit,fx,mspe,0.04700880125164986,0.7,1600
refit,fx,bias2,0.04143740236759186,0.7,1600
refit,fx,var,0.005571398884057999,0.7,1600
refit,fr,mspe,0.11165312677621841,0.7,1600
refit,fr,bias2,0.10608173161745071,0.7,1600
refit,fr,var,0.005571398884057999,0.7,1600
refit,fz,mspe,0.07117902487516403,0.7,1600
refit,fz,bias2,0.06791902333498001,0.7,1600
refit,fz,var,0.003260001540184021,0.7,1600
refit_orth,y,mspe,1.0567185878753662,0.7,1600
refit_orth,y,bias2,1.0470575094223022,0.7,1600
refit_orth,y,var,0.009661135263741016,0.7,1600
refit_orth,fx,mspe,0.04716365784406662,0.7,1600
refit_orth,fx,bias2,0.02848988212645054,0.7,1600
refit_orth,fx,var,0.018673773854970932,0.7,1600
refit_orth,fr,mspe,0.09833437204360962,0.7,1600
refit_orth,fr,bias2,0.07966059446334839,0.7,1600
refit_orth,fr,var,0.018673773854970932,0.7,1600
refit_orth,fz,mspe,0.07190381735563278,0.7,1600
refit_orth,fz,bias2,0.045550938695669174,0.7,1600
refit_orth,fz,var,0.026352882385253906,0.7,1600
base,y,mspe,1.0609384775161743,0.7,1600
base,y,bias2,1.0524187088012695,0.7,1600
base,y,var,0.008519768714904785,0.7,1600
base,fx,mspe,0.05537625774741173,0.7,1600
base,fx,bias2,0.04965414106845856,0.7,1600
base,fx,var,0.0057221148163080215,0.7,1600
base,fr,mspe,0.1246083676815033,0.7,1600
base,fr,bias2,0.11888626217842102,0.7,1600
base,fr,var,0.0057221148163080215,0.7,1600
base,fz,mspe,0.07795459032058716,0.7,1600
base,fz,bias2,0.07795459032058716,0.7,1600
base,fz,var,0.0,0.7,1600
posthoc_web,y,mspe,1.0921664237976074,0.7,1600
posthoc_web,y,bias2,1.069653034210205,0.7,1600
posthoc_web,y,var,0.022513372823596,0.7,1600
posthoc_web,fx,mspe,0.05436277762055397,0.7,1600
posthoc_web,fx,bias2,0.034714024513959885,0.7,1600
posthoc_web,fx,var,0.019648754969239235,0.7,1600
posthoc_web,fr,mspe,0.1097002774477005,0.7,1600
posthoc_web,fr,bias2,0.09005151689052582,0.7,1600
posthoc_web,fr,var,0.019648754969239235,0.7,1600
posthoc_web,fz,mspe,0.07795459032058716,0.7,1600
posthoc_web,fz,bias2,0.07795459032058716,0.7,1600
posthoc_web,fz,var,0.0,0.7,1600
refit,y,mspe,1.0589996576309204,0.8,1600
refit,y,bias2,1.0504882335662842,0.8,1600
refit,y,var,0.008511378429830074,0.8,1600
refit,fx,mspe,0.05000435933470726,0.8,1600
refit,fx,bias2,0.044459689408540726,0.8,1600
refit,fx,var,0.0055446685291826725,0.8,1600
refit,fr,mspe,0.11632756143808365,0.8,1600
refit,fr,bias2,0.11078289151191711,0.8,1600
refit,fr,var,0.0055446685291826725,0.8,1600
refit,fz,mspe,0.07619216293096542,0.8,1600
refit,fz,bias2,0.07414712756872177,0.8,1600
refit,fz,var,0.0020450372248888016,0.8,1600
refit_orth,y,mspe,1.0589905977249146,0.8,1600
refit_orth,y,bias2,1.0504820346832275,0.8,1600
refit_orth,y,var,0.008508717641234398,0.8,1600
refit_orth,fx,mspe,0.050142802298069,0.8,1600
refit_orth,fx,bias2,0.038662344217300415,0.8,1600
refit_orth,fx,var,0.01148045901209116,0.8,1600
refit_orth,fr,mspe,0.11120086908340454,0.8,1600
refit_orth,fr,bias2,0.09972040355205536,0.8,1600
refit_orth,fr,var,0.01148045901209116,0.8,1600
refit_orth,fz,mspe,0.07657351344823837,0.8,1600
refit_orth,fz,bias2,0.06442894041538239,0.8,1600
refit_orth,fz,var,0.012144576758146286,0.8,1600
base,y,mspe,1.0609384775161743,0.8,1600
base,y,bias2,1.0524187088012695,0.8,1600
base,y,var,0.008519768714904785,0.8,1600
base,fx,mspe,0.05537625774741173,0.8,1600
base,fx,bias2,0.04965414106845856,0.8,1600
base,fx,var,0.0057221148163080215,0.8,1600
base,fr,mspe,0.1246083676815033,0.8,1600
base,fr,bias2,0.11888626217842102,0.8,1600
base,fr,var,0.0057221148163080215,0.8,1600
base,fz,mspe,0.07795459032058716,0.8,1600
base,fz,bias2,0.07795459032058716,0.8,1600
base,fz,var,0.0,0.8,1600
posthoc_web,y,mspe,1.0734056234359741,0.8,1600
posthoc_web,y,bias2,1.0589176416397095,0.8,1600
posthoc_web,y,var,0.014487916603684425,0.8,1600
posthoc_web,fx,mspe,0.05512072890996933,0.8,1600
posthoc_web,fx,bias2,0.04345884919166565,0.8,1600
posthoc_web,fx,var,0.01166188158094883,0.8,1600
posthoc_web,fr,mspe,0.1191064640879631,0.8,1600
posthoc_web,fr,bias2,0.10744459182024002,0.8,1600
posthoc_web,fr,var,0.01166188158094883,0.8,1600
posthoc_web,fz,mspe,0.07795459032058716,0.8,1600
posthoc_web,fz,bias2,0.07795459032058716,0.8,1600
posthoc_web,fz,var,0.0,0.8,1600
refit,y,mspe,1.060003399848938,0.9,1600
refit,y,bias2,1.0521093606948853,0.9,1600
refit,y,var,0.007893918082118034,0.9,1600
refit,fx,mspe,0.05156242474913597,0.9,1600
refit,fx,bias2,0.046027496457099915,0.9,1600
refit,fx,var,0.005534927826374769,0.9,1600
refit,fr,mspe,0.11873659491539001,0.9,1600
refit,fr,bias2,0.11320165544748306,0.9,1600
refit,fr,var,0.005534927826374769,0.9,1600
refit,fz,mspe,0.0785350576043129,0.9,1600
refit,fz,bias2,0.07713999599218369,0.9,1600
refit,fz,var,0.0013950592838227749,0.9,1600
refit_orth,y,mspe,1.0600069761276245,0.9,1600
refit_orth,y,bias2,1.0521183013916016,0.9,1600
refit_orth,y,var,0.007888661697506905,0.9,1600
refit_orth,fx,mspe,0.05179670825600624,0.9,1600
refit_orth,fx,bias2,0.04471510276198387,0.9,1600
refit_orth,fx,var,0.007081606891006231,0.9,1600
refit_orth,fr,mspe,0.11782880872488022,0.9,1600
refit_orth,fr,bias2,0.11074720323085785,0.9,1600
refit_orth,fr,var,0.007081606891006231,0.9,1600
refit_orth,fz,mspe,0.07874859124422073,0.9,1600
refit_orth,fz,bias2,0.07492464780807495,0.9,1600
refit_orth,fz,var,0.0038239359855651855,0.9,1600
base,y,mspe,1.0609384775161743,0.9,1600
base,y,bias2,1.0524187088012695,0.9,1600
base,y,var,0.008519768714904785,0.9,1600
base,fx,mspe,0.05537625774741173,0.9,1600
base,fx,bias2,0.04965414106845856,0.9,1600
base,fx,var,0.0057221148163080215,0.9,1600
base,fr,mspe,0.1246083676815033,0.9,1600
base,fr,bias2,0.11888626217842102,0.9,1600
base,fr,var,0.0057221148163080215,0.9,1600
base,fz,mspe,0.07795459032058716,0.9,1600
base,fz,bias2,0.07795459032058716,0.9,1600
base,fz,var,0.0,0.9,1600
posthoc_web,y,mspe,1.064062476158142,0.9,1600
posthoc_web,y,bias2,1.0540755987167358,0.9,1600
posthoc_web,y,var,0.009986774064600468,0.9,1600
posthoc_web,fx,mspe,0.055526260286569595,0.9,1600
posthoc_web,fx,bias2,0.04833747074007988,0.9,1600
posthoc_web,fx,var,0.007188788615167141,0.9,1600
posthoc_web,fr,mspe,0.1236785352230072,0.9,1600
posthoc_web,fr,bias2,0.11648974567651749,0.9,1600
posthoc_web,fr,var,0.007188788615167141,0.9,1600
posthoc_web,fz,mspe,0.07795459032058716,0.9,1600
posthoc_web,fz,bias2,0.07795459032058716,0.9,1600
posthoc_web,fz,var,0.0,0.9,1600
refit,y,mspe,1.0604766607284546,1.0,1600
refit,y,bias2,1.0527116060256958,1.0,1600
refit,y,var,0.0077649932354688644,1.0,1600
refit,fx,mspe,0.05243272706866264,1.0,1600
refit,fx,bias2,0.0468037985265255,1.0,1600
refit,fx,var,0.00562893133610487,1.0,1600
refit,fr,mspe,0.12002628296613693,1.0,1600
refit,fr,bias2,0.11439735442399979,1.0,1600
refit,fr,var,0.00562893133610487,1.0,1600
refit,fz,mspe,0.07921326905488968,1.0,1600
refit,fz,bias2,0.07804691046476364,1.0,1600
refit,fz,var,0.0011663618497550488,1.0,1600
refit_orth,y,mspe,1.0604984760284424,1.0,1600
refit_orth,y,bias2,1.0527235269546509,1.0,1600
refit_orth,y,var,0.0077750589698553085,1.0,1600
refit_orth,fx,mspe,0.05271102115511894,1.0,1600
refit_orth,fx,bias2,0.04680187255144119,1.0,1600
refit_orth,fx,var,0.005909152794629335,1.0,1600
refit_orth,fr,mspe,0.1202879399061203,1.0,1600
refit_orth,fr,bias2,0.11437879502773285,1.0,1600
refit_orth,fr,var,0.005909152794629335,1.0,1600
refit_orth,fz,mspe,0.07928238809108734,1.0,1600
refit_orth,fz,bias2,0.0780191496014595,1.0,1600
refit_orth,fz,var,0.001263239188119769,1.0,1600
base,y,mspe,1.0609384775161743,1.0,1600
base,y,bias2,1.0524187088012695,1.0,1600
base,y,var,0.008519768714904785,1.0,1600
base,fx,mspe,0.05537625774741173,1.0,1600
base,fx,bias2,0.04965414106845856,1.0,1600
base,fx,var,0.0057221148163080215,1.0,1600
base,fr,mspe,0.1246083676815033,1.0,1600
base,fr,bias2,0.11888626217842102,1.0,1600
base,fr,var,0.0057221148163080215,1.0,1600
base,fz,mspe,0.07795459032058716,1.0,1600
base,fz,bias2,0.07795459032058716,1.0,1600
base,fz,var,0.0,1.0,1600
posthoc_web,y,mspe,1.061331033706665,1.0,1600
posthoc_web,y,bias2,1.0524898767471313,1.0,1600
posthoc_web,y,var,0.008841103874146938,1.0,1600
posthoc_web,fx,mspe,0.055715933442115784,1.0,1600
posthoc_web,fx,bias2,0.04965444654226303,1.0,1600
posthoc_web,fx,var,0.006061490625143051,1.0,1600
posthoc_web,fr,mspe,0.12493913620710373,1.0,1600
posthoc_web,fr,bias2,0.11887764930725098,1.0,1600
posthoc_web,fr,var,0.006061490625143051,1.0,1600
posthoc_web,fz,mspe,0.07795459032058716,1.0,1600
posthoc_web,fz,bias2,0.07795459032058716,1.0,1600
posthoc_web,fz,var,0.0,1.0,1600
refit,y,mspe,1.0035552978515625,0.0,25600
refit,y,bias2,1.002927541732788,0.0,25600
refit,y,var,0.0006277262582443655,0.0,25600
refit,fx,mspe,0.000800172972958535,0.0,25600
refit,fx,bias2,0.00020760676125064492,0.0,25600
refit,fx,var,0.000592566269915551,0.0,25600
refit,fr,mspe,0.0225461907684803,0.0,25600
refit,fr,bias2,0.021953623741865158,0.0,25600
refit,fr,var,0.000592566269915551,0.0,25600
refit,fz,mspe,0.0002068485482595861,0.0,25600
refit,fz,bias2,5.529473492060788e-05,0.0,25600
refit,fz,var,0.00015155383152887225,0.0,25600
refit_orth,y,mspe,1.003553867340088,0.0,25600
refit_orth,y,bias2,1.0029335021972656,0.0,25600
refit_orth,y,var,0.0006204936653375626,0.0,25600
refit_orth,fx,mspe,0.020231561735272408,0.0,25600
refit_orth,fx,bias2,0.019708022475242615,0.0,25600
refit_orth,fx,var,0.0005235394928604364,0.0,25600
refit_orth,fr,mspe,0.0006666348781436682,0.0,25600
refit_orth,fr,bias2,0.00014309539983514696,0.0,25600
refit_orth,fr,var,0.0005235394928604364,0.0,25600
refit_orth,fz,mspe,0.01981876790523529,0.0,25600
refit_orth,fz,bias2,0.019746825098991394,0.0,25600
refit_orth,fz,var,7.194162026280537e-05,0.0,25600
base,y,mspe,1.0512067079544067,0.0,25600
base,y,bias2,1.0495524406433105,0.0,25600
base,y,var,0.001654339488595724,0.0,25600
base,fx,mspe,0.04908771812915802,0.0,25600
base,fx,bias2,0.04783405363559723,0.0,25600
base,fx,var,0.0012536650756374002,0.0,25600
base,fr,mspe,0.11775116622447968,0.0,25600
base,fr,bias2,0.11649751663208008,0.0,25600
base,fr,var,0.0012536650756374002,0.0,25600
base,fz,mspe,0.07795459032058716,0.0,25600
base,fz,bias2,0.07795459032058716,0.0,25600
base,fz,var,0.0,0.0,25600
posthoc_web,y,mspe,1.2367020845413208,0.0,25600
posthoc_web,y,bias2,1.235317349433899,0.0,25600
posthoc_web,y,var,0.0013846978545188904,0.0,25600
posthoc_web,fx,mspe,0.03895371034741402,0.0,25600
posthoc_web,fx,bias2,0.03795585036277771,0.0,25600
posthoc_web,fx,var,0.0009978639427572489,0.0,25600
posthoc_web,fr,mspe,0.01784178800880909,0.0,25600
posthoc_web,fr,bias2,0.016843924298882484,0.0,25600
posthoc_web,fr,var,0.0009978639427572489,0.0,25600
posthoc_web,fz,mspe,0.07795459032058716,0.0,25600
posthoc_web,fz,bias2,0.07795459032058716,0.0,25600
posthoc_web,fz,var,0.0,0.0,25600
refit,y,mspe,1.0047521591186523,0.1,25600
refit,y,bias2,1.0032418966293335,0.1,25600
refit,y,var,0.001510327565483749,0.1,25600
refit,fx,mspe,0.001003192039206624,0.1,25600
refit,fx,bias2,0.00042118268902413547,0.1,25600
refit,fx,var,0.000582009379286319,0.1,25600
refit,fr,mspe,0.024470722302794456,0.1,25600
refit,fr,bias2,0.023888712748885155,0.1,25600
refit,fr,var,0.000582009379286319,0.1,25600
refit,fz,mspe,0.0013137036003172398,0.1,25600
refit,fz,bias2,0.000304908404359594,0.1,25600
refit,fz,var,0.0010087952250614762,0.1,25600
refit_orth,y,mspe,1.0047513246536255,0.1,25600
refit_orth,y,bias2,1.003240704536438,0.1,25600
refit_orth,y,var,0.001510558184236288,0.1,25600
refit_orth,fx,mspe,0.020157190039753914,0.1,25600
refit_orth,fx,bias2,0.019335832446813583,0.1,25600
refit_orth,fx,var,0.0008213568944483995,0.1,25600
refit_orth,fr,mspe,0.0010492511792108417,0.1,25600
refit_orth,fr,bias2,0.0002278942265547812,0.1,25600
refit_orth,fr,var,0.0008213568944483995,0.1,25600
refit_orth,fz,mspe,0.02069070376455784,0.1,25600
refit_orth,fz,bias2,0.018410945311188698,0.1,25600
refit_orth,fz,var,0.0022797619458287954,0.1,25600
base,y,mspe,1.0512067079544067,0.1,25600
base,y,bias2,1.0495524406433105,0.1,25600
base,y,var,0.001654339488595724,0.1,25600
base,fx,mspe,0.04908771812915802,0.1,25600
base,fx,bias2,0.04783405363559723,0.1,25600
base,fx,var,0.0012536650756374002,0.1,25600
base,fr,mspe,0.11775116622447968,0.1,25600
base,fr,bias2,0.11649751663208008,0.1,25600
base,fr,var,0.0012536650756374002,0.1,25600
base,fz,mspe,0.07795459032058716,0.1,25600
base,fz,bias2,0.07795459032058716,0.1,25600
base,fz,var,0.0,0.1,25600
posthoc_web,y,mspe,1.235129714012146,0.1,25600
posthoc_web,y,bias2,1.2324591875076294,0.1,25600
posthoc_web,y,var,0.002670496003702283,0.1,25600
posthoc_web,fx,mspe,0.039181433618068695,0.1,25600
posthoc_web,fx,bias2,0.03688649833202362,0.1,25600
posthoc_web,fx,var,0.0022949359845370054,0.1,25600
posthoc_web,fr,mspe,0.01915114000439644,0.1,25600
posthoc_web,fr,bias2,0.016856204718351364,0.1,25600
posthoc_web,fr,var,0.0022949359845370054,0.1,25600
posthoc_web,fz,mspe,0.07795459032058716,0.1,25600
posthoc_web,fz,bias2,0.07795459032058716,0.1,25600
posthoc_web,fz,var,0.0,0.1,25600
refit,y,mspe,1.0100935697555542,0.2,25600
refit,y,bias2,1.0060502290725708,0.2,25600
refit,y,var,0.00404326431453228,0.2,25600
refit,fx,mspe,0.0026320922188460827,0.2,25600
refit,fx,bias2,0.002063681837171316,0.2,25600
refit,fx,var,0.0005684106145054102,0.2,25600
refit,fr,mspe,0.03207634016871452,0.2,25600
refit,fr,bias2,0.031507931649684906,0.2,25600
refit,fr,var,0.0005684106145054102,0.2,25600
refit,fz,mspe,0.006090276408940554,0.2,25600
refit,fz,bias2,0.002575462684035301,0.2,25600
refit,fz,var,0.003514813259243965,0.2,25600
refit_orth,y,mspe,1.0100555419921875,0.2,25600
refit_orth,y,bias2,1.0060112476348877,0.2,25600
refit_orth,y,var,0.004044261295348406,0.2,25600
refit_orth,fx,mspe,0.02018735185265541,0.2,25600
refit_orth,fx,bias2,0.017874522134661674,0.2,25600
refit_orth,fx,var,0.0023128297179937363,0.2,25600
refit_orth,fr,mspe,0.0032303151674568653,0.2,25600
refit_orth,fr,bias2,0.00091748550767079,0.2,25600
refit_orth,fr,var,0.0023128297179937363,0.2,25600
refit_orth,fz,mspe,0.023911064490675926,0.2,25600
refit_orth,fz,bias2,0.013672945089638233,0.2,25600
refit_orth,fz,var,0.01023811660706997,0.2,25600
base,y,mspe,1.0512067079544067,0.2,25600
base,y,bias2,1.0495524406433105,0.2,25600
base,y,var,0.001654339488595724,0.2,25600
base,fx,mspe,0.04908771812915802,0.2,25600
base,fx,bias2,0.04783405363559723,0.2,25600
base,fx,var,0.0012536650756374002,0.2,25600
base,fr,mspe,0.11775116622447968,0.2,25600
base,fr,bias2,0.11649751663208008,0.2,25600
base,fr,var,0.0012536650756374002,0.2,25600
base,fz,mspe,0.07795459032058716,0.2,25600
base,fz,bias2,0.07795459032058716,0.2,25600
base,fz,var,0.0,0.2,25600
posthoc_web,y,mspe,1.2274587154388428,0.2,25600
posthoc_web,y,bias2,1.2201247215270996,0.2,25600
posthoc_web,y,var,0.007334025111049414,0.2,25600
posthoc_web,fx,mspe,0.03996264562010765,0.2,25600
posthoc_web,fx,bias2,0.032991744577884674,0.2,25600
posthoc_web,fx,var,0.006970901042222977,0.2,25600
posthoc_web,fr,mspe,0.024101940914988518,0.2,25600
posthoc_web,fr,bias2,0.01713103987276554,0.2,25600
posthoc_web,fr,var,0.006970901042222977,0.2,25600
posthoc_web,fz,mspe,0.07795459032058716,0.2,25600
posthoc_web,fz,bias2,0.07795459032058716,0.2,25600
posthoc_web,fz,var,0.0,0.2,25600
refit,y,mspe,1.0189541578292847,0.3,25600
refit,y,bias2,1.0123624801635742,0.3,25600
refit,y,var,0.006591677665710449,0.3,25600
refit,fx,mspe,0.008075151592493057,0.3,25600
refit,fx,bias2,0.0074892123229801655,0.3,25600
refit,fx,var,0.0005859393859282136,0.3,25600
refit,fr,mspe,0.04693952575325966,0.3,25600
refit,fr,bias2,0.04635358974337578,0.3,25600
refit,fr,var,0.0005859393859282136,0.3,25600
refit,fz,mspe,0.016742568463087082,0.3,25600
refit,fz,bias2,0.01071936171501875,0.3,25600
refit,fz,var,0.006023205351084471,0.3,25600
refit_orth,y,mspe,1.0189847946166992,0.3,25600
refit_orth,y,bias2,1.0123945474624634,0.3,25600
refit_orth,y,var,0.006590310484170914,0.3,25600
refit_orth,fx,mspe,0.021409599110484123,0.3,25600
refit_orth,fx,bias2,0.014773909002542496,0.3,25600
refit_orth,fx,var,0.006635691504925489,0.3,25600
refit_orth,fr,mspe,0.010363791137933731,0.3,25600
refit_orth,fr,bias2,0.003728099400177598,0.3,25600
refit_orth,fr,var,0.006635691504925489,0.3,25600
refit_orth,fz,mspe,0.030360620468854904,0.3,25600
refit_orth,fz,bias2,0.006206348538398743,0.3,25600
refit_orth,fz,var,0.02415427193045616,0.3,25600
base,y,mspe,1.0512067079544067,0.3,25600
base,y,bias2,1.0495524406433105,0.3,25600
base,y,var,0.001654339488595724,0.3,25600
base,fx,mspe,0.04908771812915802,0.3,25600
base,fx,bias2,0.04783405363559723,0.3,25600
base,fx,var,0.0012536650756374002,0.3,25600
base,fr,mspe,0.11775116622447968,0.3,25600
base,fr,bias2,0.11649751663208008,0.3,25600
base,fr,var,0.0012536650756374002,0.3,25600
base,fz,mspe,0.07795459032058716,0.3,25600
base,fz,bias2,0.07795459032058716,0.3,25600
base,fz,var,0.0,0.3,25600
posthoc_web,y,mspe,1.2107771635055542,0.3,25600
posthoc_web,y,bias2,1.1952791213989258,0.3,25600
posthoc_web,y,var,0.015498054213821888,0.3,25600
posthoc_web,fx,mspe,0.04144608601927757,0.3,25600
posthoc_web,fx,bias2,0.026299307122826576,0.3,25600
posthoc_web,fx,var,0.015146777965128422,0.3,25600
posthoc_web,fr,mspe,0.03421306982636452,0.3,25600
posthoc_web,fr,bias2,0.01906629279255867,0.3,25600
posthoc_web,fr,var,0.015146777965128422,0.3,25600
posthoc_web,fz,mspe,0.07795459032058716,0.3,25600
posthoc_web,fz,bias2,0.07795459032058716,0.3,25600
posthoc_web,fz,var,0.0,0.3,25600
refit,y,mspe,1.029028058052063,0.4,25600
refit,y,bias2,1.021887183189392,0.4,25600
refit,y,var,0.00714085390791297,0.4,25600
refit,fx,mspe,0.018016379326581955,0.4,25600
refit,fx,bias2,0.017413200810551643,0.4,25600
refit,fx,var,0.0006031785742379725,0.4,25600
refit,fr,mspe,0.06715220212936401,0.4,25600
refit,fr,bias2,0.06654902547597885,0.4,25600
refit,fr,var,0.0006031785742379725,0.4,25600
refit,fz,mspe,0.03260117024183273,0.4,25600
refit,fz,bias2,0.02607468143105507,0.4,25600
refit,fz,var,0.006526490673422813,0.4,25600
refit_orth,y,mspe,1.029024600982666,0.4,25600
refit_orth,y,bias2,1.0219051837921143,0.4,25600
refit_orth,y,var,0.00711936317384243,0.4,25600
refit_orth,fx,mspe,0.02526119165122509,0.4,25600
refit_orth,fx,bias2,0.010911447927355766,0.4,25600
refit_orth,fx,var,0.014349744655191898,0.4,25600
refit_orth,fr,mspe,0.026110205799341202,0.4,25600
refit_orth,fr,bias2,0.011760462075471878,0.4,25600
refit_orth,fr,var,0.014349744655191898,0.4,25600
refit_orth,fz,mspe,0.04010286182165146,0.4,25600
refit_orth,fz,bias2,0.000894057797268033,0.4,25600
refit_orth,fz,var,0.03920880705118179,0.4,25600
base,y,mspe,1.0512067079544067,0.4,25600
base,y,bias2,1.0495524406433105,0.4,25600
base,y,var,0.001654339488595724,0.4,25600
base,fx,mspe,0.04908771812915802,0.4,25600
base,fx,bias2,0.04783405363559723,0.4,25600
base,fx,var,0.0012536650756374002,0.4,25600
base,fr,mspe,0.11775116622447968,0.4,25600
base,fr,bias2,0.11649751663208008,0.4,25600
base,fr,var,0.0012536650756374002,0.4,25600
base,fz,mspe,0.07795459032058716,0.4,25600
base,fz,bias2,0.07795459032058716,0.4,25600
base,fz,var,0.0,0.4,25600
posthoc_web,y,mspe,1.1835589408874512,0.4,25600
posthoc_web,y,bias2,1.1592189073562622,0.4,25600
posthoc_web,y,var,0.02434009499847889,0.4,25600
posthoc_web,fx,mspe,0.0435098297894001,0.4,25600
posthoc_web,fx,bias2,0.019512860104441643,0.4,25600
posthoc_web,fx,var,0.023996973410248756,0.4,25600
posthoc_web,fr,mspe,0.0499412827193737,0.4,25600
posthoc_web,fr,bias2,0.0259443037211895,0.4,25600
posthoc_web,fr,var,0.023996973410248756,0.4,25600
posthoc_web,fz,mspe,0.07795459032058716,0.4,25600
posthoc_web,fz,bias2,0.07795459032058716,0.4,25600
posthoc_web,fz,var,0.0,0.4,25600
refit,y,mspe,1.037463903427124,0.5,25600
refit,y,bias2,1.031687617301941,0.5,25600
refit,y,var,0.005776360165327787,0.5,25600
refit,fx,mspe,0.029190659523010254,0.5,25600
refit,fx,bias2,0.028591632843017578,0.5,25600
refit,fx,var,0.0005990311619825661,0.5,25600
refit,fr,mspe,0.08670607209205627,0.5,25600
refit,fr,bias2,0.0861070454120636,0.5,25600
refit,fr,var,0.0005990311619825661,0.5,25600
refit,fz,mspe,0.049063924700021744,0.5,25600
refit,fz,bias2,0.0439121276140213,0.5,25600
refit,fz,var,0.005151795689016581,0.5,25600
refit_orth,y,mspe,1.0374722480773926,0.5,25600
refit_orth,y,bias2,1.0317206382751465,0.5,25600
refit_orth,y,var,0.005751538090407848,0.5,25600
refit_orth,fx,mspe,0.031528472900390625,0.5,25600
refit_orth,fx,bias2,0.010521986521780491,0.5,25600
refit_orth,fx,var,0.02100648730993271,0.5,25600
refit_orth,fr,mspe,0.049799852073192596,0.5,25600
refit_orth,fr,bias2,0.02879336290061474,0.5,25600
refit_orth,fr,var,0.02100648730993271,0.5,25600
refit_orth,fz,mspe,0.0516296848654747,0.5,25600
refit_orth,fz,bias2,0.005612605717033148,0.5,25600
refit_orth,fz,var,0.046017084270715714,0.5,25600
base,y,mspe,1.0512067079544067,0.5,25600
base,y,bias2,1.0495524406433105,0.5,25600
base,y,var,0.001654339488595724,0.5,25600
base,fx,mspe,0.04908771812915802,0.5,25600
base,fx,bias2,0.04783405363559723,0.5,25600
base,fx,var,0.0012536650756374002,0.5,25600
base,fr,mspe,0.11775116622447968,0.5,25600
base,fr,bias2,0.11649751663208008,0.5,25600
base,fr,var,0.0012536650756374002,0.5,25600
base,fz,mspe,0.07795459032058716,0.5,25600
base,fz,bias2,0.07795459032058716,0.5,25600
base,fz,var,0.0,0.5,25600
posthoc_web,y,mspe,1.148330807685852,0.5,25600
posthoc_web,y,bias2,1.1199685335159302,0.5,25600
posthoc_web,y,var,0.02836235612630844,0.5,25600
posthoc_web,fx,mspe,0.04565468430519104,0.5,25600
posthoc_web,fx,bias2,0.017634306102991104,0.5,25600
posthoc_web,fx,var,0.028020376339554787,0.5,25600
posthoc_web,fr,mspe,0.06932327151298523,0.5,25600
posthoc_web,fr,bias2,0.041302889585494995,0.5,25600
posthoc_web,fr,var,0.028020376339554787,0.5,25600
posthoc_web,fz,mspe,0.07795459032058716,0.5,25600
posthoc_web,fz,bias2,0.07795459032058716,0.5,25600
posthoc_web,fz,var,0.0,0.5,25600
refit,y,mspe,1.0434346199035645,0.6,25600
refit,y,bias2,1.039596676826477,0.6,25600
refit,y,var,0.003837816184386611,0.6,25600
refit,fx,mspe,0.03817536681890488,0.6,25600
refit,fx,bias2,0.03759659826755524,0.6,25600
refit,fx,var,0.00057876983191818,0.6,25600
refit,fr,mspe,0.1012783795595169,0.6,25600
refit,fr,bias2,0.10069959610700607,0.6,25600
refit,fr,var,0.00057876983191818,0.6,25600
refit,fz,mspe,0.062085505574941635,0.6,25600
refit,fz,bias2,0.05885578691959381,0.6,25600
refit,fz,var,0.003229719353839755,0.6,25600
refit_orth,y,mspe,1.0434430837631226,0.6,25600
refit_orth,y,bias2,1.039586067199707,0.6,25600
refit_orth,y,var,0.003857073839753866,0.6,25600
refit_orth,fx,mspe,0.03831520676612854,0.6,25600
refit_orth,fx,bias2,0.017652150243520737,0.6,25600
refit_orth,fx,var,0.020663054659962654,0.6,25600
refit_orth,fr,mspe,0.0754474624991417,0.6,25600
refit_orth,fr,bias2,0.05478441342711449,0.6,25600
refit_orth,fr,var,0.020663054659962654,0.6,25600
refit_orth,fz,mspe,0.06235740706324577,0.6,25600
refit_orth,fz,bias2,0.023099824786186218,0.6,25600
refit_orth,fz,var,0.03925757855176926,0.6,25600
base,y,mspe,1.0512067079544067,0.6,25600
base,y,bias2,1.0495524406433105,0.6,25600
base,y,var,0.001654339488595724,0.6,25600
base,fx,mspe,0.04908771812915802,0.6,25600
base,fx,bias2,0.04783405363559723,0.6,25600
base,fx,var,0.0012536650756374002,0.6,25600
base,fr,mspe,0.11775116622447968,0.6,25600
base,fr,bias2,0.11649751663208008,0.6,25600
base,fr,var,0.0012536650756374002,0.6,25600
base,fz,mspe,0.07795459032058716,0.6,25600
base,fz,bias2,0.07795459032058716,0.6,25600
base,fz,var,0.0,0.6,25600
posthoc_web,y,mspe,1.1122077703475952,0.6,25600
posthoc_web,y,bias2,1.087765097618103,0.6,25600
posthoc_web,y,var,0.024442749097943306,0.6,25600
posthoc_web,fx,mspe,0.04731576144695282,0.6,25600
posthoc_web,fx,bias2,0.023221932351589203,0.6,25600
posthoc_web,fx,var,0.02409382537007332,0.6,25600
posthoc_web,fr,mspe,0.08823594450950623,0.6,25600
posthoc_web,fr,bias2,0.06414210796356201,0.6,25600
posthoc_web,fr,var,0.02409382537007332,0.6,25600
posthoc_web,fz,mspe,0.07795459032058716,0.6,25600
posthoc_web,fz,bias2,0.07795459032058716,0.6,25600
posthoc_web,fz,var,0.0,0.6,25600
refit,y,mspe,1.0471198558807373,0.7,25600
refit,y,bias2,1.044816255569458,0.7,25600
refit,y,var,0.0023037113714963198,0.7,25600
refit,fx,mspe,0.044186368584632874,0.7,25600
refit,fx,bias2,0.04357486218214035,0.7,25600
refit,fx,var,0.0006115096039138734,0.7,25600
refit,fr,mspe,0.11064205318689346,0.7,25600
refit,fr,bias2,0.11003055423498154,0.7,25600
refit,fr,var,0.0006115096039138734,0.7,25600
refit,fz,mspe,0.07060003280639648,0.7,25600
refit,fz,bias2,0.06894288212060928,0.7,25600
refit,fz,var,0.0016571510350331664,0.7,25600
refit_orth,y,mspe,1.0471315383911133,0.7,25600
refit_orth,y,bias2,1.0448384284973145,0.7,25600
refit_orth,y,var,0.0022930533159524202,0.7,25600
refit_orth,fx,mspe,0.04384547844529152,0.7,25600
refit_orth,fx,bias2,0.029856104403734207,0.7,25600
refit_orth,fx,var,0.013989371247589588,0.7,25600
refit_orth,fr,mspe,0.09666422009468079,0.7,25600
refit_orth,fr,bias2,0.08267484605312347,0.7,25600
refit_orth,fr,var,0.013989371247589588,0.7,25600
refit_orth,fz,mspe,0.07033266872167587,0.7,25600
refit_orth,fz,bias2,0.04608865827322006,0.7,25600
refit_orth,fz,var,0.02424401044845581,0.7,25600
base,y,mspe,1.0512067079544067,0.7,25600
base,y,bias2,1.0495524406433105,0.7,25600
base,y,var,0.001654339488595724,0.7,25600
base,fx,mspe,0.04908771812915802,0.7,25600
base,fx,bias2,0.04783405363559723,0.7,25600
base,fx,var,0.0012536650756374002,0.7,25600
base,fr,mspe,0.11775116622447968,0.7,25600
base,fr,bias2,0.11649751663208008,0.7,25600
base,fr,var,0.0012536650756374002,0.7,25600
base,fz,mspe,0.07795459032058716,0.7,25600
base,fz,bias2,0.07795459032058716,0.7,25600
base,fz,var,0.0,0.7,25600
posthoc_web,y,mspe,1.0828499794006348,0.7,25600
posthoc_web,y,bias2,1.0671619176864624,0.7,25600
posthoc_web,y,var,0.0156880971044302,0.7,25600
posthoc_web,fx,mspe,0.048308566212654114,0.7,25600
posthoc_web,fx,bias2,0.032982125878334045,0.7,25600
posthoc_web,fx,var,0.015326437540352345,0.7,25600
posthoc_web,fr,mspe,0.10293176770210266,0.7,25600
posthoc_web,fr,bias2,0.08760533481836319,0.7,25600
posthoc_web,fr,var,0.015326437540352345,0.7,25600
posthoc_web,fz,mspe,0.07795459032058716,0.7,25600
posthoc_web,fz,bias2,0.07795459032058716,0.7,25600
posthoc_web,fz,var,0.0,0.7,25600
refit,y,mspe,1.0491726398468018,0.8,25600
refit,y,bias2,1.0478243827819824,0.8,25600
refit,y,var,0.0013482992071658373,0.8,25600
refit,fx,mspe,0.04747496545314789,0.8,25600
refit,fx,bias2,0.0468568429350853,0.8,25600
refit,fx,var,0.0006181233911775053,0.8,25600
refit,fr,mspe,0.11567360907793045,0.8,25600
refit,fr,bias2,0.11505547165870667,0.8,25600
refit,fr,var,0.0006181233911775053,0.8,25600
refit,fz,mspe,0.0753345936536789,0.8,25600
refit,fz,bias2,0.07464708387851715,0.8,25600
refit,fz,var,0.0006875090184621513,0.8,25600
refit_orth,y,mspe,1.0491957664489746,0.8,25600
refit_orth,y,bias2,1.0478465557098389,0.8,25600
refit_orth,y,var,0.001349199446849525,0.8,25600
refit_orth,fx,mspe,0.0472375825047493,0.8,25600
refit_orth,fx,bias2,0.04074377194046974,0.8,25600
refit_orth,fx,var,0.0064938124269247055,0.8,25600
refit_orth,fr,mspe,0.11013484746217728,0.8,25600
refit_orth,fr,bias2,0.10364103317260742,0.8,25600
refit_orth,fr,var,0.0064938124269247055,0.8,25600
refit_orth,fz,mspe,0.07515856623649597,0.8,25600
refit_orth,fz,bias2,0.06481702625751495,0.8,25600
refit_orth,fz,var,0.010341538116335869,0.8,25600
base,y,mspe,1.0512067079544067,0.8,25600
base,y,bias2,1.0495524406433105,0.8,25600
base,y,var,0.001654339488595724,0.8,25600
base,fx,mspe,0.04908771812915802,0.8,25600
base,fx,bias2,0.04783405363559723,0.8,25600
base,fx,var,0.0012536650756374002,0.8,25600
base,fr,mspe,0.11775116622447968,0.8,25600
base,fr,bias2,0.11649751663208008,0.8,25600
base,fr,var,0.0012536650756374002,0.8,25600
base,fz,mspe,0.07795459032058716,0.8,25600
base,fz,bias2,0.07795459032058716,0.8,25600
base,fz,var,0.0,0.8,25600
posthoc_web,y,mspe,1.0638068914413452,0.8,25600
posthoc_web,y,bias2,1.0562230348587036,0.8,25600
posthoc_web,y,var,0.00758384121581912,0.8,25600
posthoc_web,fx,mspe,0.04880417510867119,0.8,25600
posthoc_web,fx,bias2,0.041596706956624985,0.8,25600
posthoc_web,fx,var,0.007207467686384916,0.8,25600
posthoc_web,fr,mspe,0.11210677772760391,0.8,25600
posthoc_web,fr,bias2,0.10489930957555771,0.8,25600
posthoc_web,fr,var,0.007207467686384916,0.8,25600
posthoc_web,fz,mspe,0.07795459032058716,0.8,25600
posthoc_web,fz,bias2,0.07795459032058716,0.8,25600
posthoc_web,fz,var,0.0,0.8,25600
refit,y,mspe,1.0502512454986572,0.9,25600
refit,y,bias2,1.0493937730789185,0.9,25600
refit,y,var,0.000857510429341346,0.9,25600
refit,fx,mspe,0.049103058874607086,0.9,25600
refit,fx,bias2,0.048511896282434464,0.9,25600
refit,fx,var,0.0005911606713198125,0.9,25600
refit,fr,mspe,0.11815252155065536,0.9,25600
refit,fr,bias2,0.11756136268377304,0.9,25600
refit,fr,var,0.0005911606713198125,0.9,25600
refit,fz,mspe,0.07750300318002701,0.9,25600
refit,fz,bias2,0.07728289812803268,0.9,25600
refit,fz,var,0.00022010460088495165,0.9,25600
refit_orth,y,mspe,1.0501960515975952,0.9,25600
refit_orth,y,bias2,1.049330711364746,0.9,25600
refit_orth,y,var,0.0008654274279251695,0.9,25600
refit_orth,fx,mspe,0.04904038459062576,0.9,25600
refit_orth,fx,bias2,0.04713958874344826,0.9,25600
refit_orth,fx,var,0.0019007879309356213,0.9,25600
refit_orth,fr,mspe,0.11697119474411011,0.9,25600
refit_orth,fr,bias2,0.1150704100728035,0.9,25600
refit_orth,fr,var,0.0019007879309356213,0.9,25600
refit_orth,fz,mspe,0.07746781408786774,0.9,25600
refit_orth,fz,bias2,0.07510465383529663,0.9,25600
refit_orth,fz,var,0.002363160951063037,0.9,25600
base,y,mspe,1.0512067079544067,0.9,25600
base,y,bias2,1.0495524406433105,0.9,25600
base,y,var,0.001654339488595724,0.9,25600
base,fx,mspe,0.04908771812915802,0.9,25600
base,fx,bias2,0.04783405363559723,0.9,25600
base,fx,var,0.0012536650756374002,0.9,25600
base,fr,mspe,0.11775116622447968,0.9,25600
base,fr,bias2,0.11649751663208008,0.9,25600
base,fr,var,0.0012536650756374002,0.9,25600
base,fz,mspe,0.07795459032058716,0.9,25600
base,fz,bias2,0.07795459032058716,0.9,25600
base,fz,var,0.0,0.9,25600
posthoc_web,y,mspe,1.0542012453079224,0.9,25600
posthoc_web,y,bias2,1.0512510538101196,0.9,25600
posthoc_web,y,var,0.0029502338729798794,0.9,25600
posthoc_web,fx,mspe,0.04902426898479462,0.9,25600
posthoc_web,fx,bias2,0.04646420478820801,0.9,25600
posthoc_web,fx,var,0.0025600639637559652,0.9,25600
posthoc_web,fr,mspe,0.1165504902601242,0.9,25600
posthoc_web,fr,bias2,0.1139904335141182,0.9,25600
posthoc_web,fr,var,0.0025600639637559652,0.9,25600
posthoc_web,fz,mspe,0.07795459032058716,0.9,25600
posthoc_web,fz,bias2,0.07795459032058716,0.9,25600
posthoc_web,fz,var,0.0,0.9,25600
refit,y,mspe,1.0507124662399292,1.0,25600
refit,y,bias2,1.0499866008758545,1.0,25600
refit,y,var,0.0007258188561536372,1.0,25600
refit,fx,mspe,0.049505289644002914,1.0,25600
refit,fx,bias2,0.04891572520136833,1.0,25600
refit,fx,var,0.0005895689828321338,1.0,25600
refit,fr,mspe,0.11875724047422409,1.0,25600
refit,fr,bias2,0.11816766858100891,1.0,25600
refit,fr,var,0.0005895689828321338,1.0,25600
refit,fz,mspe,0.07808958739042282,1.0,25600
refit,fz,bias2,0.07799836993217468,1.0,25600
refit,fz,var,9.121638140641153e-05,1.0,25600
refit_orth,y,mspe,1.0506407022476196,1.0,25600
refit_orth,y,bias2,1.0499168634414673,1.0,25600
refit_orth,y,var,0.0007238766411319375,1.0,25600
refit_orth,fx,mspe,0.04951120540499687,1.0,25600
refit_orth,fx,bias2,0.0489041805267334,1.0,25600
refit_orth,fx,var,0.0006070277304388583,1.0,25600
refit_orth,fr,mspe,0.11876603215932846,1.0,25600
refit_orth,fr,bias2,0.11815899610519409,1.0,25600
refit_orth,fr,var,0.0006070277304388583,1.0,25600
refit_orth,fz,mspe,0.07811365276575089,1.0,25600
refit_orth,fz,bias2,0.07799942046403885,1.0,25600
refit_orth,fz,var,0.00011423436808399856,1.0,25600
base,y,mspe,1.0512067079544067,1.0,25600
base,y,bias2,1.0495524406433105,1.0,25600
base,y,var,0.001654339488595724,1.0,25600
base,fx,mspe,0.04908771812915802,1.0,25600
base,fx,bias2,0.04783405363559723,1.0,25600
base,fx,var,0.0012536650756374002,1.0,25600
base,fr,mspe,0.11775116622447968,1.0,25600
base,fr,bias2,0.11649751663208008,1.0,25600
base,fr,var,0.0012536650756374002,1.0,25600
base,fz,mspe,0.07795459032058716,1.0,25600
base,fz,bias2,0.07795459032058716,1.0,25600
base,fz,var,0.0,1.0,25600
posthoc_web,y,mspe,1.0512672662734985,1.0,25600
posthoc_web,y,bias2,1.049595832824707,1.0,25600
posthoc_web,y,var,0.0016713839722797275,1.0,25600
posthoc_web,fx,mspe,0.049102019518613815,1.0,25600
posthoc_web,fx,bias2,0.047832414507865906,1.0,25600
posthoc_web,fx,var,0.0012696088524535298,1.0,25600
posthoc_web,fr,mspe,0.11775947362184525,1.0,25600
posthoc_web,fr,bias2,0.11648984998464584,1.0,25600
posthoc_web,fr,var,0.0012696088524535298,1.0,25600
posthoc_web,fz,mspe,0.07795459032058716,1.0,25600
posthoc_web,fz,bias2,0.07795459032058716,1.0,25600
posthoc_web,fz,var,0.0,1.0,25600
refit,y,mspe,1.00951087474823,0.0,3200
refit,y,bias2,1.0058804750442505,0.0,3200
refit,y,var,0.0036304050590842962,0.0,3200
refit,fx,mspe,0.00531333452090621,0.0,3200
refit,fx,bias2,0.0018967407522723079,0.0,3200
refit,fx,var,0.0034165936522185802,0.0,3200
refit,fr,mspe,0.03144952654838562,0.0,3200
refit,fr,bias2,0.028032932430505753,0.0,3200
refit,fr,var,0.0034165936522185802,0.0,3200
refit,fz,mspe,0.0014382724184542894,0.0,3200
refit,fz,bias2,0.00025798831484280527,0.0,3200
refit,fz,var,0.0011802841909229755,0.0,3200
refit_orth,y,mspe,1.0095065832138062,0.0,3200
refit_orth,y,bias2,1.0058783292770386,0.0,3200
refit_orth,y,var,0.00362816802226007,0.0,3200
refit_orth,fx,mspe,0.023283829912543297,0.0,3200
refit_orth,fx,bias2,0.020602814853191376,0.0,3200
refit_orth,fx,var,0.002681015059351921,0.0,3200
refit_orth,fr,mspe,0.004010678734630346,0.0,3200
refit_orth,fr,bias2,0.0013296634424477816,0.0,3200
refit_orth,fr,var,0.002681015059351921,0.0,3200
refit_orth,fz,mspe,0.022117147222161293,0.0,3200
refit_orth,fz,bias2,0.02148595079779625,0.0,3200
refit_orth,fz,var,0.0006311924662441015,0.0,3200
base,y,mspe,1.0572121143341064,0.0,3200
base,y,bias2,1.0517663955688477,0.0,3200
base,y,var,0.005445715039968491,0.0,3200
base,fx,mspe,0.052603401243686676,0.0,3200
base,fx,bias2,0.04878030717372894,0.0,3200
base,fx,var,0.0038230919744819403,0.0,3200
base,fr,mspe,0.12155795842409134,0.0,3200
base,fr,bias2,0.1177348718047142,0.0,3200
base,fr,var,0.0038230919744819403,0.0,3200
base,fz,mspe,0.07795459032058716,0.0,3200
base,fz,bias2,0.07795459032058716,0.0,3200
base,fz,var,0.0,0.0,3200
posthoc_web,y,mspe,1.2410480976104736,0.0,3200
posthoc_web,y,bias2,1.2360711097717285,0.0,3200
posthoc_web,y,var,0.004977000877261162,0.0,3200
posthoc_web,fx,mspe,0.04130346700549126,0.0,3200
posthoc_web,fx,bias2,0.03797256946563721,0.0,3200
posthoc_web,fx,var,0.0033308989368379116,0.0,3200
posthoc_web,fr,mspe,0.020732728764414787,0.0,3200
posthoc_web,fr,bias2,0.017401831224560738,0.0,3200
posthoc_web,fr,var,0.0033308989368379116,0.0,3200
posthoc_web,fz,mspe,0.07795459032058716,0.0,3200
posthoc_web,fz,bias2,0.07795459032058716,0.0,3200
posthoc_web,fz,var,0.0,0.0,3200
refit,y,mspe,1.0105584859848022,0.1,3200
refit,y,bias2,1.0061030387878418,0.1,3200
refit,y,var,0.00445539690554142,0.1,3200
refit,fx,mspe,0.005711456760764122,0.1,3200
refit,fx,bias2,0.002310104900971055,0.1,3200
refit,fx,var,0.0034013516269624233,0.1,3200
refit,fr,mspe,0.03329449146986008,0.1,3200
refit,fr,bias2,0.029893141239881516,0.1,3200
refit,fr,var,0.0034013516269624233,0.1,3200
refit,fz,mspe,0.0025629729498177767,0.1,3200
refit,fz,bias2,0.0006018700078129768,0.1,3200
refit,fz,var,0.0019611029420048,0.1,3200
refit_orth,y,mspe,1.0105557441711426,0.1,3200
refit_orth,y,bias2,1.0061020851135254,0.1,3200
refit_orth,y,var,0.004453603178262711,0.1,3200
refit_orth,fx,mspe,0.023352961987257004,0.1,3200
refit_orth,fx,bias2,0.020289914682507515,0.1,3200
refit_orth,fx,var,0.0030630456749349833,0.1,3200
refit_orth,fr,mspe,0.004554219543933868,0.1,3200
refit_orth,fr,bias2,0.0014911737525835633,0.1,3200
refit_orth,fr,var,0.0030630456749349833,0.1,3200
refit_orth,fz,mspe,0.02309710532426834,0.1,3200
refit_orth,fz,bias2,0.020189497619867325,0.1,3200
refit_orth,fz,var,0.002907605143263936,0.1,3200
base,y,mspe,1.0572121143341064,0.1,3200
base,y,bias2,1.0517663955688477,0.1,3200
base,y,var,0.005445715039968491,0.1,3200
base,fx,mspe,0.052603401243686676,0.1,3200
base,fx,bias2,0.04878030717372894,0.1,3200
base,fx,var,0.0038230919744819403,0.1,3200
base,fr,mspe,0.12155795842409134,0.1,3200
base,fr,bias2,0.1177348718047142,0.1,3200
base,fr,var,0.0038230919744819403,0.1,3200
base,fz,mspe,0.07795459032058716,0.1,3200
base,fz,bias2,0.07795459032058716,0.1,3200
base,fz,var,0.0,0.1,3200
posthoc_web,y,mspe,1.2397818565368652,0.1,3200
posthoc_web,y,bias2,1.23341965675354,0.1,3200
posthoc_web,y,var,0.006362161599099636,0.1,3200
posthoc_web,fx,mspe,0.04163043200969696,0.1,3200
posthoc_web,fx,bias2,0.03697919845581055,0.1,3200
posthoc_web,fx,var,0.004651235416531563,0.1,3200
posthoc_web,fr,mspe,0.022085005417466164,0.1,3200
posthoc_web,fr,bias2,0.01743377186357975,0.1,3200
posthoc_web,fr,var,0.004651235416531563,0.1,3200
posthoc_web,fz,mspe,0.07795459032058716,0.1,3200
posthoc_web,fz,bias2,0.07795459032058716,0.1,3200
posthoc_web,fz,var,0.0,0.1,3200
refit,y,mspe,1.0156378746032715,0.2,3200
refit,y,bias2,1.0087532997131348,0.2,3200
refit,y,var,0.006884549744427204,0.2,3200
refit,fx,mspe,0.008097387850284576,0.2,3200
refit,fx,bias2,0.004707593936473131,0.2,3200
refit,fx,var,0.003389794146642089,0.2,3200
refit,fr,mspe,0.04112136363983154,0.2,3200
refit,fr,bias2,0.03773157298564911,0.2,3200
refit,fr,var,0.003389794146642089,0.2,3200
refit,fz,mspe,0.007469006814062595,0.2,3200
refit,fz,bias2,0.003054130356758833,0.2,3200
refit,fz,var,0.004414875991642475,0.2,3200
refit_orth,y,mspe,1.0156378746032715,0.2,3200
refit_orth,y,bias2,1.008752703666687,0.2,3200
refit_orth,y,var,0.0068852221593260765,0.2,3200
refit_orth,fx,mspe,0.023805541917681694,0.2,3200
refit_orth,fx,bias2,0.01903047412633896,0.2,3200
refit_orth,fx,var,0.0047750696539878845,0.2,3200
refit_orth,fr,mspe,0.007308563683182001,0.2,3200
refit_orth,fr,bias2,0.0025334942620247602,0.2,3200
refit_orth,fr,var,0.0047750696539878845,0.2,3200
refit_orth,fz,mspe,0.026386229321360588,0.2,3200
refit_orth,fz,bias2,0.015256495214998722,0.2,3200
refit_orth,fz,var,0.011129734106361866,0.2,3200
base,y,mspe,1.0572121143341064,0.2,3200
base,y,bias2,1.0517663955688477,0.2,3200
base,y,var,0.005445715039968491,0.2,3200
base,fx,mspe,0.052603401243686676,0.2,3200
base,fx,bias2,0.04878030717372894,0.2,3200
base,fx,var,0.0038230919744819403,0.2,3200
base,fr,mspe,0.12155795842409134,0.2,3200
base,fr,bias2,0.1177348718047142,0.2,3200
base,fr,var,0.0038230919744819403,0.2,3200
base,fz,mspe,0.07795459032058716,0.2,3200
base,fz,bias2,0.07795459032058716,0.2,3200
base,fz,var,0.0,0.2,3200
posthoc_web,y,mspe,1.2324916124343872,0.2,3200
posthoc_web,y,bias2,1.2213491201400757,0.2,3200
posthoc_web,y,var,0.011142547242343426,0.2,3200
posthoc_web,fx,mspe,0.042555760592222214,0.2,3200
posthoc_web,fx,bias2,0.03319776430726051,0.2,3200
posthoc_web,fx,var,0.009357994422316551,0.2,3200
posthoc_web,fr,mspe,0.027116836979985237,0.2,3200
posthoc_web,fr,bias2,0.017758840695023537,0.2,3200
posthoc_web,fr,var,0.009357994422316551,0.2,3200
posthoc_web,fz,mspe,0.07795459032058716,0.2,3200
posthoc_web,fz,bias2,0.07795459032058716,0.2,3200
posthoc_web,fz,var,0.0,0.2,3200
refit,y,mspe,1.023808479309082,0.3,3200
refit,y,bias2,1.0142635107040405,0.3,3200
refit,y,var,0.009544981643557549,0.3,3200
refit,fx,mspe,0.013763705268502235,0.3,3200
refit,fx,bias2,0.010505042038857937,0.3,3200
refit,fx,var,0.003258662298321724,0.3,3200
refit,fr,mspe,0.05504101887345314,0.3,3200
refit,fr,bias2,0.05178235471248627,0.3,3200
refit,fr,var,0.003258662298321724,0.3,3200
refit,fz,mspe,0.01763719692826271,0.3,3200
refit,fz,bias2,0.010707051493227482,0.3,3200
refit,fz,var,0.006930145435035229,0.3,3200
refit_orth,y,mspe,1.0238081216812134,0.3,3200
refit_orth,y,bias2,1.0142607688903809,0.3,3200
refit_orth,y,var,0.00954730249941349,0.3,3200
refit_orth,fx,mspe,0.025391211733222008,0.3,3200
refit_orth,fx,bias2,0.01605989784002304,0.3,3200
refit_orth,fx,var,0.009331314824521542,0.3,3200
refit_orth,fr,mspe,0.014974789693951607,0.3,3200
refit_orth,fr,bias2,0.005643474869430065,0.3,3200
refit_orth,fr,var,0.009331314824521542,0.3,3200
refit_orth,fz,mspe,0.032809846103191376,0.3,3200
refit_orth,fz,bias2,0.007246107328683138,0.3,3200
refit_orth,fz,var,0.025563741102814674,0.3,3200
base,y,mspe,1.0572121143341064,0.3,3200
base,y,bias2,1.0517663955688477,0.3,3200
base,y,var,0.005445715039968491,0.3,3200
base,fx,mspe,0.052603401243686676,0.3,3200
base,fx,bias2,0.04878030717372894,0.3,3200
base,fx,var,0.0038230919744819403,0.3,3200
base,fr,mspe,0.12155795842409134,0.3,3200
base,fr,bias2,0.1177348718047142,0.3,3200
base,fr,var,0.0038230919744819403,0.3,3200
base,fz,mspe,0.07795459032058716,0.3,3200
base,fz,bias2,0.07795459032058716,0.3,3200
base,fz,var,0.0,0.3,3200
posthoc_web,y,mspe,1.216260552406311,0.3,3200
posthoc_web,y,bias2,1.196811556816101,0.3,3200
posthoc_web,y,var,0.019448967650532722,0.3,3200
posthoc_web,fx,mspe,0.04423907399177551,0.3,3200
posthoc_web,fx,bias2,0.02664805017411709,0.3,3200
posthoc_web,fx,var,0.017591021955013275,0.3,3200
posthoc_web,fr,mspe,0.03736216947436333,0.3,3200
posthoc_web,fr,bias2,0.0197711493819952,0.3,3200
posthoc_web,fr,var,0.017591021955013275,0.3,3200
posthoc_web,fz,mspe,0.07795459032058716,0.3,3200
posthoc_web,fz,bias2,0.07795459032058716,0.3,3200
posthoc_web,fz,var,0.0,0.3,3200
refit,y,mspe,1.0332796573638916,0.4,3200
refit,y,bias2,1.0227463245391846,0.4,3200
refit,y,var,0.010533306747674942,0.4,3200
refit,fx,mspe,0.02279154770076275,0.4,3200
refit,fx,bias2,0.019620127975940704,0.4,3200
refit,fx,var,0.003171420656144619,0.4,3200
refit,fr,mspe,0.07298882305622101,0.4,3200
refit,fr,bias2,0.06981739401817322,0.4,3200
refit,fr,var,0.003171420656144619,0.4,3200
refit,fz,mspe,0.032555125653743744,0.4,3200
refit,fz,bias2,0.02481529489159584,0.4,3200
refit,fz,var,0.007739832624793053,0.4,3200
refit_orth,y,mspe,1.0332778692245483,0.4,3200
refit_orth,y,bias2,1.0227484703063965,0.4,3200
refit_orth,y,var,0.010529518127441406,0.4,3200
refit_orth,fx,mspe,0.029035523533821106,0.4,3200
refit_orth,fx,bias2,0.01206191536039114,0.4,3200
refit_orth,fx,var,0.01697360724210739,0.4,3200
refit_orth,fr,mspe,0.030442379415035248,0.4,3200
refit_orth,fr,bias2,0.013468771241605282,0.4,3200
refit_orth,fr,var,0.01697360724210739,0.4,3200
refit_orth,fz,mspe,0.04236980900168419,0.4,3200
refit_orth,fz,bias2,0.0010991472518071532,0.4,3200
refit_orth,fz,var,0.041270662099123,0.4,3200
base,y,mspe,1.0572121143341064,0.4,3200
base,y,bias2,1.0517663955688477,0.4,3200
base,y,var,0.005445715039968491,0.4,3200
base,fx,mspe,0.052603401243686676,0.4,3200
base,fx,bias2,0.04878030717372894,0.4,3200
base,fx,var,0.0038230919744819403,0.4,3200
base,fr,mspe,0.12155795842409134,0.4,3200
base,fr,bias2,0.1177348718047142,0.4,3200
base,fr,var,0.0038230919744819403,0.4,3200
base,fz,mspe,0.07795459032058716,0.4,3200
base,fz,bias2,0.07795459032058716,0.4,3200
base,fz,var,0.0,0.4,3200
posthoc_web,y,mspe,1.1895341873168945,0.4,3200
posthoc_web,y,bias2,1.1610722541809082,0.4,3200
posthoc_web,y,var,0.028461948037147522,0.4,3200
posthoc_web,fx,mspe,0.046559855341911316,0.4,3200
posthoc_web,fx,bias2,0.02001170814037323,0.4,3200
posthoc_web,fx,var,0.026548141613602638,0.4,3200
posthoc_web,fr,mspe,0.05328452214598656,0.4,3200
posthoc_web,fr,bias2,0.02673637866973877,0.4,3200
posthoc_web,fr,var,0.026548141613602638,0.4,3200
posthoc_web,fz,mspe,0.07795459032058716,0.4,3200
posthoc_web,fz,bias2,0.07795459032058716,0.4,3200
posthoc_web,fz,var,0.0,0.4,3200
refit,y,mspe,1.0414514541625977,0.5,3200
refit,y,bias2,1.0320203304290771,0.5,3200
refit,y,var,0.009431208483874798,0.5,3200
refit,fx,mspe,0.032974500209093094,0.5,3200
refit,fx,bias2,0.02994188293814659,0.5,3200
refit,fx,var,0.003032619133591652,0.5,3200
refit,fr,mspe,0.09083250910043716,0.5,3200
refit,fr,bias2,0.08779989182949066,0.5,3200
refit,fr,var,0.003032619133591652,0.5,3200
refit,fz,mspe,0.048517316579818726,0.5,3200
refit,fz,bias2,0.04204235225915909,0.5,3200
refit,fz,var,0.006474966183304787,0.5,3200
refit_orth,y,mspe,1.0414482355117798,0.5,3200
refit_orth,y,bias2,1.0320146083831787,0.5,3200
refit_orth,y,var,0.009433570317924023,0.5,3200
refit_orth,fx,mspe,0.03498626872897148,0.5,3200
refit_orth,fx,bias2,0.011548842303454876,0.5,3200
refit_orth,fx,var,0.02343742921948433,0.5,3200
refit_orth,fr,mspe,0.05360007286071777,0.5,3200
refit_orth,fr,bias2,0.030162643641233444,0.5,3200
refit_orth,fr,var,0.02343742921948433,0.5,3200
refit_orth,fz,mspe,0.05355488881468773,0.5,3200
refit_orth,fz,bias2,0.005050888285040855,0.5,3200
refit_orth,fz,var,0.048503994941711426,0.5,3200
base,y,mspe,1.0572121143341064,0.5,3200
base,y,bias2,1.0517663955688477,0.5,3200
base,y,var,0.005445715039968491,0.5,3200
base,fx,mspe,0.052603401243686676,0.5,3200
base,fx,bias2,0.04878030717372894,0.5,3200
base,fx,var,0.0038230919744819403,0.5,3200
base,fr,mspe,0.12155795842409134,0.5,3200
base,fr,bias2,0.1177348718047142,0.5,3200
base,fr,var,0.0038230919744819403,0.5,3200
base,fz,mspe,0.07795459032058716,0.5,3200
base,fz,bias2,0.07795459032058716,0.5,3200
base,fz,var,0.0,0.5,3200
posthoc_web,y,mspe,1.1547746658325195,0.5,3200
posthoc_web,y,bias2,1.1221085786819458,0.5,3200
posthoc_web,y,var,0.03266608715057373,0.5,3200
posthoc_web,fx,mspe,0.0489947646856308,0.5,3200
posthoc_web,fx,bias2,0.018260983750224113,0.5,3200
posthoc_web,fx,var,0.030733780935406685,0.5,3200
posthoc_web,fr,mspe,0.07290174067020416,0.5,3200
posthoc_web,fr,bias2,0.04216795414686203,0.5,3200
posthoc_web,fr,var,0.030733780935406685,0.5,3200
posthoc_web,fz,mspe,0.07795459032058716,0.5,3200
posthoc_web,fz,bias2,0.07795459032058716,0.5,3200
posthoc_web,fz,var,0.0,0.5,3200
refit,y,mspe,1.0471794605255127,0.6,3200
refit,y,bias2,1.0397411584854126,0.6,3200
refit,y,var,0.007438364438712597,0.6,3200
refit,fx,mspe,0.041314318776130676,0.6,3200
refit,fx,bias2,0.03842258080840111,0.6,3200
refit,fx,var,0.0028917405288666487,0.6,3200
refit,fr,mspe,0.10449912399053574,0.6,3200
refit,fr,bias2,0.10160738229751587,0.6,3200
refit,fr,var,0.0028917405288666487,0.6,3200
refit,fz,mspe,0.06162095069885254,0.6,3200
refit,fz,bias2,0.05723434314131737,0.6,3200
refit,fz,var,0.00438660616055131,0.6,3200
refit_orth,y,mspe,1.0473136901855469,0.6,3200
refit_orth,y,bias2,1.03981614112854,0.6,3200
refit_orth,y,var,0.007497613318264484,0.6,3200
refit_orth,fx,mspe,0.04148293659090996,0.6,3200
refit_orth,fx,bias2,0.018484313040971756,0.6,3200
refit_orth,fx,var,0.02299862541258335,0.6,3200
refit_orth,fr,mspe,0.0787753015756607,0.6,3200
refit_orth,fr,bias2,0.05577667057514191,0.6,3200
refit_orth,fr,var,0.02299862541258335,0.6,3200
refit_orth,fz,mspe,0.06388092786073685,0.6,3200
refit_orth,fz,bias2,0.022220991551876068,0.6,3200
refit_orth,fz,var,0.04165993630886078,0.6,3200
base,y,mspe,1.0572121143341064,0.6,3200
base,y,bias2,1.0517663955688477,0.6,3200
base,y,var,0.005445715039968491,0.6,3200
base,fx,mspe,0.052603401243686676,0.6,3200
base,fx,bias2,0.04878030717372894,0.6,3200
base,fx,var,0.0038230919744819403,0.6,3200
base,fr,mspe,0.12155795842409134,0.6,3200
base,fr,bias2,0.1177348718047142,0.6,3200
base,fr,var,0.0038230919744819403,0.6,3200
base,fz,mspe,0.07795459032058716,0.6,3200
base,fz,bias2,0.07795459032058716,0.6,3200
base,fz,var,0.0,0.6,3200
posthoc_web,y,mspe,1.1189963817596436,0.6,3200
posthoc_web,y,bias2,1.0901085138320923,0.6,3200
posthoc_web,y,var,0.028887944296002388,0.6,3200
posthoc_web,fx,mspe,0.050919059664011,0.6,3200
posthoc_web,fx,bias2,0.02393617108464241,0.6,3200
posthoc_web,fx,var,0.026982886716723442,0.6,3200
posthoc_web,fr,mspe,0.09203817695379257,0.6,3200
posthoc_web,fr,bias2,0.06505528092384338,0.6,3200
posthoc_web,fr,var,0.026982886716723442,0.6,3200
posthoc_web,fz,mspe,0.07795459032058716,0.6,3200
posthoc_web,fz,bias2,0.07795459032058716,0.6,3200
posthoc_web,fz,var,0.0,0.6,3200
refit,y,mspe,1.0510741472244263,0.7,3200
refit,y,bias2,1.045291781425476,0.7,3200
refit,y,var,0.005782353691756725,0.7,3200
refit,fx,mspe,0.04711011052131653,0.7,3200
refit,fx,bias2,0.04417905956506729,0.7,3200
refit,fx,var,0.002931054215878248,0.7,3200
refit,fr,mspe,0.11353885382413864,0.7,3200
refit,fr,bias2,0.1106078177690506,0.7,3200
refit,fr,var,0.002931054215878248,0.7,3200
refit,fz,mspe,0.07044970244169235,0.7,3200
refit,fz,bias2,0.06789838522672653,0.7,3200
refit,fz,var,0.002551313955336809,0.7,3200
refit_orth,y,mspe,1.0509617328643799,0.7,3200
refit_orth,y,bias2,1.045229196548462,0.7,3200
refit_orth,y,var,0.005732564255595207,0.7,3200
refit_orth,fx,mspe,0.04686640575528145,0.7,3200
refit_orth,fx,bias2,0.03049413487315178,0.7,3200
refit_orth,fx,var,0.016372274607419968,0.7,3200
refit_orth,fr,mspe,0.09968873858451843,0.7,3200
refit_orth,fr,bias2,0.08331646770238876,0.7,3200
refit_orth,fr,var,0.016372274607419968,0.7,3200
refit_orth,fz,mspe,0.07151433825492859,0.7,3200
refit_orth,fz,bias2,0.04533189907670021,0.7,3200
refit_orth,fz,var,0.02618243917822838,0.7,3200
base,y,mspe,1.0572121143341064,0.7,3200
base,y,bias2,1.0517663955688477,0.7,3200
base,y,var,0.005445715039968491,0.7,3200
base,fx,mspe,0.052603401243686676,0.7,3200
base,fx,bias2,0.04878030717372894,0.7,3200
base,fx,var,0.0038230919744819403,0.7,3200
base,fr,mspe,0.12155795842409134,0.7,3200
base,fr,bias2,0.1177348718047142,0.7,3200
base,fr,var,0.0038230919744819403,0.7,3200
base,fz,mspe,0.07795459032058716,0.7,3200
base,fz,bias2,0.07795459032058716,0.7,3200
base,fz,var,0.0,0.7,3200
posthoc_web,y,mspe,1.0897703170776367,0.7,3200
posthoc_web,y,bias2,1.069603443145752,0.7,3200
posthoc_web,y,var,0.02016688883304596,0.7,3200
posthoc_web,fx,mspe,0.05208027735352516,0.7,3200
posthoc_web,fx,bias2,0.033756181597709656,0.7,3200
posthoc_web,fx,var,0.018324095755815506,0.7,3200
posthoc_web,fr,mspe,0.10688840597867966,0.7,3200
posthoc_web,fr,bias2,0.08856430649757385,0.7,3200
posthoc_web,fr,var,0.018324095755815506,0.7,3200
posthoc_web,fz,mspe,0.07795459032058716,0.7,3200
posthoc_web,fz,bias2,0.07795459032058716,0.7,3200
posthoc_web,fz,var,0.0,0.7,3200
refit,y,mspe,1.053131103515625,0.8,3200
refit,y,bias2,1.048486590385437,0.8,3200
refit,y,var,0.004644500557333231,0.8,3200
refit,fx,mspe,0.05023379623889923,0.8,3200
refit,fx,bias2,0.04734247550368309,0.8,3200
refit,fx,var,0.0028913156129419804,0.8,3200
refit,fr,mspe,0.11837148666381836,0.8,3200
refit,fr,bias2,0.11548015475273132,0.8,3200
refit,fr,var,0.0028913156129419804,0.8,3200
refit,fz,mspe,0.07548492401838303,0.8,3200
refit,fz,bias2,0.07411551475524902,0.8,3200
refit,fz,var,0.0013694051885977387,0.8,3200
refit_orth,y,mspe,1.0532329082489014,0.8,3200
refit_orth,y,bias2,1.048570156097412,0.8,3200
refit_orth,y,var,0.004662713501602411,0.8,3200
refit_orth,fx,mspe,0.050259608775377274,0.8,3200
refit_orth,fx,bias2,0.0412653349339962,0.8,3200
refit_orth,fx,var,0.008994273841381073,0.8,3200
refit_orth,fr,mspe,0.11309515684843063,0.8,3200
refit_orth,fr,bias2,0.10410087555646896,0.8,3200
refit_orth,fr,var,0.008994273841381073,0.8,3200
refit_orth,fz,mspe,0.07610003650188446,0.8,3200
refit_orth,fz,bias2,0.06434836238622665,0.8,3200
refit_orth,fz,var,0.011751677840948105,0.8,3200
base,y,mspe,1.0572121143341064,0.8,3200
base,y,bias2,1.0517663955688477,0.8,3200
base,y,var,0.005445715039968491,0.8,3200
base,fx,mspe,0.052603401243686676,0.8,3200
base,fx,bias2,0.04878030717372894,0.8,3200
base,fx,var,0.0038230919744819403,0.8,3200
base,fr,mspe,0.12155795842409134,0.8,3200
base,fr,bias2,0.1177348718047142,0.8,3200
base,fr,var,0.0038230919744819403,0.8,3200
base,fz,mspe,0.07795459032058716,0.8,3200
base,fz,bias2,0.07795459032058716,0.8,3200
base,fz,var,0.0,0.8,3200
posthoc_web,y,mspe,1.07063627243042,0.8,3200
posthoc_web,y,bias2,1.0586761236190796,0.8,3200
posthoc_web,y,var,0.01196005567908287,0.8,3200
posthoc_web,fx,mspe,0.05262398719787598,0.8,3200
posthoc_web,fx,bias2,0.042429953813552856,0.8,3200
posthoc_web,fx,var,0.010194034315645695,0.8,3200
posthoc_web,fr,mspe,0.11612746864557266,0.8,3200
posthoc_web,fr,bias2,0.10593343526124954,0.8,3200
posthoc_web,fr,var,0.010194034315645695,0.8,3200
posthoc_web,fz,mspe,0.07795459032058716,0.8,3200
posthoc_web,fz,bias2,0.07795459032058716,0.8,3200
posthoc_web,fz,var,0.0,0.8,3200
refit,y,mspe,1.0543360710144043,0.9,3200
refit,y,bias2,1.0502151250839233,0.9,3200
refit,y,var,0.004120941273868084,0.9,3200
refit,fx,mspe,0.05178863927721977,0.9,3200
refit,fx,bias2,0.04886817932128906,0.9,3200
refit,fx,var,0.002920466475188732,0.9,3200
refit,fr,mspe,0.12071321159601212,0.9,3200
refit,fr,bias2,0.11779274791479111,0.9,3200
refit,fr,var,0.002920466475188732,0.9,3200
refit,fz,mspe,0.07782256603240967,0.9,3200
refit,fz,bias2,0.07705818116664886,0.9,3200
refit,fz,var,0.0007643788121640682,0.9,3200
refit_orth,y,mspe,1.0543642044067383,0.9,3200
refit_orth,y,bias2,1.050229549407959,0.9,3200
refit_orth,y,var,0.004134641494601965,0.9,3200
refit_orth,fx,mspe,0.05198856443166733,0.9,3200
refit_orth,fx,bias2,0.04751215875148773,0.9,3200
refit_orth,fx,var,0.0044764066115021706,0.9,3200
refit_orth,fr,mspe,0.11978548020124435,0.9,3200
refit_orth,fr,bias2,0.11530906707048416,0.9,3200
refit_orth,fr,var,0.0044764066115021706,0.9,3200
refit_orth,fz,mspe,0.0782528892159462,0.9,3200
refit_orth,fz,bias2,0.07489145547151566,0.9,3200
refit_orth,fz,var,0.0033614360727369785,0.9,3200
base,y,mspe,1.0572121143341064,0.9,3200
base,y,bias2,1.0517663955688477,0.9,3200
base,y,var,0.005445715039968491,0.9,3200
base,fx,mspe,0.052603401243686676,0.9,3200
base,fx,bias2,0.04878030717372894,0.9,3200
base,fx,var,0.0038230919744819403,0.9,3200
base,fr,mspe,0.12155795842409134,0.9,3200
base,fr,bias2,0.1177348718047142,0.9,3200
base,fr,var,0.0038230919744819403,0.9,3200
base,fz,mspe,0.07795459032058716,0.9,3200
base,fz,bias2,0.07795459032058716,0.9,3200
base,fz,var,0.0,0.9,3200
posthoc_web,y,mspe,1.0607850551605225,0.9,3200
posthoc_web,y,bias2,1.0536623001098633,0.9,3200
posthoc_web,y,var,0.007122776471078396,0.9,3200
posthoc_web,fx,mspe,0.05279703438282013,0.9,3200
posthoc_web,fx,bias2,0.04736562818288803,0.9,3200
posthoc_web,fx,var,0.005431407131254673,0.9,3200
posthoc_web,fr,mspe,0.12056375294923782,0.9,3200
posthoc_web,fr,bias2,0.11513235419988632,0.9,3200
posthoc_web,fr,var,0.005431407131254673,0.9,3200
posthoc_web,fz,mspe,0.07795459032058716,0.9,3200
posthoc_web,fz,bias2,0.07795459032058716,0.9,3200
posthoc_web,fz,var,0.0,0.9,3200
refit,y,mspe,1.054741382598877,1.0,3200
refit,y,bias2,1.0508358478546143,1.0,3200
refit,y,var,0.0039056825917214155,1.0,3200
refit,fx,mspe,0.05207791179418564,1.0,3200
refit,fx,bias2,0.04920557141304016,1.0,3200
refit,fx,var,0.0028723322320729494,1.0,3200
refit,fr,mspe,0.12116445600986481,1.0,3200
refit,fr,bias2,0.11829211562871933,1.0,3200
refit,fr,var,0.0028723322320729494,1.0,3200
refit,fz,mspe,0.07849077880382538,1.0,3200
refit,fz,bias2,0.07791553437709808,1.0,3200
refit,fz,var,0.0005752399447374046,1.0,3200
refit_orth,y,mspe,1.0546870231628418,1.0,3200
refit_orth,y,bias2,1.0508277416229248,1.0,3200
refit_orth,y,var,0.0038593148346990347,1.0,3200
refit_orth,fx,mspe,0.052271127700805664,1.0,3200
refit_orth,fx,bias2,0.049234915524721146,1.0,3200
refit_orth,fx,var,0.0030362126417458057,1.0,3200
refit_orth,fr,mspe,0.12137553840875626,1.0,3200
refit_orth,fr,bias2,0.11833932995796204,1.0,3200
refit_orth,fr,var,0.0030362126417458057,1.0,3200
refit_orth,fz,mspe,0.07879936695098877,1.0,3200
refit_orth,fz,bias2,0.0779518410563469,1.0,3200
refit_orth,fz,var,0.0008475245558656752,1.0,3200
base,y,mspe,1.0572121143341064,1.0,3200
base,y,bias2,1.0517663955688477,1.0,3200
base,y,var,0.005445715039968491,1.0,3200
base,fx,mspe,0.052603401243686676,1.0,3200
base,fx,bias2,0.04878030717372894,1.0,3200
base,fx,var,0.0038230919744819403,1.0,3200
base,fr,mspe,0.12155795842409134,1.0,3200
base,fr,bias2,0.1177348718047142,1.0,3200
base,fr,var,0.0038230919744819403,1.0,3200
base,fz,mspe,0.07795459032058716,1.0,3200
base,fz,bias2,0.07795459032058716,1.0,3200
base,fz,var,0.0,1.0,3200
posthoc_web,y,mspe,1.0575366020202637,1.0,3200
posthoc_web,y,bias2,1.0519365072250366,1.0,3200
posthoc_web,y,var,0.005600153934210539,1.0,3200
posthoc_web,fx,mspe,0.05277536064386368,1.0,3200
posthoc_web,fx,bias2,0.048802100121974945,1.0,3200
posthoc_web,fx,var,0.003973265644162893,1.0,3200
posthoc_web,fr,mspe,0.12172503769397736,1.0,3200
posthoc_web,fr,bias2,0.11775176972150803,1.0,3200
posthoc_web,fr,var,0.003973265644162893,1.0,3200
posthoc_web,fz,mspe,0.07795459032058716,1.0,3200
posthoc_web,fz,bias2,0.07795459032058716,1.0,3200
posthoc_web,fz,var,0.0,1.0,3200
refit,y,mspe,1.0343459844589233,0.0,400
refit,y,bias2,1.0086767673492432,0.0,400
refit,y,var,0.025669312104582787,0.0,400
refit,fx,mspe,0.027870232239365578,0.0,400
refit,fx,bias2,0.006028434261679649,0.0,400
refit,fx,var,0.021841801702976227,0.0,400
refit,fr,mspe,0.04633046314120293,0.0,400
refit,fr,bias2,0.0244886614382267,0.0,400
refit,fr,var,0.021841801702976227,0.0,400
refit,fz,mspe,0.008570614270865917,0.0,400
refit,fz,bias2,1.384808638249524e-05,0.0,400
refit,fz,var,0.008556765504181385,0.0,400
refit_orth,y,mspe,1.034346580505371,0.0,400
refit_orth,y,bias2,1.0086807012557983,0.0,400
refit_orth,y,var,0.025665853172540665,0.0,400
refit_orth,fx,mspe,0.041626833379268646,0.0,400
refit_orth,fx,bias2,0.024852626025676727,0.0,400
refit_orth,fx,var,0.016774209216237068,0.0,400
refit_orth,fr,mspe,0.022793950513005257,0.0,400
refit_orth,fr,bias2,0.0060197412967681885,0.0,400
refit_orth,fr,var,0.016774209216237068,0.0,400
refit_orth,fz,mspe,0.022313443943858147,0.0,400
refit_orth,fz,bias2,0.016879480332136154,0.0,400
refit_orth,fz,var,0.005433964543044567,0.0,400
base,y,mspe,1.090002179145813,0.0,400
base,y,bias2,1.061189889907837,0.0,400
base,y,var,0.02881230041384697,0.0,400
base,fx,mspe,0.06554364413022995,0.0,400
base,fx,bias2,0.044912587851285934,0.0,400
base,fx,var,0.020631050691008568,0.0,400
base,fr,mspe,0.12958206236362457,0.0,400
base,fr,bias2,0.10895101726055145,0.0,400
base,fr,var,0.020631050691008568,0.0,400
base,fz,mspe,0.07795459032058716,0.0,400
base,fz,bias2,0.07795459032058716,0.0,400
base,fz,var,0.0,0.0,400
posthoc_web,y,mspe,1.2688101530075073,0.0,400
posthoc_web,y,bias2,1.2435094118118286,0.0,400
posthoc_web,y,var,0.025300759822130203,0.0,400
posthoc_web,fx,mspe,0.05625109747052193,0.0,400
posthoc_web,fx,bias2,0.040896207094192505,0.0,400
posthoc_web,fx,var,0.015354888513684273,0.0,400
posthoc_web,fr,mspe,0.034850865602493286,0.0,400
posthoc_web,fr,bias2,0.019495977088809013,0.0,400
posthoc_web,fr,var,0.015354888513684273,0.0,400
posthoc_web,fz,mspe,0.07795459032058716,0.0,400
posthoc_web,fz,bias2,0.07795459032058716,0.0,400
posthoc_web,fz,var,0.0,0.0,400
refit,y,mspe,1.0350209474563599,0.1,400
refit,y,bias2,1.0085625648498535,0.1,400
refit,y,var,0.026458272710442543,0.1,400
refit,fx,mspe,0.027675893157720566,0.1,400
refit,fx,bias2,0.005898003466427326,0.1,400
refit,fx,var,0.021777886897325516,0.1,400
refit,fr,mspe,0.04671407863497734,0.1,400
refit,fr,bias2,0.024936184287071228,0.1,400
refit,fr,var,0.021777886897325516,0.1,400
refit,fz,mspe,0.009301234036684036,0.1,400
refit,fz,bias2,0.0001057499903254211,0.1,400
refit,fz,var,0.009195484220981598,0.1,400
refit_orth,y,mspe,1.0350178480148315,0.1,400
refit_orth,y,bias2,1.0085657835006714,0.1,400
refit_orth,y,var,0.026452040299773216,0.1,400
refit_orth,fx,mspe,0.041382912546396255,0.1,400
refit_orth,fx,bias2,0.024459704756736755,0.1,400
refit_orth,fx,var,0.0169232040643692,0.1,400
refit_orth,fr,mspe,0.02285703271627426,0.1,400
refit_orth,fr,bias2,0.005933830514550209,0.1,400
refit_orth,fr,var,0.0169232040643692,0.1,400
refit_orth,fz,mspe,0.023258274421095848,0.1,400
refit_orth,fz,bias2,0.01575412228703499,0.1,400
refit_orth,fz,var,0.0075041488744318485,0.1,400
base,y,mspe,1.090002179145813,0.1,400
base,y,bias2,1.061189889907837,0.1,400
base,y,var,0.02881230041384697,0.1,400
base,fx,mspe,0.06554364413022995,0.1,400
base,fx,bias2,0.044912587851285934,0.1,400
base,fx,var,0.020631050691008568,0.1,400
base,fr,mspe,0.12958206236362457,0.1,400
base,fr,bias2,0.10895101726055145,0.1,400
base,fr,var,0.020631050691008568,0.1,400
base,fz,mspe,0.07795459032058716,0.1,400
base,fz,bias2,0.07795459032058716,0.1,400
base,fz,var,0.0,0.1,400
posthoc_web,y,mspe,1.2677245140075684,0.1,400
posthoc_web,y,bias2,1.241262674331665,0.1,400
posthoc_web,y,var,0.026461897417902946,0.1,400
posthoc_web,fx,mspe,0.05657317116856575,0.1,400
posthoc_web,fx,bias2,0.04002119600772858,0.1,400
posthoc_web,fx,var,0.01655198074877262,0.1,400
posthoc_web,fr,mspe,0.03604929521679878,0.1,400
posthoc_web,fr,bias2,0.019497310742735863,0.1,400
posthoc_web,fr,var,0.01655198074877262,0.1,400
posthoc_web,fz,mspe,0.07795459032058716,0.1,400
posthoc_web,fz,bias2,0.07795459032058716,0.1,400
posthoc_web,fz,var,0.0,0.1,400
refit,y,mspe,1.0396002531051636,0.2,400
refit,y,bias2,1.0105229616165161,0.2,400
refit,y,var,0.029077358543872833,0.2,400
refit,fx,mspe,0.026486892253160477,0.2,400
refit,fx,bias2,0.006171832792460918,0.2,400
refit,fx,var,0.020315058529376984,0.2,400
refit,fr,mspe,0.04929155483841896,0.2,400
refit,fr,bias2,0.028976494446396828,0.2,400
refit,fr,var,0.020315058529376984,0.2,400
refit,fz,mspe,0.01225731149315834,0.2,400
refit,fz,bias2,0.0012943847104907036,0.2,400
refit,fz,var,0.010962925851345062,0.2,400
refit_orth,y,mspe,1.040067434310913,0.2,400
refit_orth,y,bias2,1.0106333494186401,0.2,400
refit_orth,y,var,0.029434161260724068,0.2,400
refit_orth,fx,mspe,0.040890052914619446,0.2,400
refit_orth,fx,bias2,0.02287457510828972,0.2,400
refit_orth,fx,var,0.018015477806329727,0.2,400
refit_orth,fr,mspe,0.02423231117427349,0.2,400
refit_orth,fr,bias2,0.006216832902282476,0.2,400
refit_orth,fr,var,0.018015477806329727,0.2,400
refit_orth,fz,mspe,0.02663971483707428,0.2,400
refit_orth,fz,bias2,0.011584138497710228,0.2,400
refit_orth,fz,var,0.015055579133331776,0.2,400
base,y,mspe,1.090002179145813,0.2,400
base,y,bias2,1.061189889907837,0.2,400
base,y,var,0.02881230041384697,0.2,400
base,fx,mspe,0.06554364413022995,0.2,400
base,fx,bias2,0.044912587851285934,0.2,400
base,fx,var,0.020631050691008568,0.2,400
base,fr,mspe,0.12958206236362457,0.2,400
base,fr,bias2,0.10895101726055145,0.2,400
base,fr,var,0.020631050691008568,0.2,400
base,fz,mspe,0.07795459032058716,0.2,400
base,fz,bias2,0.07795459032058716,0.2,400
base,fz,var,0.0,0.2,400
posthoc_web,y,mspe,1.2607181072235107,0.2,400
posthoc_web,y,bias2,1.2298599481582642,0.2,400
posthoc_web,y,var,0.030858024954795837,0.2,400
posthoc_web,fx,mspe,0.05741262063384056,0.2,400
posthoc_web,fx,bias2,0.03636892884969711,0.2,400
posthoc_web,fx,var,0.021043695509433746,0.2,400
posthoc_web,fr,mspe,0.04072531312704086,0.2,400
posthoc_web,fr,bias2,0.019681613892316818,0.2,400
posthoc_web,fr,var,0.021043695509433746,0.2,400
posthoc_web,fz,mspe,0.07795459032058716,0.2,400
posthoc_web,fz,bias2,0.07795459032058716,0.2,400
posthoc_web,fz,var,0.0,0.2,400
refit,y,mspe,1.047977089881897,0.3,400
refit,y,bias2,1.015091896057129,0.3,400
refit,y,var,0.03288530185818672,0.3,400
refit,fx,mspe,0.02683917246758938,0.3,400
refit,fx,bias2,0.0072153713554143906,0.3,400
refit,fx,var,0.019623801112174988,0.3,400
refit,fr,mspe,0.05601745471358299,0.3,400
refit,fr,bias2,0.0363936573266983,0.3,400
refit,fr,var,0.019623801112174988,0.3,400
refit,fz,mspe,0.020541585981845856,0.3,400
refit,fz,bias2,0.0064823986031115055,0.3,400
refit,fz,var,0.014059186913073063,0.3,400
refit_orth,y,mspe,1.048011064529419,0.3,400
refit_orth,y,bias2,1.0150647163391113,0.3,400
refit_orth,y,var,0.03294627368450165,0.3,400
refit_orth,fx,mspe,0.03941972553730011,0.3,400
refit_orth,fx,bias2,0.018794741481542587,0.3,400
refit_orth,fx,var,0.020624985918402672,0.3,400
refit_orth,fr,mspe,0.027534570544958115,0.3,400
refit_orth,fr,bias2,0.006909584626555443,0.3,400
refit_orth,fr,var,0.020624985918402672,0.3,400
refit_orth,fz,mspe,0.033349767327308655,0.3,400
refit_orth,fz,bias2,0.005038122646510601,0.3,400
refit_orth,fz,var,0.02831164374947548,0.3,400
base,y,mspe,1.090002179145813,0.3,400
base,y,bias2,1.061189889907837,0.3,400
base,y,var,0.02881230041384697,0.3,400
base,fx,mspe,0.06554364413022995,0.3,400
base,fx,bias2,0.044912587851285934,0.3,400
base,fx,var,0.020631050691008568,0.3,400
base,fr,mspe,0.12958206236362457,0.3,400
base,fr,bias2,0.10895101726055145,0.3,400
base,fr,var,0.020631050691008568,0.3,400
base,fz,mspe,0.07795459032058716,0.3,400
base,fz,bias2,0.07795459032058716,0.3,400
base,fz,var,0.0,0.3,400
posthoc_web,y,mspe,1.2448176145553589,0.3,400
posthoc_web,y,bias2,1.2061256170272827,0.3,400
posthoc_web,y,var,0.03869197517633438,0.3,400
posthoc_web,fx,mspe,0.05886542424559593,0.3,400
posthoc_web,fx,bias2,0.029810823500156403,0.3,400
posthoc_web,fx,var,0.02905459888279438,0.3,400
posthoc_web,fr,mspe,0.050337281078100204,0.3,400
posthoc_web,fr,bias2,0.021282682195305824,0.3,400
posthoc_web,fr,var,0.02905459888279438,0.3,400
posthoc_web,fz,mspe,0.07795459032058716,0.3,400
posthoc_web,fz,bias2,0.07795459032058716,0.3,400
posthoc_web,fz,var,0.0,0.3,400
refit,y,mspe,1.0592782497406006,0.4,400
refit,y,bias2,1.0233529806137085,0.4,400
refit,y,var,0.035925257951021194,0.4,400
refit,fx,mspe,0.03022090345621109,0.4,400
refit,fx,bias2,0.01030982006341219,0.4,400
refit,fx,var,0.019911084324121475,0.4,400
refit,fr,mspe,0.06722239404916763,0.4,400
refit,fr,bias2,0.04731130599975586,0.4,400
refit,fr,var,0.019911084324121475,0.4,400
refit,fz,mspe,0.03488027676939964,0.4,400
refit,fz,bias2,0.018755538389086723,0.4,400
refit,fz,var,0.01612473651766777,0.4,400
refit_orth,y,mspe,1.0593230724334717,0.4,400
refit_orth,y,bias2,1.0233231782913208,0.4,400
refit_orth,y,var,0.03599990904331207,0.4,400
refit_orth,fx,mspe,0.03968216851353645,0.4,400
refit_orth,fx,bias2,0.012856836430728436,0.4,400
refit_orth,fx,var,0.026825333014130592,0.4,400
refit_orth,fr,mspe,0.03721871227025986,0.4,400
refit_orth,fr,bias2,0.010393376462161541,0.4,400
refit_orth,fr,var,0.026825333014130592,0.4,400
refit_orth,fz,mspe,0.04354562610387802,0.4,400
refit_orth,fz,bias2,0.0007816794677637517,0.4,400
refit_orth,fz,var,0.04276394844055176,0.4,400
base,y,mspe,1.090002179145813,0.4,400
base,y,bias2,1.061189889907837,0.4,400
base,y,var,0.02881230041384697,0.4,400
base,fx,mspe,0.06554364413022995,0.4,400
base,fx,bias2,0.044912587851285934,0.4,400
base,fx,var,0.020631050691008568,0.4,400
base,fr,mspe,0.12958206236362457,0.4,400
base,fr,bias2,0.10895101726055145,0.4,400
base,fr,var,0.020631050691008568,0.4,400
base,fz,mspe,0.07795459032058716,0.4,400
base,fz,bias2,0.07795459032058716,0.4,400
base,fz,var,0.0,0.4,400
posthoc_web,y,mspe,1.2183825969696045,0.4,400
posthoc_web,y,bias2,1.171013593673706,0.4,400
posthoc_web,y,var,0.0473691001534462,0.4,400
posthoc_web,fx,mspe,0.06076395884156227,0.4,400
posthoc_web,fx,bias2,0.022768674418330193,0.4,400
posthoc_web,fx,var,0.03799528628587723,0.4,400
posthoc_web,fr,mspe,0.06532266736030579,0.4,400
posthoc_web,fr,bias2,0.02732738107442856,0.4,400
posthoc_web,fr,var,0.03799528628587723,0.4,400
posthoc_web,fz,mspe,0.07795459032058716,0.4,400
posthoc_web,fz,bias2,0.07795459032058716,0.4,400
posthoc_web,fz,var,0.0,0.4,400
refit,y,mspe,1.0710757970809937,0.5,400
refit,y,bias2,1.0339804887771606,0.5,400
refit,y,var,0.037095338106155396,0.5,400
refit,fx,mspe,0.038671478629112244,0.5,400
refit,fx,bias2,0.016919679939746857,0.5,400
refit,fx,var,0.02175179496407509,0.5,400
refit,fr,mspe,0.08479008078575134,0.5,400
refit,fr,bias2,0.06303827464580536,0.5,400
refit,fr,var,0.02175179496407509,0.5,400
refit,fz,mspe,0.05239834636449814,0.5,400
refit,fz,bias2,0.03756924346089363,0.5,400
refit,fz,var,0.014829101972281933,0.5,400
refit_orth,y,mspe,1.0710126161575317,0.5,400
refit_orth,y,bias2,1.0339511632919312,0.5,400
refit_orth,y,var,0.03706151619553566,0.5,400
refit_orth,fx,mspe,0.04388638585805893,0.5,400
refit_orth,fx,bias2,0.008839312940835953,0.5,400
refit_orth,fx,var,0.03504707291722298,0.5,400
refit_orth,fr,mspe,0.0565873384475708,0.5,400
refit_orth,fr,bias2,0.021540265530347824,0.5,400
refit_orth,fr,var,0.03504707291722298,0.5,400
refit_orth,fz,mspe,0.05595660209655762,0.5,400
refit_orth,fz,bias2,0.0063182031735777855,0.5,400
refit_orth,fz,var,0.04963839426636696,0.5,400
base,y,mspe,1.090002179145813,0.5,400
base,y,bias2,1.061189889907837,0.5,400
base,y,var,0.02881230041384697,0.5,400
base,fx,mspe,0.06554364413022995,0.5,400
base,fx,bias2,0.044912587851285934,0.5,400
base,fx,var,0.020631050691008568,0.5,400
base,fr,mspe,0.12958206236362457,0.5,400
base,fr,bias2,0.10895101726055145,0.5,400
base,fr,var,0.020631050691008568,0.5,400
base,fz,mspe,0.07795459032058716,0.5,400
base,fz,bias2,0.07795459032058716,0.5,400
base,fz,var,0.0,0.5,400
posthoc_web,y,mspe,1.1840025186538696,0.5,400
posthoc_web,y,bias2,1.132258415222168,0.5,400
posthoc_web,y,var,0.05174408107995987,0.5,400
posthoc_web,fx,mspe,0.06270303577184677,0.5,400
posthoc_web,fx,bias2,0.020013529807329178,0.5,400
posthoc_web,fx,var,0.04268950596451759,0.5,400
posthoc_web,fr,mspe,0.08383891731500626,0.5,400
posthoc_web,fr,bias2,0.04114941507577896,0.5,400
posthoc_web,fr,var,0.04268950596451759,0.5,400
posthoc_web,fz,mspe,0.07795459032058716,0.5,400
posthoc_web,fz,bias2,0.07795459032058716,0.5,400
posthoc_web,fz,var,0.0,0.5,400
refit,y,mspe,1.0788331031799316,0.6,400
refit,y,bias2,1.0436705350875854,0.6,400
refit,y,var,0.03516252338886261,0.6,400
refit,fx,mspe,0.044304534792900085,0.6,400
refit,fx,bias2,0.023128662258386612,0.6,400
refit,fx,var,0.021175876259803772,0.6,400
refit,fr,mspe,0.09602852165699005,0.6,400
refit,fr,bias2,0.07485265284776688,0.6,400
refit,fr,var,0.021175876259803772,0.6,400
refit,fz,mspe,0.06616942584514618,0.6,400
refit,fz,bias2,0.054410334676504135,0.6,400
refit,fz,var,0.01175908837467432,0.6,400
refit_orth,y,mspe,1.078791618347168,0.6,400
refit_orth,y,bias2,1.0436606407165527,0.6,400
refit_orth,y,var,0.035131003707647324,0.6,400
refit_orth,fx,mspe,0.04729623720049858,0.6,400
refit_orth,fx,bias2,0.011463545262813568,0.6,400
refit_orth,fx,var,0.03583269566297531,0.6,400
refit_orth,fr,mspe,0.07659625262022018,0.6,400
refit_orth,fr,bias2,0.04076356068253517,0.6,400
refit_orth,fr,var,0.03583269566297531,0.6,400
refit_orth,fz,mspe,0.06806626915931702,0.6,400
refit_orth,fz,bias2,0.02407684363424778,0.6,400
refit_orth,fz,var,0.043989431113004684,0.6,400
base,y,mspe,1.090002179145813,0.6,400
base,y,bias2,1.061189889907837,0.6,400
base,y,var,0.02881230041384697,0.6,400
base,fx,mspe,0.06554364413022995,0.6,400
base,fx,bias2,0.044912587851285934,0.6,400
base,fx,var,0.020631050691008568,0.6,400
base,fr,mspe,0.12958206236362457,0.6,400
base,fr,bias2,0.10895101726055145,0.6,400
base,fr,var,0.020631050691008568,0.6,400
base,fz,mspe,0.07795459032058716,0.6,400
base,fz,bias2,0.07795459032058716,0.6,400
base,fz,var,0.0,0.6,400
posthoc_web,y,mspe,1.1490626335144043,0.6,400
posthoc_web,y,bias2,1.1000967025756836,0.6,400
posthoc_web,y,var,0.04896603152155876,0.6,400
posthoc_web,fx,mspe,0.0643598884344101,0.6,400
posthoc_web,fx,bias2,0.02413611114025116,0.6,400
posthoc_web,fx,var,0.040223781019449234,0.6,400
posthoc_web,fr,mspe,0.10202697664499283,0.6,400
posthoc_web,fr,bias2,0.061803188174963,0.6,400
posthoc_web,fr,var,0.040223781019449234,0.6,400
posthoc_web,fz,mspe,0.07795459032058716,0.6,400
posthoc_web,fz,bias2,0.07795459032058716,0.6,400
posthoc_web,fz,var,0.0,0.6,400
refit,y,mspe,1.0842597484588623,0.7,400
refit,y,bias2,1.050679087638855,0.7,400
refit,y,var,0.033580757677555084,0.7,400
refit,fx,mspe,0.04892871901392937,0.7,400
refit,fx,bias2,0.027800744399428368,0.7,400
refit,fx,var,0.02112797647714615,0.7,400
refit,fr,mspe,0.10431411862373352,0.7,400
refit,fr,bias2,0.08318614214658737,0.7,400
refit,fr,var,0.02112797647714615,0.7,400
refit,fz,mspe,0.07571515440940857,0.7,400
refit,fz,bias2,0.06669095903635025,0.7,400
refit,fz,var,0.00902419351041317,0.7,400
refit_orth,y,mspe,1.0844463109970093,0.7,400
refit_orth,y,bias2,1.0507309436798096,0.7,400
refit_orth,y,var,0.03371541202068329,0.7,400
refit_orth,fx,mspe,0.051118556410074234,0.7,400
refit_orth,fx,bias2,0.01895580254495144,0.7,400
refit_orth,fx,var,0.03216274827718735,0.7,400
refit_orth,fr,mspe,0.09456535428762436,0.7,400
refit_orth,fr,bias2,0.06240260228514671,0.7,400
refit_orth,fr,var,0.03216274827718735,0.7,400
refit_orth,fz,mspe,0.07753756642341614,0.7,400
refit_orth,fz,bias2,0.04684169217944145,0.7,400
refit_orth,fz,var,0.030695872381329536,0.7,400
base,y,mspe,1.090002179145813,0.7,400
base,y,bias2,1.061189889907837,0.7,400
base,y,var,0.02881230041384697,0.7,400
base,fx,mspe,0.06554364413022995,0.7,400
base,fx,bias2,0.044912587851285934,0.7,400
base,fx,var,0.020631050691008568,0.7,400
base,fr,mspe,0.12958206236362457,0.7,400
base,fr,bias2,0.10895101726055145,0.7,400
base,fr,var,0.020631050691008568,0.7,400
base,fz,mspe,0.07795459032058716,0.7,400
base,fz,bias2,0.07795459032058716,0.7,400
base,fz,var,0.0,0.7,400
posthoc_web,y,mspe,1.1211224794387817,0.7,400
posthoc_web,y,bias2,1.07925546169281,0.7,400
posthoc_web,y,var,0.041867006570100784,0.7,400
posthoc_web,fx,mspe,0.06559649109840393,0.7,400
posthoc_web,fx,bias2,0.032223254442214966,0.7,400
posthoc_web,fx,var,0.03337324038147926,0.7,400
posthoc_web,fr,mspe,0.11629237234592438,0.7,400
posthoc_web,fr,bias2,0.08291914314031601,0.7,400
posthoc_web,fr,var,0.03337324038147926,0.7,400
posthoc_web,fz,mspe,0.07795459032058716,0.7,400
posthoc_web,fz,bias2,0.07795459032058716,0.7,400
posthoc_web,fz,var,0.0,0.7,400
refit,y,mspe,1.0870014429092407,0.8,400
refit,y,bias2,1.0546565055847168,0.8,400
refit,y,var,0.032344892621040344,0.8,400
refit,fx,mspe,0.05255118012428284,0.8,400
refit,fx,bias2,0.0316745862364769,0.8,400
refit,fx,var,0.02087659388780594,0.8,400
refit,fr,mspe,0.11060764640569687,0.8,400
refit,fr,bias2,0.08973105251789093,0.8,400
refit,fr,var,0.02087659388780594,0.8,400
refit,fz,mspe,0.08125713467597961,0.8,400
refit,fz,bias2,0.07408361881971359,0.8,400
refit,fz,var,0.007173515390604734,0.8,400
refit_orth,y,mspe,1.0871233940124512,0.8,400
refit_orth,y,bias2,1.0546619892120361,0.8,400
refit_orth,y,var,0.03246134892106056,0.8,400
refit_orth,fx,mspe,0.05454880744218826,0.8,400
refit_orth,fx,bias2,0.02744879759848118,0.8,400
refit_orth,fx,var,0.027100004255771637,0.8,400
refit_orth,fr,mspe,0.10783882439136505,0.8,400
refit_orth,fr,bias2,0.08073882013559341,0.8,400
refit_orth,fr,var,0.027100004255771637,0.8,400
refit_orth,fz,mspe,0.0834854245185852,0.8,400
refit_orth,fz,bias2,0.06524870544672012,0.8,400
refit_orth,fz,var,0.018236719071865082,0.8,400
base,y,mspe,1.090002179145813,0.8,400
base,y,bias2,1.061189889907837,0.8,400
base,y,var,0.02881230041384697,0.8,400
base,fx,mspe,0.06554364413022995,0.8,400
base,fx,bias2,0.044912587851285934,0.8,400
base,fx,var,0.020631050691008568,0.8,400
base,fr,mspe,0.12958206236362457,0.8,400
base,fr,bias2,0.10895101726055145,0.8,400
base,fr,var,0.020631050691008568,0.8,400
base,fz,mspe,0.07795459032058716,0.8,400
base,fz,bias2,0.07795459032058716,0.8,400
base,fz,var,0.0,0.8,400
posthoc_web,y,mspe,1.1032016277313232,0.8,400
posthoc_web,y,bias2,1.0680218935012817,0.8,400
posthoc_web,y,var,0.03517979010939598,0.8,400
posthoc_web,fx,mspe,0.06635527312755585,0.8,400
posthoc_web,fx,bias2,0.03950679674744606,0.8,400
posthoc_web,fx,var,0.02684847265481949,0.8,400
posthoc_web,fr,mspe,0.12525786459445953,0.8,400
posthoc_web,fr,bias2,0.09840939193964005,0.8,400
posthoc_web,fr,var,0.02684847265481949,0.8,400
posthoc_web,fz,mspe,0.07795459032058716,0.8,400
posthoc_web,fz,bias2,0.07795459032058716,0.8,400
posthoc_web,fz,var,0.0,0.8,400
refit,y,mspe,1.0879509449005127,0.9,400
refit,y,bias2,1.0563569068908691,0.9,400
refit,y,var,0.031593963503837585,0.9,400
refit,fx,mspe,0.05407044291496277,0.9,400
refit,fx,bias2,0.0334441140294075,0.9,400
refit,fx,var,0.020626330748200417,0.9,400
refit,fr,mspe,0.1133614182472229,0.9,400
refit,fr,bias2,0.09273508936166763,0.9,400
refit,fr,var,0.020626330748200417,0.9,400
refit,fz,mspe,0.08377422392368317,0.9,400
refit,fz,bias2,0.07744628936052322,0.9,400
refit,fz,var,0.006327940616756678,0.9,400
refit_orth,y,mspe,1.0879930257797241,0.9,400
refit_orth,y,bias2,1.0563205480575562,0.9,400
refit_orth,y,var,0.03167237713932991,0.9,400
refit_orth,fx,mspe,0.055997297167778015,0.9,400
refit_orth,fx,bias2,0.03245563432574272,0.9,400
refit_orth,fx,var,0.023541660979390144,0.9,400
refit_orth,fr,mspe,0.11422677338123322,0.9,400
refit_orth,fr,bias2,0.09068512171506882,0.9,400
refit_orth,fr,var,0.023541660979390144,0.9,400
refit_orth,fz,mspe,0.08636277914047241,0.9,400
refit_orth,fz,bias2,0.07543537020683289,0.9,400
refit_orth,fz,var,0.010927408933639526,0.9,400
base,y,mspe,1.090002179145813,0.9,400
base,y,bias2,1.061189889907837,0.9,400
base,y,var,0.02881230041384697,0.9,400
base,fx,mspe,0.06554364413022995,0.9,400
base,fx,bias2,0.044912587851285934,0.9,400
base,fx,var,0.020631050691008568,0.9,400
base,fr,mspe,0.12958206236362457,0.9,400
base,fr,bias2,0.10895101726055145,0.9,400
base,fr,var,0.020631050691008568,0.9,400
base,fz,mspe,0.07795459032058716,0.9,400
base,fz,bias2,0.07795459032058716,0.9,400
base,fz,var,0.0,0.9,400
posthoc_web,y,mspe,1.0941041707992554,0.9,400
posthoc_web,y,bias2,1.0628561973571777,0.9,400
posthoc_web,y,var,0.031247945502400398,0.9,400
posthoc_web,fx,mspe,0.06668180227279663,0.9,400
posthoc_web,fx,bias2,0.04368026554584503,0.9,400
posthoc_web,fx,var,0.0230015367269516,0.9,400
posthoc_web,fr,mspe,0.12959520518779755,0.9,400
posthoc_web,fr,bias2,0.10659365355968475,0.9,400
posthoc_web,fr,var,0.0230015367269516,0.9,400
posthoc_web,fz,mspe,0.07795459032058716,0.9,400
posthoc_web,fz,bias2,0.07795459032058716,0.9,400
posthoc_web,fz,var,0.0,0.9,400
refit,y,mspe,1.088955044746399,1.0,400
refit,y,bias2,1.055891513824463,1.0,400
refit,y,var,0.033063407987356186,1.0,400
refit,fx,mspe,0.05713394284248352,1.0,400
refit,fx,bias2,0.03498817980289459,1.0,400
refit,fx,var,0.022145766764879227,1.0,400
refit,fr,mspe,0.11754336953163147,1.0,400
refit,fr,bias2,0.09539760649204254,1.0,400
refit,fr,var,0.022145766764879227,1.0,400
refit,fz,mspe,0.0843987688422203,1.0,400
refit,fz,bias2,0.07833763211965561,1.0,400
refit,fz,var,0.006061128806322813,1.0,400
refit_orth,y,mspe,1.088967204093933,1.0,400
refit_orth,y,bias2,1.0559349060058594,1.0,400
refit_orth,y,var,0.033032339066267014,1.0,400
refit_orth,fx,mspe,0.05894653499126434,1.0,400
refit_orth,fx,bias2,0.03505105897784233,1.0,400
refit_orth,fx,var,0.023895474150776863,1.0,400
refit_orth,fr,mspe,0.11939385533332825,1.0,400
refit_orth,fr,bias2,0.09549838304519653,1.0,400
refit_orth,fr,var,0.023895474150776863,1.0,400
refit_orth,fz,mspe,0.08712799847126007,1.0,400
refit_orth,fz,bias2,0.0784786194562912,1.0,400
refit_orth,fz,var,0.008649379014968872,1.0,400
base,y,mspe,1.090002179145813,1.0,400
base,y,bias2,1.061189889907837,1.0,400
base,y,var,0.02881230041384697,1.0,400
base,fx,mspe,0.06554364413022995,1.0,400
base,fx,bias2,0.044912587851285934,1.0,400
base,fx,var,0.020631050691008568,1.0,400
base,fr,mspe,0.12958206236362457,1.0,400
base,fr,bias2,0.10895101726055145,1.0,400
base,fr,var,0.020631050691008568,1.0,400
base,fz,mspe,0.07795459032058716,1.0,400
base,fz,bias2,0.07795459032058716,1.0,400
base,fz,var,0.0,1.0,400
posthoc_web,y,mspe,1.0911319255828857,1.0,400
posthoc_web,y,bias2,1.0611329078674316,1.0,400
posthoc_web,y,var,0.0299988966435194,1.0,400
posthoc_web,fx,mspe,0.06670375168323517,1.0,400
posthoc_web,fx,bias2,0.04492272436618805,1.0,400
posthoc_web,fx,var,0.02178102731704712,1.0,400
posthoc_web,fr,mspe,0.1307447850704193,1.0,400
posthoc_web,fr,bias2,0.10896375775337219,1.0,400
posthoc_web,fr,var,0.02178102731704712,1.0,400
posthoc_web,fz,mspe,0.07795459032058716,1.0,400
posthoc_web,fz,bias2,0.07795459032058716,1.0,400
posthoc_web,fz,var,0.0,1.0,400
refit,y,mspe,1.006636381149292,0.0,6400
refit,y,bias2,1.0041583776474,0.0,6400
refit,y,var,0.0024780677631497383,0.0,6400
refit,fx,mspe,0.0035583805292844772,0.0,6400
refit,fx,bias2,0.0007692558574490249,0.0,6400
refit,fx,var,0.002789124846458435,0.0,6400
refit,fr,mspe,0.027519257739186287,0.0,6400
refit,fr,bias2,0.024730134755373,0.0,6400
refit,fr,var,0.002789124846458435,0.0,6400
refit,fz,mspe,0.0012259759241715074,0.0,6400
refit,fz,bias2,0.00039213820127770305,0.0,6400
refit,fz,var,0.0008338378393091261,0.0,6400
refit_orth,y,mspe,1.0066256523132324,0.0,6400
refit_orth,y,bias2,1.0041447877883911,0.0,6400
refit_orth,y,var,0.0024808840826153755,0.0,6400
refit_orth,fx,mspe,0.02194228582084179,0.0,6400
refit_orth,fx,bias2,0.019978508353233337,0.0,6400
refit_orth,fx,var,0.001963779330253601,0.0,6400
refit_orth,fr,mspe,0.0024764833506196737,0.0,6400
refit_orth,fr,bias2,0.0005127040785737336,0.0,6400
refit_orth,fr,var,0.001963779330253601,0.0,6400
refit_orth,fz,mspe,0.018708975985646248,0.0,6400
refit_orth,fz,bias2,0.01842525042593479,0.0,6400
refit_orth,fz,var,0.00028372538508847356,0.0,6400
base,y,mspe,1.0529160499572754,0.0,6400
base,y,bias2,1.049881100654602,0.0,6400
base,y,var,0.0030349299777299166,0.0,6400
base,fx,mspe,0.049318570643663406,0.0,6400
base,fx,bias2,0.04714877903461456,0.0,6400
base,fx,var,0.0021697888150811195,0.0,6400
base,fr,mspe,0.11751630157232285,0.0,6400
base,fr,bias2,0.1153465062379837,0.0,6400
base,fr,var,0.0021697888150811195,0.0,6400
base,fz,mspe,0.07795459032058716,0.0,6400
base,fz,bias2,0.07795459032058716,0.0,6400
base,fz,var,0.0,0.0,6400
posthoc_web,y,mspe,1.2383859157562256,0.0,6400
posthoc_web,y,bias2,1.2355401515960693,0.0,6400
posthoc_web,y,var,0.002845706883817911,0.0,6400
posthoc_web,fx,mspe,0.03983689099550247,0.0,6400
posthoc_web,fx,bias2,0.03795301914215088,0.0,6400
posthoc_web,fx,var,0.0018838730175048113,0.0,6400
posthoc_web,fr,mspe,0.018630854785442352,0.0,6400
posthoc_web,fr,bias2,0.01674698106944561,0.0,6400
posthoc_web,fr,var,0.0018838730175048113,0.0,6400
posthoc_web,fz,mspe,0.07795459032058716,0.0,6400
posthoc_web,fz,bias2,0.07795459032058716,0.0,6400
posthoc_web,fz,var,0.0,0.0,6400
refit,y,mspe,1.0079841613769531,0.1,6400
refit,y,bias2,1.004732608795166,0.1,6400
refit,y,var,0.0032514864578843117,0.1,6400
refit,fx,mspe,0.004002477508038282,0.1,6400
refit,fx,bias2,0.0012344240676611662,0.1,6400
refit,fx,var,0.002768053440377116,0.1,6400
refit,fr,mspe,0.030030427500605583,0.1,6400
refit,fr,bias2,0.02726237289607525,0.1,6400
refit,fr,var,0.002768053440377116,0.1,6400
refit,fz,mspe,0.002592769218608737,0.1,6400
refit,fz,bias2,0.0009681664523668587,0.1,6400
refit,fz,var,0.0016246027080342174,0.1,6400
refit_orth,y,mspe,1.0079841613769531,0.1,6400
refit_orth,y,bias2,1.004734992980957,0.1,6400
refit_orth,y,var,0.0032492447644472122,0.1,6400
refit_orth,fx,mspe,0.021953487768769264,0.1,6400
refit_orth,fx,bias2,0.019667120650410652,0.1,6400
refit_orth,fx,var,0.0022863689810037613,0.1,6400
refit_orth,fr,mspe,0.0029877007473260164,0.1,6400
refit_orth,fr,bias2,0.0007013317081145942,0.1,6400
refit_orth,fr,var,0.0022863689810037613,0.1,6400
refit_orth,fz,mspe,0.019465332850813866,0.1,6400
refit_orth,fz,bias2,0.017018694430589676,0.1,6400
refit_orth,fz,var,0.002446637721732259,0.1,6400
base,y,mspe,1.0529160499572754,0.1,6400
base,y,bias2,1.049881100654602,0.1,6400
base,y,var,0.0030349299777299166,0.1,6400
base,fx,mspe,0.049318570643663406,0.1,6400
base,fx,bias2,0.04714877903461456,0.1,6400
base,fx,var,0.0021697888150811195,0.1,6400
base,fr,mspe,0.11751630157232285,0.1,6400
base,fr,bias2,0.1153465062379837,0.1,6400
base,fr,var,0.0021697888150811195,0.1,6400
base,fz,mspe,0.07795459032058716,0.1,6400
base,fz,bias2,0.07795459032058716,0.1,6400
base,fz,var,0.0,0.1,6400
posthoc_web,y,mspe,1.2368656396865845,0.1,6400
posthoc_web,y,bias2,1.232733130455017,0.1,6400
posthoc_web,y,var,0.0041326479986310005,0.1,6400
posthoc_web,fx,mspe,0.04006991907954216,0.1,6400
posthoc_web,fx,bias2,0.03691120818257332,0.1,6400
posthoc_web,fx,var,0.003158712759613991,0.1,6400
posthoc_web,fr,mspe,0.019918374717235565,0.1,6400
posthoc_web,fr,bias2,0.016759661957621574,0.1,6400
posthoc_web,fr,var,0.003158712759613991,0.1,6400
posthoc_web,fz,mspe,0.07795459032058716,0.1,6400
posthoc_web,fz,bias2,0.07795459032058716,0.1,6400
posthoc_web,fz,var,0.0,0.1,6400
refit,y,mspe,1.0132168531417847,0.2,6400
refit,y,bias2,1.00786554813385,0.2,6400
refit,y,var,0.005351230036467314,0.2,6400
refit,fx,mspe,0.006115185096859932,0.2,6400
refit,fx,bias2,0.0035829851403832436,0.2,6400
refit,fx,var,0.0025321992579847574,0.2,6400
refit,fr,mspe,0.03820890933275223,0.2,6400
refit,fr,bias2,0.035676706582307816,0.2,6400
refit,fr,var,0.0025321992579847574,0.2,6400
refit,fz,mspe,0.007921633310616016,0.2,6400
refit,fz,bias2,0.004192703403532505,0.2,6400
refit,fz,var,0.003728930139914155,0.2,6400
refit_orth,y,mspe,1.0132066011428833,0.2,6400
refit_orth,y,bias2,1.0078625679016113,0.2,6400
refit_orth,y,var,0.005344048608094454,0.2,6400
refit_orth,fx,mspe,0.022252339869737625,0.2,6400
refit_orth,fx,bias2,0.01840604469180107,0.2,6400
refit_orth,fx,var,0.0038462928496301174,0.2,6400
refit_orth,fr,mspe,0.005547350738197565,0.2,6400
refit_orth,fr,bias2,0.0017010575393214822,0.2,6400
refit_orth,fr,var,0.0038462928496301174,0.2,6400
refit_orth,fz,mspe,0.022591792047023773,0.2,6400
refit_orth,fz,bias2,0.01240101084113121,0.2,6400
refit_orth,fz,var,0.010190780274569988,0.2,6400
base,y,mspe,1.0529160499572754,0.2,6400
base,y,bias2,1.049881100654602,0.2,6400
base,y,var,0.0030349299777299166,0.2,6400
base,fx,mspe,0.049318570643663406,0.2,6400
base,fx,bias2,0.04714877903461456,0.2,6400
base,fx,var,0.0021697888150811195,0.2,6400
base,fr,mspe,0.11751630157232285,0.2,6400
base,fr,bias2,0.1153465062379837,0.2,6400
base,fr,var,0.0021697888150811195,0.2,6400
base,fz,mspe,0.07795459032058716,0.2,6400
base,fz,bias2,0.07795459032058716,0.2,6400
base,fz,var,0.0,0.2,6400
posthoc_web,y,mspe,1.229252815246582,0.2,6400
posthoc_web,y,bias2,1.2204697132110596,0.2,6400
posthoc_web,y,var,0.008783115074038506,0.2,6400
posthoc_web,fx,mspe,0.04084049537777901,0.2,6400
posthoc_web,fx,bias2,0.03304215148091316,0.2,6400
posthoc_web,fx,var,0.007798345759510994,0.2,6400
posthoc_web,fr,mspe,0.024818815290927887,0.2,6400
posthoc_web,fr,bias2,0.017020471394062042,0.2,6400
posthoc_web,fr,var,0.007798345759510994,0.2,6400
posthoc_web,fz,mspe,0.07795459032058716,0.2,6400
posthoc_web,fz,bias2,0.07795459032058716,0.2,6400
posthoc_web,fz,var,0.0,0.2,6400
refit,y,mspe,1.0219156742095947,0.3,6400
refit,y,bias2,1.0144448280334473,0.3,6400
refit,y,var,0.0074708117172122,0.3,6400
refit,fx,mspe,0.011736998334527016,0.3,6400
refit,fx,bias2,0.009529253467917442,0.3,6400
refit,fx,var,0.002207746496424079,0.3,6400
refit,fr,mspe,0.05256311595439911,0.3,6400
refit,fr,bias2,0.05035536363720894,0.3,6400
refit,fr,var,0.002207746496424079,0.3,6400
refit,fz,mspe,0.018879758194088936,0.3,6400
refit,fz,bias2,0.01313635241240263,0.3,6400
refit,fz,var,0.005743405781686306,0.3,6400
refit_orth,y,mspe,1.0219188928604126,0.3,6400
refit_orth,y,bias2,1.0144414901733398,0.3,6400
refit_orth,y,var,0.007477382197976112,0.3,6400
refit_orth,fx,mspe,0.023792410269379616,0.3,6400
refit_orth,fx,bias2,0.015487875789403915,0.3,6400
refit_orth,fx,var,0.008304538205265999,0.3,6400
refit_orth,fr,mspe,0.013167005032300949,0.3,6400
refit_orth,fr,bias2,0.00486246682703495,0.3,6400
refit_orth,fr,var,0.008304538205265999,0.3,6400
refit_orth,fz,mspe,0.029014674946665764,0.3,6400
refit_orth,fz,bias2,0.005364582408219576,0.3,6400
refit_orth,fz,var,0.023650093004107475,0.3,6400
base,y,mspe,1.0529160499572754,0.3,6400
base,y,bias2,1.049881100654602,0.3,6400
base,y,var,0.0030349299777299166,0.3,6400
base,fx,mspe,0.049318570643663406,0.3,6400
base,fx,bias2,0.04714877903461456,0.3,6400
base,fx,var,0.0021697888150811195,0.3,6400
base,fr,mspe,0.11751630157232285,0.3,6400
base,fr,bias2,0.1153465062379837,0.3,6400
base,fr,var,0.0021697888150811195,0.3,6400
base,fz,mspe,0.07795459032058716,0.3,6400
base,fz,bias2,0.07795459032058716,0.3,6400
base,fz,var,0.0,0.3,6400
posthoc_web,y,mspe,1.2126133441925049,0.3,6400
posthoc_web,y,bias2,1.1956875324249268,0.3,6400
posthoc_web,y,var,0.016925835981965065,0.3,6400
posthoc_web,fx,mspe,0.04228365048766136,0.3,6400
posthoc_web,fx,bias2,0.026348931714892387,0.3,6400
posthoc_web,fx,var,0.015934720635414124,0.3,6400
posthoc_web,fr,mspe,0.034842249006032944,0.3,6400
posthoc_web,fr,bias2,0.01890752464532852,0.3,6400
posthoc_web,fr,var,0.015934720635414124,0.3,6400
posthoc_web,fz,mspe,0.07795459032058716,0.3,6400
posthoc_web,fz,bias2,0.07795459032058716,0.3,6400
posthoc_web,fz,var,0.0,0.3,6400
refit,y,mspe,1.0315650701522827,0.4,6400
refit,y,bias2,1.023594617843628,0.4,6400
refit,y,var,0.007970433682203293,0.4,6400
refit,fx,mspe,0.020689375698566437,0.4,6400
refit,fx,bias2,0.018743788823485374,0.4,6400
refit,fx,var,0.0019455861765891314,0.4,6400
refit,fr,mspe,0.07056018710136414,0.4,6400
refit,fr,bias2,0.06861460953950882,0.4,6400
refit,fr,var,0.0019455861765891314,0.4,6400
refit,fz,mspe,0.034362778067588806,0.4,6400
refit,fz,bias2,0.02826232835650444,0.4,6400
refit,fz,var,0.006100449711084366,0.4,6400
refit_orth,y,mspe,1.0315730571746826,0.4,6400
refit_orth,y,bias2,1.0235708951950073,0.4,6400
refit_orth,y,var,0.008002158254384995,0.4,6400
refit_orth,fx,mspe,0.02734743431210518,0.4,6400
refit_orth,fx,bias2,0.011543367989361286,0.4,6400
refit_orth,fx,var,0.015804065391421318,0.4,6400
refit_orth,fr,mspe,0.028535500168800354,0.4,6400
refit_orth,fr,bias2,0.012731432914733887,0.4,6400
refit_orth,fr,var,0.015804065391421318,0.4,6400
refit_orth,fz,mspe,0.038857802748680115,0.4,6400
refit_orth,fz,bias2,0.0007719032582826912,0.4,6400
refit_orth,fz,var,0.038085900247097015,0.4,6400
base,y,mspe,1.0529160499572754,0.4,6400
base,y,bias2,1.049881100654602,0.4,6400
base,y,var,0.0030349299777299166,0.4,6400
base,fx,mspe,0.049318570643663406,0.4,6400
base,fx,bias2,0.04714877903461456,0.4,6400
base,fx,var,0.0021697888150811195,0.4,6400
base,fr,mspe,0.11751630157232285,0.4,6400
base,fr,bias2,0.1153465062379837,0.4,6400
base,fr,var,0.0021697888150811195,0.4,6400
base,fz,mspe,0.07795459032058716,0.4,6400
base,fz,bias2,0.07795459032058716,0.4,6400
base,fz,var,0.0,0.4,6400
posthoc_web,y,mspe,1.1853909492492676,0.4,6400
posthoc_web,y,bias2,1.1596449613571167,0.4,6400
posthoc_web,y,var,0.025745969265699387,0.4,6400
posthoc_web,fx,mspe,0.044263191521167755,0.4,6400
posthoc_web,fx,bias2,0.019505998119711876,0.4,6400
posthoc_web,fx,var,0.02475719153881073,0.4,6400
posthoc_web,fr,mspe,0.050441108644008636,0.4,6400
posthoc_web,fr,bias2,0.025683913379907608,0.4,6400
posthoc_web,fr,var,0.02475719153881073,0.4,6400
posthoc_web,fz,mspe,0.07795459032058716,0.4,6400
posthoc_web,fz,bias2,0.07795459032058716,0.4,6400
posthoc_web,fz,var,0.0,0.4,6400
refit,y,mspe,1.039435625076294,0.5,6400
refit,y,bias2,1.0326539278030396,0.5,6400
refit,y,var,0.006781549658626318,0.5,6400
refit,fx,mspe,0.030384551733732224,0.5,6400
refit,fx,bias2,0.028611138463020325,0.5,6400
refit,fx,var,0.0017734142020344734,0.5,6400
refit,fr,mspe,0.08761287480592728,0.5,6400
refit,fr,bias2,0.08583946526050568,0.5,6400
refit,fr,var,0.0017734142020344734,0.5,6400
refit,fz,mspe,0.05025743320584297,0.5,6400
refit,fz,bias2,0.04540546238422394,0.5,6400
refit,fz,var,0.004851970821619034,0.5,6400
refit_orth,y,mspe,1.039445161819458,0.5,6400
refit_orth,y,bias2,1.0326895713806152,0.5,6400
refit_orth,y,var,0.006755681708455086,0.5,6400
refit_orth,fx,mspe,0.032795000821352005,0.5,6400
refit_orth,fx,bias2,0.010838060639798641,0.5,6400
refit_orth,fx,var,0.02195693925023079,0.5,6400
refit_orth,fr,mspe,0.05099748447537422,0.5,6400
refit_orth,fr,bias2,0.029040543362498283,0.5,6400
refit_orth,fr,var,0.02195693925023079,0.5,6400
refit_orth,fz,mspe,0.05064515024423599,0.5,6400
refit_orth,fz,bias2,0.006197370123118162,0.5,6400
refit_orth,fz,var,0.04444777965545654,0.5,6400
base,y,mspe,1.0529160499572754,0.5,6400
base,y,bias2,1.049881100654602,0.5,6400
base,y,var,0.0030349299777299166,0.5,6400
base,fx,mspe,0.049318570643663406,0.5,6400
base,fx,bias2,0.04714877903461456,0.5,6400
base,fx,var,0.0021697888150811195,0.5,6400
base,fr,mspe,0.11751630157232285,0.5,6400
base,fr,bias2,0.1153465062379837,0.5,6400
base,fr,var,0.0021697888150811195,0.5,6400
base,fz,mspe,0.07795459032058716,0.5,6400
base,fz,bias2,0.07795459032058716,0.5,6400
base,fz,var,0.0,0.5,6400
posthoc_web,y,mspe,1.1501044034957886,0.5,6400
posthoc_web,y,bias2,1.1203595399856567,0.5,6400
posthoc_web,y,var,0.029744921252131462,0.5,6400
posthoc_web,fx,mspe,0.04628106951713562,0.5,6400
posthoc_web,fx,bias2,0.017511146143078804,0.5,6400
posthoc_web,fx,var,0.028769921511411667,0.5,6400
posthoc_web,fr,mspe,0.06965873390436172,0.5,6400
posthoc_web,fr,bias2,0.040888819843530655,0.5,6400
posthoc_web,fr,var,0.028769921511411667,0.5,6400
posthoc_web,fz,mspe,0.07795459032058716,0.5,6400
posthoc_web,fz,bias2,0.07795459032058716,0.5,6400
posthoc_web,fz,var,0.0,0.5,6400
refit,y,mspe,1.0452673435211182,0.6,6400
refit,y,bias2,1.040229320526123,0.6,6400
refit,y,var,0.005038001574575901,0.6,6400
refit,fx,mspe,0.038272369652986526,0.6,6400
refit,fx,bias2,0.03654387593269348,0.6,6400
refit,fx,var,0.0017284974455833435,0.6,6400
refit,fr,mspe,0.10055076330900192,0.6,6400
refit,fr,bias2,0.09882228076457977,0.6,6400
refit,fr,var,0.0017284974455833435,0.6,6400
refit,fz,mspe,0.06294944882392883,0.6,6400
refit,fz,bias2,0.05990239977836609,0.6,6400
refit,fz,var,0.0030470562633126974,0.6,6400
refit_orth,y,mspe,1.0453799962997437,0.6,6400
refit_orth,y,bias2,1.0402519702911377,0.6,6400
refit_orth,y,var,0.005128085613250732,0.6,6400
refit_orth,fx,mspe,0.03884773328900337,0.6,6400
refit_orth,fx,bias2,0.01723436824977398,0.6,6400
refit_orth,fx,var,0.02161336876451969,0.6,6400
refit_orth,fr,mspe,0.07537974417209625,0.6,6400
refit_orth,fr,bias2,0.05376637354493141,0.6,6400
refit_orth,fr,var,0.02161336876451969,0.6,6400
refit_orth,fz,mspe,0.061740826815366745,0.6,6400
refit_orth,fz,bias2,0.023999085649847984,0.6,6400
refit_orth,fz,var,0.03774173557758331,0.6,6400
base,y,mspe,1.0529160499572754,0.6,6400
base,y,bias2,1.049881100654602,0.6,6400
base,y,var,0.0030349299777299166,0.6,6400
base,fx,mspe,0.049318570643663406,0.6,6400
base,fx,bias2,0.04714877903461456,0.6,6400
base,fx,var,0.0021697888150811195,0.6,6400
base,fr,mspe,0.11751630157232285,0.6,6400
base,fr,bias2,0.1153465062379837,0.6,6400
base,fr,var,0.0021697888150811195,0.6,6400
base,fz,mspe,0.07795459032058716,0.6,6400
base,fz,bias2,0.07795459032058716,0.6,6400
base,fz,var,0.0,0.6,6400
posthoc_web,y,mspe,1.1139103174209595,0.6,6400
posthoc_web,y,bias2,1.0881050825119019,0.6,6400
posthoc_web,y,var,0.025805262848734856,0.6,6400
posthoc_web,fx,mspe,0.0478019081056118,0.6,6400
posthoc_web,fx,bias2,0.02294820360839367,0.6,6400
posthoc_web,fx,var,0.02485370635986328,0.6,6400
posthoc_web,fr,mspe,0.08839456737041473,0.6,6400
posthoc_web,fr,bias2,0.06354085355997086,0.6,6400
posthoc_web,fr,var,0.02485370635986328,0.6,6400
posthoc_web,fz,mspe,0.07795459032058716,0.6,6400
posthoc_web,fz,bias2,0.07795459032058716,0.6,6400
posthoc_web,fz,var,0.0,0.6,6400
refit,y,mspe,1.0488860607147217,0.7,6400
refit,y,bias2,1.045266032218933,0.7,6400
refit,y,var,0.0036200720351189375,0.7,6400
refit,fx,mspe,0.043718185275793076,0.7,6400
refit,fx,bias2,0.04197027161717415,0.7,6400
refit,fx,var,0.001747913658618927,0.7,6400
refit,fr,mspe,0.10913000255823135,0.7,6400
refit,fr,bias2,0.10738208889961243,0.7,6400
refit,fr,var,0.001747913658618927,0.7,6400
refit,fz,mspe,0.07128460705280304,0.7,6400
refit,fz,bias2,0.06971997022628784,0.7,6400
refit,fz,var,0.0015646350802853703,0.7,6400
refit_orth,y,mspe,1.0488944053649902,0.7,6400
refit_orth,y,bias2,1.0452831983566284,0.7,6400
refit_orth,y,var,0.0036110759247094393,0.7,6400
refit_orth,fx,mspe,0.04372498020529747,0.7,6400
refit_orth,fx,bias2,0.028698548674583435,0.7,6400
refit_orth,fx,var,0.015026428736746311,0.7,6400
refit_orth,fr,mspe,0.09558740258216858,0.7,6400
refit_orth,fr,bias2,0.08056096732616425,0.7,6400
refit_orth,fr,var,0.015026428736746311,0.7,6400
refit_orth,fz,mspe,0.07007607072591782,0.7,6400
refit_orth,fz,bias2,0.04686220735311508,0.7,6400
refit_orth,fz,var,0.023213857784867287,0.7,6400
base,y,mspe,1.0529160499572754,0.7,6400
base,y,bias2,1.049881100654602,0.7,6400
base,y,var,0.0030349299777299166,0.7,6400
base,fx,mspe,0.049318570643663406,0.7,6400
base,fx,bias2,0.04714877903461456,0.7,6400
base,fx,var,0.0021697888150811195,0.7,6400
base,fr,mspe,0.11751630157232285,0.7,6400
base,fr,bias2,0.1153465062379837,0.7,6400
base,fr,var,0.0021697888150811195,0.7,6400
base,fz,mspe,0.07795459032058716,0.7,6400
base,fz,bias2,0.07795459032058716,0.7,6400
base,fz,var,0.0,0.7,6400
posthoc_web,y,mspe,1.0845178365707397,0.7,6400
posthoc_web,y,bias2,1.0674657821655273,0.7,6400
posthoc_web,y,var,0.01705210655927658,0.7,6400
posthoc_web,fx,mspe,0.04867999255657196,0.7,6400
posthoc_web,fx,bias2,0.032552242279052734,0.7,6400
posthoc_web,fx,var,0.016127750277519226,0.7,6400
posthoc_web,fr,mspe,0.10293245315551758,0.7,6400
posthoc_web,fr,bias2,0.08680469542741776,0.7,6400
posthoc_web,fr,var,0.016127750277519226,0.7,6400
posthoc_web,fz,mspe,0.07795459032058716,0.7,6400
posthoc_web,fz,bias2,0.07795459032058716,0.7,6400
posthoc_web,fz,var,0.0,0.7,6400
refit,y,mspe,1.0509223937988281,0.8,6400
refit,y,bias2,1.0481518507003784,0.8,6400
refit,y,var,0.0027705528773367405,0.8,6400
refit,fx,mspe,0.04674636200070381,0.8,6400
refit,fx,bias2,0.04499533027410507,0.8,6400
refit,fx,var,0.0017510310281068087,0.8,6400
refit,fr,mspe,0.1138136088848114,0.8,6400
refit,fr,bias2,0.11206256598234177,0.8,6400
refit,fr,var,0.0017510310281068087,0.8,6400
refit,fz,mspe,0.07585640251636505,0.8,6400
refit,fz,bias2,0.07516292482614517,0.8,6400
refit,fz,var,0.0006934666889719665,0.8,6400
refit_orth,y,mspe,1.0509216785430908,0.8,6400
refit_orth,y,bias2,1.0481568574905396,0.8,6400
refit_orth,y,var,0.002764758188277483,0.8,6400
refit_orth,fx,mspe,0.046767428517341614,0.8,6400
refit_orth,fx,bias2,0.03905096650123596,0.8,6400
refit_orth,fx,var,0.007716459222137928,0.8,6400
refit_orth,fr,mspe,0.10852552205324173,0.8,6400
refit_orth,fr,bias2,0.10080906003713608,0.8,6400
refit_orth,fr,var,0.007716459222137928,0.8,6400
refit_orth,fz,mspe,0.07516895979642868,0.8,6400
refit_orth,fz,bias2,0.06527572870254517,0.8,6400
refit_orth,fz,var,0.009893232956528664,0.8,6400
base,y,mspe,1.0529160499572754,0.8,6400
base,y,bias2,1.049881100654602,0.8,6400
base,y,var,0.0030349299777299166,0.8,6400
base,fx,mspe,0.049318570643663406,0.8,6400
base,fx,bias2,0.04714877903461456,0.8,6400
base,fx,var,0.0021697888150811195,0.8,6400
base,fr,mspe,0.11751630157232285,0.8,6400
base,fr,bias2,0.1153465062379837,0.8,6400
base,fr,var,0.0021697888150811195,0.8,6400
base,fz,mspe,0.07795459032058716,0.8,6400
base,fz,bias2,0.07795459032058716,0.8,6400
base,fz,var,0.0,0.8,6400
posthoc_web,y,mspe,1.065483570098877,0.8,6400
posthoc_web,y,bias2,1.0565121173858643,0.8,6400
posthoc_web,y,var,0.00897143967449665,0.8,6400
posthoc_web,fx,mspe,0.04910402372479439,0.8,6400
posthoc_web,fx,bias2,0.041031911969184875,0.8,6400
posthoc_web,fx,var,0.008072113618254662,0.8,6400
posthoc_web,fr,mspe,0.1119907945394516,0.8,6400
posthoc_web,fr,bias2,0.10391867905855179,0.8,6400
posthoc_web,fr,var,0.008072113618254662,0.8,6400
posthoc_web,fz,mspe,0.07795459032058716,0.8,6400
posthoc_web,fz,bias2,0.07795459032058716,0.8,6400
posthoc_web,fz,var,0.0,0.8,6400
refit,y,mspe,1.0519429445266724,0.9,6400
refit,y,bias2,1.049523115158081,0.9,6400
refit,y,var,0.0024197471793740988,0.9,6400
refit,fx,mspe,0.04811262711882591,0.9,6400
refit,fx,bias2,0.046350304037332535,0.9,6400
refit,fx,var,0.0017623209860175848,0.9,6400
refit,fr,mspe,0.11590275168418884,0.9,6400
refit,fr,bias2,0.11414042115211487,0.9,6400
refit,fr,var,0.0017623209860175848,0.9,6400
refit,fz,mspe,0.07786617428064346,0.9,6400
refit,fz,bias2,0.07753865420818329,0.9,6400
refit,fz,var,0.0003275139897596091,0.9,6400
refit_orth,y,mspe,1.0519388914108276,0.9,6400
refit_orth,y,bias2,1.0495208501815796,0.9,6400
refit_orth,y,var,0.002418044488877058,0.9,6400
refit_orth,fx,mspe,0.048193417489528656,0.9,6400
refit_orth,fx,bias2,0.04499111324548721,0.9,6400
refit_orth,fx,var,0.0032023077365010977,0.9,6400
refit_orth,fr,mspe,0.11482322961091995,0.9,6400
refit_orth,fr,bias2,0.11162092536687851,0.9,6400
refit_orth,fr,var,0.0032023077365010977,0.9,6400
refit_orth,fz,mspe,0.07763887941837311,0.9,6400
refit_orth,fz,bias2,0.07527898997068405,0.9,6400
refit_orth,fz,var,0.0023598861880600452,0.9,6400
base,y,mspe,1.0529160499572754,0.9,6400
base,y,bias2,1.049881100654602,0.9,6400
base,y,var,0.0030349299777299166,0.9,6400
base,fx,mspe,0.049318570643663406,0.9,6400
base,fx,bias2,0.04714877903461456,0.9,6400
base,fx,var,0.0021697888150811195,0.9,6400
base,fr,mspe,0.11751630157232285,0.9,6400
base,fr,bias2,0.1153465062379837,0.9,6400
base,fr,var,0.0021697888150811195,0.9,6400
base,fz,mspe,0.07795459032058716,0.9,6400
base,fz,bias2,0.07795459032058716,0.9,6400
base,fz,var,0.0,0.9,6400
posthoc_web,y,mspe,1.055908203125,0.9,6400
posthoc_web,y,bias2,1.051545262336731,0.9,6400
posthoc_web,y,var,0.004362920299172401,0.9,6400
posthoc_web,fx,mspe,0.049290429800748825,0.9,6400
posthoc_web,fx,bias2,0.04580693319439888,0.9,6400
posthoc_web,fx,var,0.003483494743704796,0.9,6400
posthoc_web,fr,mspe,0.11636350303888321,0.9,6400
posthoc_web,fr,bias2,0.11288002133369446,0.9,6400
posthoc_web,fr,var,0.003483494743704796,0.9,6400
posthoc_web,fz,mspe,0.07795459032058716,0.9,6400
posthoc_web,fz,bias2,0.07795459032058716,0.9,6400
posthoc_web,fz,var,0.0,0.9,6400
refit,y,mspe,1.0523430109024048,1.0,6400
refit,y,bias2,1.0499354600906372,1.0,6400
refit,y,var,0.0024075456894934177,1.0,6400
refit,fx,mspe,0.04837290942668915,1.0,6400
refit,fx,bias2,0.04657734930515289,1.0,6400
refit,fx,var,0.0017955538351088762,1.0,6400
refit,fr,mspe,0.11629147827625275,1.0,6400
refit,fr,bias2,0.11449592560529709,1.0,6400
refit,fr,var,0.0017955538351088762,1.0,6400
refit,fz,mspe,0.07831567525863647,1.0,6400
refit,fz,bias2,0.07802736014127731,1.0,6400
refit,fz,var,0.00028831171221099794,1.0,6400
refit_orth,y,mspe,1.0523508787155151,1.0,6400
refit_orth,y,bias2,1.0499321222305298,1.0,6400
refit_orth,y,var,0.002418685471639037,1.0,6400
refit_orth,fx,mspe,0.048445653170347214,1.0,6400
refit_orth,fx,bias2,0.04655861482024193,1.0,6400
refit_orth,fx,var,0.001887037418782711,1.0,6400
refit_orth,fr,mspe,0.11634170264005661,1.0,6400
refit_orth,fr,bias2,0.11445467919111252,1.0,6400
refit_orth,fr,var,0.001887037418782711,1.0,6400
refit_orth,fz,mspe,0.07836582511663437,1.0,6400
refit_orth,fz,bias2,0.07799087464809418,1.0,6400
refit_orth,fz,var,0.0003749472671188414,1.0,6400
base,y,mspe,1.0529160499572754,1.0,6400
base,y,bias2,1.049881100654602,1.0,6400
base,y,var,0.0030349299777299166,1.0,6400
base,fx,mspe,0.049318570643663406,1.0,6400
base,fx,bias2,0.04714877903461456,1.0,6400
base,fx,var,0.0021697888150811195,1.0,6400
base,fr,mspe,0.11751630157232285,1.0,6400
base,fr,bias2,0.1153465062379837,1.0,6400
base,fr,var,0.0021697888150811195,1.0,6400
base,fz,mspe,0.07795459032058716,1.0,6400
base,fz,bias2,0.07795459032058716,1.0,6400
base,fz,var,0.0,1.0,6400
posthoc_web,y,mspe,1.053005576133728,1.0,6400
posthoc_web,y,bias2,1.049910306930542,1.0,6400
posthoc_web,y,var,0.0030952238012105227,1.0,6400
posthoc_web,fx,mspe,0.049359530210494995,1.0,6400
posthoc_web,fx,bias2,0.04712923988699913,1.0,6400
posthoc_web,fx,var,0.0022302919533103704,1.0,6400
posthoc_web,fr,mspe,0.11753904074430466,1.0,6400
posthoc_web,fr,bias2,0.11530875414609909,1.0,6400
posthoc_web,fr,var,0.0022302919533103704,1.0,6400
posthoc_web,fz,mspe,0.07795459032058716,1.0,6400
posthoc_web,fz,bias2,0.07795459032058716,1.0,6400
posthoc_web,fz,var,0.0,1.0,6400
refit,y,mspe,1.01948881149292,0.0,800
refit,y,bias2,1.0076000690460205,0.0,800
refit,y,var,0.011888682842254639,0.0,800
refit,fx,mspe,0.013571910560131073,0.0,800
refit,fx,bias2,0.0029727923683822155,0.0,800
refit,fx,var,0.01059911772608757,0.0,800
refit,fr,mspe,0.03775894269347191,0.0,800
refit,fr,bias2,0.02715982496738434,0.0,800
refit,fr,var,0.01059911772608757,0.0,800
refit,fz,mspe,0.0053687975741922855,0.0,800
refit,fz,bias2,9.101801697397605e-05,0.0,800
refit,fz,var,0.0052777789533138275,0.0,800
refit_orth,y,mspe,1.019492745399475,0.0,800
refit_orth,y,bias2,1.0075982809066772,0.0,800
refit_orth,y,var,0.011894437484443188,0.0,800
refit_orth,fx,mspe,0.030975867062807083,0.0,800
refit_orth,fx,bias2,0.022835910320281982,0.0,800
refit_orth,fx,var,0.0081399567425251,0.0,800
refit_orth,fr,mspe,0.0108332559466362,0.0,800
refit_orth,fr,bias2,0.002693299436941743,0.0,800
refit_orth,fr,var,0.0081399567425251,0.0,800
refit_orth,fz,mspe,0.024139948189258575,0.0,800
refit_orth,fz,bias2,0.022279297932982445,0.0,800
refit_orth,fz,var,0.001860649324953556,0.0,800
base,y,mspe,1.071041464805603,0.0,800
base,y,bias2,1.0559390783309937,0.0,800
base,y,var,0.015102432109415531,0.0,800
base,fx,mspe,0.056615620851516724,0.0,800
base,fx,bias2,0.044871702790260315,0.0,800
base,fx,var,0.011743917129933834,0.0,800
base,fr,mspe,0.1225130632519722,0.0,800
base,fr,bias2,0.11076913774013519,0.0,800
base,fr,var,0.011743917129933834,0.0,800
base,fz,mspe,0.07795459032058716,0.0,800
base,fz,bias2,0.07795459032058716,0.0,800
base,fz,var,0.0,0.0,800
posthoc_web,y,mspe,1.2532904148101807,0.0,800
posthoc_web,y,bias2,1.2394051551818848,0.0,800
posthoc_web,y,var,0.01388522144407034,0.0,800
posthoc_web,fx,mspe,0.048598937690258026,0.0,800
posthoc_web,fx,bias2,0.03848360851407051,0.0,800
posthoc_web,fx,var,0.01011532824486494,0.0,800
posthoc_web,fr,mspe,0.027390429750084877,0.0,800
posthoc_web,fr,bias2,0.01727510243654251,0.0,800
posthoc_web,fr,var,0.01011532824486494,0.0,800
posthoc_web,fz,mspe,0.07795459032058716,0.0,800
posthoc_web,fz,bias2,0.07795459032058716,0.0,800
posthoc_web,fz,var,0.0,0.0,800
refit,y,mspe,1.0207619667053223,0.1,800
refit,y,bias2,1.0078867673873901,0.1,800
refit,y,var,0.012875251471996307,0.1,800
refit,fx,mspe,0.013948067091405392,0.1,800
refit,fx,bias2,0.0032271905802190304,0.1,800
refit,fx,var,0.010720876045525074,0.1,800
refit,fr,mspe,0.03963334113359451,0.1,800
refit,fr,bias2,0.028912460431456566,0.1,800
refit,fr,var,0.010720876045525074,0.1,800
refit,fz,mspe,0.006563166156411171,0.1,800
refit,fz,bias2,0.00038878549821674824,0.1,800
refit,fz,var,0.006174380891025066,0.1,800
refit_orth,y,mspe,1.0208098888397217,0.1,800
refit_orth,y,bias2,1.0079132318496704,0.1,800
refit_orth,y,var,0.012896690517663956,0.1,800
refit_orth,fx,mspe,0.030862007290124893,0.1,800
refit_orth,fx,bias2,0.022283906117081642,0.1,800
refit_orth,fx,var,0.008578101173043251,0.1,800
refit_orth,fr,mspe,0.011325409635901451,0.1,800
refit_orth,fr,bias2,0.0027473079971969128,0.1,800
refit_orth,fr,var,0.008578101173043251,0.1,800
refit_orth,fz,mspe,0.024608884006738663,0.1,800
refit_orth,fz,bias2,0.02042386680841446,0.1,800
refit_orth,fz,var,0.004185015335679054,0.1,800
base,y,mspe,1.071041464805603,0.1,800
base,y,bias2,1.0559390783309937,0.1,800
base,y,var,0.015102432109415531,0.1,800
base,fx,mspe,0.056615620851516724,0.1,800
base,fx,bias2,0.044871702790260315,0.1,800
base,fx,var,0.011743917129933834,0.1,800
base,fr,mspe,0.1225130632519722,0.1,800
base,fr,bias2,0.11076913774013519,0.1,800
base,fr,var,0.011743917129933834,0.1,800
base,fz,mspe,0.07795459032058716,0.1,800
base,fz,bias2,0.07795459032058716,0.1,800
base,fz,var,0.0,0.1,800
posthoc_web,y,mspe,1.251674771308899,0.1,800
posthoc_web,y,bias2,1.2365230321884155,0.1,800
posthoc_web,y,var,0.015151798725128174,0.1,800
posthoc_web,fx,mspe,0.04880337789654732,0.1,800
posthoc_web,fx,bias2,0.03740780055522919,0.1,800
posthoc_web,fx,var,0.01139557734131813,0.1,800
posthoc_web,fr,mspe,0.028674468398094177,0.1,800
posthoc_web,fr,bias2,0.017278891056776047,0.1,800
posthoc_web,fr,var,0.01139557734131813,0.1,800
posthoc_web,fz,mspe,0.07795459032058716,0.1,800
posthoc_web,fz,bias2,0.07795459032058716,0.1,800
posthoc_web,fz,var,0.0,0.1,800
refit,y,mspe,1.0253373384475708,0.2,800
refit,y,bias2,1.010053277015686,0.2,800
refit,y,var,0.015284108929336071,0.2,800
refit,fx,mspe,0.014947018586099148,0.2,800
refit,fx,bias2,0.004775472451001406,0.2,800
refit,fx,var,0.01017154473811388,0.2,800
refit,fr,mspe,0.0455145537853241,0.2,800
refit,fr,bias2,0.03534300625324249,0.2,800
refit,fr,var,0.01017154473811388,0.2,800
refit,fz,mspe,0.010970101691782475,0.2,800
refit,fz,bias2,0.002519866917282343,0.2,800
refit,fz,var,0.008450235240161419,0.2,800
refit_orth,y,mspe,1.0253700017929077,0.2,800
refit_orth,y,bias2,1.010071039199829,0.2,800
refit_orth,y,var,0.015299025923013687,0.2,800
refit_orth,fx,mspe,0.03041457198560238,0.2,800
refit_orth,fx,bias2,0.020471204072237015,0.2,800
refit_orth,fx,var,0.009943368844687939,0.2,800
refit_orth,fr,mspe,0.013271305710077286,0.2,800
refit_orth,fr,bias2,0.0033279359340667725,0.2,800
refit_orth,fr,var,0.009943368844687939,0.2,800
refit_orth,fz,mspe,0.02741614356637001,0.2,800
refit_orth,fz,bias2,0.014955483376979828,0.2,800
refit_orth,fz,var,0.012460661120712757,0.2,800
base,y,mspe,1.071041464805603,0.2,800
base,y,bias2,1.0559390783309937,0.2,800
base,y,var,0.015102432109415531,0.2,800
base,fx,mspe,0.056615620851516724,0.2,800
base,fx,bias2,0.044871702790260315,0.2,800
base,fx,var,0.011743917129933834,0.2,800
base,fr,mspe,0.1225130632519722,0.2,800
base,fr,bias2,0.11076913774013519,0.2,800
base,fr,var,0.011743917129933834,0.2,800
base,fz,mspe,0.07795459032058716,0.2,800
base,fz,bias2,0.07795459032058716,0.2,800
base,fz,var,0.0,0.2,800
posthoc_web,y,mspe,1.243943214416504,0.2,800
posthoc_web,y,bias2,1.224287509918213,0.2,800
posthoc_web,y,var,0.019655710086226463,0.2,800
posthoc_web,fx,mspe,0.049466852098703384,0.2,800
posthoc_web,fx,bias2,0.033539675176143646,0.2,800
posthoc_web,fx,var,0.015927176922559738,0.2,800
posthoc_web,fr,mspe,0.03345572575926781,0.2,800
posthoc_web,fr,bias2,0.01752854511141777,0.2,800
posthoc_web,fr,var,0.015927176922559738,0.2,800
posthoc_web,fz,mspe,0.07795459032058716,0.2,800
posthoc_web,fz,bias2,0.07795459032058716,0.2,800
posthoc_web,fz,var,0.0,0.2,800
refit,y,mspe,1.0335193872451782,0.3,800
refit,y,bias2,1.0154234170913696,0.3,800
refit,y,var,0.018095992505550385,0.3,800
refit,fx,mspe,0.018124373629689217,0.3,800
refit,fx,bias2,0.008793083019554615,0.3,800
refit,fx,var,0.009331289678812027,0.3,800
refit,fr,mspe,0.05575234442949295,0.3,800
refit,fr,bias2,0.04642105475068092,0.3,800
refit,fr,var,0.009331289678812027,0.3,800
refit,fz,mspe,0.020134693011641502,0.3,800
refit,fz,bias2,0.009439945220947266,0.3,800
refit,fz,var,0.010694747790694237,0.3,800
refit_orth,y,mspe,1.0334793329238892,0.3,800
refit_orth,y,bias2,1.0154002904891968,0.3,800
refit_orth,y,var,0.01807902753353119,0.3,800
refit_orth,fx,mspe,0.030643019825220108,0.3,800
refit_orth,fx,bias2,0.01687431149184704,0.3,800
refit_orth,fx,var,0.013768711127340794,0.3,800
refit_orth,fr,mspe,0.019343573600053787,0.3,800
refit_orth,fr,bias2,0.005574864335358143,0.3,800
refit_orth,fr,var,0.013768711127340794,0.3,800
refit_orth,fz,mspe,0.03340189531445503,0.3,800
refit_orth,fz,bias2,0.006703774910420179,0.3,800
refit_orth,fz,var,0.026698121801018715,0.3,800
base,y,mspe,1.071041464805603,0.3,800
base,y,bias2,1.0559390783309937,0.3,800
base,y,var,0.015102432109415531,0.3,800
base,fx,mspe,0.056615620851516724,0.3,800
base,fx,bias2,0.044871702790260315,0.3,800
base,fx,var,0.011743917129933834,0.3,800
base,fr,mspe,0.1225130632519722,0.3,800
base,fr,bias2,0.11076913774013519,0.3,800
base,fr,var,0.011743917129933834,0.3,800
base,fz,mspe,0.07795459032058716,0.3,800
base,fz,bias2,0.07795459032058716,0.3,800
base,fz,var,0.0,0.3,800
posthoc_web,y,mspe,1.2271440029144287,0.3,800
posthoc_web,y,bias2,1.1996732950210571,0.3,800
posthoc_web,y,var,0.027470683678984642,0.3,800
posthoc_web,fx,mspe,0.05067087337374687,0.3,800
posthoc_web,fx,bias2,0.026881441473960876,0.3,800
posthoc_web,fx,var,0.023789430037140846,0.3,800
posthoc_web,fr,mspe,0.043167732656002045,0.3,800
posthoc_web,fr,bias2,0.0193783026188612,0.3,800
posthoc_web,fr,var,0.023789430037140846,0.3,800
posthoc_web,fz,mspe,0.07795459032058716,0.3,800
posthoc_web,fz,bias2,0.07795459032058716,0.3,800
posthoc_web,fz,var,0.0,0.3,800
refit,y,mspe,1.0436116456985474,0.4,800
refit,y,bias2,1.0240784883499146,0.4,800
refit,y,var,0.019533248618245125,0.4,800
refit,fx,mspe,0.024326786398887634,0.4,800
refit,fx,bias2,0.015412180684506893,0.4,800
refit,fx,var,0.008914608508348465,0.4,800
refit,fr,mspe,0.06969822198152542,0.4,800
refit,fr,bias2,0.06078360974788666,0.4,800
refit,fr,var,0.008914608508348465,0.4,800
refit,fz,mspe,0.03412672132253647,0.4,800
refit,fz,bias2,0.022867126390337944,0.4,800
refit,fz,var,0.011259597726166248,0.4,800
refit_orth,y,mspe,1.0436301231384277,0.4,800
refit_orth,y,bias2,1.0240894556045532,0.4,800
refit_orth,y,var,0.019540637731552124,0.4,800
refit_orth,fx,mspe,0.032334741204977036,0.4,800
refit_orth,fx,bias2,0.012012086808681488,0.4,800
refit_orth,fx,var,0.020322654396295547,0.4,800
refit_orth,fr,mspe,0.03223227337002754,0.4,800
refit_orth,fr,bias2,0.01190961990505457,0.4,800
refit_orth,fr,var,0.020322654396295547,0.4,800
refit_orth,fz,mspe,0.042559824883937836,0.4,800
refit_orth,fz,bias2,0.0009376826928928494,0.4,800
refit_orth,fz,var,0.04162214323878288,0.4,800
base,y,mspe,1.071041464805603,0.4,800
base,y,bias2,1.0559390783309937,0.4,800
base,y,var,0.015102432109415531,0.4,800
base,fx,mspe,0.056615620851516724,0.4,800
base,fx,bias2,0.044871702790260315,0.4,800
base,fx,var,0.011743917129933834,0.4,800
base,fr,mspe,0.1225130632519722,0.4,800
base,fr,bias2,0.11076913774013519,0.4,800
base,fr,var,0.011743917129933834,0.4,800
base,fz,mspe,0.07795459032058716,0.4,800
base,fz,bias2,0.07795459032058716,0.4,800
base,fz,var,0.0,0.4,800
posthoc_web,y,mspe,1.1997771263122559,0.4,800
posthoc_web,y,bias2,1.1639496088027954,0.4,800
posthoc_web,y,var,0.03582758456468582,0.4,800
posthoc_web,fx,mspe,0.05227082222700119,0.4,800
posthoc_web,fx,bias2,0.020055320113897324,0.4,800
posthoc_web,fx,var,0.032215505838394165,0.4,800
posthoc_web,fr,mspe,0.05821723863482475,0.4,800
posthoc_web,fr,bias2,0.026001734659075737,0.4,800
posthoc_web,fr,var,0.032215505838394165,0.4,800
posthoc_web,fz,mspe,0.07795459032058716,0.4,800
posthoc_web,fz,bias2,0.07795459032058716,0.4,800
posthoc_web,fz,var,0.0,0.4,800
refit,y,mspe,1.0523051023483276,0.5,800
refit,y,bias2,1.0340216159820557,0.5,800
refit,y,var,0.01828347146511078,0.5,800
refit,fx,mspe,0.031387604773044586,0.5,800
refit,fx,bias2,0.023027988150715828,0.5,800
refit,fx,var,0.008359616622328758,0.5,800
refit,fr,mspe,0.08343641459941864,0.5,800
refit,fr,bias2,0.07507679611444473,0.5,800
refit,fr,var,0.008359616622328758,0.5,800
refit,fz,mspe,0.04974890872836113,0.5,800
refit,fz,bias2,0.040249668061733246,0.5,800
refit,fz,var,0.00949923787266016,0.5,800
refit_orth,y,mspe,1.0523180961608887,0.5,800
refit_orth,y,bias2,1.0340346097946167,0.5,800
refit_orth,y,var,0.018283488228917122,0.5,800
refit_orth,fx,mspe,0.03522632271051407,0.5,800
refit_orth,fx,bias2,0.009961491450667381,0.5,800
refit_orth,fx,var,0.02526482753455639,0.5,800
refit_orth,fr,mspe,0.051198989152908325,0.5,800
refit_orth,fr,bias2,0.025934159755706787,0.5,800
refit_orth,fr,var,0.02526482753455639,0.5,800
refit_orth,fz,mspe,0.05346960201859474,0.5,800
refit_orth,fz,bias2,0.005957107525318861,0.5,800
refit_orth,fz,var,0.047512494027614594,0.5,800
base,y,mspe,1.071041464805603,0.5,800
base,y,bias2,1.0559390783309937,0.5,800
base,y,var,0.015102432109415531,0.5,800
base,fx,mspe,0.056615620851516724,0.5,800
base,fx,bias2,0.044871702790260315,0.5,800
base,fx,var,0.011743917129933834,0.5,800
base,fr,mspe,0.1225130632519722,0.5,800
base,fr,bias2,0.11076913774013519,0.5,800
base,fr,var,0.011743917129933834,0.5,800
base,fz,mspe,0.07795459032058716,0.5,800
base,fz,bias2,0.07795459032058716,0.5,800
base,fz,var,0.0,0.5,800
posthoc_web,y,mspe,1.1646043062210083,0.5,800
posthoc_web,y,bias2,1.1250853538513184,0.5,800
posthoc_web,y,var,0.03951898217201233,0.5,800
posthoc_web,fx,mspe,0.05390522629022598,0.5,800
posthoc_web,fx,bias2,0.017914719879627228,0.5,800
posthoc_web,fx,var,0.035990502685308456,0.5,800
posthoc_web,fr,mspe,0.07673338055610657,0.5,800
posthoc_web,fr,bias2,0.04074287787079811,0.5,800
posthoc_web,fr,var,0.035990502685308456,0.5,800
posthoc_web,fz,mspe,0.07795459032058716,0.5,800
posthoc_web,fz,bias2,0.07795459032058716,0.5,800
posthoc_web,fz,var,0.0,0.5,800
refit,y,mspe,1.0595821142196655,0.6,800
refit,y,bias2,1.0432407855987549,0.6,800
refit,y,var,0.016341356560587883,0.6,800
refit,fx,mspe,0.039109956473112106,0.6,800
refit,fx,bias2,0.030497798696160316,0.6,800
refit,fx,var,0.008612153120338917,0.6,800
refit,fr,mspe,0.09662096202373505,0.6,800
refit,fr,bias2,0.0880088061094284,0.6,800
refit,fr,var,0.008612153120338917,0.6,800
refit,fz,mspe,0.06379034370183945,0.6,800
refit,fz,bias2,0.05704887956380844,0.6,800
refit,fz,var,0.006741466466337442,0.6,800
refit_orth,y,mspe,1.0595988035202026,0.6,800
refit_orth,y,bias2,1.0432627201080322,0.6,800
refit_orth,y,var,0.01633610390126705,0.6,800
refit_orth,fx,mspe,0.04030698165297508,0.6,800
refit_orth,fx,bias2,0.014925616793334484,0.6,800
refit_orth,fx,var,0.025381362065672874,0.6,800
refit_orth,fr,mspe,0.07401776313781738,0.6,800
refit_orth,fr,bias2,0.04863639920949936,0.6,800
refit_orth,fr,var,0.025381362065672874,0.6,800
refit_orth,fz,mspe,0.06388282030820847,0.6,800
refit_orth,fz,bias2,0.024287179112434387,0.6,800
refit_orth,fz,var,0.03959563747048378,0.6,800
base,y,mspe,1.071041464805603,0.6,800
base,y,bias2,1.0559390783309937,0.6,800
base,y,var,0.015102432109415531,0.6,800
base,fx,mspe,0.056615620851516724,0.6,800
base,fx,bias2,0.044871702790260315,0.6,800
base,fx,var,0.011743917129933834,0.6,800
base,fr,mspe,0.1225130632519722,0.6,800
base,fr,bias2,0.11076913774013519,0.6,800
base,fr,var,0.011743917129933834,0.6,800
base,fz,mspe,0.07795459032058716,0.6,800
base,fz,bias2,0.07795459032058716,0.6,800
base,fz,var,0.0,0.6,800
posthoc_web,y,mspe,1.1290347576141357,0.6,800
posthoc_web,y,bias2,1.0931974649429321,0.6,800
posthoc_web,y,var,0.035837382078170776,0.6,800
posthoc_web,fx,mspe,0.055254679173231125,0.6,800
posthoc_web,fx,bias2,0.02286658249795437,0.6,800
posthoc_web,fx,var,0.032388102263212204,0.6,800
posthoc_web,fr,mspe,0.094828300178051,0.6,800
posthoc_web,fr,bias2,0.06244020536541939,0.6,800
posthoc_web,fr,var,0.032388102263212204,0.6,800
posthoc_web,fz,mspe,0.07795459032058716,0.6,800
posthoc_web,fz,bias2,0.07795459032058716,0.6,800
posthoc_web,fz,var,0.0,0.6,800
refit,y,mspe,1.0636029243469238,0.7,800
refit,y,bias2,1.0493298768997192,0.7,800
refit,y,var,0.014272882603108883,0.7,800
refit,fx,mspe,0.044797126203775406,0.7,800
refit,fx,bias2,0.03633079677820206,0.7,800
refit,fx,var,0.008466330356895924,0.7,800
refit,fr,mspe,0.10616292804479599,0.7,800
refit,fr,bias2,0.09769658744335175,0.7,800
refit,fr,var,0.008466330356895924,0.7,800
refit,fz,mspe,0.07311707735061646,0.7,800
refit,fz,bias2,0.06883742660284042,0.7,800
refit,fz,var,0.004279639106243849,0.7,800
refit_orth,y,mspe,1.063586711883545,0.7,800
refit_orth,y,bias2,1.0493284463882446,0.7,800
refit_orth,y,var,0.014258257113397121,0.7,800
refit_orth,fx,mspe,0.044968824833631516,0.7,800
refit_orth,fx,bias2,0.025201838463544846,0.7,800
refit_orth,fx,var,0.01976698823273182,0.7,800
refit_orth,fr,mspe,0.09386814385652542,0.7,800
refit_orth,fr,bias2,0.07410115003585815,0.7,800
refit_orth,fr,var,0.01976698823273182,0.7,800
refit_orth,fz,mspe,0.0720481351017952,0.7,800
refit_orth,fz,bias2,0.04781182110309601,0.7,800
refit_orth,fz,var,0.02423631027340889,0.7,800
base,y,mspe,1.071041464805603,0.7,800
base,y,bias2,1.0559390783309937,0.7,800
base,y,var,0.015102432109415531,0.7,800
base,fx,mspe,0.056615620851516724,0.7,800
base,fx,bias2,0.044871702790260315,0.7,800
base,fx,var,0.011743917129933834,0.7,800
base,fr,mspe,0.1225130632519722,0.7,800
base,fr,bias2,0.11076913774013519,0.7,800
base,fr,var,0.011743917129933834,0.7,800
base,fz,mspe,0.07795459032058716,0.7,800
base,fz,bias2,0.07795459032058716,0.7,800
base,fz,var,0.0,0.7,800
posthoc_web,y,mspe,1.100644826889038,0.7,800
posthoc_web,y,bias2,1.072729468345642,0.7,800
posthoc_web,y,var,0.027915310114622116,0.7,800
posthoc_web,fx,mspe,0.05621723085641861,0.7,800
posthoc_web,fx,bias2,0.03169498220086098,0.7,800
posthoc_web,fx,var,0.024522243067622185,0.7,800
posthoc_web,fr,mspe,0.1089373379945755,0.7,800
posthoc_web,fr,bias2,0.08441509306430817,0.7,800
posthoc_web,fr,var,0.024522243067622185,0.7,800
posthoc_web,fz,mspe,0.07795459032058716,0.7,800
posthoc_web,fz,bias2,0.07795459032058716,0.7,800
posthoc_web,fz,var,0.0,0.7,800
refit,y,mspe,1.0656614303588867,0.8,800
refit,y,bias2,1.0529142618179321,0.8,800
refit,y,var,0.012747133150696754,0.8,800
refit,fx,mspe,0.04780692234635353,0.8,800
refit,fx,bias2,0.03985228016972542,0.8,800
refit,fx,var,0.007954641245305538,0.8,800
refit,fr,mspe,0.1112789735198021,0.8,800
refit,fr,bias2,0.10332432389259338,0.8,800
refit,fr,var,0.007954641245305538,0.8,800
refit,fz,mspe,0.07823111861944199,0.8,800
refit,fz,bias2,0.07519155740737915,0.8,800
refit,fz,var,0.003039562376216054,0.8,800
refit_orth,y,mspe,1.0656534433364868,0.8,800
refit_orth,y,bias2,1.0529052019119263,0.8,800
refit_orth,y,var,0.012748298235237598,0.8,800
refit_orth,fx,mspe,0.04802863299846649,0.8,800
refit_orth,fx,bias2,0.034940168261528015,0.8,800
refit_orth,fx,var,0.013088464736938477,0.8,800
refit_orth,fr,mspe,0.10676296055316925,0.8,800
refit_orth,fr,bias2,0.09367448836565018,0.8,800
refit_orth,fr,var,0.013088464736938477,0.8,800
refit_orth,fz,mspe,0.07740741968154907,0.8,800
refit_orth,fz,bias2,0.0663350522518158,0.8,800
refit_orth,fz,var,0.011072368361055851,0.8,800
base,y,mspe,1.071041464805603,0.8,800
base,y,bias2,1.0559390783309937,0.8,800
base,y,var,0.015102432109415531,0.8,800
base,fx,mspe,0.056615620851516724,0.8,800
base,fx,bias2,0.044871702790260315,0.8,800
base,fx,var,0.011743917129933834,0.8,800
base,fr,mspe,0.1225130632519722,0.8,800
base,fr,bias2,0.11076913774013519,0.8,800
base,fr,var,0.011743917129933834,0.8,800
base,fz,mspe,0.07795459032058716,0.8,800
base,fz,bias2,0.07795459032058716,0.8,800
base,fz,var,0.0,0.8,800
posthoc_web,y,mspe,1.0825773477554321,0.8,800
posthoc_web,y,bias2,1.061800241470337,0.8,800
posthoc_web,y,var,0.020777089521288872,0.8,800
posthoc_web,fx,mspe,0.05683406442403793,0.8,800
posthoc_web,fx,bias2,0.039422277361154556,0.8,800
posthoc_web,fx,var,0.01741178333759308,0.8,800
posthoc_web,fr,mspe,0.11777248978614807,0.8,800
posthoc_web,fr,bias2,0.10036072134971619,0.8,800
posthoc_web,fr,var,0.01741178333759308,0.8,800
posthoc_web,fz,mspe,0.07795459032058716,0.8,800
posthoc_web,fz,bias2,0.07795459032058716,0.8,800
posthoc_web,fz,var,0.0,0.8,800
refit,y,mspe,1.067264199256897,0.9,800
refit,y,bias2,1.054986596107483,0.9,800
refit,y,var,0.012277718633413315,0.9,800
refit,fx,mspe,0.04881975054740906,0.9,800
refit,fx,bias2,0.04107854887843132,0.9,800
refit,fx,var,0.007741205859929323,0.9,800
refit,fr,mspe,0.11291320621967316,0.9,800
refit,fr,bias2,0.10517200827598572,0.9,800
refit,fr,var,0.007741205859929323,0.9,800
refit,fz,mspe,0.08039528131484985,0.9,800
refit,fz,bias2,0.0777345597743988,0.9,800
refit,fz,var,0.002660721307620406,0.9,800
refit_orth,y,mspe,1.0672742128372192,0.9,800
refit_orth,y,bias2,1.0549767017364502,0.9,800
refit_orth,y,var,0.01229761354625225,0.9,800
refit_orth,fx,mspe,0.04934270679950714,0.9,800
refit_orth,fx,bias2,0.04010152816772461,0.9,800
refit_orth,fx,var,0.009241179563105106,0.9,800
refit_orth,fr,mspe,0.11250358819961548,0.9,800
refit_orth,fr,bias2,0.10326240211725235,0.9,800
refit_orth,fr,var,0.009241179563105106,0.9,800
refit_orth,fz,mspe,0.08033938705921173,0.9,800
refit_orth,fz,bias2,0.07591493427753448,0.9,800
refit_orth,fz,var,0.004424451384693384,0.9,800
base,y,mspe,1.071041464805603,0.9,800
base,y,bias2,1.0559390783309937,0.9,800
base,y,var,0.015102432109415531,0.9,800
base,fx,mspe,0.056615620851516724,0.9,800
base,fx,bias2,0.044871702790260315,0.9,800
base,fx,var,0.011743917129933834,0.9,800
base,fr,mspe,0.1225130632519722,0.9,800
base,fr,bias2,0.11076913774013519,0.9,800
base,fr,var,0.011743917129933834,0.9,800
base,fz,mspe,0.07795459032058716,0.9,800
base,fz,bias2,0.07795459032058716,0.9,800
base,fz,var,0.0,0.9,800
posthoc_web,y,mspe,1.0736660957336426,0.9,800
posthoc_web,y,bias2,1.0568361282348633,0.9,800
posthoc_web,y,var,0.016829906031489372,0.9,800
posthoc_web,fx,mspe,0.0571863166987896,0.9,800
posthoc_web,fx,bias2,0.043716344982385635,0.9,800
posthoc_web,fx,var,0.013469969853758812,0.9,800
posthoc_web,fr,mspe,0.12205389142036438,0.9,800
posthoc_web,fr,bias2,0.10858391970396042,0.9,800
posthoc_web,fr,var,0.013469969853758812,0.9,800
posthoc_web,fz,mspe,0.07795459032058716,0.9,800
posthoc_web,fz,bias2,0.07795459032058716,0.9,800
posthoc_web,fz,var,0.0,0.9,800
refit,y,mspe,1.0677152872085571,1.0,800
refit,y,bias2,1.0552990436553955,1.0,800
refit,y,var,0.012416219338774681,1.0,800
refit,fx,mspe,0.04903949424624443,1.0,800
refit,fx,bias2,0.04129332676529884,1.0,800
refit,fx,var,0.007746169343590736,1.0,800
refit,fr,mspe,0.11326135694980621,1.0,800
refit,fr,bias2,0.10551519691944122,1.0,800
refit,fr,var,0.007746169343590736,1.0,800
refit,fz,mspe,0.08082090318202972,1.0,800
refit,fz,bias2,0.07799340039491653,1.0,800
refit,fz,var,0.002827500458806753,1.0,800
refit_orth,y,mspe,1.0677177906036377,1.0,800
refit_orth,y,bias2,1.0553127527236938,1.0,800
refit_orth,y,var,0.012404964305460453,1.0,800
refit_orth,fx,mspe,0.049805108457803726,1.0,800
refit_orth,fx,bias2,0.04133382812142372,1.0,800
refit_orth,fx,var,0.008471274748444557,1.0,800
refit_orth,fr,mspe,0.11400346457958221,1.0,800
refit_orth,fr,bias2,0.1055321916937828,1.0,800
refit_orth,fr,var,0.008471274748444557,1.0,800
refit_orth,fz,mspe,0.0815572515130043,1.0,800
refit_orth,fz,bias2,0.07796930521726608,1.0,800
refit_orth,fz,var,0.003587947227060795,1.0,800
base,y,mspe,1.071041464805603,1.0,800
base,y,bias2,1.0559390783309937,1.0,800
base,y,var,0.015102432109415531,1.0,800
base,fx,mspe,0.056615620851516724,1.0,800
base,fx,bias2,0.044871702790260315,1.0,800
base,fx,var,0.011743917129933834,1.0,800
base,fr,mspe,0.1225130632519722,1.0,800
base,fr,bias2,0.11076913774013519,1.0,800
base,fr,var,0.011743917129933834,1.0,800
base,fz,mspe,0.07795459032058716,1.0,800
base,fz,bias2,0.07795459032058716,1.0,800
base,fz,var,0.0,1.0,800
posthoc_web,y,mspe,1.0711063146591187,1.0,800
posthoc_web,y,bias2,1.0552412271499634,1.0,800
posthoc_web,y,var,0.01586506888270378,1.0,800
posthoc_web,fx,mspe,0.05735376477241516,1.0,800
posthoc_web,fx,bias2,0.04485665634274483,1.0,800
posthoc_web,fx,var,0.012497108429670334,1.0,800
posthoc_web,fr,mspe,0.12321029603481293,1.0,800
posthoc_web,fr,bias2,0.1107131838798523,1.0,800
posthoc_web,fr,var,0.012497108429670334,1.0,800
posthoc_web,fz,mspe,0.07795459032058716,1.0,800
posthoc_web,fz,bias2,0.07795459032058716,1.0,800
posthoc_web,fz,var,0.0,1.0,800
