model,effect,metric,value,bz,n
refit,y,mspe,1.0025498867034912,0,12800
refit,y,bias2,1.0014837980270386,0,12800
refit,y,var,0.0010660556145012379,0,12800
refit,fx,mspe,0.001310359570197761,0,12800
refit,fx,bias2,0.000335156248183921,0,12800
refit,fx,var,0.0009752031182870269,0,12800
refit,fr,mspe,0.01900969073176384,0,12800
refit,fr,bias2,0.01803448610007763,0,12800
refit,fr,var,0.0009752031182870269,0,12800
refit,fz,mspe,0.00021880387794226408,0,12800
refit,fz,bias2,5.175502519705333e-05,0,12800
refit,fz,var,0.00016704885638318956,0,12800
refit_orth,y,mspe,1.0025503635406494,0,12800
refit_orth,y,bias2,1.0014808177947998,0,12800
refit_orth,y,var,0.001069510355591774,0,12800
refit_orth,fx,mspe,0.02056998200714588,0,12800
refit_orth,fx,bias2,0.019696252420544624,0,12800
refit_orth,fx,var,0.0008737300522625446,0,12800
refit_orth,fr,mspe,0.0011684130877256393,0,12800
refit_orth,fr,bias2,0.0002946829190477729,0,12800
refit_orth,fr,var,0.0008737300522625446,0,12800
refit_orth,fz,mspe,0.019727909937500954,0,12800
refit_orth,fz,bias2,0.019622860476374626,0,12800
refit_orth,fz,var,0.00010504787496756762,0,12800
base,y,mspe,1.0037513971328735,0,12800
base,y,bias2,1.0018930435180664,0,12800
base,y,var,0.0018583557102829218,0,12800
base,fx,mspe,0.0017665433697402477,0,12800
base,fx,bias2,0.00033108054776676,0,12800
base,fx,var,0.0014354628510773182,0,12800
base,fr,mspe,0.01963510550558567,0,12800
base,fr,bias2,0.01819964125752449,0,12800
base,fr,var,0.0014354628510773182,0,12800
base,fz,mspe,0.0,0,12800
base,fz,bias2,0.0,0,12800
base,fz,var,0.0,0,12800
posthoc_web,y,mspe,1.0297389030456543,0,12800
posthoc_web,y,bias2,1.0280022621154785,0,12800
posthoc_web,y,var,0.0017365979729220271,0,12800
posthoc_web,fx,mspe,0.02105139195919037,0,12800
posthoc_web,fx,bias2,0.019746892154216766,0,12800
posthoc_web,fx,var,0.001304499339312315,0,12800
posthoc_web,fr,mspe,0.0016021948540583253,0,12800
posthoc_web,fr,bias2,0.0002976955147460103,0,12800
posthoc_web,fr,var,0.001304499339312315,0,12800
posthoc_web,fz,mspe,0.0,0,12800
posthoc_web,fz,bias2,0.0,0,12800
posthoc_web,fz,var,0.0,0,12800
refit,y,mspe,1.0036028623580933,0.5,12800
refit,y,bias2,1.0025821924209595,0.5,12800
refit,y,var,0.0010205638827756047,0.5,12800
refit,fx,mspe,0.0013360935263335705,0.5,12800
refit,fx,bias2,0.0003358270332682878,0.5,12800
refit,fx,var,0.001000266638584435,0.5,12800
refit,fr,mspe,0.021853551268577576,0.5,12800
refit,fr,bias2,0.020853286609053612,0.5,12800
refit,fr,var,0.001000266638584435,0.5,12800
refit,fz,mspe,0.0002249279641546309,0.5,12800
refit,fz,bias2,9.501703061687294e-06,0.5,12800
refit,fz,var,0.0002154262620024383,0.5,12800
refit_orth,y,mspe,1.0035903453826904,0.5,12800
refit_orth,y,bias2,1.0025707483291626,0.5,12800
refit_orth,y,var,0.001019671675749123,0.5,12800
refit_orth,fx,mspe,0.02060452476143837,0.5,12800
refit_orth,fx,bias2,0.019775385037064552,0.5,12800
refit_orth,fx,var,0.0008291394915431738,0.5,12800
refit_orth,fr,mspe,0.0011516163358464837,0.5,12800
refit_orth,fr,bias2,0.0003224767278879881,0.5,12800
refit_orth,fr,var,0.0008291394915431738,0.5,12800
refit_orth,fz,mspe,0.019730418920516968,0.5,12800
refit_orth,fz,bias2,0.019622130319476128,0.5,12800
refit_orth,fz,var,0.00010828993981704116,0.5,12800
base,y,mspe,1.0212270021438599,0.5,12800
base,y,bias2,1.0192272663116455,0.5,12800
base,y,var,0.0019997195340692997,0.5,12800
base,fx,mspe,0.012107810005545616,0.5,12800
base,fx,bias2,0.010637735016644001,0.5,12800
base,fx,var,0.001470074406825006,0.5,12800
base,fr,mspe,0.054542411118745804,0.5,12800
base,fr,bias2,0.053072333335876465,0.5,12800
base,fr,var,0.001470074406825006,0.5,12800
base,fz,mspe,0.01948864758014679,0.5,12800
base,fz,bias2,0.01948864758014679,0.5,12800
base,fz,var,0.0,0.5,12800
posthoc_web,y,mspe,1.108845829963684,0.5,12800
posthoc_web,y,bias2,1.1071155071258545,0.5,12800
posthoc_web,y,var,0.00173025275580585,0.5,12800
posthoc_web,fx,mspe,0.02557089738547802,0.5,12800
posthoc_web,fx,bias2,0.02434367686510086,0.5,12800
posthoc_web,fx,var,0.0012272235471755266,0.5,12800
posthoc_web,fr,mspe,0.0051209949888288975,0.5,12800
posthoc_web,fr,bias2,0.003893771208822727,0.5,12800
posthoc_web,fr,var,0.0012272235471755266,0.5,12800
posthoc_web,fz,mspe,0.01948864758014679,0.5,12800
posthoc_web,fz,bias2,0.01948864758014679,0.5,12800
posthoc_web,fz,var,0.0,0.5,12800
refit,y,mspe,1.0036143064498901,1,12800
refit,y,bias2,1.0025913715362549,1,12800
refit,y,var,0.0010230944026261568,1,12800
refit,fx,mspe,0.0013294697273522615,1,12800
refit,fx,bias2,0.00032551109325140715,1,12800
refit,fx,var,0.0010039586341008544,1,12800
refit,fr,mspe,0.0218817088752985,1,12800
refit,fr,bias2,0.02087775059044361,1,12800
refit,fr,var,0.0010039586341008544,1,12800
refit,fz,mspe,0.00022494794393423945,1,12800
refit,fz,bias2,1.0653005119820591e-05,1,12800
refit,fz,var,0.00021429493790492415,1,12800
refit_orth,y,mspe,1.003617286682129,1,12800
refit_orth,y,bias2,1.0025943517684937,1,12800
refit_orth,y,var,0.0010229441104456782,1,12800
refit_orth,fx,mspe,0.02060817740857601,1,12800
refit_orth,fx,bias2,0.019776253029704094,1,12800
refit_orth,fx,var,0.0008319264743477106,1,12800
refit_orth,fr,mspe,0.0011428662110120058,1,12800
refit_orth,fr,bias2,0.00031093982397578657,1,12800
refit_orth,fr,var,0.0008319264743477106,1,12800
refit_orth,fz,mspe,0.019735144451260567,1,12800
refit_orth,fz,bias2,0.019621437415480614,1,12800
refit_orth,fz,var,0.00011370800348231569,1,12800
base,y,mspe,1.052075982093811,1,12800
base,y,bias2,1.050003170967102,1,12800
base,y,var,0.002072870032861829,1,12800
base,fx,mspe,0.048287283629179,1,12800
base,fx,bias2,0.04680609703063965,1,12800
base,fx,var,0.0014811888104304671,1,12800
base,fr,mspe,0.11638209968805313,1,12800
base,fr,bias2,0.11490092426538467,1,12800
base,fr,var,0.0014811888104304671,1,12800
base,fz,mspe,0.07795459032058716,1,12800
base,fz,bias2,0.07795459032058716,1,12800
base,fz,var,0.0,1,12800
posthoc_web,y,mspe,1.2381702661514282,1,12800
posthoc_web,y,bias2,1.2362533807754517,1,12800
posthoc_web,y,var,0.0019169115694239736,1,12800
posthoc_web,fx,mspe,0.03928513824939728,1,12800
posthoc_web,fx,bias2,0.037963565438985825,1,12800
posthoc_web,fx,var,0.0013215714134275913,1,12800
posthoc_web,fr,mspe,0.017862943932414055,1,12800
posthoc_web,fr,bias2,0.01654137298464775,1,12800
posthoc_web,fr,var,0.0013215714134275913,1,12800
posthoc_web,fz,mspe,0.07795459032058716,1,12800
posthoc_web,fz,bias2,0.07795459032058716,1,12800
posthoc_web,fz,var,0.0,1,12800
refit,y,mspe,1.0038208961486816,1.5,12800
refit,y,bias2,1.002774953842163,1.5,12800
refit,y,var,0.001045871409587562,1.5,12800
refit,fx,mspe,0.0014026029966771603,1.5,12800
refit,fx,bias2,0.00032747656223364174,1.5,12800
refit,fx,var,0.0010751263471320271,1.5,12800
refit,fr,mspe,0.02146541140973568,1.5,12800
refit,fr,bias2,0.020390287041664124,1.5,12800
refit,fr,var,0.0010751263471320271,1.5,12800
refit,fz,mspe,0.00029322944465093315,1.5,12800
refit,fz,bias2,2.581944499979727e-06,1.5,12800
refit,fz,var,0.000290647498331964,1.5,12800
refit_orth,y,mspe,1.0038084983825684,1.5,12800
refit_orth,y,bias2,1.0027488470077515,1.5,12800
refit_orth,y,var,0.0010596757056191564,1.5,12800
refit_orth,fx,mspe,0.020662616938352585,1.5,12800
refit_orth,fx,bias2,0.0198002178221941,1.5,12800
refit_orth,fx,var,0.0008624003967270255,1.5,12800
refit_orth,fr,mspe,0.0011846489505842328,1.5,12800
refit_orth,fr,bias2,0.00032224852475337684,1.5,12800
refit_orth,fr,var,0.0008624003967270255,1.5,12800
refit_orth,fz,mspe,0.01974208652973175,1.5,12800
refit_orth,fz,bias2,0.019620785489678383,1.5,12800
refit_orth,fz,var,0.00012130199320381507,1.5,12800
base,y,mspe,1.0980253219604492,1.5,12800
base,y,bias2,1.0953441858291626,1.5,12800
base,y,var,0.0026810807175934315,1.5,12800
base,fx,mspe,0.10865303128957748,1.5,12800
base,fx,bias2,0.10686880350112915,1.5,12800
base,fx,var,0.0017842272063717246,1.5,12800
base,fr,mspe,0.20165905356407166,1.5,12800
base,fr,bias2,0.19987481832504272,1.5,12800
base,fr,var,0.0017842272063717246,1.5,12800
base,fz,mspe,0.1753978282213211,1.5,12800
base,fz,bias2,0.1753978282213211,1.5,12800
base,fz,var,0.0,1.5,12800
posthoc_web,y,mspe,1.4179116487503052,1.5,12800
posthoc_web,y,bias2,1.4154986143112183,1.5,12800
posthoc_web,y,var,0.0024130060337483883,1.5,12800
posthoc_web,fx,mspe,0.06154151260852814,1.5,12800
posthoc_web,fx,bias2,0.06004522368311882,1.5,12800
posthoc_web,fx,var,0.0014962938148528337,1.5,12800
posthoc_web,fr,mspe,0.03913002088665962,1.5,12800
posthoc_web,fr,bias2,0.03763372823596001,1.5,12800
posthoc_web,fr,var,0.0014962938148528337,1.5,12800
posthoc_web,fz,mspe,0.1753978282213211,1.5,12800
posthoc_web,fz,bias2,0.1753978282213211,1.5,12800
posthoc_web,fz,var,0.0,1.5,12800
refit,y,mspe,1.003658652305603,2,12800
refit,y,bias2,1.0026462078094482,2,12800
refit,y,var,0.001012446591630578,2,12800
refit,fx,mspe,0.0013993264874443412,2,12800
refit,fx,bias2,0.0003575792070478201,2,12800
refit,fx,var,0.001041747280396521,2,12800
refit,fr,mspe,0.02105846256017685,2,12800
refit,fr,bias2,0.020016714930534363,2,12800
refit,fr,var,0.001041747280396521,2,12800
refit,fz,mspe,0.0003095465654041618,2,12800
refit,fz,bias2,3.096160696713923e-07,2,12800
refit,fz,var,0.0003092369588557631,2,12800
refit_orth,y,mspe,1.0036548376083374,2,12800
refit_orth,y,bias2,1.0026429891586304,2,12800
refit_orth,y,var,0.0010117929195985198,2,12800
refit_orth,fx,mspe,0.020612556487321854,2,12800
refit_orth,fx,bias2,0.01979666016995907,2,12800
refit_orth,fx,var,0.0008158976561389863,2,12800
refit_orth,fr,mspe,0.0011728369863703847,2,12800
refit_orth,fr,bias2,0.00035693918471224606,2,12800
refit_orth,fr,var,0.0008158976561389863,2,12800
refit_orth,fz,mspe,0.01975124701857567,2,12800
refit_orth,fz,bias2,0.019620178267359734,2,12800
refit_orth,fz,var,0.00013107186532579362,2,12800
base,y,mspe,1.1561305522918701,2,12800
base,y,bias2,1.1532609462738037,2,12800
base,y,var,0.0028696537483483553,2,12800
base,fx,mspe,0.19398891925811768,2,12800
base,fx,bias2,0.19179263710975647,2,12800
base,fx,var,0.00219626328907907,2,12800
base,fr,mspe,0.3120015263557434,2,12800
base,fr,bias2,0.3098052740097046,2,12800
base,fr,var,0.00219626328907907,2,12800
base,fz,mspe,0.31181836128234863,2,12800
base,fz,bias2,0.31181836128234863,2,12800
base,fz,var,0.0,2,12800
posthoc_web,y,mspe,1.6456310749053955,2,12800
posthoc_web,y,bias2,1.6430487632751465,2,12800
posthoc_web,y,var,0.0025822282768785954,2,12800
posthoc_web,fx,mspe,0.09260085970163345,2,12800
posthoc_web,fx,bias2,0.09079384058713913,2,12800
posthoc_web,fx,var,0.0018070291262120008,2,12800
posthoc_web,fr,mspe,0.06925231218338013,2,12800
posthoc_web,fr,bias2,0.0674452856183052,2,12800
posthoc_web,fr,var,0.0018070291262120008,2,12800
posthoc_web,fz,mspe,0.31181836128234863,2,12800
posthoc_web,fz,bias2,0.31181836128234863,2,12800
posthoc_web,fz,var,0.0,2,12800
refit,y,mspe,1.003536581993103,2.5,12800
refit,y,bias2,1.0025336742401123,2.5,12800
refit,y,var,0.0010028921533375978,2.5,12800
refit,fx,mspe,0.0013730149948969483,2.5,12800
refit,fx,bias2,0.0003619161725509912,2.5,12800
refit,fx,var,0.0010110988514497876,2.5,12800
refit,fr,mspe,0.021328242495656013,2.5,12800
refit,fr,bias2,0.020317142829298973,2.5,12800
refit,fr,var,0.0010110988514497876,2.5,12800
refit,fz,mspe,0.00030842400155961514,2.5,12800
refit,fz,bias2,1.3530021760743693e-06,2.5,12800
refit,fz,var,0.00030707099358551204,2.5,12800
refit_orth,y,mspe,1.0035367012023926,2.5,12800
refit_orth,y,bias2,1.0025343894958496,2.5,12800
refit_orth,y,var,0.0010023005306720734,2.5,12800
refit_orth,fx,mspe,0.020577959716320038,2.5,12800
refit_orth,fx,bias2,0.019771354272961617,2.5,12800
refit_orth,fx,var,0.0008066081791184843,2.5,12800
refit_orth,fr,mspe,0.001164943678304553,2.5,12800
refit_orth,fr,bias2,0.0003583355573937297,2.5,12800
refit_orth,fr,var,0.0008066081791184843,2.5,12800
refit_orth,fz,mspe,0.019762618467211723,2.5,12800
refit_orth,fz,bias2,0.019619598984718323,2.5,12800
refit_orth,fz,var,0.00014301820192486048,2.5,12800
base,y,mspe,1.2277854681015015,2.5,12800
base,y,bias2,1.2246050834655762,2.5,12800
base,y,var,0.0031804449390619993,2.5,12800
base,fx,mspe,0.30285942554473877,2.5,12800
base,fx,bias2,0.3007088601589203,2.5,12800
base,fx,var,0.0021505430340766907,2.5,12800
base,fr,mspe,0.44569891691207886,2.5,12800
base,fr,bias2,0.4435483515262604,2.5,12800
base,fr,var,0.0021505430340766907,2.5,12800
base,fz,mspe,0.48721617460250854,2.5,12800
base,fz,bias2,0.48721617460250854,2.5,12800
base,fz,var,0.0,2.5,12800
posthoc_web,y,mspe,1.922654390335083,2.5,12800
posthoc_web,y,bias2,1.919754981994629,2.5,12800
posthoc_web,y,var,0.0028996276669204235,2.5,12800
posthoc_web,fx,mspe,0.13186301290988922,2.5,12800
posthoc_web,fx,bias2,0.1301153600215912,2.5,12800
posthoc_web,fx,var,0.0017476554494351149,2.5,12800
posthoc_web,fr,mspe,0.10754377394914627,2.5,12800
posthoc_web,fr,bias2,0.10579610615968704,2.5,12800
posthoc_web,fr,var,0.0017476554494351149,2.5,12800
posthoc_web,fz,mspe,0.48721617460250854,2.5,12800
posthoc_web,fz,bias2,0.48721617460250854,2.5,12800
posthoc_web,fz,var,0.0,2.5,12800
refit,y,mspe,1.0035414695739746,3,12800
refit,y,bias2,1.0025156736373901,3,12800
refit,y,var,0.0010257953545078635,3,12800
refit,fx,mspe,0.0014140382409095764,3,12800
refit,fx,bias2,0.00036306248512119055,3,12800
refit,fx,var,0.0010509757557883859,3,12800
refit,fr,mspe,0.021058039739727974,3,12800
refit,fr,bias2,0.020007064566016197,3,12800
refit,fr,var,0.0010509757557883859,3,12800
refit,fz,mspe,0.0003249055880587548,3,12800
refit,fz,bias2,6.981878755141224e-07,3,12800
refit,fz,var,0.00032420747447758913,3,12800
refit_orth,y,mspe,1.0035456418991089,3,12800
refit_orth,y,bias2,1.0025160312652588,3,12800
refit_orth,y,var,0.0010296807158738375,3,12800
refit_orth,fx,mspe,0.020636020228266716,3,12800
refit_orth,fx,bias2,0.01980525255203247,3,12800
refit_orth,fx,var,0.0008307662792503834,3,12800
refit_orth,fr,mspe,0.001193635631352663,3,12800
refit_orth,fr,bias2,0.0003628693229984492,3,12800
refit_orth,fr,var,0.0008307662792503834,3,12800
refit_orth,fz,mspe,0.019776204600930214,3,12800
refit_orth,fz,bias2,0.019619066268205643,3,12800
refit_orth,fz,var,0.00015713961329311132,3,12800
base,y,mspe,1.3142939805984497,3,12800
base,y,bias2,1.3101376295089722,3,12800
base,y,var,0.004156278911978006,3,12800
base,fx,mspe,0.4370858669281006,3,12800
base,fx,bias2,0.4344486892223358,3,12800
base,fx,var,0.002637137658894062,3,12800
base,fr,mspe,0.6049076914787292,3,12800
base,fr,bias2,0.6022706031799316,3,12800
base,fr,var,0.002637137658894062,3,12800
base,fz,mspe,0.7015913128852844,3,12800
base,fz,bias2,0.7015913128852844,3,12800
base,fz,var,0.0,3,12800
posthoc_web,y,mspe,2.250732183456421,3,12800
posthoc_web,y,bias2,2.246889114379883,3,12800
posthoc_web,y,var,0.003842914942651987,3,12800
posthoc_web,fx,mspe,0.18013587594032288,3,12800
posthoc_web,fx,bias2,0.17789867520332336,3,12800
posthoc_web,fx,var,0.002237188396975398,3,12800
posthoc_web,fr,mspe,0.1548296958208084,3,12800
posthoc_web,fr,bias2,0.1525924950838089,3,12800
posthoc_web,fr,var,0.002237188396975398,3,12800
posthoc_web,fz,mspe,0.7015913128852844,3,12800
posthoc_web,fz,bias2,0.7015913128852844,3,12800
posthoc_web,fz,var,0.0,3,12800
refit,y,mspe,1.0035908222198486,3.5,12800
refit,y,bias2,1.0026037693023682,3.5,12800
refit,y,var,0.0009870360372588038,3.5,12800
refit,fx,mspe,0.0013411700492724776,3.5,12800
refit,fx,bias2,0.00035410095006227493,3.5,12800
refit,fx,var,0.0009870692156255245,3.5,12800
refit,fr,mspe,0.020834635943174362,3.5,12800
refit,fr,bias2,0.0198475643992424,3.5,12800
refit,fr,var,0.0009870692156255245,3.5,12800
refit,fz,mspe,0.0003150921256747097,3.5,12800
refit,fz,bias2,1.2107748261769302e-06,3.5,12800
refit,fz,var,0.00031388134812004864,3.5,12800
refit_orth,y,mspe,1.003591537475586,3.5,12800
refit_orth,y,bias2,1.0026057958602905,3.5,12800
refit_orth,y,var,0.0009858082048594952,3.5,12800
refit_orth,fx,mspe,0.020616678521037102,3.5,12800
refit_orth,fx,bias2,0.01982438750565052,3.5,12800
refit_orth,fx,var,0.0007922909571789205,3.5,12800
refit_orth,fr,mspe,0.0011466857977211475,3.5,12800
refit_orth,fr,bias2,0.00035439495695754886,3.5,12800
refit_orth,fr,var,0.0007922909571789205,3.5,12800
refit_orth,fz,mspe,0.019792012870311737,3.5,12800
refit_orth,fz,bias2,0.019618576392531395,3.5,12800
refit_orth,fz,var,0.00017343778745271266,3.5,12800
base,y,mspe,1.4145150184631348,3.5,12800
base,y,bias2,1.4097354412078857,3.5,12800
base,y,var,0.0047796256840229034,3.5,12800
base,fx,mspe,0.6068868041038513,3.5,12800
base,fx,bias2,0.6036577820777893,3.5,12800
base,fx,var,0.0032291067764163017,3.5,12800
base,fr,mspe,0.8012058138847351,3.5,12800
base,fr,bias2,0.7979766726493835,3.5,12800
base,fr,var,0.0032291067764163017,3.5,12800
base,fz,mspe,0.9549437165260315,3.5,12800
base,fz,bias2,0.954943835735321,3.5,12800
base,fz,var,0.0,3.5,12800
posthoc_web,y,mspe,2.6319785118103027,3.5,12800
posthoc_web,y,bias2,2.6276848316192627,3.5,12800
posthoc_web,y,var,0.004293554928153753,3.5,12800
posthoc_web,fx,mspe,0.24084392189979553,3.5,12800
posthoc_web,fx,bias2,0.23830482363700867,3.5,12800
posthoc_web,fx,var,0.0025391066446900368,3.5,12800
posthoc_web,fr,mspe,0.21462905406951904,3.5,12800
posthoc_web,fr,bias2,0.2120899260044098,3.5,12800
posthoc_web,fr,var,0.0025391066446900368,3.5,12800
posthoc_web,fz,mspe,0.9549437165260315,3.5,12800
posthoc_web,fz,bias2,0.954943835735321,3.5,12800
posthoc_web,fz,var,0.0,3.5,12800
refit,y,mspe,1.0038728713989258,4,12800
refit,y,bias2,1.0028952360153198,4,12800
refit,y,var,0.0009777576196938753,4,12800
refit,fx,mspe,0.001396132167428732,4,12800
refit,fx,bias2,0.0003921195166185498,4,12800
refit,fx,var,0.001004012650810182,4,12800
refit,fr,mspe,0.020840253680944443,4,12800
refit,fr,bias2,0.019836241379380226,4,12800
refit,fr,var,0.001004012650810182,4,12800
refit,fz,mspe,0.0003537209995556623,4,12800
refit,fz,bias2,1.5540837239313987e-06,4,12800
refit,fz,var,0.00035216688411310315,4,12800
refit_orth,y,mspe,1.0038946866989136,4,12800
refit_orth,y,bias2,1.0029175281524658,4,12800
refit_orth,y,var,0.0009773294441401958,4,12800
refit_orth,fx,mspe,0.020685385912656784,4,12800
refit_orth,fx,bias2,0.01989762857556343,4,12800
refit_orth,fx,var,0.0007877598982304335,4,12800
refit_orth,fr,mspe,0.0011800158536061645,4,12800
refit_orth,fr,bias2,0.00039225592627190053,4,12800
refit_orth,fr,var,0.0007877598982304335,4,12800
refit_orth,fz,mspe,0.0198100283741951,4,12800
refit_orth,fz,bias2,0.019618118181824684,4,12800
refit_orth,fz,var,0.0001919125352287665,4,12800
base,y,mspe,1.5274717807769775,4,12800
base,y,bias2,1.5221956968307495,4,12800
base,y,var,0.00527588464319706,4,12800
base,fx,mspe,0.7810509204864502,4,12800
base,fx,bias2,0.7773584127426147,4,12800
base,fx,var,0.00369256385602057,4,12800
base,fr,mspe,0.998953104019165,4,12800
base,fr,bias2,0.9952605366706848,4,12800
base,fr,var,0.00369256385602057,4,12800
base,fz,mspe,1.2472734451293945,4,12800
base,fz,bias2,1.2472734451293945,4,12800
base,fz,var,0.0,4,12800
posthoc_web,y,mspe,3.0545341968536377,4,12800
posthoc_web,y,bias2,3.0497918128967285,4,12800
posthoc_web,y,var,0.00474208127707243,4,12800
posthoc_web,fx,mspe,0.30319371819496155,4,12800
posthoc_web,fx,bias2,0.3002816140651703,4,12800
posthoc_web,fx,var,0.00291211879812181,4,12800
posthoc_web,fr,mspe,0.2759604752063751,4,12800
posthoc_web,fr,bias2,0.27304837107658386,4,12800
posthoc_web,fr,var,0.00291211879812181,4,12800
posthoc_web,fz,mspe,1.2472734451293945,4,12800
posthoc_web,fz,bias2,1.2472734451293945,4,12800
posthoc_web,fz,var,0.0,4,12800
refit,y,mspe,1.0098426342010498,0,1600
refit,y,bias2,1.003810167312622,0,1600
refit,y,var,0.006032547447830439,0,1600
refit,fx,mspe,0.006931162904947996,0,1600
refit,fx,bias2,0.0017192921368405223,0,1600
refit,fx,var,0.005211870186030865,0,1600
refit,fr,mspe,0.024349359795451164,0,1600
refit,fr,bias2,0.019137492403388023,0,1600
refit,fr,var,0.005211870186030865,0,1600
refit,fz,mspe,0.0021635210141539574,0,1600
refit,fz,bias2,0.00012027637421851978,0,1600
refit,fz,var,0.002043244894593954,0,1600
refit_orth,y,mspe,1.0098316669464111,0,1600
refit_orth,y,bias2,1.0038098096847534,0,1600
refit_orth,y,var,0.0060218037106096745,0,1600
refit_orth,fx,mspe,0.025682440027594566,0,1600
refit_orth,fx,bias2,0.02156294882297516,0,1600
refit_orth,fx,var,0.004119492135941982,0,1600
refit_orth,fr,mspe,0.0057825506664812565,0,1600
refit_orth,fr,bias2,0.0016630584141239524,0,1600
refit_orth,fr,var,0.004119492135941982,0,1600
refit_orth,fz,mspe,0.022073760628700256,0,1600
refit_orth,fz,bias2,0.020904498174786568,0,1600
refit_orth,fz,var,0.0011692623374983668,0,1600
base,y,mspe,1.0105319023132324,0,1600
base,y,bias2,1.0037709474563599,0,1600
base,y,var,0.0067608957178890705,0,1600
base,fx,mspe,0.0054551889188587666,0,1600
base,fx,bias2,0.0007752549718134105,0,1600
base,fx,var,0.0046799336560070515,0,1600
base,fr,mspe,0.023669419810175896,0,1600
base,fr,bias2,0.01898948661983013,0,1600
base,fr,var,0.0046799336560070515,0,1600
base,fz,mspe,0.0,0,1600
base,fz,bias2,0.0,0,1600
base,fz,var,0.0,0,1600
posthoc_web,y,mspe,1.0362286567687988,0,1600
posthoc_web,y,bias2,1.0299397706985474,0,1600
posthoc_web,y,var,0.0062888930551707745,0,1600
posthoc_web,fx,mspe,0.024309467524290085,0,1600
posthoc_web,fx,bias2,0.020200049504637718,0,1600
posthoc_web,fx,var,0.004109420347958803,0,1600
posthoc_web,fr,mspe,0.004863491281867027,0,1600
posthoc_web,fr,bias2,0.0007540711667388678,0,1600
posthoc_web,fr,var,0.004109420347958803,0,1600
posthoc_web,fz,mspe,0.0,0,1600
posthoc_web,fz,bias2,0.0,0,1600
posthoc_web,fz,var,0.0,0,1600
refit,y,mspe,1.0121599435806274,0.5,1600
refit,y,bias2,1.0056846141815186,0.5,1600
refit,y,var,0.006475310772657394,0.5,1600
refit,fx,mspe,0.007544911932200193,0.5,1600
refit,fx,bias2,0.0020147780887782574,0.5,1600
refit,fx,var,0.005530133843421936,0.5,1600
refit,fr,mspe,0.031402088701725006,0.5,1600
refit,fr,bias2,0.02587195485830307,0.5,1600
refit,fr,var,0.005530133843421936,0.5,1600
refit,fz,mspe,0.00231561460532248,0.5,1600
refit,fz,bias2,0.0001730608200887218,0.5,1600
refit,fz,var,0.0021425539162009954,0.5,1600
refit_orth,y,mspe,1.012160301208496,0.5,1600
refit_orth,y,bias2,1.0056853294372559,0.5,1600
refit_orth,y,var,0.00647515757009387,0.5,1600
refit_orth,fx,mspe,0.026510410010814667,0.5,1600
refit_orth,fx,bias2,0.021955518051981926,0.5,1600
refit_orth,fx,var,0.00455488869920373,0.5,1600
refit_orth,fr,mspe,0.006330651231110096,0.5,1600
refit_orth,fr,bias2,0.0017757625319063663,0.5,1600
refit_orth,fr,var,0.00455488869920373,0.5,1600
refit_orth,fz,mspe,0.022117383778095245,0.5,1600
refit_orth,fz,bias2,0.020903749391436577,0.5,1600
refit_orth,fz,var,0.0012136350851505995,0.5,1600
base,y,mspe,1.0273250341415405,0.5,1600
base,y,bias2,1.020911455154419,0.5,1600
base,y,var,0.006413545459508896,0.5,1600
base,fx,mspe,0.017178542912006378,0.5,1600
base,fx,bias2,0.012533054687082767,0.5,1600
base,fx,var,0.004645487759262323,0.5,1600
base,fr,mspe,0.06112515553832054,0.5,1600
base,fr,bias2,0.056479670107364655,0.5,1600
base,fr,var,0.004645487759262323,0.5,1600
base,fz,mspe,0.01948864758014679,0.5,1600
base,fz,bias2,0.01948864758014679,0.5,1600
base,fz,var,0.0,0.5,1600
posthoc_web,y,mspe,1.1157104969024658,0.5,1600
posthoc_web,y,bias2,1.109566330909729,0.5,1600
posthoc_web,y,var,0.006143985781818628,0.5,1600
posthoc_web,fx,mspe,0.029341354966163635,0.5,1600
posthoc_web,fx,bias2,0.02529568411409855,0.5,1600
posthoc_web,fx,var,0.004045670852065086,0.5,1600
posthoc_web,fr,mspe,0.008910682052373886,0.5,1600
posthoc_web,fr,bias2,0.004865011665970087,0.5,1600
posthoc_web,fr,var,0.004045670852065086,0.5,1600
posthoc_web,fz,mspe,0.01948864758014679,0.5,1600
posthoc_web,fz,bias2,0.01948864758014679,0.5,1600
posthoc_web,fz,var,0.0,0.5,1600
refit,y,mspe,1.0131324529647827,1,1600
refit,y,bias2,1.006831169128418,1,1600
refit,y,var,0.006301338784396648,1,1600
refit,fx,mspe,0.007971520535647869,1,1600
refit,fx,bias2,0.0024881737772375345,1,1600
refit,fx,var,0.005483346059918404,1,1600
refit,fr,mspe,0.03364508971571922,1,1600
refit,fr,bias2,0.02816174179315567,1,1600
refit,fr,var,0.005483346059918404,1,1600
refit,fz,mspe,0.002643459476530552,1,1600
refit,fz,bias2,0.0003831266367342323,1,1600
refit,fz,var,0.002260332927107811,1,1600
refit_orth,y,mspe,1.0131211280822754,1,1600
refit_orth,y,bias2,1.00682532787323,1,1600
refit_orth,y,var,0.0062957569025456905,1,1600
refit_orth,fx,mspe,0.026556335389614105,1,1600
refit_orth,fx,bias2,0.022158220410346985,1,1600
refit_orth,fx,var,0.0043981135822832584,1,1600
refit_orth,fr,mspe,0.006401386111974716,1,1600
refit_orth,fr,bias2,0.0020032734610140324,1,1600
refit_orth,fr,var,0.0043981135822832584,1,1600
refit_orth,fz,mspe,0.02218881994485855,1,1600
refit_orth,fz,bias2,0.02090306207537651,1,1600
refit_orth,fz,var,0.0012857600813731551,1,1600
base,y,mspe,1.0609384775161743,1,1600
base,y,bias2,1.0524187088012695,1,1600
base,y,var,0.008519768714904785,1,1600
base,fx,mspe,0.05537625774741173,1,1600
base,fx,bias2,0.04965414106845856,1,1600
base,fx,var,0.0057221148163080215,1,1600
base,fr,mspe,0.1246083676815033,1,1600
base,fr,bias2,0.11888626217842102,1,1600
base,fr,var,0.0057221148163080215,1,1600
base,fz,mspe,0.07795459032058716,1,1600
base,fz,bias2,0.07795459032058716,1,1600
base,fz,var,0.0,1,1600
posthoc_web,y,mspe,1.2465499639511108,1,1600
posthoc_web,y,bias2,1.2386868000030518,1,1600
posthoc_web,y,var,0.007863100618124008,1,1600
posthoc_web,fx,mspe,0.043933454900979996,1,1600
posthoc_web,fx,bias2,0.0390453040599823,1,1600
posthoc_web,fx,var,0.004888144787400961,1,1600
posthoc_web,fr,mspe,0.02281700074672699,1,1600
posthoc_web,fr,bias2,0.01792885735630989,1,1600
posthoc_web,fr,var,0.004888144787400961,1,1600
posthoc_web,fz,mspe,0.07795459032058716,1,1600
posthoc_web,fz,bias2,0.07795459032058716,1,1600
posthoc_web,fz,var,0.0,1,1600
refit,y,mspe,1.0127174854278564,1.5,1600
refit,y,bias2,1.0066300630569458,1.5,1600
refit,y,var,0.006087262649089098,1.5,1600
refit,fx,mspe,0.00796735193580389,1.5,1600
refit,fx,bias2,0.0026132571510970592,1.5,1600
refit,fx,var,0.005354095716029406,1.5,1600
refit,fr,mspe,0.03439712151885033,1.5,1600
refit,fr,bias2,0.029043026268482208,1.5,1600
refit,fr,var,0.005354095716029406,1.5,1600
refit,fz,mspe,0.002778989030048251,1.5,1600
refit,fz,bias2,0.0004899856285192072,1.5,1600
refit,fz,var,0.0022890036925673485,1.5,1600
refit_orth,y,mspe,1.0127161741256714,1.5,1600
refit_orth,y,bias2,1.0066276788711548,1.5,1600
refit_orth,y,var,0.0060886358842253685,1.5,1600
refit_orth,fx,mspe,0.02627989836037159,1.5,1600
refit_orth,fx,bias2,0.022111712023615837,1.5,1600
refit_orth,fx,var,0.004168185405433178,1.5,1600
refit_orth,fr,mspe,0.006168850697577,1.5,1600
refit_orth,fr,bias2,0.002000665757805109,1.5,1600
refit_orth,fr,var,0.004168185405433178,1.5,1600
refit_orth,fz,mspe,0.02228805050253868,1.5,1600
refit_orth,fz,bias2,0.020902413874864578,1.5,1600
refit_orth,fz,var,0.0013856369769200683,1.5,1600
base,y,mspe,1.1062476634979248,1.5,1600
base,y,bias2,1.0962368249893188,1.5,1600
base,y,var,0.01001085713505745,1.5,1600
base,fx,mspe,0.11910609900951385,1.5,1600
base,fx,bias2,0.11261820048093796,1.5,1600
base,fx,var,0.00648790318518877,1.5,1600
base,fr,mspe,0.2139187604188919,1.5,1600
base,fr,bias2,0.2074308842420578,1.5,1600
base,fr,var,0.00648790318518877,1.5,1600
base,fz,mspe,0.1753978282213211,1.5,1600
base,fz,bias2,0.1753978282213211,1.5,1600
base,fz,var,0.0,1.5,1600
posthoc_web,y,mspe,1.4274412393569946,1.5,1600
posthoc_web,y,bias2,1.4179589748382568,1.5,1600
posthoc_web,y,var,0.009482056833803654,1.5,1600
posthoc_web,fx,mspe,0.06762195378541946,1.5,1600
posthoc_web,fx,bias2,0.06215609610080719,1.5,1600
posthoc_web,fx,var,0.005465862341225147,1.5,1600
posthoc_web,fr,mspe,0.04536741226911545,1.5,1600
posthoc_web,fr,bias2,0.039901550859212875,1.5,1600
posthoc_web,fr,var,0.005465862341225147,1.5,1600
posthoc_web,fz,mspe,0.1753978282213211,1.5,1600
posthoc_web,fz,bias2,0.1753978282213211,1.5,1600
posthoc_web,fz,var,0.0,1.5,1600
refit,y,mspe,1.0129154920578003,2,1600
refit,y,bias2,1.0069150924682617,2,1600
refit,y,var,0.006000366993248463,2,1600
refit,fx,mspe,0.0076094819232821465,2,1600
refit,fx,bias2,0.0023835895117372274,2,1600
refit,fx,var,0.005225892178714275,2,1600
refit,fr,mspe,0.03306231647729874,2,1600
refit,fr,bias2,0.027836425229907036,2,1600
refit,fr,var,0.005225892178714275,2,1600
refit,fz,mspe,0.002708642277866602,2,1600
refit,fz,bias2,0.00035183411091566086,2,1600
refit,fz,var,0.0023568079341202974,2,1600
refit_orth,y,mspe,1.0129224061965942,2,1600
refit_orth,y,bias2,1.0069164037704468,2,1600
refit_orth,y,var,0.0060059381648898125,2,1600
refit_orth,fx,mspe,0.02614309825003147,2,1600
refit_orth,fx,bias2,0.022073820233345032,2,1600
refit_orth,fx,var,0.0040692780166864395,2,1600
refit_orth,fr,mspe,0.0060010040178895,2,1600
refit_orth,fr,bias2,0.0019317263504490256,2,1600
refit_orth,fr,var,0.0040692780166864395,2,1600
refit_orth,fz,mspe,0.022415099665522575,2,1600
refit_orth,fz,bias2,0.020901832729578018,2,1600
refit_orth,fz,var,0.0015132661210373044,2,1600
base,y,mspe,1.1635438203811646,2,1600
base,y,bias2,1.1543742418289185,2,1600
base,y,var,0.00916958786547184,2,1600
base,fx,mspe,0.20191936194896698,2,1600
base,fx,bias2,0.19511950016021729,2,1600
base,fx,var,0.006799872498959303,2,1600
base,fr,mspe,0.3205844759941101,2,1600
base,fr,bias2,0.3137845993041992,2,1600
base,fr,var,0.006799872498959303,2,1600
base,fz,mspe,0.31181836128234863,2,1600
base,fz,bias2,0.31181836128234863,2,1600
base,fz,var,0.0,2,1600
posthoc_web,y,mspe,1.6523535251617432,2,1600
posthoc_web,y,bias2,1.6436572074890137,2,1600
posthoc_web,y,var,0.00869608111679554,2,1600
posthoc_web,fx,mspe,0.09758498519659042,2,1600
posthoc_web,fx,bias2,0.09211869537830353,2,1600
posthoc_web,fx,var,0.005466294940561056,2,1600
posthoc_web,fr,mspe,0.07452224940061569,2,1600
posthoc_web,fr,bias2,0.0690559446811676,2,1600
posthoc_web,fr,var,0.005466294940561056,2,1600
posthoc_web,fz,mspe,0.31181836128234863,2,1600
posthoc_web,fz,bias2,0.31181836128234863,2,1600
posthoc_web,fz,var,0.0,2,1600
refit,y,mspe,1.0123393535614014,2.5,1600
refit,y,bias2,1.006454348564148,2.5,1600
refit,y,var,0.00588504271581769,2.5,1600
refit,fx,mspe,0.007241959683597088,2.5,1600
refit,fx,bias2,0.0021078104618936777,2.5,1600
refit,fx,var,0.005134149920195341,2.5,1600
refit,fr,mspe,0.0320589579641819,2.5,1600
refit,fr,bias2,0.02692481130361557,2.5,1600
refit,fr,var,0.005134149920195341,2.5,1600
refit,fz,mspe,0.0029147621244192123,2.5,1600
refit,fz,bias2,0.00026302115293219686,2.5,1600
refit,fz,var,0.0026517407968640327,2.5,1600
refit_orth,y,mspe,1.0123684406280518,2.5,1600
refit_orth,y,bias2,1.0064712762832642,2.5,1600
refit_orth,y,var,0.005897196009755135,2.5,1600
refit_orth,fx,mspe,0.025771474465727806,2.5,1600
refit_orth,fx,bias2,0.02180834300816059,2.5,1600
refit_orth,fx,var,0.003963133320212364,2.5,1600
refit_orth,fr,mspe,0.005711318459361792,2.5,1600
refit_orth,fr,bias2,0.0017481849063187838,2.5,1600
refit_orth,fr,var,0.003963133320212364,2.5,1600
refit_orth,fz,mspe,0.022569963708519936,2.5,1600
refit_orth,fz,bias2,0.020901313051581383,2.5,1600
refit_orth,fz,var,0.001668650540523231,2.5,1600
base,y,mspe,1.2388263940811157,2.5,1600
base,y,bias2,1.2265738248825073,2.5,1600
base,y,var,0.012252726592123508,2.5,1600
base,fx,mspe,0.3115678131580353,2.5,1600
base,fx,bias2,0.3023451864719391,2.5,1600
base,fx,var,0.009222589433193207,2.5,1600
base,fr,mspe,0.45456182956695557,2.5,1600
base,fr,bias2,0.4453392028808594,2.5,1600
base,fr,var,0.009222589433193207,2.5,1600
base,fz,mspe,0.48721617460250854,2.5,1600
base,fz,bias2,0.48721617460250854,2.5,1600
base,fz,var,0.0,2.5,1600
posthoc_web,y,mspe,1.9305452108383179,2.5,1600
posthoc_web,y,bias2,1.9195468425750732,2.5,1600
posthoc_web,y,var,0.010998380370438099,2.5,1600
posthoc_web,fx,mspe,0.1383262574672699,2.5,1600
posthoc_web,fx,bias2,0.1307830959558487,2.5,1600
posthoc_web,fx,var,0.007543154992163181,2.5,1600
posthoc_web,fr,mspe,0.11439613252878189,2.5,1600
posthoc_web,fr,bias2,0.10685297846794128,2.5,1600
posthoc_web,fr,var,0.007543154992163181,2.5,1600
posthoc_web,fz,mspe,0.48721617460250854,2.5,1600
posthoc_web,fz,bias2,0.48721617460250854,2.5,1600
posthoc_web,fz,var,0.0,2.5,1600
refit,y,mspe,1.012966275215149,3,1600
refit,y,bias2,1.0069057941436768,3,1600
refit,y,var,0.006060349754989147,3,1600
refit,fx,mspe,0.007731214631348848,3,1600
refit,fx,bias2,0.0022891515400260687,3,1600
refit,fx,var,0.005442062392830849,3,1600
refit,fr,mspe,0.03244636207818985,3,1600
refit,fr,bias2,0.027004294097423553,3,1600
refit,fr,var,0.005442062392830849,3,1600
refit,fz,mspe,0.0031789576169103384,3,1600
refit,fz,bias2,0.000254360114922747,3,1600
refit,fz,var,0.002924597356468439,3,1600
refit_orth,y,mspe,1.0129690170288086,3,1600
refit_orth,y,bias2,1.0069071054458618,3,1600
refit_orth,y,var,0.006061941850930452,3,1600
refit_orth,fx,mspe,0.02615864761173725,3,1600
refit_orth,fx,bias2,0.022025996819138527,3,1600
refit_orth,fx,var,0.0041326479986310005,3,1600
refit_orth,fr,mspe,0.006075045093894005,3,1600
refit_orth,fr,bias2,0.0019423967460170388,3,1600
refit_orth,fr,var,0.0041326479986310005,3,1600
refit_orth,fz,mspe,0.02275262400507927,3,1600
refit_orth,fz,bias2,0.020900839939713478,3,1600
refit_orth,fz,var,0.0018517827847972512,3,1600
base,y,mspe,1.3257373571395874,3,1600
base,y,bias2,1.3114889860153198,3,1600
base,y,var,0.014248494990170002,3,1600
base,fx,mspe,0.4420869052410126,3,1600
base,fx,bias2,0.4314529299736023,3,1600
base,fx,var,0.010633988305926323,3,1600
base,fr,mspe,0.6092442274093628,3,1600
base,fr,bias2,0.5986102223396301,3,1600
base,fr,var,0.010633988305926323,3,1600
base,fz,mspe,0.7015913128852844,3,1600
base,fz,bias2,0.7015913128852844,3,1600
base,fz,var,0.0,3,1600
posthoc_web,y,mspe,2.257112503051758,3,1600
posthoc_web,y,bias2,2.2436490058898926,3,1600
posthoc_web,y,var,0.01346354279667139,3,1600
posthoc_web,fx,mspe,0.18541225790977478,3,1600
posthoc_web,fx,bias2,0.17689479887485504,3,1600
posthoc_web,fx,var,0.008517460897564888,3,1600
posthoc_web,fr,mspe,0.1605154573917389,3,1600
posthoc_web,fr,bias2,0.15199799835681915,3,1600
posthoc_web,fr,var,0.008517460897564888,3,1600
posthoc_web,fz,mspe,0.7015913128852844,3,1600
posthoc_web,fz,bias2,0.7015913128852844,3,1600
posthoc_web,fz,var,0.0,3,1600
refit,y,mspe,1.0122841596603394,3.5,1600
refit,y,bias2,1.0063049793243408,3.5,1600
refit,y,var,0.005979265086352825,3.5,1600
refit,fx,mspe,0.007389243692159653,3.5,1600
refit,fx,bias2,0.0020070236641913652,3.5,1600
refit,fx,var,0.005382220726460218,3.5,1600
refit,fr,mspe,0.031379133462905884,3.5,1600
refit,fr,bias2,0.025996914133429527,3.5,1600
refit,fr,var,0.005382220726460218,3.5,1600
refit,fz,mspe,0.0034274302888661623,3.5,1600
refit,fz,bias2,0.0001770811213646084,3.5,1600
refit,fz,var,0.0032503490801900625,3.5,1600
refit_orth,y,mspe,1.0122793912887573,3.5,1600
refit_orth,y,bias2,1.0063018798828125,3.5,1600
refit_orth,y,var,0.005977469030767679,3.5,1600
refit_orth,fx,mspe,0.02586732804775238,3.5,1600
refit_orth,fx,bias2,0.0218125581741333,3.5,1600
refit_orth,fx,var,0.00405476801097393,3.5,1600
refit_orth,fr,mspe,0.005805862136185169,3.5,1600
refit_orth,fr,bias2,0.0017510943580418825,3.5,1600
refit_orth,fr,var,0.00405476801097393,3.5,1600
refit_orth,fz,mspe,0.022963104769587517,3.5,1600
refit_orth,fz,bias2,0.020900435745716095,3.5,1600
refit_orth,fz,var,0.002062670886516571,3.5,1600
base,y,mspe,1.4276257753372192,3.5,1600
base,y,bias2,1.4112988710403442,3.5,1600
base,y,var,0.01632700115442276,3.5,1600
base,fx,mspe,0.6044528484344482,3.5,1600
base,fx,bias2,0.5919463634490967,3.5,1600
base,fx,var,0.012506464496254921,3.5,1600
base,fr,mspe,0.7968803644180298,3.5,1600
base,fr,bias2,0.7843738794326782,3.5,1600
base,fr,var,0.012506464496254921,3.5,1600
base,fz,mspe,0.9549437165260315,3.5,1600
base,fz,bias2,0.954943835735321,3.5,1600
base,fz,var,0.0,3.5,1600
posthoc_web,y,mspe,2.634542226791382,3.5,1600
posthoc_web,y,bias2,2.619968891143799,3.5,1600
posthoc_web,y,var,0.01457313634455204,3.5,1600
posthoc_web,fx,mspe,0.2436775267124176,3.5,1600
posthoc_web,fx,bias2,0.23437847197055817,3.5,1600
posthoc_web,fx,var,0.009299058467149734,3.5,1600
posthoc_web,fr,mspe,0.2179502695798874,3.5,1600
posthoc_web,fr,bias2,0.20865119993686676,3.5,1600
posthoc_web,fr,var,0.009299058467149734,3.5,1600
posthoc_web,fz,mspe,0.9549437165260315,3.5,1600
posthoc_web,fz,bias2,0.954943835735321,3.5,1600
posthoc_web,fz,var,0.0,3.5,1600
refit,y,mspe,1.0126702785491943,4,1600
refit,y,bias2,1.0066161155700684,4,1600
refit,y,var,0.006054247729480267,4,1600
refit,fx,mspe,0.007468200754374266,4,1600
refit,fx,bias2,0.0020946692675352097,4,1600
refit,fx,var,0.005373531486839056,4,1600
refit,fr,mspe,0.03166501969099045,4,1600
refit,fr,bias2,0.026291484013199806,4,1600
refit,fr,var,0.005373531486839056,4,1600
refit,fz,mspe,0.00349877355620265,4,1600
refit,fz,bias2,0.00020656939886976033,4,1600
refit,fz,var,0.0032922038808465004,4,1600
refit_orth,y,mspe,1.012662410736084,4,1600
refit_orth,y,bias2,1.0066097974777222,4,1600
refit_orth,y,var,0.006052641663700342,4,1600
refit_orth,fx,mspe,0.026089558377861977,4,1600
refit_orth,fx,bias2,0.021959958598017693,4,1600
refit_orth,fx,var,0.004129599779844284,4,1600
refit_orth,fr,mspe,0.005944272503256798,4,1600
refit_orth,fr,bias2,0.0018146723741665483,4,1600
refit_orth,fr,var,0.004129599779844284,4,1600
refit_orth,fz,mspe,0.02320139855146408,4,1600
refit_orth,fz,bias2,0.02090008743107319,4,1600
refit_orth,fz,var,0.002301309024915099,4,1600
base,y,mspe,1.5433825254440308,4,1600
base,y,bias2,1.5242866277694702,4,1600
base,y,var,0.01909579522907734,4,1600
base,fx,mspe,0.7676166296005249,4,1600
base,fx,bias2,0.7517437934875488,4,1600
base,fx,var,0.01587291806936264,4,1600
base,fr,mspe,0.9820411801338196,4,1600
base,fr,bias2,0.9661683440208435,4,1600
base,fr,var,0.01587291806936264,4,1600
base,fz,mspe,1.2472734451293945,4,1600
base,fz,bias2,1.2472734451293945,4,1600
base,fz,var,0.0,4,1600
posthoc_web,y,mspe,3.055422067642212,4,1600
posthoc_web,y,bias2,3.037590265274048,4,1600
posthoc_web,y,var,0.017831886187195778,4,1600
posthoc_web,fx,mspe,0.3041253983974457,4,1600
posthoc_web,fx,bias2,0.29163551330566406,4,1600
posthoc_web,fx,var,0.01248988974839449,4,1600
posthoc_web,fr,mspe,0.27730074524879456,4,1600
posthoc_web,fr,bias2,0.26481086015701294,4,1600
posthoc_web,fr,var,0.01248988974839449,4,1600
posthoc_web,fz,mspe,1.2472734451293945,4,1600
posthoc_web,fz,bias2,1.2472734451293945,4,1600
posthoc_web,fz,var,0.0,4,1600
refit,y,mspe,1.002303957939148,0,25600
refit,y,bias2,1.0016330480575562,0,25600
refit,y,var,0.0006709664594382048,0,25600
refit,fx,mspe,0.0008129978086799383,0,25600
refit,fx,bias2,0.00014597419067285955,0,25600
refit,fx,var,0.0006670237053185701,0,25600
refit,fr,mspe,0.02013421058654785,0,25600
refit,fr,bias2,0.01946718618273735,0,25600
refit,fr,var,0.0006670237053185701,0,25600
refit,fz,mspe,0.00022254817304201424,0,25600
refit,fz,bias2,2.583392188171274e-06,0,25600
refit,fz,var,0.00021996480063535273,0,25600
refit_orth,y,mspe,1.0022954940795898,0,25600
refit_orth,y,bias2,1.0016385316848755,0,25600
refit_orth,y,var,0.0006569132674485445,0,25600
refit_orth,fx,mspe,0.020169174298644066,0,25600
refit_orth,fx,bias2,0.019612731412053108,0,25600
refit_orth,fx,var,0.000556443992536515,0,25600
refit_orth,fr,mspe,0.0007025639642961323,0,25600
refit_orth,fr,bias2,0.00014611992810387164,0,25600
refit_orth,fr,var,0.000556443992536515,0,25600
refit_orth,fz,mspe,0.019814545288681984,0,25600
refit_orth,fz,bias2,0.019747482612729073,0,25600
refit_orth,fz,var,6.706177373416722e-05,0,25600
base,y,mspe,1.0029088258743286,0,25600
base,y,bias2,1.0017669200897217,0,25600
base,y,var,0.001141784363426268,0,25600
base,fx,mspe,0.001018958049826324,0,25600
base,fx,bias2,0.00012481566227506846,0,25600
base,fx,var,0.0008941423729993403,0,25600
base,fr,mspe,0.020419668406248093,0,25600
base,fr,bias2,0.019525526091456413,0,25600
base,fr,var,0.0008941423729993403,0,25600
base,fz,mspe,0.0,0,25600
base,fz,bias2,0.0,0,25600
base,fz,var,0.0,0,25600
posthoc_web,y,mspe,1.0291255712509155,0,25600
posthoc_web,y,bias2,1.0280756950378418,0,25600
posthoc_web,y,var,0.0010498688789084554,0,25600
posthoc_web,fx,mspe,0.020291311666369438,0,25600
posthoc_web,fx,bias2,0.019488545134663582,0,25600
posthoc_web,fx,var,0.0008027656585909426,0,25600
posthoc_web,fr,mspe,0.000927673710975796,0,25600
posthoc_web,fr,bias2,0.00012490805238485336,0,25600
posthoc_web,fr,var,0.0008027656585909426,0,25600
posthoc_web,fz,mspe,0.0,0,25600
posthoc_web,fz,bias2,0.0,0,25600
posthoc_web,fz,var,0.0,0,25600
refit,y,mspe,1.0034583806991577,0.5,25600
refit,y,bias2,1.002773642539978,0.5,25600
refit,y,var,0.0006846616161055863,0.5,25600
refit,fx,mspe,0.0008934632642194629,0.5,25600
refit,fx,bias2,0.00023165318998508155,0.5,25600
refit,fx,var,0.0006618101615458727,0.5,25600
refit,fr,mspe,0.022781243547797203,0.5,25600
refit,fr,bias2,0.02211943082511425,0.5,25600
refit,fr,var,0.0006618101615458727,0.5,25600
refit,fz,mspe,0.00022628638544119895,0.5,25600
refit,fz,bias2,6.329767347779125e-05,0.5,25600
refit,fz,var,0.00016298872651532292,0.5,25600
refit_orth,y,mspe,1.0034407377243042,0.5,25600
refit_orth,y,bias2,1.0027483701705933,0.5,25600
refit_orth,y,var,0.0006923760520294309,0.5,25600
refit_orth,fx,mspe,0.0203216765075922,0.5,25600
refit_orth,fx,bias2,0.019729264080524445,0.5,25600
refit_orth,fx,var,0.0005924127181060612,0.5,25600
refit_orth,fr,mspe,0.0007503527449443936,0.5,25600
refit_orth,fr,bias2,0.00015794008504599333,0.5,25600
refit_orth,fr,var,0.0005924127181060612,0.5,25600
refit_orth,fz,mspe,0.01981603540480137,0.5,25600
refit_orth,fz,bias2,0.01974714919924736,0.5,25600
refit_orth,fz,var,6.888696225360036e-05,0.5,25600
base,y,mspe,1.0200577974319458,0.5,25600
base,y,bias2,1.0186846256256104,0.5,25600
base,y,var,0.0013731964863836765,0.5,25600
base,fx,mspe,0.013120565563440323,0.5,25600
base,fx,bias2,0.012244660407304764,0.5,25600
base,fx,var,0.0008759062620811164,0.5,25600
base,fr,mspe,0.05738607048988342,0.5,25600
base,fr,bias2,0.056510161608457565,0.5,25600
base,fr,var,0.0008759062620811164,0.5,25600
base,fz,mspe,0.01948864758014679,0.5,25600
base,fz,bias2,0.01948864758014679,0.5,25600
base,fz,var,0.0,0.5,25600
posthoc_web,y,mspe,1.1083476543426514,0.5,25600
posthoc_web,y,bias2,1.1070832014083862,0.5,25600
posthoc_web,y,var,0.00126446143258363,0.5,25600
posthoc_web,fx,mspe,0.025373773649334908,0.5,25600
posthoc_web,fx,bias2,0.024600768461823463,0.5,25600
posthoc_web,fx,var,0.0007730071083642542,0.5,25600
posthoc_web,fr,mspe,0.005148401949554682,0.5,25600
posthoc_web,fr,bias2,0.004375394433736801,0.5,25600
posthoc_web,fr,var,0.0007730071083642542,0.5,25600
posthoc_web,fz,mspe,0.01948864758014679,0.5,25600
posthoc_web,fz,bias2,0.01948864758014679,0.5,25600
posthoc_web,fz,var,0.0,0.5,25600
refit,y,mspe,1.0035552978515625,1,25600
refit,y,bias2,1.002927541732788,1,25600
refit,y,var,0.0006277262582443655,1,25600
refit,fx,mspe,0.000800172972958535,1,25600
refit,fx,bias2,0.00020760676125064492,1,25600
refit,fx,var,0.000592566269915551,1,25600
refit,fr,mspe,0.0225461907684803,1,25600
refit,fr,bias2,0.021953623741865158,1,25600
refit,fr,var,0.000592566269915551,1,25600
refit,fz,mspe,0.0002068485482595861,1,25600
refit,fz,bias2,5.529473492060788e-05,1,25600
refit,fz,var,0.00015155383152887225,1,25600
refit_orth,y,mspe,1.003553867340088,1,25600
refit_orth,y,bias2,1.0029335021972656,1,25600
refit_orth,y,var,0.0006204936071299016,1,25600
refit_orth,fx,mspe,0.020231561735272408,1,25600
refit_orth,fx,bias2,0.019708022475242615,1,25600
refit_orth,fx,var,0.0005235394928604364,1,25600
refit_orth,fr,mspe,0.0006666348781436682,1,25600
refit_orth,fr,bias2,0.00014309539983514696,1,25600
refit_orth,fr,var,0.0005235394928604364,1,25600
refit_orth,fz,mspe,0.01981876790523529,1,25600
refit_orth,fz,bias2,0.019746825098991394,1,25600
refit_orth,fz,var,7.194161298684776e-05,1,25600
base,y,mspe,1.0512067079544067,1,25600
base,y,bias2,1.0495524406433105,1,25600
base,y,var,0.001654339488595724,1,25600
base,fx,mspe,0.04908771812915802,1,25600
base,fx,bias2,0.04783405363559723,1,25600
base,fx,var,0.0012536650756374002,1,25600
base,fr,mspe,0.11775116622447968,1,25600
base,fr,bias2,0.11649751663208008,1,25600
base,fr,var,0.0012536650756374002,1,25600
base,fz,mspe,0.07795459032058716,1,25600
base,fz,bias2,0.07795459032058716,1,25600
base,fz,var,0.0,1,25600
posthoc_web,y,mspe,1.2367020845413208,1,25600
posthoc_web,y,bias2,1.235317349433899,1,25600
posthoc_web,y,var,0.0013846978545188904,1,25600
posthoc_web,fx,mspe,0.03895371034741402,1,25600
posthoc_web,fx,bias2,0.03795585036277771,1,25600
posthoc_web,fx,var,0.0009978639427572489,1,25600
posthoc_web,fr,mspe,0.01784178800880909,1,25600
posthoc_web,fr,bias2,0.016843924298882484,1,25600
posthoc_web,fr,var,0.0009978639427572489,1,25600
posthoc_web,fz,mspe,0.07795459032058716,1,25600
posthoc_web,fz,bias2,0.07795459032058716,1,25600
posthoc_web,fz,var,0.0,1,25600
refit,y,mspe,1.00347900390625,1.5,25600
refit,y,bias2,1.0028711557388306,1.5,25600
refit,y,var,0.0006078237784095109,1.5,25600
refit,fx,mspe,0.0008090780465863645,1.5,25600
refit,fx,bias2,0.00023960675753187388,1.5,25600
refit,fx,var,0.0005694712745025754,1.5,25600
refit,fr,mspe,0.022686781361699104,1.5,25600
refit,fr,bias2,0.022117309272289276,1.5,25600
refit,fr,var,0.0005694712745025754,1.5,25600
refit,fz,mspe,0.00021433744404930621,1.5,25600
refit,fz,bias2,6.139005563454702e-05,1.5,25600
refit,fz,var,0.00015294741024263203,1.5,25600
refit_orth,y,mspe,1.0035064220428467,1.5,25600
refit_orth,y,bias2,1.0029062032699585,1.5,25600
refit_orth,y,var,0.0006002912414260209,1.5,25600
refit_orth,fx,mspe,0.020210452377796173,1.5,25600
refit_orth,fx,bias2,0.019709760323166847,1.5,25600
refit_orth,fx,var,0.0005006939172744751,1.5,25600
refit_orth,fr,mspe,0.000666680047288537,1.5,25600
refit_orth,fr,bias2,0.00016598615911789238,1.5,25600
refit_orth,fr,var,0.0005006939172744751,1.5,25600
refit_orth,fz,mspe,0.01982271671295166,1.5,25600
refit_orth,fz,bias2,0.019746489822864532,1.5,25600
refit_orth,fz,var,7.622565317433327e-05,1.5,25600
base,y,mspe,1.096376895904541,1.5,25600
base,y,bias2,1.0943282842636108,1.5,25600
base,y,var,0.002048530848696828,1.5,25600
base,fx,mspe,0.11431800574064255,1.5,25600
base,fx,bias2,0.11287559568881989,1.5,25600
base,fx,var,0.0014424202963709831,1.5,25600
base,fr,mspe,0.20940594375133514,1.5,25600
base,fr,bias2,0.20796352624893188,1.5,25600
base,fr,var,0.0014424202963709831,1.5,25600
base,fz,mspe,0.1753978282213211,1.5,25600
base,fz,bias2,0.1753978282213211,1.5,25600
base,fz,var,0.0,1.5,25600
posthoc_web,y,mspe,1.417659044265747,1.5,25600
posthoc_web,y,bias2,1.4158035516738892,1.5,25600
posthoc_web,y,var,0.0018554645357653499,1.5,25600
posthoc_web,fx,mspe,0.06294407695531845,1.5,25600
posthoc_web,fx,bias2,0.06174718216061592,1.5,25600
posthoc_web,fx,var,0.0011968937469646335,1.5,25600
posthoc_web,fr,mspe,0.040837422013282776,1.5,25600
posthoc_web,fr,bias2,0.039640527218580246,1.5,25600
posthoc_web,fr,var,0.0011968937469646335,1.5,25600
posthoc_web,fz,mspe,0.1753978282213211,1.5,25600
posthoc_web,fz,bias2,0.1753978282213211,1.5,25600
posthoc_web,fz,var,0.0,1.5,25600
refit,y,mspe,1.0034188032150269,2,25600
refit,y,bias2,1.0027854442596436,2,25600
refit,y,var,0.0006333696655929089,2,25600
refit,fx,mspe,0.000790633202996105,2,25600
refit,fx,bias2,0.0001735063997330144,2,25600
refit,fx,var,0.0006171268178150058,2,25600
refit,fr,mspe,0.021917877718806267,2,25600
refit,fr,bias2,0.021300751715898514,2,25600
refit,fr,var,0.0006171268178150058,2,25600
refit,fz,mspe,0.0002067889436148107,2,25600
refit,fz,bias2,2.661007602000609e-05,2,25600
refit,fz,var,0.00018017887487076223,2,25600
refit_orth,y,mspe,1.0034773349761963,2,25600
refit_orth,y,bias2,1.0028499364852905,2,25600
refit_orth,y,var,0.0006275483756326139,2,25600
refit_orth,fx,mspe,0.020216483622789383,2,25600
refit_orth,fx,bias2,0.019685635343194008,2,25600
refit_orth,fx,var,0.0005308500258252025,2,25600
refit_orth,fr,mspe,0.0006704035913571715,2,25600
refit_orth,fr,bias2,0.00013955360918771476,2,25600
refit_orth,fr,var,0.0005308500258252025,2,25600
refit_orth,fz,mspe,0.01982789672911167,2,25600
refit_orth,fz,bias2,0.01974615640938282,2,25600
refit_orth,fz,var,8.173975948011503e-05,2,25600
base,y,mspe,1.1547836065292358,2,25600
base,y,bias2,1.152034878730774,2,25600
base,y,var,0.002748720580711961,2,25600
base,fx,mspe,0.20125265419483185,2,25600
base,fx,bias2,0.1994612067937851,2,25600
base,fx,var,0.0017914202762767673,2,25600
base,fr,mspe,0.3212588429450989,2,25600
base,fr,bias2,0.3194674551486969,2,25600
base,fr,var,0.0017914202762767673,2,25600
base,fz,mspe,0.31181836128234863,2,25600
base,fz,bias2,0.31181836128234863,2,25600
base,fz,var,0.0,2,25600
posthoc_web,y,mspe,1.6456975936889648,2,25600
posthoc_web,y,bias2,1.6433604955673218,2,25600
posthoc_web,y,var,0.0023370208218693733,2,25600
posthoc_web,fx,mspe,0.09442821145057678,2,25600
posthoc_web,fx,bias2,0.09303539246320724,2,25600
posthoc_web,fx,var,0.001392830046825111,2,25600
posthoc_web,fr,mspe,0.07139203697443008,2,25600
posthoc_web,fr,bias2,0.06999921053647995,2,25600
posthoc_web,fr,var,0.001392830046825111,2,25600
posthoc_web,fz,mspe,0.31181836128234863,2,25600
posthoc_web,fz,bias2,0.31181836128234863,2,25600
posthoc_web,fz,var,0.0,2,25600
refit,y,mspe,1.0032973289489746,2.5,25600
refit,y,bias2,1.0027140378952026,2.5,25600
refit,y,var,0.0005831627058796585,2.5,25600
refit,fx,mspe,0.0007839208701625466,2.5,25600
refit,fx,bias2,0.00021598589955829084,2.5,25600
refit,fx,var,0.0005679350579157472,2.5,25600
refit,fr,mspe,0.02233087085187435,2.5,25600
refit,fr,bias2,0.02176293544471264,2.5,25600
refit,fr,var,0.0005679350579157472,2.5,25600
refit,fz,mspe,0.0002322955842828378,2.5,25600
refit,fz,bias2,4.449221887625754e-05,2.5,25600
refit,fz,var,0.00018780332175083458,2.5,25600
refit_orth,y,mspe,1.0032763481140137,2.5,25600
refit_orth,y,bias2,1.0026723146438599,2.5,25600
refit_orth,y,var,0.000604108558036387,2.5,25600
refit_orth,fx,mspe,0.02020510472357273,2.5,25600
refit_orth,fx,bias2,0.019703539088368416,2.5,25600
refit_orth,fx,var,0.0005015667993575335,2.5,25600
refit_orth,fr,mspe,0.0006559190223924816,2.5,25600
refit_orth,fr,bias2,0.0001543522230349481,2.5,25600
refit_orth,fr,var,0.0005015667993575335,2.5,25600
refit_orth,fz,mspe,0.01983431726694107,2.5,25600
refit_orth,fz,bias2,0.019745836034417152,2.5,25600
refit_orth,fz,var,8.848293509799987e-05,2.5,25600
base,y,mspe,1.2273552417755127,2.5,25600
base,y,bias2,1.2239478826522827,2.5,25600
base,y,var,0.0034073221031576395,2.5,25600
base,fx,mspe,0.3079785406589508,2.5,25600
base,fx,bias2,0.3057064116001129,2.5,25600
base,fx,var,0.0022721122950315475,2.5,25600
base,fr,mspe,0.45190292596817017,2.5,25600
base,fr,bias2,0.44963082671165466,2.5,25600
base,fr,var,0.0022721122950315475,2.5,25600
base,fz,mspe,0.48721617460250854,2.5,25600
base,fz,bias2,0.48721617460250854,2.5,25600
base,fz,var,0.0,2.5,25600
posthoc_web,y,mspe,1.9215251207351685,2.5,25600
posthoc_web,y,bias2,1.918544888496399,2.5,25600
posthoc_web,y,var,0.0029803216457366943,2.5,25600
posthoc_web,fx,mspe,0.13304618000984192,2.5,25600
posthoc_web,fx,bias2,0.13119645416736603,2.5,25600
posthoc_web,fx,var,0.001849719905294478,2.5,25600
posthoc_web,fr,mspe,0.10915518552064896,2.5,25600
posthoc_web,fr,bias2,0.10730545967817307,2.5,25600
posthoc_web,fr,var,0.001849719905294478,2.5,25600
posthoc_web,fz,mspe,0.48721617460250854,2.5,25600
posthoc_web,fz,bias2,0.48721617460250854,2.5,25600
posthoc_web,fz,var,0.0,2.5,25600
refit,y,mspe,1.0034315586090088,3,25600
refit,y,bias2,1.0028128623962402,3,25600
refit,y,var,0.0006188462139107287,3,25600
refit,fx,mspe,0.0008129668422043324,3,25600
refit,fx,bias2,0.00020915620552841574,3,25600
refit,fx,var,0.0006038106512278318,3,25600
refit,fr,mspe,0.02210851199924946,3,25600
refit,fr,bias2,0.021504702046513557,3,25600
refit,fr,var,0.0006038106512278318,3,25600
refit,fz,mspe,0.0002142296580132097,3,25600
refit,fz,bias2,3.234176983824e-05,3,25600
refit,fz,var,0.00018188782269135118,3,25600
refit_orth,y,mspe,1.0034197568893433,3,25600
refit_orth,y,bias2,1.0028120279312134,3,25600
refit_orth,y,var,0.0006077128928154707,3,25600
refit_orth,fx,mspe,0.020201969891786575,3,25600
refit_orth,fx,bias2,0.01969093270599842,3,25600
refit_orth,fx,var,0.0005110349738970399,3,25600
refit_orth,fr,mspe,0.0006794666987843812,3,25600
refit_orth,fr,bias2,0.00016843175399117172,3,25600
refit_orth,fr,var,0.0005110349738970399,3,25600
refit_orth,fz,mspe,0.019841963425278664,3,25600
refit_orth,fz,bias2,0.019745510071516037,3,25600
refit_orth,fz,var,9.645612590247765e-05,3,25600
base,y,mspe,1.3129339218139648,3,25600
base,y,bias2,1.3091332912445068,3,25600
base,y,var,0.003800543025135994,3,25600
base,fx,mspe,0.44339463114738464,3,25600
base,fx,bias2,0.4405922591686249,3,25600
base,fx,var,0.002802299801260233,3,25600
base,fr,mspe,0.6122670769691467,3,25600
base,fr,bias2,0.6094647645950317,3,25600
base,fr,var,0.002802299801260233,3,25600
base,fz,mspe,0.7015913128852844,3,25600
base,fz,bias2,0.7015913128852844,3,25600
base,fz,var,0.0,3,25600
posthoc_web,y,mspe,2.247697353363037,3,25600
posthoc_web,y,bias2,2.2442314624786377,3,25600
posthoc_web,y,var,0.0034659907687455416,3,25600
posthoc_web,fx,mspe,0.18173542618751526,3,25600
posthoc_web,fx,bias2,0.179386705160141,3,25600
posthoc_web,fx,var,0.002348714740946889,3,25600
posthoc_web,fr,mspe,0.15700578689575195,3,25600
posthoc_web,fr,bias2,0.15465706586837769,3,25600
posthoc_web,fr,var,0.002348714740946889,3,25600
posthoc_web,fz,mspe,0.7015913128852844,3,25600
posthoc_web,fz,bias2,0.7015913128852844,3,25600
posthoc_web,fz,var,0.0,3,25600
refit,y,mspe,1.003446102142334,3.5,25600
refit,y,bias2,1.0028506517410278,3.5,25600
refit,y,var,0.0005953577347099781,3.5,25600
refit,fx,mspe,0.0007848688401281834,3.5,25600
refit,fx,bias2,0.00021238584304228425,3.5,25600
refit,fx,var,0.0005724829970858991,3.5,25600
refit,fr,mspe,0.021996311843395233,3.5,25600
refit,fr,bias2,0.021423831582069397,3.5,25600
refit,fr,var,0.0005724829970858991,3.5,25600
refit,fz,mspe,0.0002186217752750963,3.5,25600
refit,fz,bias2,2.9982402338646352e-05,3.5,25600
refit,fz,var,0.00018863927107304335,3.5,25600
refit_orth,y,mspe,1.0034539699554443,3.5,25600
refit_orth,y,bias2,1.0028600692749023,3.5,25600
refit_orth,y,var,0.0005939081311225891,3.5,25600
refit_orth,fx,mspe,0.02021736092865467,3.5,25600
refit_orth,fx,bias2,0.019721243530511856,3.5,25600
refit_orth,fx,var,0.0004961196100339293,3.5,25600
refit_orth,fr,mspe,0.0006713148322887719,3.5,25600
refit_orth,fr,bias2,0.0001751951640471816,3.5,25600
refit_orth,fr,var,0.0004961196100339293,3.5,25600
refit_orth,fz,mspe,0.0198508407920599,3.5,25600
refit_orth,fz,bias2,0.019745180383324623,3.5,25600
refit_orth,fz,var,0.00010565840784693137,3.5,25600
base,y,mspe,1.4122214317321777,3.5,25600
base,y,bias2,1.4084887504577637,3.5,25600
base,y,var,0.003732736222445965,3.5,25600
base,fx,mspe,0.6143093705177307,3.5,25600
base,fx,bias2,0.6113009452819824,3.5,25600
base,fx,var,0.0030084357131272554,3.5,25600
base,fr,mspe,0.8097754120826721,3.5,25600
base,fr,bias2,0.8067669868469238,3.5,25600
base,fr,var,0.0030084357131272554,3.5,25600
base,fz,mspe,0.9549437165260315,3.5,25600
base,fz,bias2,0.954943835735321,3.5,25600
base,fz,var,0.0,3.5,25600
posthoc_web,y,mspe,2.628509521484375,3.5,25600
posthoc_web,y,bias2,2.625256299972534,3.5,25600
posthoc_web,y,var,0.003253379836678505,3.5,25600
posthoc_web,fx,mspe,0.2426449954509735,3.5,25600
posthoc_web,fx,bias2,0.24022029340267181,3.5,25600
posthoc_web,fx,var,0.002424693200737238,3.5,25600
posthoc_web,fr,mspe,0.21693138778209686,3.5,25600
posthoc_web,fr,bias2,0.21450668573379517,3.5,25600
posthoc_web,fr,var,0.002424693200737238,3.5,25600
posthoc_web,fz,mspe,0.9549437165260315,3.5,25600
posthoc_web,fz,bias2,0.954943835735321,3.5,25600
posthoc_web,fz,var,0.0,3.5,25600
refit,y,mspe,1.0034165382385254,4,25600
refit,y,bias2,1.0028162002563477,4,25600
refit,y,var,0.0006005091709084809,4,25600
refit,fx,mspe,0.0007815471035428345,4,25600
refit,fx,bias2,0.0002147746126865968,4,25600
refit,fx,var,0.0005667725345119834,4,25600
refit,fr,mspe,0.021858805790543556,4,25600
refit,fr,bias2,0.021292032673954964,4,25600
refit,fr,var,0.0005667725345119834,4,25600
refit,fz,mspe,0.0002132766821887344,4,25600
refit,fz,bias2,2.3722075638943352e-05,4,25600
refit,fz,var,0.00018955468840431422,4,25600
refit_orth,y,mspe,1.0034606456756592,4,25600
refit_orth,y,bias2,1.0028647184371948,4,25600
refit_orth,y,var,0.000596054713241756,4,25600
refit_orth,fx,mspe,0.02019352652132511,4,25600
refit_orth,fx,bias2,0.01969563402235508,4,25600
refit_orth,fx,var,0.0004978911601938307,4,25600
refit_orth,fr,mspe,0.000680012977682054,4,25600
refit_orth,fr,bias2,0.00018212177383247763,4,25600
refit_orth,fr,var,0.0004978911601938307,4,25600
refit_orth,fz,mspe,0.019860951229929924,4,25600
refit_orth,fz,bias2,0.019744861871004105,4,25600
refit_orth,fz,var,0.0001160905885626562,4,25600
base,y,mspe,1.526177167892456,4,25600
base,y,bias2,1.5211535692214966,4,25600
base,y,var,0.005023817997425795,4,25600
base,fx,mspe,0.8044705390930176,4,25600
base,fx,bias2,0.8008630871772766,4,25600
base,fx,var,0.0036073457449674606,4,25600
base,fr,mspe,1.0253781080245972,4,25600
base,fr,bias2,1.0217708349227905,4,25600
base,fr,var,0.0036073457449674606,4,25600
base,fz,mspe,1.2472734451293945,4,25600
base,fz,bias2,1.2472734451293945,4,25600
base,fz,var,0.0,4,25600
posthoc_web,y,mspe,3.057147741317749,4,25600
posthoc_web,y,bias2,3.0528109073638916,4,25600
posthoc_web,y,var,0.004336537327617407,4,25600
posthoc_web,fx,mspe,0.3105069398880005,4,25600
posthoc_web,fx,bias2,0.307686984539032,4,25600
posthoc_web,fx,var,0.002819951856508851,4,25600
posthoc_web,fr,mspe,0.28386688232421875,4,25600
posthoc_web,fr,bias2,0.28104692697525024,4,25600
posthoc_web,fr,var,0.002819951856508851,4,25600
posthoc_web,fz,mspe,1.2472734451293945,4,25600
posthoc_web,fz,bias2,1.2472734451293945,4,25600
posthoc_web,fz,var,0.0,4,25600
refit,y,mspe,1.0059382915496826,0,3200
refit,y,bias2,1.0027620792388916,0,3200
refit,y,var,0.003176183206960559,0,3200
refit,fx,mspe,0.0036818524822592735,0,3200
refit,fx,bias2,0.0009355995571240783,0,3200
refit,fx,var,0.002746253041550517,0,3200
refit,fr,mspe,0.022853577509522438,0,3200
refit,fr,bias2,0.020107321441173553,0,3200
refit,fr,var,0.002746253041550517,0,3200
refit,fz,mspe,0.0011342791840434074,0,3200
refit,fz,bias2,9.975430293707177e-05,0,3200
refit,fz,var,0.001034524873830378,0,3200
refit_orth,y,mspe,1.0059387683868408,0,3200
refit_orth,y,bias2,1.0027635097503662,0,3200
refit_orth,y,var,0.003175186924636364,0,3200
refit_orth,fx,mspe,0.022108569741249084,0,3200
refit_orth,fx,bias2,0.019905589520931244,0,3200
refit_orth,fx,var,0.002202979288995266,0,3200
refit_orth,fr,mspe,0.0031410688534379005,0,3200
refit_orth,fr,bias2,0.0009380900301039219,0,3200
refit_orth,fr,var,0.002202979288995266,0,3200
refit_orth,fz,mspe,0.022069472819566727,0,3200
refit_orth,fz,bias2,0.021487578749656677,0,3200
refit_orth,fz,var,0.000581895059440285,0,3200
base,y,mspe,1.007675290107727,0,3200
base,y,bias2,1.0036559104919434,0,3200
base,y,var,0.004019403364509344,0,3200
base,fx,mspe,0.003597438335418701,0,3200
base,fx,bias2,0.0007122211973182857,0,3200
base,fx,var,0.002885217312723398,0,3200
base,fr,mspe,0.022291088476777077,0,3200
base,fr,bias2,0.019405869767069817,0,3200
base,fr,var,0.002885217312723398,0,3200
base,fz,mspe,0.0,0,3200
base,fz,bias2,0.0,0,3200
base,fz,var,0.0,0,3200
posthoc_web,y,mspe,1.0329055786132812,0,3200
posthoc_web,y,bias2,1.029248833656311,0,3200
posthoc_web,y,var,0.00365681410767138,0,3200
posthoc_web,fx,mspe,0.022106418386101723,0,3200
posthoc_web,fx,bias2,0.01958976499736309,0,3200
posthoc_web,fx,var,0.0025166524574160576,0,3200
posthoc_web,fr,mspe,0.0032254455145448446,0,3200
posthoc_web,fr,bias2,0.0007087932317517698,0,3200
posthoc_web,fr,var,0.0025166524574160576,0,3200
posthoc_web,fz,mspe,0.0,0,3200
posthoc_web,fz,bias2,0.0,0,3200
posthoc_web,fz,var,0.0,0,3200
refit,y,mspe,1.0084912776947021,0.5,3200
refit,y,bias2,1.0050899982452393,0.5,3200
refit,y,var,0.0034012312535196543,0.5,3200
refit,fx,mspe,0.004599252250045538,0.5,3200
refit,fx,bias2,0.0015957412542775273,0.5,3200
refit,fx,var,0.003003510646522045,0.5,3200
refit,fr,mspe,0.02954927459359169,0.5,3200
refit,fr,bias2,0.02654576301574707,0.5,3200
refit,fr,var,0.003003510646522045,0.5,3200
refit,fz,mspe,0.0010837219888344407,0.5,3200
refit,fz,bias2,0.00012890480866190046,0.5,3200
refit,fz,var,0.000954817165620625,0.5,3200
refit_orth,y,mspe,1.0084747076034546,0.5,3200
refit_orth,y,bias2,1.0050840377807617,0.5,3200
refit_orth,y,var,0.0033907073084264994,0.5,3200
refit_orth,fx,mspe,0.022790811955928802,0.5,3200
refit_orth,fx,bias2,0.020358357578516006,0.5,3200
refit_orth,fx,var,0.002432454377412796,0.5,3200
refit_orth,fr,mspe,0.003646101336926222,0.5,3200
refit_orth,fr,bias2,0.0012136467266827822,0.5,3200
refit_orth,fr,var,0.002432454377412796,0.5,3200
refit_orth,fz,mspe,0.02208712138235569,0.5,3200
refit_orth,fz,bias2,0.021486731246113777,0.5,3200
refit_orth,fz,var,0.0006003919406794012,0.5,3200
base,y,mspe,1.0247135162353516,0.5,3200
base,y,bias2,1.0206621885299683,0.5,3200
base,y,var,0.004051432479172945,0.5,3200
base,fx,mspe,0.015555164776742458,0.5,3200
base,fx,bias2,0.012569284066557884,0.5,3200
base,fx,var,0.002985880011692643,0.5,3200
base,fr,mspe,0.059778690338134766,0.5,3200
base,fr,bias2,0.056792810559272766,0.5,3200
base,fr,var,0.002985880011692643,0.5,3200
base,fz,mspe,0.01948864758014679,0.5,3200
base,fz,bias2,0.01948864758014679,0.5,3200
base,fz,var,0.0,0.5,3200
posthoc_web,y,mspe,1.1119048595428467,0.5,3200
posthoc_web,y,bias2,1.108202338218689,0.5,3200
posthoc_web,y,var,0.0037026600912213326,0.5,3200
posthoc_web,fx,mspe,0.027210449799895287,0.5,3200
posthoc_web,fx,bias2,0.024577513337135315,0.5,3200
posthoc_web,fx,var,0.0026329364627599716,0.5,3200
posthoc_web,fr,mspe,0.00735411886125803,0.5,3200
posthoc_web,fr,bias2,0.004721181932836771,0.5,3200
posthoc_web,fr,var,0.0026329364627599716,0.5,3200
posthoc_web,fz,mspe,0.01948864758014679,0.5,3200
posthoc_web,fz,bias2,0.01948864758014679,0.5,3200
posthoc_web,fz,var,0.0,0.5,3200
refit,y,mspe,1.00951087474823,1,3200
refit,y,bias2,1.0058804750442505,1,3200
refit,y,var,0.0036304050590842962,1,3200
refit,fx,mspe,0.00531333452090621,1,3200
refit,fx,bias2,0.0018967407522723079,1,3200
refit,fx,var,0.0034165936522185802,1,3200
refit,fr,mspe,0.03144952654838562,1,3200
refit,fr,bias2,0.028032932430505753,1,3200
refit,fr,var,0.0034165936522185802,1,3200
refit,fz,mspe,0.0014382724184542894,1,3200
refit,fz,bias2,0.00025798831484280527,1,3200
refit,fz,var,0.0011802841909229755,1,3200
refit_orth,y,mspe,1.0095065832138062,1,3200
refit_orth,y,bias2,1.0058783292770386,1,3200
refit_orth,y,var,0.00362816802226007,1,3200
refit_orth,fx,mspe,0.023283829912543297,1,3200
refit_orth,fx,bias2,0.020602812990546227,1,3200
refit_orth,fx,var,0.002681015059351921,1,3200
refit_orth,fr,mspe,0.004010678734630346,1,3200
refit_orth,fr,bias2,0.0013296635588631034,1,3200
refit_orth,fr,var,0.002681015059351921,1,3200
refit_orth,fz,mspe,0.022117143496870995,1,3200
refit_orth,fz,bias2,0.0214859489351511,1,3200
refit_orth,fz,var,0.0006311924662441015,1,3200
base,y,mspe,1.0572121143341064,1,3200
base,y,bias2,1.0517663955688477,1,3200
base,y,var,0.005445715039968491,1,3200
base,fx,mspe,0.052603401243686676,1,3200
base,fx,bias2,0.04878030717372894,1,3200
base,fx,var,0.0038230919744819403,1,3200
base,fr,mspe,0.12155795842409134,1,3200
base,fr,bias2,0.1177348718047142,1,3200
base,fr,var,0.0038230919744819403,1,3200
base,fz,mspe,0.07795459032058716,1,3200
base,fz,bias2,0.07795459032058716,1,3200
base,fz,var,0.0,1,3200
posthoc_web,y,mspe,1.2410480976104736,1,3200
posthoc_web,y,bias2,1.2360711097717285,1,3200
posthoc_web,y,var,0.004977000877261162,1,3200
posthoc_web,fx,mspe,0.04130346700549126,1,3200
posthoc_web,fx,bias2,0.03797256946563721,1,3200
posthoc_web,fx,var,0.0033308989368379116,1,3200
posthoc_web,fr,mspe,0.020732728764414787,1,3200
posthoc_web,fr,bias2,0.017401831224560738,1,3200
posthoc_web,fr,var,0.0033308989368379116,1,3200
posthoc_web,fz,mspe,0.07795459032058716,1,3200
posthoc_web,fz,bias2,0.07795459032058716,1,3200
posthoc_web,fz,var,0.0,1,3200
refit,y,mspe,1.0094168186187744,1.5,3200
refit,y,bias2,1.0059155225753784,1.5,3200
refit,y,var,0.0035013011656701565,1.5,3200
refit,fx,mspe,0.005166921764612198,1.5,3200
refit,fx,bias2,0.0018428124021738768,1.5,3200
refit,fx,var,0.0033241098280996084,1.5,3200
refit,fr,mspe,0.031182212755084038,1.5,3200
refit,fr,bias2,0.027858104556798935,1.5,3200
refit,fr,var,0.0033241098280996084,1.5,3200
refit,fz,mspe,0.0014932183548808098,1.5,3200
refit,fz,bias2,0.00023112526105251163,1.5,3200
refit,fz,var,0.001262093079276383,1.5,3200
refit_orth,y,mspe,1.009413480758667,1.5,3200
refit_orth,y,bias2,1.0059150457382202,1.5,3200
refit_orth,y,var,0.003498387522995472,1.5,3200
refit_orth,fx,mspe,0.022995103150606155,1.5,3200
refit_orth,fx,bias2,0.02044794335961342,1.5,3200
refit_orth,fx,var,0.002547158859670162,1.5,3200
refit_orth,fr,mspe,0.003845036029815674,1.5,3200
refit_orth,fr,bias2,0.0012978772865608335,1.5,3200
refit_orth,fr,var,0.002547158859670162,1.5,3200
refit_orth,fz,mspe,0.02215954288840294,1.5,3200
refit_orth,fz,bias2,0.02148524671792984,1.5,3200
refit_orth,fz,var,0.0006742959376424551,1.5,3200
base,y,mspe,1.1001108884811401,1.5,3200
base,y,bias2,1.094997525215149,1.5,3200
base,y,var,0.005113393533974886,1.5,3200
base,fx,mspe,0.11077451705932617,1.5,3200
base,fx,bias2,0.10661521553993225,1.5,3200
base,fx,var,0.0041592903435230255,1.5,3200
base,fr,mspe,0.20362472534179688,1.5,3200
base,fr,bias2,0.19946545362472534,1.5,3200
base,fr,var,0.0041592903435230255,1.5,3200
base,fz,mspe,0.1753978282213211,1.5,3200
base,fz,bias2,0.1753978282213211,1.5,3200
base,fz,var,0.0,1.5,3200
posthoc_web,y,mspe,1.4153631925582886,1.5,3200
posthoc_web,y,bias2,1.4107978343963623,1.5,3200
posthoc_web,y,var,0.004565257579088211,1.5,3200
posthoc_web,fx,mspe,0.0625820904970169,1.5,3200
posthoc_web,fx,bias2,0.059055209159851074,1.5,3200
posthoc_web,fx,var,0.0035268834326416254,1.5,3200
posthoc_web,fr,mspe,0.041142333298921585,1.5,3200
posthoc_web,fr,bias2,0.037615448236465454,1.5,3200
posthoc_web,fr,var,0.0035268834326416254,1.5,3200
posthoc_web,fz,mspe,0.1753978282213211,1.5,3200
posthoc_web,fz,bias2,0.1753978282213211,1.5,3200
posthoc_web,fz,var,0.0,1.5,3200
refit,y,mspe,1.009107232093811,2,3200
refit,y,bias2,1.0056872367858887,2,3200
refit,y,var,0.0034199145156890154,2,3200
refit,fx,mspe,0.005190121941268444,2,3200
refit,fx,bias2,0.0018873363733291626,2,3200
refit,fx,var,0.003302785102277994,2,3200
refit,fr,mspe,0.031218981370329857,2,3200
refit,fr,bias2,0.02791619300842285,2,3200
refit,fr,var,0.003302785102277994,2,3200
refit,fz,mspe,0.0015422799624502659,2,3200
refit,fz,bias2,0.00023558516113553196,2,3200
refit,fz,var,0.0013066950486972928,2,3200
refit_orth,y,mspe,1.0091567039489746,2,3200
refit_orth,y,bias2,1.0057191848754883,2,3200
refit_orth,y,var,0.003437415463849902,2,3200
refit_orth,fx,mspe,0.023001346737146378,2,3200
refit_orth,fx,bias2,0.020519904792308807,2,3200
refit_orth,fx,var,0.0024814442731440067,2,3200
refit_orth,fr,mspe,0.0038244419265538454,2,3200
refit_orth,fr,bias2,0.0013429976534098387,2,3200
refit_orth,fr,var,0.0024814442731440067,2,3200
refit_orth,fz,mspe,0.022214312106370926,2,3200
refit_orth,fz,bias2,0.021484607830643654,2,3200
refit_orth,fz,var,0.0007297039264813066,2,3200
base,y,mspe,1.1617618799209595,2,3200
base,y,bias2,1.1539198160171509,2,3200
base,y,var,0.007842169143259525,2,3200
base,fx,mspe,0.20633357763290405,2,3200
base,fx,bias2,0.20095829665660858,2,3200
base,fx,var,0.005375286564230919,2,3200
base,fr,mspe,0.3266106843948364,2,3200
base,fr,bias2,0.32123538851737976,2,3200
base,fr,var,0.005375286564230919,2,3200
base,fz,mspe,0.31181836128234863,2,3200
base,fz,bias2,0.31181836128234863,2,3200
base,fz,var,0.0,2,3200
posthoc_web,y,mspe,1.649350881576538,2,3200
posthoc_web,y,bias2,1.642143964767456,2,3200
posthoc_web,y,var,0.007206806913018227,2,3200
posthoc_web,fx,mspe,0.09756804257631302,2,3200
posthoc_web,fx,bias2,0.09309588372707367,2,3200
posthoc_web,fx,var,0.0044721569865942,2,3200
posthoc_web,fr,mspe,0.07521190494298935,2,3200
posthoc_web,fr,bias2,0.0707397535443306,2,3200
posthoc_web,fr,var,0.0044721569865942,2,3200
posthoc_web,fz,mspe,0.31181836128234863,2,3200
posthoc_web,fz,bias2,0.31181836128234863,2,3200
posthoc_web,fz,var,0.0,2,3200
refit,y,mspe,1.0088677406311035,2.5,3200
refit,y,bias2,1.0054993629455566,2.5,3200
refit,y,var,0.003368287580087781,2.5,3200
refit,fx,mspe,0.005083529744297266,2.5,3200
refit,fx,bias2,0.0017214203253388405,2.5,3200
refit,fx,var,0.003362109884619713,2.5,3200
refit,fr,mspe,0.030843675136566162,2.5,3200
refit,fr,bias2,0.02748156525194645,2.5,3200
refit,fr,var,0.003362109884619713,2.5,3200
refit,fz,mspe,0.0016537010669708252,2.5,3200
refit,fz,bias2,0.0002110289060510695,2.5,3200
refit,fz,var,0.001442671986296773,2.5,3200
refit_orth,y,mspe,1.0088804960250854,2.5,3200
refit_orth,y,bias2,1.0055186748504639,2.5,3200
refit_orth,y,var,0.0033617946319282055,2.5,3200
refit_orth,fx,mspe,0.022834541276097298,2.5,3200
refit_orth,fx,bias2,0.020425714552402496,2.5,3200
refit_orth,fx,var,0.0024088281206786633,2.5,3200
refit_orth,fr,mspe,0.0036266385577619076,2.5,3200
refit_orth,fr,bias2,0.0012178107863292098,2.5,3200
refit_orth,fr,var,0.0024088281206786633,2.5,3200
refit_orth,fz,mspe,0.022281469777226448,2.5,3200
refit_orth,fz,bias2,0.02148405835032463,2.5,3200
refit_orth,fz,var,0.0007974111940711737,2.5,3200
base,y,mspe,1.2323411703109741,2.5,3200
base,y,bias2,1.225333571434021,2.5,3200
base,y,var,0.0070075588300824165,2.5,3200
base,fx,mspe,0.30847471952438354,2.5,3200
base,fx,bias2,0.30351313948631287,2.5,3200
base,fx,var,0.004961532540619373,2.5,3200
base,fr,mspe,0.4518223702907562,2.5,3200
base,fr,bias2,0.44686082005500793,2.5,3200
base,fr,var,0.004961532540619373,2.5,3200
base,fz,mspe,0.48721617460250854,2.5,3200
base,fz,bias2,0.48721617460250854,2.5,3200
base,fz,var,0.0,2.5,3200
posthoc_web,y,mspe,1.9210397005081177,2.5,3200
posthoc_web,y,bias2,1.914975643157959,2.5,3200
posthoc_web,y,var,0.006064104847609997,2.5,3200
posthoc_web,fx,mspe,0.13410598039627075,2.5,3200
posthoc_web,fx,bias2,0.13016359508037567,2.5,3200
posthoc_web,fx,var,0.003942382987588644,2.5,3200
posthoc_web,fr,mspe,0.11082517355680466,2.5,3200
posthoc_web,fr,bias2,0.10688280314207077,2.5,3200
posthoc_web,fr,var,0.003942382987588644,2.5,3200
posthoc_web,fz,mspe,0.48721617460250854,2.5,3200
posthoc_web,fz,bias2,0.48721617460250854,2.5,3200
posthoc_web,fz,var,0.0,2.5,3200
refit,y,mspe,1.0086255073547363,3,3200
refit,y,bias2,1.0053797960281372,3,3200
refit,y,var,0.003245740430429578,3,3200
refit,fx,mspe,0.004905094392597675,3,3200
refit,fx,bias2,0.0016423334600403905,3,3200
refit,fx,var,0.0032627605833113194,3,3200
refit,fr,mspe,0.030343666672706604,3,3200
refit,fr,bias2,0.027080904692411423,3,3200
refit,fr,var,0.0032627605833113194,3,3200
refit,fz,mspe,0.0016676076920703053,3,3200
refit,fz,bias2,0.0001771819224813953,3,3200
refit,fz,var,0.001490425900556147,3,3200
refit_orth,y,mspe,1.0086348056793213,3,3200
refit_orth,y,bias2,1.0053976774215698,3,3200
refit_orth,y,var,0.003237132914364338,3,3200
refit_orth,fx,mspe,0.0226600281894207,3,3200
refit_orth,fx,bias2,0.02037152834236622,3,3200
refit_orth,fx,var,0.0022885031066834927,3,3200
refit_orth,fr,mspe,0.003478004364296794,3,3200
refit_orth,fr,bias2,0.0011895012576133013,3,3200
refit_orth,fr,var,0.0022885031066834927,3,3200
refit_orth,fz,mspe,0.022360999137163162,3,3200
refit_orth,fz,bias2,0.02148357406258583,3,3200
refit_orth,fz,var,0.0008774246089160442,3,3200
base,y,mspe,1.3182672262191772,3,3200
base,y,bias2,1.310581922531128,3,3200
base,y,var,0.007685114163905382,3,3200
base,fx,mspe,0.4455515146255493,3,3200
base,fx,bias2,0.4404028356075287,3,3200
base,fx,var,0.00514865992590785,3,3200
base,fr,mspe,0.6142642498016357,3,3200
base,fr,bias2,0.6091155409812927,3,3200
base,fr,var,0.00514865992590785,3,3200
base,fz,mspe,0.7015913128852844,3,3200
base,fz,bias2,0.7015913128852844,3,3200
base,fz,var,0.0,3,3200
posthoc_web,y,mspe,2.247316360473633,3,3200
posthoc_web,y,bias2,2.2403955459594727,3,3200
posthoc_web,y,var,0.006920902524143457,3,3200
posthoc_web,fx,mspe,0.18297912180423737,3,3200
posthoc_web,fx,bias2,0.17906291782855988,3,3200
posthoc_web,fx,var,0.003916187211871147,3,3200
posthoc_web,fr,mspe,0.1588999629020691,3,3200
posthoc_web,fr,bias2,0.1549837738275528,3,3200
posthoc_web,fr,var,0.003916187211871147,3,3200
posthoc_web,fz,mspe,0.7015913128852844,3,3200
posthoc_web,fz,bias2,0.7015913128852844,3,3200
posthoc_web,fz,var,0.0,3,3200
refit,y,mspe,1.0087603330612183,3.5,3200
refit,y,bias2,1.0056136846542358,3.5,3200
refit,y,var,0.003146769478917122,3.5,3200
refit,fx,mspe,0.00484388368204236,3.5,3200
refit,fx,bias2,0.001748092588968575,3.5,3200
refit,fx,var,0.0030957909766584635,3.5,3200
refit,fr,mspe,0.029922587797045708,3.5,3200
refit,fr,bias2,0.026826797053217888,3.5,3200
refit,fr,var,0.0030957909766584635,3.5,3200
refit,fz,mspe,0.0017109921900555491,3.5,3200
refit,fz,bias2,0.0001393640268361196,3.5,3200
refit,fz,var,0.0015716282650828362,3.5,3200
refit_orth,y,mspe,1.008762001991272,3.5,3200
refit_orth,y,bias2,1.005615234375,3.5,3200
refit_orth,y,var,0.003146849339827895,3.5,3200
refit_orth,fx,mspe,0.02266036532819271,3.5,3200
refit_orth,fx,bias2,0.020462529733777046,3.5,3200
refit_orth,fx,var,0.00219783466309309,3.5,3200
refit_orth,fr,mspe,0.0035466349218040705,3.5,3200
refit_orth,fr,bias2,0.0013488002587109804,3.5,3200
refit_orth,fr,var,0.00219783466309309,3.5,3200
refit_orth,fz,mspe,0.02245289832353592,3.5,3200
refit_orth,fz,bias2,0.021483158692717552,3.5,3200
refit_orth,fz,var,0.0009697396890260279,3.5,3200
base,y,mspe,1.419260859489441,3.5,3200
base,y,bias2,1.4108352661132812,3.5,3200
base,y,var,0.008425600826740265,3.5,3200
base,fx,mspe,0.6142063736915588,3.5,3200
base,fx,bias2,0.607598066329956,3.5,3200
base,fx,var,0.006608301308006048,3.5,3200
base,fr,mspe,0.8089959025382996,3.5,3200
base,fr,bias2,0.802387535572052,3.5,3200
base,fr,var,0.006608301308006048,3.5,3200
base,fz,mspe,0.9549437165260315,3.5,3200
base,fz,bias2,0.954943835735321,3.5,3200
base,fz,var,0.0,3.5,3200
posthoc_web,y,mspe,2.6275131702423096,3.5,3200
posthoc_web,y,bias2,2.6199331283569336,3.5,3200
posthoc_web,y,var,0.00757993757724762,3.5,3200
posthoc_web,fx,mspe,0.24366609752178192,3.5,3200
posthoc_web,fx,bias2,0.2387436330318451,3.5,3200
posthoc_web,fx,var,0.004922471474856138,3.5,3200
posthoc_web,fr,mspe,0.21866363286972046,3.5,3200
posthoc_web,fr,bias2,0.21374118328094482,3.5,3200
posthoc_web,fr,var,0.004922471474856138,3.5,3200
posthoc_web,fz,mspe,0.9549437165260315,3.5,3200
posthoc_web,fz,bias2,0.954943835735321,3.5,3200
posthoc_web,fz,var,0.0,3.5,3200
refit,y,mspe,1.0086942911148071,4,3200
refit,y,bias2,1.0054363012313843,4,3200
refit,y,var,0.0032580411061644554,4,3200
refit,fx,mspe,0.004883151967078447,4,3200
refit,fx,bias2,0.0016378317959606647,4,3200
refit,fx,var,0.0032453204039484262,4,3200
refit,fr,mspe,0.029469873756170273,4,3200
refit,fr,bias2,0.02622455358505249,4,3200
refit,fr,var,0.0032453204039484262,4,3200
refit,fz,mspe,0.0018088743090629578,4,3200
refit,fz,bias2,9.952273103408515e-05,4,3200
refit,fz,var,0.0017093514325097203,4,3200
refit_orth,y,mspe,1.0086921453475952,4,3200
refit_orth,y,bias2,1.005434513092041,4,3200
refit_orth,y,var,0.0032575351651757956,4,3200
refit_orth,fx,mspe,0.02271508239209652,4,3200
refit_orth,fx,bias2,0.02038726769387722,4,3200
refit_orth,fx,var,0.00232781283557415,4,3200
refit_orth,fr,mspe,0.0036343794781714678,4,3200
refit_orth,fr,bias2,0.0013065662933513522,4,3200
refit_orth,fr,var,0.00232781283557415,4,3200
refit_orth,fz,mspe,0.022557172924280167,4,3200
refit_orth,fz,bias2,0.021482814103364944,4,3200
refit_orth,fz,var,0.0010743591701611876,4,3200
base,y,mspe,1.5325497388839722,4,3200
base,y,bias2,1.523319959640503,4,3200
base,y,var,0.009229741059243679,4,3200
base,fx,mspe,0.8048936724662781,4,3200
base,fx,bias2,0.7979095578193665,4,3200
base,fx,var,0.006984025239944458,4,3200
base,fr,mspe,1.0252654552459717,4,3200
base,fr,bias2,1.01828134059906,4,3200
base,fr,var,0.006984025239944458,4,3200
base,fz,mspe,1.2472734451293945,4,3200
base,fz,bias2,1.2472734451293945,4,3200
base,fz,var,0.0,4,3200
posthoc_web,y,mspe,3.0533533096313477,4,3200
posthoc_web,y,bias2,3.044522762298584,4,3200
posthoc_web,y,var,0.008830539882183075,4,3200
posthoc_web,fx,mspe,0.3118155598640442,4,3200
posthoc_web,fx,bias2,0.30640727281570435,4,3200
posthoc_web,fx,var,0.005408288445323706,4,3200
posthoc_web,fr,mspe,0.2861010730266571,4,3200
posthoc_web,fr,bias2,0.28069278597831726,4,3200
posthoc_web,fr,var,0.005408288445323706,4,3200
posthoc_web,fz,mspe,1.2472734451293945,4,3200
posthoc_web,fz,bias2,1.2472734451293945,4,3200
posthoc_web,fz,var,0.0,4,3200
refit,y,mspe,1.027793049812317,0,400
refit,y,bias2,1.0051301717758179,0,400
refit,y,var,0.022662896662950516,0,400
refit,fx,mspe,0.023510973900556564,0,400
refit,fx,bias2,0.005512995179742575,0,400
refit,fx,var,0.01799798011779785,0,400
refit,fr,mspe,0.03380308300256729,0,400
refit,fr,bias2,0.01580510288476944,0,400
refit,fr,var,0.01799798011779785,0,400
refit,fz,mspe,0.0072792344726622105,0,400
refit,fz,bias2,0.0005901474505662918,0,400
refit,fz,var,0.006689087022095919,0,400
refit_orth,y,mspe,1.0277676582336426,0,400
refit_orth,y,bias2,1.005118727684021,0,400
refit_orth,y,var,0.022649001330137253,0,400
refit_orth,fx,mspe,0.03729927912354469,0,400
refit_orth,fx,bias2,0.023628296330571175,0,400
refit_orth,fx,var,0.013670985586941242,0,400
refit_orth,fr,mspe,0.018098436295986176,0,400
refit_orth,fr,bias2,0.004427450709044933,0,400
refit_orth,fr,var,0.013670985586941242,0,400
refit_orth,fz,mspe,0.021960420534014702,0,400
refit_orth,fz,bias2,0.016880732029676437,0,400
refit_orth,fz,var,0.005079688969999552,0,400
base,y,mspe,1.0306681394577026,0,400
base,y,bias2,1.0081242322921753,0,400
base,y,var,0.022543907165527344,0,400
base,fx,mspe,0.02231728471815586,0,400
base,fx,bias2,0.004668014124035835,0,400
base,fx,var,0.017649270594120026,0,400
base,fr,mspe,0.035587359219789505,0,400
base,fr,bias2,0.01793808862566948,0,400
base,fr,var,0.017649270594120026,0,400
base,fz,mspe,0.0,0,400
base,fz,bias2,0.0,0,400
base,fz,var,0.0,0,400
posthoc_web,y,mspe,1.0523161888122559,0,400
posthoc_web,y,bias2,1.032829999923706,0,400
posthoc_web,y,var,0.019486235454678535,0,400
posthoc_web,fx,mspe,0.0375814288854599,0,400
posthoc_web,fx,bias2,0.02349879778921604,0,400
posthoc_web,fx,var,0.014082629233598709,0,400
posthoc_web,fr,mspe,0.01825731247663498,0,400
posthoc_web,fr,bias2,0.004174681846052408,0,400
posthoc_web,fr,var,0.014082629233598709,0,400
posthoc_web,fz,mspe,0.0,0,400
posthoc_web,fz,bias2,0.0,0,400
posthoc_web,fz,var,0.0,0,400
refit,y,mspe,1.0338860750198364,0.5,400
refit,y,bias2,1.0073635578155518,0.5,400
refit,y,var,0.026522474363446236,0.5,400
refit,fx,mspe,0.028523921966552734,0.5,400
refit,fx,bias2,0.006149791646748781,0.5,400
refit,fx,var,0.02237412892282009,0.5,400
refit,fr,mspe,0.04339391365647316,0.5,400
refit,fr,bias2,0.02101978473365307,0.5,400
refit,fr,var,0.02237412892282009,0.5,400
refit,fz,mspe,0.007683470379561186,0.5,400
refit,fz,bias2,4.532938692136668e-05,0.5,400
refit,fz,var,0.007638141047209501,0.5,400
refit_orth,y,mspe,1.0341812372207642,0.5,400
refit_orth,y,bias2,1.00730562210083,0.5,400
refit_orth,y,var,0.02687554806470871,0.5,400
refit_orth,fx,mspe,0.04350718483328819,0.5,400
refit_orth,fx,bias2,0.025397155433893204,0.5,400
refit_orth,fx,var,0.01811002939939499,0.5,400
refit_orth,fr,mspe,0.023961501196026802,0.5,400
refit_orth,fr,bias2,0.005851471330970526,0.5,400
refit_orth,fr,var,0.01811002939939499,0.5,400
refit_orth,fz,mspe,0.022094937041401863,0.5,400
refit_orth,fz,bias2,0.01688002422451973,0.5,400
refit_orth,fz,var,0.005214914213865995,0.5,400
base,y,mspe,1.0566526651382446,0.5,400
base,y,bias2,1.0286320447921753,0.5,400
base,y,var,0.028020601719617844,0.5,400
base,fx,mspe,0.03258996456861496,0.5,400
base,fx,bias2,0.010611705482006073,0.5,400
base,fx,var,0.021978260949254036,0.5,400
base,fr,mspe,0.06775110214948654,0.5,400
base,fr,bias2,0.045772846788167953,0.5,400
base,fr,var,0.021978260949254036,0.5,400
base,fz,mspe,0.01948864758014679,0.5,400
base,fz,bias2,0.01948864758014679,0.5,400
base,fz,var,0.0,0.5,400
posthoc_web,y,mspe,1.1344327926635742,0.5,400
posthoc_web,y,bias2,1.1103872060775757,0.5,400
posthoc_web,y,var,0.02404559776186943,0.5,400
posthoc_web,fx,mspe,0.0442066416144371,0.5,400
posthoc_web,fx,bias2,0.027361011132597923,0.5,400
posthoc_web,fx,var,0.01684563420712948,0.5,400
posthoc_web,fr,mspe,0.024307984858751297,0.5,400
posthoc_web,fr,bias2,0.0074623506516218185,0.5,400
posthoc_web,fr,var,0.01684563420712948,0.5,400
posthoc_web,fz,mspe,0.01948864758014679,0.5,400
posthoc_web,fz,bias2,0.01948864758014679,0.5,400
posthoc_web,fz,var,0.0,0.5,400
refit,y,mspe,1.0343459844589233,1,400
refit,y,bias2,1.0086767673492432,1,400
refit,y,var,0.025669312104582787,1,400
refit,fx,mspe,0.027870232239365578,1,400
refit,fx,bias2,0.006028434261679649,1,400
refit,fx,var,0.021841801702976227,1,400
refit,fr,mspe,0.04633046314120293,1,400
refit,fr,bias2,0.0244886614382267,1,400
refit,fr,var,0.021841801702976227,1,400
refit,fz,mspe,0.008570614270865917,1,400
refit,fz,bias2,1.384808638249524e-05,1,400
refit,fz,var,0.008556765504181385,1,400
refit_orth,y,mspe,1.034346580505371,1,400
refit_orth,y,bias2,1.0086807012557983,1,400
refit_orth,y,var,0.025665853172540665,1,400
refit_orth,fx,mspe,0.041626833379268646,1,400
refit_orth,fx,bias2,0.024852626025676727,1,400
refit_orth,fx,var,0.016774209216237068,1,400
refit_orth,fr,mspe,0.022793950513005257,1,400
refit_orth,fr,bias2,0.0060197412967681885,1,400
refit_orth,fr,var,0.016774209216237068,1,400
refit_orth,fz,mspe,0.022313443943858147,1,400
refit_orth,fz,bias2,0.016879480332136154,1,400
refit_orth,fz,var,0.005433964543044567,1,400
base,y,mspe,1.090002179145813,1,400
base,y,bias2,1.061189889907837,1,400
base,y,var,0.02881230041384697,1,400
base,fx,mspe,0.06554364413022995,1,400
base,fx,bias2,0.044912587851285934,1,400
base,fx,var,0.020631050691008568,1,400
base,fr,mspe,0.12958206236362457,1,400
base,fr,bias2,0.10895101726055145,1,400
base,fr,var,0.020631050691008568,1,400
base,fz,mspe,0.07795459032058716,1,400
base,fz,bias2,0.07795459032058716,1,400
base,fz,var,0.0,1,400
posthoc_web,y,mspe,1.277906894683838,1,400
posthoc_web,y,bias2,1.2430399656295776,1,400
posthoc_web,y,var,0.034866999834775925,1,400
posthoc_web,fx,mspe,0.05625109747052193,1,400
posthoc_web,fx,bias2,0.040896207094192505,1,400
posthoc_web,fx,var,0.015354888513684273,1,400
posthoc_web,fr,mspe,0.034850865602493286,1,400
posthoc_web,fr,bias2,0.019495977088809013,1,400
posthoc_web,fr,var,0.015354888513684273,1,400
posthoc_web,fz,mspe,0.07795459032058716,1,400
posthoc_web,fz,bias2,0.07795459032058716,1,400
posthoc_web,fz,var,0.0,1,400
refit,y,mspe,1.0350044965744019,1.5,400
refit,y,bias2,1.0102804899215698,1.5,400
refit,y,var,0.024724066257476807,1.5,400
refit,fx,mspe,0.028720805421471596,1.5,400
refit,fx,bias2,0.007696390151977539,1.5,400
refit,fx,var,0.021024417132139206,1.5,400
refit,fr,mspe,0.05082094669342041,1.5,400
refit,fr,bias2,0.029796531423926353,1.5,400
refit,fr,var,0.021024417132139206,1.5,400
refit,fz,mspe,0.009982473216950893,1.5,400
refit,fz,bias2,0.00030678813345730305,1.5,400
refit,fz,var,0.009675685316324234,1.5,400
refit_orth,y,mspe,1.0349884033203125,1.5,400
refit_orth,y,bias2,1.0102713108062744,1.5,400
refit_orth,y,var,0.02471710741519928,1.5,400
refit_orth,fx,mspe,0.04238944873213768,1.5,400
refit_orth,fx,bias2,0.026663390919566154,1.5,400
refit_orth,fx,var,0.015726061537861824,1.5,400
refit_orth,fr,mspe,0.023336954414844513,1.5,400
refit_orth,fr,bias2,0.007610891945660114,1.5,400
refit_orth,fr,var,0.015726061537861824,1.5,400
refit_orth,fz,mspe,0.022615954279899597,1.5,400
refit_orth,fz,bias2,0.016879118978977203,1.5,400
refit_orth,fz,var,0.0057368348352611065,1.5,400
base,y,mspe,1.136378526687622,1.5,400
base,y,bias2,1.1095771789550781,1.5,400
base,y,var,0.026801252737641335,1.5,400
base,fx,mspe,0.12296895682811737,1.5,400
base,fx,bias2,0.10294750332832336,1.5,400
base,fx,var,0.020021457225084305,1.5,400
base,fr,mspe,0.21175575256347656,1.5,400
base,fr,bias2,0.19173426926136017,1.5,400
base,fr,var,0.020021457225084305,1.5,400
base,fz,mspe,0.1753978282213211,1.5,400
base,fz,bias2,0.1753978282213211,1.5,400
base,fz,var,0.0,1.5,400
posthoc_web,y,mspe,1.448047161102295,1.5,400
posthoc_web,y,bias2,1.4231231212615967,1.5,400
posthoc_web,y,var,0.024923965334892273,1.5,400
posthoc_web,fx,mspe,0.07854160666465759,1.5,400
posthoc_web,fx,bias2,0.06361473351716995,1.5,400
posthoc_web,fx,var,0.01492687314748764,1.5,400
posthoc_web,fr,mspe,0.056360114365816116,1.5,400
posthoc_web,fr,bias2,0.04143323749303818,1.5,400
posthoc_web,fr,var,0.01492687314748764,1.5,400
posthoc_web,fz,mspe,0.1753978282213211,1.5,400
posthoc_web,fz,bias2,0.1753978282213211,1.5,400
posthoc_web,fz,var,0.0,1.5,400
refit,y,mspe,1.0371525287628174,2,400
refit,y,bias2,1.010887622833252,2,400
refit,y,var,0.02626495435833931,2,400
refit,fx,mspe,0.030603332445025444,2,400
refit,fx,bias2,0.007883950136601925,2,400
refit,fx,var,0.022719381377100945,2,400
refit,fr,mspe,0.05326947197318077,2,400
refit,fr,bias2,0.03055008500814438,2,400
refit,fr,var,0.022719381377100945,2,400
refit,fz,mspe,0.011269769631326199,2,400
refit,fz,bias2,0.00039834980270825326,2,400
refit,fz,var,0.010871419683098793,2,400
refit_orth,y,mspe,1.0371562242507935,2,400
refit_orth,y,bias2,1.010901689529419,2,400
refit_orth,y,var,0.02625463157892227,2,400
refit_orth,fx,mspe,0.044097766280174255,2,400
refit_orth,fx,bias2,0.02691991627216339,2,400
refit_orth,fx,var,0.017177851870656013,2,400
refit_orth,fr,mspe,0.02493438683450222,2,400
refit_orth,fr,bias2,0.007756537292152643,2,400
refit_orth,fr,var,0.017177851870656013,2,400
refit_orth,fz,mspe,0.023002447560429573,2,400
refit_orth,fz,bias2,0.01687893643975258,2,400
refit_orth,fz,var,0.0061235129833221436,2,400
base,y,mspe,1.2030929327011108,2,400
base,y,bias2,1.1686397790908813,2,400
base,y,var,0.034452974796295166,2,400
base,fx,mspe,0.22313329577445984,2,400
base,fx,bias2,0.1938021034002304,2,400
base,fx,var,0.029331183061003685,2,400
base,fr,mspe,0.3394612967967987,2,400
base,fr,bias2,0.3101300895214081,2,400
base,fr,var,0.029331183061003685,2,400
base,fz,mspe,0.31181836128234863,2,400
base,fz,bias2,0.31181836128234863,2,400
base,fz,var,0.0,2,400
posthoc_web,y,mspe,1.6907830238342285,2,400
posthoc_web,y,bias2,1.6571736335754395,2,400
posthoc_web,y,var,0.03360946103930473,2,400
posthoc_web,fx,mspe,0.1193874180316925,2,400
posthoc_web,fx,bias2,0.09734664112329483,2,400
posthoc_web,fx,var,0.022040776908397675,2,400
posthoc_web,fr,mspe,0.09576963633298874,2,400
posthoc_web,fr,bias2,0.07372885197401047,2,400
posthoc_web,fr,var,0.022040776908397675,2,400
posthoc_web,fz,mspe,0.31181836128234863,2,400
posthoc_web,fz,bias2,0.31181836128234863,2,400
posthoc_web,fz,var,0.0,2,400
refit,y,mspe,1.0384657382965088,2.5,400
refit,y,bias2,1.0117112398147583,2.5,400
refit,y,var,0.026754403486847878,2.5,400
refit,fx,mspe,0.03226976469159126,2.5,400
refit,fx,bias2,0.008059711195528507,2.5,400
refit,fx,var,0.02421005256474018,2.5,400
refit,fr,mspe,0.054622963070869446,2.5,400
refit,fr,bias2,0.030412912368774414,2.5,400
refit,fr,var,0.02421005256474018,2.5,400
refit,fz,mspe,0.011020626872777939,2.5,400
refit,fz,bias2,0.00029435689793899655,2.5,400
refit,fz,var,0.010726269334554672,2.5,400
refit_orth,y,mspe,1.0384539365768433,2.5,400
refit_orth,y,bias2,1.0117061138153076,2.5,400
refit_orth,y,var,0.026747873052954674,2.5,400
refit_orth,fx,mspe,0.04450339451432228,2.5,400
refit_orth,fx,bias2,0.026647474616765976,2.5,400
refit_orth,fx,var,0.017855923622846603,2.5,400
refit_orth,fr,mspe,0.025817250832915306,2.5,400
refit_orth,fr,bias2,0.007961328141391277,2.5,400
refit_orth,fr,var,0.017855923622846603,2.5,400
refit_orth,fz,mspe,0.023472962900996208,2.5,400
refit_orth,fz,bias2,0.01687895506620407,2.5,400
refit_orth,fz,var,0.006594008766114712,2.5,400
base,y,mspe,1.283094882965088,2.5,400
base,y,bias2,1.2418625354766846,2.5,400
base,y,var,0.04123247042298317,2.5,400
base,fx,mspe,0.31575995683670044,2.5,400
base,fx,bias2,0.2785431146621704,2.5,400
base,fx,var,0.03721680864691734,2.5,400
base,fr,mspe,0.4519849419593811,2.5,400
base,fr,bias2,0.41476812958717346,2.5,400
base,fr,var,0.03721680864691734,2.5,400
base,fz,mspe,0.48721617460250854,2.5,400
base,fz,bias2,0.48721617460250854,2.5,400
base,fz,var,0.0,2.5,400
posthoc_web,y,mspe,1.9674503803253174,2.5,400
posthoc_web,y,bias2,1.9256720542907715,2.5,400
posthoc_web,y,var,0.04177846014499664,2.5,400
posthoc_web,fx,mspe,0.15878355503082275,2.5,400
posthoc_web,fx,bias2,0.1287497878074646,2.5,400
posthoc_web,fx,var,0.030033765360713005,2.5,400
posthoc_web,fr,mspe,0.1341259777545929,2.5,400
posthoc_web,fr,bias2,0.10409221798181534,2.5,400
posthoc_web,fr,var,0.030033765360713005,2.5,400
posthoc_web,fz,mspe,0.48721617460250854,2.5,400
posthoc_web,fz,bias2,0.48721617460250854,2.5,400
posthoc_web,fz,var,0.0,2.5,400
refit,y,mspe,1.0374337434768677,3,400
refit,y,bias2,1.011286973953247,3,400
refit,y,var,0.02614675462245941,3,400
refit,fx,mspe,0.03176538646221161,3,400
refit,fx,bias2,0.008350057527422905,3,400
refit,fx,var,0.023415332660079002,3,400
refit,fr,mspe,0.05313749611377716,3,400
refit,fr,bias2,0.029722165316343307,3,400
refit,fr,var,0.023415332660079002,3,400
refit,fz,mspe,0.011340804398059845,3,400
refit,fz,bias2,0.00018066499615088105,3,400
refit,fz,var,0.011160139925777912,3,400
refit_orth,y,mspe,1.037469744682312,3,400
refit_orth,y,bias2,1.011296272277832,3,400
refit_orth,y,var,0.026173483580350876,3,400
refit_orth,fx,mspe,0.04422755539417267,3,400
refit_orth,fx,bias2,0.02693619765341282,3,400
refit_orth,fx,var,0.01729135774075985,3,400
refit_orth,fr,mspe,0.02560659870505333,3,400
refit_orth,fr,bias2,0.008315240032970905,3,400
refit_orth,fr,var,0.01729135774075985,3,400
refit_orth,fz,mspe,0.024027476087212563,3,400
refit_orth,fz,bias2,0.016879137605428696,3,400
refit_orth,fz,var,0.007148338481783867,3,400
base,y,mspe,1.3818011283874512,3,400
base,y,bias2,1.3251619338989258,3,400
base,y,var,0.05663919448852539,3,400
base,fx,mspe,0.4729955792427063,3,400
base,fx,bias2,0.4219914376735687,3,400
base,fx,var,0.05100414156913757,3,400
base,fr,mspe,0.6371009945869446,3,400
base,fr,bias2,0.5860968232154846,3,400
base,fr,var,0.05100414156913757,3,400
base,fz,mspe,0.7015913128852844,3,400
base,fz,bias2,0.7015913128852844,3,400
base,fz,var,0.0,3,400
posthoc_web,y,mspe,2.3124771118164062,3,400
posthoc_web,y,bias2,2.260133981704712,3,400
posthoc_web,y,var,0.05234319716691971,3,400
posthoc_web,fx,mspe,0.22055134177207947,3,400
posthoc_web,fx,bias2,0.18058592081069946,3,400
posthoc_web,fx,var,0.0399654395878315,3,400
posthoc_web,fr,mspe,0.19428890943527222,3,400
posthoc_web,fr,bias2,0.15432344377040863,3,400
posthoc_web,fr,var,0.0399654395878315,3,400
posthoc_web,fz,mspe,0.7015913128852844,3,400
posthoc_web,fz,bias2,0.7015913128852844,3,400
posthoc_web,fz,var,0.0,3,400
refit,y,mspe,1.038798213005066,3.5,400
refit,y,bias2,1.0113064050674438,3.5,400
refit,y,var,0.02749175950884819,3.5,400
refit,fx,mspe,0.03321788087487221,3.5,400
refit,fx,bias2,0.007841614075005054,3.5,400
refit,fx,var,0.025376267731189728,3.5,400
refit,fr,mspe,0.0546506866812706,3.5,400
refit,fr,bias2,0.029274415224790573,3.5,400
refit,fr,var,0.025376267731189728,3.5,400
refit,fz,mspe,0.012422206811606884,3.5,400
refit,fz,bias2,0.0001910035643959418,3.5,400
refit,fz,var,0.012231201864778996,3.5,400
refit_orth,y,mspe,1.0387890338897705,3.5,400
refit_orth,y,bias2,1.011298418045044,3.5,400
refit_orth,y,var,0.027490761131048203,3.5,400
refit_orth,fx,mspe,0.04501625522971153,3.5,400
refit_orth,fx,bias2,0.026469238102436066,3.5,400
refit_orth,fx,var,0.018547015264630318,3.5,400
refit_orth,fr,mspe,0.02635001391172409,3.5,400
refit_orth,fr,bias2,0.00780299911275506,3.5,400
refit_orth,fr,var,0.018547015264630318,3.5,400
refit_orth,fz,mspe,0.024665966629981995,3.5,400
refit_orth,fz,bias2,0.016879461705684662,3.5,400
refit_orth,fz,var,0.0077865030616521835,3.5,400
base,y,mspe,1.4817100763320923,3.5,400
base,y,bias2,1.4288777112960815,3.5,400
base,y,var,0.052832260727882385,3.5,400
base,fx,mspe,0.619706928730011,3.5,400
base,fx,bias2,0.5709786415100098,3.5,400
base,fx,var,0.04872824624180794,3.5,400
base,fr,mspe,0.8074387907981873,3.5,400
base,fr,bias2,0.7587106227874756,3.5,400
base,fr,var,0.04872824624180794,3.5,400
base,fz,mspe,0.9549437165260315,3.5,400
base,fz,bias2,0.954943835735321,3.5,400
base,fz,var,0.0,3.5,400
posthoc_web,y,mspe,2.6890709400177,3.5,400
posthoc_web,y,bias2,2.635404586791992,3.5,400
posthoc_web,y,var,0.05366642028093338,3.5,400
posthoc_web,fx,mspe,0.2754489779472351,3.5,400
posthoc_web,fx,bias2,0.2356492578983307,3.5,400
posthoc_web,fx,var,0.03979972004890442,3.5,400
posthoc_web,fr,mspe,0.24842053651809692,3.5,400
posthoc_web,fr,bias2,0.2086208313703537,3.5,400
posthoc_web,fr,var,0.03979972004890442,3.5,400
posthoc_web,fz,mspe,0.9549437165260315,3.5,400
posthoc_web,fz,bias2,0.954943835735321,3.5,400
posthoc_web,fz,var,0.0,3.5,400
refit,y,mspe,1.0387033224105835,4,400
refit,y,bias2,1.0110962390899658,4,400
refit,y,var,0.027607131749391556,4,400
refit,fx,mspe,0.034797001630067825,4,400
refit,fx,bias2,0.008941489271819592,4,400
refit,fx,var,0.02585550770163536,4,400
refit,fr,mspe,0.05495410040020943,4,400
refit,fr,bias2,0.029098592698574066,4,400
refit,fr,var,0.02585550770163536,4,400
refit,fz,mspe,0.013310534879565239,4,400
refit,fz,bias2,7.637187809450552e-05,4,400
refit,fz,var,0.013234162703156471,4,400
refit_orth,y,mspe,1.0387334823608398,4,400
refit_orth,y,bias2,1.011108636856079,4,400
refit_orth,y,var,0.027624860405921936,4,400
refit_orth,fx,mspe,0.04608779400587082,4,400
refit_orth,fx,bias2,0.02742530032992363,4,400
refit_orth,fx,var,0.018662497401237488,4,400
refit_orth,fr,mspe,0.027613744139671326,4,400
refit_orth,fr,bias2,0.008951248601078987,4,400
refit_orth,fr,var,0.018662497401237488,4,400
refit_orth,fz,mspe,0.025388436391949654,4,400
refit_orth,fz,bias2,0.016879977658391,4,400
refit_orth,fz,var,0.008508462458848953,4,400
base,y,mspe,1.6108089685440063,4,400
base,y,bias2,1.5412399768829346,4,400
base,y,var,0.06956901401281357,4,400
base,fx,mspe,0.8300108313560486,4,400
base,fx,bias2,0.763653039932251,4,400
base,fx,var,0.06635779142379761,4,400
base,fr,mspe,1.0444971323013306,4,400
base,fr,bias2,0.978139340877533,4,400
base,fr,var,0.06635779142379761,4,400
base,fz,mspe,1.2472734451293945,4,400
base,fz,bias2,1.2472734451293945,4,400
base,fz,var,0.0,4,400
posthoc_web,y,mspe,3.142801523208618,4,400
posthoc_web,y,bias2,3.0754001140594482,4,400
posthoc_web,y,var,0.06740158051252365,4,400
posthoc_web,fx,mspe,0.35810303688049316,4,400
posthoc_web,fx,bias2,0.30604317784309387,4,400
posthoc_web,fx,var,0.05205988511443138,4,400
posthoc_web,fr,mspe,0.3291271924972534,4,400
posthoc_web,fr,bias2,0.27706730365753174,4,400
posthoc_web,fr,var,0.05205988511443138,4,400
posthoc_web,fz,mspe,1.2472734451293945,4,400
posthoc_web,fz,bias2,1.2472734451293945,4,400
posthoc_web,fz,var,0.0,4,400
refit,y,mspe,1.0047985315322876,0,6400
refit,y,bias2,1.0025618076324463,0,6400
refit,y,var,0.0022366598714143038,0,6400
refit,fx,mspe,0.0025527826510369778,0,6400
refit,fx,bias2,0.00042135792318731546,0,6400
refit,fx,var,0.002131424378603697,0,6400
refit,fr,mspe,0.021719470620155334,0,6400
refit,fr,bias2,0.01958804577589035,0,6400
refit,fr,var,0.002131424378603697,0,6400
refit,fz,mspe,0.0004917731857858598,0,6400
refit,fz,bias2,3.6295691643317696e-06,0,6400
refit,fz,var,0.00048814364708960056,0,6400
refit_orth,y,mspe,1.0046753883361816,0,6400
refit_orth,y,bias2,1.0024981498718262,0,6400
refit_orth,y,var,0.002177136018872261,0,6400
refit_orth,fx,mspe,0.021348824724555016,0,6400
refit_orth,fx,bias2,0.01970333606004715,0,6400
refit_orth,fx,var,0.001645487966015935,0,6400
refit_orth,fr,mspe,0.002080632373690605,0,6400
refit_orth,fr,bias2,0.00043514446588233113,0,6400
refit_orth,fr,var,0.001645487966015935,0,6400
refit_orth,fz,mspe,0.018688242882490158,0,6400
refit_orth,fz,bias2,0.018426813185214996,0,6400
refit_orth,fz,var,0.0002614283876027912,0,6400
base,y,mspe,1.004733920097351,0,6400
base,y,bias2,1.002055048942566,0,6400
base,y,var,0.002678827615454793,0,6400
base,fx,mspe,0.0023713363334536552,0,6400
base,fx,bias2,0.0003997105814050883,0,6400
base,fx,var,0.0019716257229447365,0,6400
base,fr,mspe,0.021048471331596375,0,6400
base,fr,bias2,0.019076846539974213,0,6400
base,fr,var,0.0019716257229447365,0,6400
base,fz,mspe,0.0,0,6400
base,fz,bias2,0.0,0,6400
base,fz,var,0.0,0,6400
posthoc_web,y,mspe,1.0307488441467285,0,6400
posthoc_web,y,bias2,1.0282142162322998,0,6400
posthoc_web,y,var,0.00253463676199317,0,6400
posthoc_web,fx,mspe,0.02154197171330452,0,6400
posthoc_web,fx,bias2,0.01974191889166832,0,6400
posthoc_web,fx,var,0.001800051424652338,0,6400
posthoc_web,fr,mspe,0.0021921948064118624,0,6400
posthoc_web,fr,bias2,0.0003921432653442025,0,6400
posthoc_web,fr,var,0.001800051424652338,0,6400
posthoc_web,fz,mspe,0.0,0,6400
posthoc_web,fz,bias2,0.0,0,6400
posthoc_web,fz,var,0.0,0,6400
refit,y,mspe,1.0067472457885742,0.5,6400
refit,y,bias2,1.0043535232543945,0.5,6400
refit,y,var,0.0023938037920743227,0.5,6400
refit,fx,mspe,0.0033067965414375067,0.5,6400
refit,fx,bias2,0.0007922883960418403,0.5,6400
refit,fx,var,0.002514507854357362,0.5,6400
refit,fr,mspe,0.02698211744427681,0.5,6400
refit,fr,bias2,0.024467606097459793,0.5,6400
refit,fr,var,0.002514507854357362,0.5,6400
refit,fz,mspe,0.0010604853741824627,0.5,6400
refit,fz,bias2,0.00035092770121991634,0.5,6400
refit,fz,var,0.0007095576729625463,0.5,6400
refit_orth,y,mspe,1.0067325830459595,0.5,6400
refit_orth,y,bias2,1.0043385028839111,0.5,6400
refit_orth,y,var,0.0023941113613545895,0.5,6400
refit_orth,fx,mspe,0.02190757729113102,0.5,6400
refit_orth,fx,bias2,0.02002445049583912,0.5,6400
refit_orth,fx,var,0.0018831264460459352,0.5,6400
refit_orth,fr,mspe,0.002450370229780674,0.5,6400
refit_orth,fr,bias2,0.000567243667319417,0.5,6400
refit_orth,fr,var,0.0018831264460459352,0.5,6400
refit_orth,fz,mspe,0.018695686012506485,0.5,6400
refit_orth,fz,bias2,0.01842598430812359,0.5,6400
refit_orth,fz,var,0.00026970161707140505,0.5,6400
base,y,mspe,1.0223389863967896,0.5,6400
base,y,bias2,1.0194648504257202,0.5,6400
base,y,var,0.0028742754366248846,0.5,6400
base,fx,mspe,0.014867905527353287,0.5,6400
base,fx,bias2,0.012562640011310577,0.5,6400
base,fx,var,0.0023052652832120657,0.5,6400
base,fr,mspe,0.05925774946808815,0.5,6400
base,fr,bias2,0.05695248767733574,0.5,6400
base,fr,var,0.0023052652832120657,0.5,6400
base,fz,mspe,0.01948864758014679,0.5,6400
base,fz,bias2,0.01948864758014679,0.5,6400
base,fz,var,0.0,0.5,6400
posthoc_web,y,mspe,1.1105917692184448,0.5,6400
posthoc_web,y,bias2,1.1080002784729004,0.5,6400
posthoc_web,y,var,0.0025913906283676624,0.5,6400
posthoc_web,fx,mspe,0.026871901005506516,0.5,6400
posthoc_web,fx,bias2,0.024863071739673615,0.5,6400
posthoc_web,fx,var,0.002008826704695821,0.5,6400
posthoc_web,fr,mspe,0.006623757071793079,0.5,6400
posthoc_web,fr,bias2,0.004614929668605328,0.5,6400
posthoc_web,fr,var,0.002008826704695821,0.5,6400
posthoc_web,fz,mspe,0.01948864758014679,0.5,6400
posthoc_web,fz,bias2,0.01948864758014679,0.5,6400
posthoc_web,fz,var,0.0,0.5,6400
refit,y,mspe,1.006636381149292,1,6400
refit,y,bias2,1.0041583776474,1,6400
refit,y,var,0.0024780677631497383,1,6400
refit,fx,mspe,0.0035583805292844772,1,6400
refit,fx,bias2,0.0007692558574490249,1,6400
refit,fx,var,0.002789124846458435,1,6400
refit,fr,mspe,0.027519257739186287,1,6400
refit,fr,bias2,0.024730134755373,1,6400
refit,fr,var,0.002789124846458435,1,6400
refit,fz,mspe,0.0012259759241715074,1,6400
refit,fz,bias2,0.00039213820127770305,1,6400
refit,fz,var,0.0008338378393091261,1,6400
refit_orth,y,mspe,1.0066256523132324,1,6400
refit_orth,y,bias2,1.0041447877883911,1,6400
refit_orth,y,var,0.0024808840826153755,1,6400
refit_orth,fx,mspe,0.02194228582084179,1,6400
refit_orth,fx,bias2,0.019978508353233337,1,6400
refit_orth,fx,var,0.001963779330253601,1,6400
refit_orth,fr,mspe,0.0024764833506196737,1,6400
refit_orth,fr,bias2,0.0005127040203660727,1,6400
refit_orth,fr,var,0.001963779330253601,1,6400
refit_orth,fz,mspe,0.018708975985646248,1,6400
refit_orth,fz,bias2,0.01842525042593479,1,6400
refit_orth,fz,var,0.0002837253559846431,1,6400
base,y,mspe,1.0529160499572754,1,6400
base,y,bias2,1.049881100654602,1,6400
base,y,var,0.0030349299777299166,1,6400
base,fx,mspe,0.049318570643663406,1,6400
base,fx,bias2,0.04714877903461456,1,6400
base,fx,var,0.0021697888150811195,1,6400
base,fr,mspe,0.11751630157232285,1,6400
base,fr,bias2,0.1153465062379837,1,6400
base,fr,var,0.0021697888150811195,1,6400
base,fz,mspe,0.07795459032058716,1,6400
base,fz,bias2,0.07795459032058716,1,6400
base,fz,var,0.0,1,6400
posthoc_web,y,mspe,1.2383859157562256,1,6400
posthoc_web,y,bias2,1.2355401515960693,1,6400
posthoc_web,y,var,0.002845706883817911,1,6400
posthoc_web,fx,mspe,0.03983689099550247,1,6400
posthoc_web,fx,bias2,0.03795301914215088,1,6400
posthoc_web,fx,var,0.0018838730175048113,1,6400
posthoc_web,fr,mspe,0.018630854785442352,1,6400
posthoc_web,fr,bias2,0.01674698106944561,1,6400
posthoc_web,fr,var,0.0018838730175048113,1,6400
posthoc_web,fz,mspe,0.07795459032058716,1,6400
posthoc_web,fz,bias2,0.07795459032058716,1,6400
posthoc_web,fz,var,0.0,1,6400
refit,y,mspe,1.0068490505218506,1.5,6400
refit,y,bias2,1.0045613050460815,1.5,6400
refit,y,var,0.002287802752107382,1.5,6400
refit,fx,mspe,0.003553214017301798,1.5,6400
refit,fx,bias2,0.0010551579762250185,1.5,6400
refit,fx,var,0.0024980560410767794,1.5,6400
refit,fr,mspe,0.028128452599048615,1.5,6400
refit,fr,bias2,0.025630395859479904,1.5,6400
refit,fr,var,0.0024980560410767794,1.5,6400
refit,fz,mspe,0.001212458941154182,1.5,6400
refit,fz,bias2,0.00046741231926716864,1.5,6400
refit,fz,var,0.0007450467091985047,1.5,6400
refit_orth,y,mspe,1.0068508386611938,1.5,6400
refit_orth,y,bias2,1.0045559406280518,1.5,6400
refit_orth,y,var,0.0022950428538024426,1.5,6400
refit_orth,fx,mspe,0.021851973608136177,1.5,6400
refit_orth,fx,bias2,0.02008320763707161,1.5,6400
refit_orth,fx,var,0.0017687655054032803,1.5,6400
refit_orth,fr,mspe,0.00249130348674953,1.5,6400
refit_orth,fr,bias2,0.0007225379231385887,1.5,6400
refit_orth,fr,var,0.0017687655054032803,1.5,6400
refit_orth,fz,mspe,0.0187281034886837,1.5,6400
refit_orth,fz,bias2,0.01842460408806801,1.5,6400
refit_orth,fz,var,0.00030349945882335305,1.5,6400
base,y,mspe,1.098945140838623,1.5,6400
base,y,bias2,1.0949177742004395,1.5,6400
base,y,var,0.004027301911264658,1.5,6400
base,fx,mspe,0.11258149892091751,1.5,6400
base,fx,bias2,0.10986986011266708,1.5,6400
base,fx,var,0.002711641136556864,1.5,6400
base,fr,mspe,0.206543430685997,1.5,6400
base,fr,bias2,0.20383180677890778,1.5,6400
base,fr,var,0.002711641136556864,1.5,6400
base,fz,mspe,0.1753978282213211,1.5,6400
base,fz,bias2,0.1753978282213211,1.5,6400
base,fz,var,0.0,1.5,6400
posthoc_web,y,mspe,1.418304443359375,1.5,6400
posthoc_web,y,bias2,1.4145714044570923,1.5,6400
posthoc_web,y,var,0.0037330950144678354,1.5,6400
posthoc_web,fx,mspe,0.06305357813835144,1.5,6400
posthoc_web,fx,bias2,0.060807302594184875,1.5,6400
posthoc_web,fx,var,0.002246276242658496,1.5,6400
posthoc_web,fr,mspe,0.04104282334446907,1.5,6400
posthoc_web,fr,bias2,0.038796547800302505,1.5,6400
posthoc_web,fr,var,0.002246276242658496,1.5,6400
posthoc_web,fz,mspe,0.1753978282213211,1.5,6400
posthoc_web,fz,bias2,0.1753978282213211,1.5,6400
posthoc_web,fz,var,0.0,1.5,6400
refit,y,mspe,1.0068156719207764,2,6400
refit,y,bias2,1.0045353174209595,2,6400
refit,y,var,0.0022804143372923136,2,6400
refit,fx,mspe,0.0034653639886528254,2,6400
refit,fx,bias2,0.0009217591723427176,2,6400
refit,fx,var,0.0025436049327254295,2,6400
refit,fr,mspe,0.027540521696209908,2,6400
refit,fr,bias2,0.024996913969516754,2,6400
refit,fr,var,0.0025436049327254295,2,6400
refit,fz,mspe,0.0012379855616018176,2,6400
refit,fz,bias2,0.0003959476889576763,2,6400
refit,fz,var,0.00084203778533265,2,6400
refit_orth,y,mspe,1.0067970752716064,2,6400
refit_orth,y,bias2,1.0045580863952637,2,6400
refit_orth,y,var,0.0022389579098671675,2,6400
refit_orth,fx,mspe,0.02173578552901745,2,6400
refit_orth,fx,bias2,0.02002418041229248,2,6400
refit_orth,fx,var,0.0017116043018177152,2,6400
refit_orth,fr,mspe,0.0023763475473970175,2,6400
refit_orth,fr,bias2,0.0006647435366176069,2,6400
refit_orth,fr,var,0.0017116043018177152,2,6400
refit_orth,fz,mspe,0.018753062933683395,2,6400
refit_orth,fz,bias2,0.01842404156923294,2,6400
refit_orth,fz,var,0.0003290241293143481,2,6400
base,y,mspe,1.1572891473770142,2,6400
base,y,bias2,1.1527560949325562,2,6400
base,y,var,0.004533030558377504,2,6400
base,fx,mspe,0.20000088214874268,2,6400
base,fx,bias2,0.19638949632644653,2,6400
base,fx,var,0.0036113823298364878,2,6400
base,fr,mspe,0.31913265585899353,2,6400
base,fr,bias2,0.3155212700366974,2,6400
base,fr,var,0.0036113823298364878,2,6400
base,fz,mspe,0.31181836128234863,2,6400
base,fz,bias2,0.31181836128234863,2,6400
base,fz,var,0.0,2,6400
posthoc_web,y,mspe,1.6471545696258545,2,6400
posthoc_web,y,bias2,1.6433022022247314,2,6400
posthoc_web,y,var,0.0038523089606314898,2,6400
posthoc_web,fx,mspe,0.09503204375505447,2,6400
posthoc_web,fx,bias2,0.09231521934270859,2,6400
posthoc_web,fx,var,0.0027168162632733583,2,6400
posthoc_web,fr,mspe,0.07189613580703735,2,6400
posthoc_web,fr,bias2,0.06917931139469147,2,6400
posthoc_web,fr,var,0.0027168162632733583,2,6400
posthoc_web,fz,mspe,0.31181836128234863,2,6400
posthoc_web,fz,bias2,0.31181836128234863,2,6400
posthoc_web,fz,var,0.0,2,6400
refit,y,mspe,1.006915807723999,2.5,6400
refit,y,bias2,1.00482976436615,2.5,6400
refit,y,var,0.002086066408082843,2.5,6400
refit,fx,mspe,0.0032325265929102898,2.5,6400
refit,fx,bias2,0.0009358974639326334,2.5,6400
refit,fx,var,0.0022966288961470127,2.5,6400
refit,fr,mspe,0.02709217555820942,2.5,6400
refit,fr,bias2,0.024795548990368843,2.5,6400
refit,fr,var,0.0022966288961470127,2.5,6400
refit,fz,mspe,0.0011605483014136553,2.5,6400
refit,fz,bias2,0.0003753855708055198,2.5,6400
refit,fz,var,0.0007851623231545091,2.5,6400
refit_orth,y,mspe,1.0070900917053223,2.5,6400
refit_orth,y,bias2,1.0049306154251099,2.5,6400
refit_orth,y,var,0.0021594641730189323,2.5,6400
refit_orth,fx,mspe,0.021778013557195663,2.5,6400
refit_orth,fx,bias2,0.020134389400482178,2.5,6400
refit_orth,fx,var,0.0016436242731288075,2.5,6400
refit_orth,fr,mspe,0.002319936640560627,2.5,6400
refit_orth,fr,bias2,0.0006763124256394804,2.5,6400
refit_orth,fr,var,0.0016436242731288075,2.5,6400
refit_orth,fz,mspe,0.01878386177122593,2.5,6400
refit_orth,fz,bias2,0.01842355914413929,2.5,6400
refit_orth,fz,var,0.0003603006771299988,2.5,6400
base,y,mspe,1.2291193008422852,2.5,6400
base,y,bias2,1.224927544593811,2.5,6400
base,y,var,0.004191671032458544,2.5,6400
base,fx,mspe,0.31007158756256104,2.5,6400
base,fx,bias2,0.3070162534713745,2.5,6400
base,fx,var,0.003055344568565488,2.5,6400
base,fr,mspe,0.45420241355895996,2.5,6400
base,fr,bias2,0.45114707946777344,2.5,6400
base,fr,var,0.003055344568565488,2.5,6400
base,fz,mspe,0.48721617460250854,2.5,6400
base,fz,bias2,0.48721617460250854,2.5,6400
base,fz,var,0.0,2.5,6400
posthoc_web,y,mspe,1.9251638650894165,2.5,6400
posthoc_web,y,bias2,1.9212546348571777,2.5,6400
posthoc_web,y,var,0.00390944117680192,2.5,6400
posthoc_web,fx,mspe,0.1345987468957901,2.5,6400
posthoc_web,fx,bias2,0.13206611573696136,2.5,6400
posthoc_web,fx,var,0.0025326430331915617,2.5,6400
posthoc_web,fr,mspe,0.11050716042518616,2.5,6400
posthoc_web,fr,bias2,0.10797452181577682,2.5,6400
posthoc_web,fr,var,0.0025326430331915617,2.5,6400
posthoc_web,fz,mspe,0.48721617460250854,2.5,6400
posthoc_web,fz,bias2,0.48721617460250854,2.5,6400
posthoc_web,fz,var,0.0,2.5,6400
refit,y,mspe,1.006547451019287,3,6400
refit,y,bias2,1.0043829679489136,3,6400
refit,y,var,0.002164390403777361,3,6400
refit,fx,mspe,0.0033579342998564243,3,6400
refit,fx,bias2,0.0009085361380130053,3,6400
refit,fx,var,0.0024493986275047064,3,6400
refit,fr,mspe,0.02699822001159191,3,6400
refit,fr,bias2,0.02454882115125656,3,6400
refit,fr,var,0.0024493986275047064,3,6400
refit,fz,mspe,0.0012554465793073177,3,6400
refit,fz,bias2,0.0003466872440185398,3,6400
refit,fz,var,0.0009087592479772866,3,6400
refit_orth,y,mspe,1.006514549255371,3,6400
refit_orth,y,bias2,1.0043420791625977,3,6400
refit_orth,y,var,0.0021725473925471306,3,6400
refit_orth,fx,mspe,0.02177756279706955,3,6400
refit_orth,fx,bias2,0.020132066681981087,3,6400
refit_orth,fx,var,0.0016454970464110374,3,6400
refit_orth,fr,mspe,0.0023361295461654663,3,6400
refit_orth,fr,bias2,0.0006906327325850725,3,6400
refit_orth,fr,var,0.0016454970464110374,3,6400
refit_orth,fz,mspe,0.018820492550730705,3,6400
refit_orth,fz,bias2,0.018423166126012802,3,6400
refit_orth,fz,var,0.000397327181417495,3,6400
base,y,mspe,1.316788673400879,3,6400
base,y,bias2,1.3109674453735352,3,6400
base,y,var,0.005821108818054199,3,6400
base,fx,mspe,0.4516095221042633,3,6400
base,fx,bias2,0.4473632574081421,3,6400
base,fx,var,0.0042462642304599285,3,6400
base,fr,mspe,0.6215499043464661,3,6400
base,fr,bias2,0.6173036098480225,3,6400
base,fr,var,0.0042462642304599285,3,6400
base,fz,mspe,0.7015913128852844,3,6400
base,fz,bias2,0.7015913128852844,3,6400
base,fz,var,0.0,3,6400
posthoc_web,y,mspe,2.2564306259155273,3,6400
posthoc_web,y,bias2,2.251075506210327,3,6400
posthoc_web,y,var,0.005355253349989653,3,6400
posthoc_web,fx,mspe,0.18567921221256256,3,6400
posthoc_web,fx,bias2,0.18241699039936066,3,6400
posthoc_web,fx,var,0.00326219922862947,3,6400
posthoc_web,fr,mspe,0.16061750054359436,3,6400
posthoc_web,fr,bias2,0.15735530853271484,3,6400
posthoc_web,fr,var,0.00326219922862947,3,6400
posthoc_web,fz,mspe,0.7015913128852844,3,6400
posthoc_web,fz,bias2,0.7015913128852844,3,6400
posthoc_web,fz,var,0.0,3,6400
refit,y,mspe,1.0066887140274048,3.5,6400
refit,y,bias2,1.004544973373413,3.5,6400
refit,y,var,0.0021437807008624077,3.5,6400
refit,fx,mspe,0.0032235383987426758,3.5,6400
refit,fx,bias2,0.0008413126925006509,3.5,6400
refit,fx,var,0.002382225589826703,3.5,6400
refit,fr,mspe,0.026592031121253967,3.5,6400
refit,fr,bias2,0.024209804832935333,3.5,6400
refit,fr,var,0.002382225589826703,3.5,6400
refit,fz,mspe,0.0012148971436545253,3.5,6400
refit,fz,bias2,0.00030983053147792816,3.5,6400
refit,fz,var,0.0009050669032149017,3.5,6400
refit_orth,y,mspe,1.0067470073699951,3.5,6400
refit_orth,y,bias2,1.004573106765747,3.5,6400
refit_orth,y,var,0.0021739930380135775,3.5,6400
refit_orth,fx,mspe,0.021724820137023926,3.5,6400
refit_orth,fx,bias2,0.020071402192115784,3.5,6400
refit_orth,fx,var,0.0016534161986783147,3.5,6400
refit_orth,fr,mspe,0.0022970193531364202,3.5,6400
refit_orth,fr,bias2,0.0006436032126657665,3.5,6400
refit_orth,fr,var,0.0016534161986783147,3.5,6400
refit_orth,fz,mspe,0.018862972036004066,3.5,6400
refit_orth,fz,bias2,0.018422869965434074,3.5,6400
refit_orth,fz,var,0.00044010503916069865,3.5,6400
base,y,mspe,1.417304277420044,3.5,6400
base,y,bias2,1.4101192951202393,3.5,6400
base,y,var,0.007184905465692282,3.5,6400
base,fx,mspe,0.6025952696800232,3.5,6400
base,fx,bias2,0.597687840461731,3.5,6400
base,fx,var,0.0049074627459049225,3.5,6400
base,fr,mspe,0.7959795594215393,3.5,6400
base,fr,bias2,0.7910720705986023,3.5,6400
base,fr,var,0.0049074627459049225,3.5,6400
base,fz,mspe,0.9549437165260315,3.5,6400
base,fz,bias2,0.954943835735321,3.5,6400
base,fz,var,0.0,3.5,6400
posthoc_web,y,mspe,2.628464937210083,3.5,6400
posthoc_web,y,bias2,2.622150182723999,3.5,6400
posthoc_web,y,var,0.006314828991889954,3.5,6400
posthoc_web,fx,mspe,0.2399417906999588,3.5,6400
posthoc_web,fx,bias2,0.2360520213842392,3.5,6400
posthoc_web,fx,var,0.003889775602146983,3.5,6400
posthoc_web,fr,mspe,0.214133620262146,3.5,6400
posthoc_web,fr,bias2,0.2102438509464264,3.5,6400
posthoc_web,fr,var,0.003889775602146983,3.5,6400
posthoc_web,fz,mspe,0.9549437165260315,3.5,6400
posthoc_web,fz,bias2,0.954943835735321,3.5,6400
posthoc_web,fz,var,0.0,3.5,6400
refit,y,mspe,1.0066256523132324,4,6400
refit,y,bias2,1.0043737888336182,4,6400
refit,y,var,0.0022519072517752647,4,6400
refit,fx,mspe,0.0032539486419409513,4,6400
refit,fx,bias2,0.0007504413952119648,4,6400
refit,fx,var,0.002503507537767291,4,6400
refit,fr,mspe,0.02636975236237049,4,6400
refit,fr,bias2,0.02386624738574028,4,6400
refit,fr,var,0.002503507537767291,4,6400
refit,fz,mspe,0.0011988802580162883,4,6400
refit,fz,bias2,0.0002819302899297327,4,6400
refit,fz,var,0.0009169499389827251,4,6400
refit_orth,y,mspe,1.006477952003479,4,6400
refit_orth,y,bias2,1.0042282342910767,4,6400
refit_orth,y,var,0.0022495908197015524,4,6400
refit_orth,fx,mspe,0.021765494719147682,4,6400
refit_orth,fx,bias2,0.020035652443766594,4,6400
refit_orth,fx,var,0.0017298379680141807,4,6400
refit_orth,fr,mspe,0.002317244652658701,4,6400
refit_orth,fr,bias2,0.0005874069756828249,4,6400
refit_orth,fr,var,0.0017298379680141807,4,6400
refit_orth,fz,mspe,0.018911287188529968,4,6400
refit_orth,fz,bias2,0.018422652035951614,4,6400
refit_orth,fz,var,0.000488633057102561,4,6400
base,y,mspe,1.5293152332305908,4,6400
base,y,bias2,1.5218509435653687,4,6400
base,y,var,0.00746427895501256,4,6400
base,fx,mspe,0.775730311870575,4,6400
base,fx,bias2,0.7701740264892578,4,6400
base,fx,var,0.005556298419833183,4,6400
base,fr,mspe,0.9926379919052124,4,6400
base,fr,bias2,0.98708176612854,4,6400
base,fr,var,0.005556298419833183,4,6400
base,fz,mspe,1.2472734451293945,4,6400
base,fz,bias2,1.2472734451293945,4,6400
base,fz,var,0.0,4,6400
posthoc_web,y,mspe,3.0487561225891113,4,6400
posthoc_web,y,bias2,3.041947841644287,4,6400
posthoc_web,y,var,0.006808063481003046,4,6400
posthoc_web,fx,mspe,0.30175676941871643,4,6400
posthoc_web,fx,bias2,0.29754623770713806,4,6400
posthoc_web,fx,var,0.00421056617051363,4,6400
posthoc_web,fr,mspe,0.2750414311885834,4,6400
posthoc_web,fr,bias2,0.27083083987236023,4,6400
posthoc_web,fr,var,0.00421056617051363,4,6400
posthoc_web,fz,mspe,1.2472734451293945,4,6400
posthoc_web,fz,bias2,1.2472734451293945,4,6400
posthoc_web,fz,var,0.0,4,6400
refit,y,mspe,1.0131415128707886,0,800
refit,y,bias2,1.002545714378357,0,800
refit,y,var,0.010595705360174179,0,800
refit,fx,mspe,0.01125401258468628,0,800
refit,fx,bias2,0.002057816367596388,0,800
refit,fx,var,0.009196196682751179,0,800
refit,fr,mspe,0.026492655277252197,0,800
refit,fr,bias2,0.017296457663178444,0,800
refit,fr,var,0.009196196682751179,0,800
refit,fz,mspe,0.00516936182975769,0,800
refit,fz,bias2,0.0006539762252941728,0,800
refit,fz,var,0.004515385255217552,0,800
refit_orth,y,mspe,1.0130741596221924,0,800
refit_orth,y,bias2,1.0025107860565186,0,800
refit_orth,y,var,0.010563338175415993,0,800
refit_orth,fx,mspe,0.027976520359516144,0,800
refit_orth,fx,bias2,0.021110016852617264,0,800
refit_orth,fx,var,0.00686650350689888,0,800
refit_orth,fr,mspe,0.008691356517374516,0,800
refit_orth,fr,bias2,0.0018248530104756355,0,800
refit_orth,fr,var,0.00686650350689888,0,800
refit_orth,fz,mspe,0.02397064119577408,0,800
refit_orth,fz,bias2,0.022281143814325333,0,800
refit_orth,fz,var,0.0016894991276785731,0,800
base,y,mspe,1.0173251628875732,0,800
base,y,bias2,1.0060608386993408,0,800
base,y,var,0.011264316737651825,0,800
base,fx,mspe,0.010301746428012848,0,800
base,fx,bias2,0.0014710951363667846,0,800
base,fx,var,0.008830650709569454,0,800
base,fr,mspe,0.028046967461705208,0,800
base,fr,bias2,0.01921631582081318,0,800
base,fr,var,0.008830650709569454,0,800
base,fz,mspe,0.0,0,800
base,fz,bias2,0.0,0,800
base,fz,var,0.0,0,800
posthoc_web,y,mspe,1.0415840148925781,0,800
posthoc_web,y,bias2,1.0318058729171753,0,800
posthoc_web,y,var,0.009778219275176525,0,800
posthoc_web,fx,mspe,0.027847938239574432,0,800
posthoc_web,fx,bias2,0.020584139972925186,0,800
posthoc_web,fx,var,0.007263797335326672,0,800
posthoc_web,fr,mspe,0.00869890209287405,0,800
posthoc_web,fr,bias2,0.0014351048739627004,0,800
posthoc_web,fr,var,0.007263797335326672,0,800
posthoc_web,fz,mspe,0.0,0,800
posthoc_web,fz,bias2,0.0,0,800
posthoc_web,fz,var,0.0,0,800
refit,y,mspe,1.016930341720581,0.5,800
refit,y,bias2,1.005611777305603,0.5,800
refit,y,var,0.0113186314702034,0.5,800
refit,fx,mspe,0.012657477520406246,0.5,800
refit,fx,bias2,0.0026058040093630552,0.5,800
refit,fx,var,0.010051675140857697,0.5,800
refit,fr,mspe,0.033858008682727814,0.5,800
refit,fr,bias2,0.023806333541870117,0.5,800
refit,fr,var,0.010051675140857697,0.5,800
refit,fz,mspe,0.004895225167274475,0.5,800
refit,fz,bias2,6.4621026467648335e-06,0.5,800
refit,fz,var,0.004888762719929218,0.5,800
refit_orth,y,mspe,1.0169289112091064,0.5,800
refit_orth,y,bias2,1.005610704421997,0.5,800
refit_orth,y,var,0.011318323202431202,0.5,800
refit_orth,fx,mspe,0.02992388792335987,0.5,800
refit_orth,fx,bias2,0.022333936765789986,0.5,800
refit_orth,fx,var,0.007589948363602161,0.5,800
refit_orth,fr,mspe,0.010156652890145779,0.5,800
refit_orth,fr,bias2,0.002566704759374261,0.5,800
refit_orth,fr,var,0.007589948363602161,0.5,800
refit_orth,fz,mspe,0.024034935981035233,0.5,800
refit_orth,fz,bias2,0.022279920056462288,0.5,800
refit_orth,fz,var,0.0017550131306052208,0.5,800
base,y,mspe,1.0351685285568237,0.5,800
base,y,bias2,1.023990511894226,0.5,800
base,y,var,0.01117801945656538,0.5,800
base,fx,mspe,0.021564951166510582,0.5,800
base,fx,bias2,0.012822052463889122,0.5,800
base,fx,var,0.008742899633944035,0.5,800
base,fr,mspe,0.06477879732847214,0.5,800
base,fr,bias2,0.05603589490056038,0.5,800
base,fr,var,0.008742899633944035,0.5,800
base,fz,mspe,0.01948864758014679,0.5,800
base,fz,bias2,0.01948864758014679,0.5,800
base,fz,var,0.0,0.5,800
posthoc_web,y,mspe,1.1213393211364746,0.5,800
posthoc_web,y,bias2,1.1118134260177612,0.5,800
posthoc_web,y,var,0.009525749832391739,0.5,800
posthoc_web,fx,mspe,0.03282269835472107,0.5,800
posthoc_web,fx,bias2,0.02583024464547634,0.5,800
posthoc_web,fx,var,0.00699245510622859,0.5,800
posthoc_web,fr,mspe,0.012599444016814232,0.5,800
posthoc_web,fr,bias2,0.005606990307569504,0.5,800
posthoc_web,fr,var,0.00699245510622859,0.5,800
posthoc_web,fz,mspe,0.01948864758014679,0.5,800
posthoc_web,fz,bias2,0.01948864758014679,0.5,800
posthoc_web,fz,var,0.0,0.5,800
refit,y,mspe,1.01948881149292,1,800
refit,y,bias2,1.0076000690460205,1,800
refit,y,var,0.011888682842254639,1,800
refit,fx,mspe,0.013571910560131073,1,800
refit,fx,bias2,0.0029727923683822155,1,800
refit,fx,var,0.01059911772608757,1,800
refit,fr,mspe,0.03775894269347191,1,800
refit,fr,bias2,0.02715982496738434,1,800
refit,fr,var,0.01059911772608757,1,800
refit,fz,mspe,0.0053687975741922855,1,800
refit,fz,bias2,9.101801697397605e-05,1,800
refit,fz,var,0.0052777789533138275,1,800
refit_orth,y,mspe,1.019492745399475,1,800
refit_orth,y,bias2,1.0075982809066772,1,800
refit_orth,y,var,0.011894438415765762,1,800
refit_orth,fx,mspe,0.030975867062807083,1,800
refit_orth,fx,bias2,0.022835910320281982,1,800
refit_orth,fx,var,0.0081399567425251,1,800
refit_orth,fr,mspe,0.0108332559466362,1,800
refit_orth,fr,bias2,0.002693299436941743,1,800
refit_orth,fr,var,0.0081399567425251,1,800
refit_orth,fz,mspe,0.024139948189258575,1,800
refit_orth,fz,bias2,0.022279299795627594,1,800
refit_orth,fz,var,0.001860649324953556,1,800
base,y,mspe,1.071041464805603,1,800
base,y,bias2,1.0559390783309937,1,800
base,y,var,0.015102432109415531,1,800
base,fx,mspe,0.056615620851516724,1,800
base,fx,bias2,0.044871702790260315,1,800
base,fx,var,0.011743917129933834,1,800
base,fr,mspe,0.1225130632519722,1,800
base,fr,bias2,0.11076913774013519,1,800
base,fr,var,0.011743917129933834,1,800
base,fz,mspe,0.07795459032058716,1,800
base,fz,bias2,0.07795459032058716,1,800
base,fz,var,0.0,1,800
posthoc_web,y,mspe,1.2532904148101807,1,800
posthoc_web,y,bias2,1.2394051551818848,1,800
posthoc_web,y,var,0.01388522144407034,1,800
posthoc_web,fx,mspe,0.048598937690258026,1,800
posthoc_web,fx,bias2,0.03848360851407051,1,800
posthoc_web,fx,var,0.01011532824486494,1,800
posthoc_web,fr,mspe,0.027390429750084877,1,800
posthoc_web,fr,bias2,0.01727510243654251,1,800
posthoc_web,fr,var,0.01011532824486494,1,800
posthoc_web,fz,mspe,0.07795459032058716,1,800
posthoc_web,fz,bias2,0.07795459032058716,1,800
posthoc_web,fz,var,0.0,1,800
refit,y,mspe,1.0187530517578125,1.5,800
refit,y,bias2,1.007837176322937,1.5,800
refit,y,var,0.010915768332779408,1.5,800
refit,fx,mspe,0.013284637592732906,1.5,800
refit,fx,bias2,0.003761995816603303,1.5,800
refit,fx,var,0.009522642008960247,1.5,800
refit,fr,mspe,0.038967739790678024,1.5,800
refit,fr,bias2,0.029445094987750053,1.5,800
refit,fr,var,0.009522642008960247,1.5,800
refit,fz,mspe,0.005381727125495672,1.5,800
refit,fz,bias2,0.0002157397975679487,1.5,800
refit,fz,var,0.0051659876480698586,1.5,800
refit_orth,y,mspe,1.018749475479126,1.5,800
refit_orth,y,bias2,1.0078341960906982,1.5,800
refit_orth,y,var,0.010915308259427547,1.5,800
refit_orth,fx,mspe,0.030491018667817116,1.5,800
refit_orth,fx,bias2,0.023340409621596336,1.5,800
refit_orth,fx,var,0.007150611840188503,1.5,800
refit_orth,fr,mspe,0.010421824641525745,1.5,800
refit_orth,fr,bias2,0.003271212335675955,1.5,800
refit_orth,fr,var,0.007150611840188503,1.5,800
refit_orth,fz,mspe,0.02428569085896015,1.5,800
refit_orth,fz,bias2,0.0222792811691761,1.5,800
refit_orth,fz,var,0.0020064087584614754,1.5,800
base,y,mspe,1.1185938119888306,1.5,800
base,y,bias2,1.1009907722473145,1.5,800
base,y,var,0.0176030695438385,1.5,800
base,fx,mspe,0.12794888019561768,1.5,800
base,fx,bias2,0.11388292163610458,1.5,800
base,fx,var,0.014065956696867943,1.5,800
base,fr,mspe,0.22254781424999237,1.5,800
base,fr,bias2,0.20848186314105988,1.5,800
base,fr,var,0.014065956696867943,1.5,800
base,fz,mspe,0.1753978282213211,1.5,800
base,fz,bias2,0.1753978282213211,1.5,800
base,fz,var,0.0,1.5,800
posthoc_web,y,mspe,1.4401679039001465,1.5,800
posthoc_web,y,bias2,1.4240809679031372,1.5,800
posthoc_web,y,var,0.016086988151073456,1.5,800
posthoc_web,fx,mspe,0.07610923051834106,1.5,800
posthoc_web,fx,bias2,0.06424114108085632,1.5,800
posthoc_web,fx,var,0.011868085712194443,1.5,800
posthoc_web,fr,mspe,0.053500108420848846,1.5,800
posthoc_web,fr,bias2,0.041632022708654404,1.5,800
posthoc_web,fr,var,0.011868085712194443,1.5,800
posthoc_web,fz,mspe,0.1753978282213211,1.5,800
posthoc_web,fz,bias2,0.1753978282213211,1.5,800
posthoc_web,fz,var,0.0,1.5,800
refit,y,mspe,1.0194741487503052,2,800
refit,y,bias2,1.0076987743377686,2,800
refit,y,var,0.011775358580052853,2,800
refit,fx,mspe,0.014736559242010117,2,800
refit,fx,bias2,0.003816027659922838,2,800
refit,fx,var,0.010920532047748566,2,800
refit,fr,mspe,0.040100373327732086,2,800
refit,fr,bias2,0.02917983941733837,2,800
refit,fr,var,0.010920532047748566,2,800
refit,fz,mspe,0.0065679848194122314,2,800
refit,fz,bias2,0.00020471109019126743,2,800
refit,fz,var,0.006363274063915014,2,800
refit_orth,y,mspe,1.0194834470748901,2,800
refit_orth,y,bias2,1.0077036619186401,2,800
refit_orth,y,var,0.011779921129345894,2,800
refit_orth,fx,mspe,0.031679414212703705,2,800
refit_orth,fx,bias2,0.023647818714380264,2,800
refit_orth,fx,var,0.008031594567000866,2,800
refit_orth,fr,mspe,0.011410699225962162,2,800
refit_orth,fr,bias2,0.003379104658961296,2,800
refit_orth,fr,var,0.008031594567000866,2,800
refit_orth,fz,mspe,0.024472160264849663,2,800
refit_orth,fz,bias2,0.022279877215623856,2,800
refit_orth,fz,var,0.002192287938669324,2,800
base,y,mspe,1.1763849258422852,2,800
base,y,bias2,1.1584911346435547,2,800
base,y,var,0.01789368875324726,2,800
base,fx,mspe,0.1999330371618271,2,800
base,fx,bias2,0.18504342436790466,2,800
base,fx,var,0.014889600686728954,2,800
base,fr,mspe,0.31548458337783813,2,800
base,fr,bias2,0.3005950152873993,2,800
base,fr,var,0.014889600686728954,2,800
base,fz,mspe,0.31181836128234863,2,800
base,fz,bias2,0.31181836128234863,2,800
base,fz,var,0.0,2,800
posthoc_web,y,mspe,1.6582847833633423,2,800
posthoc_web,y,bias2,1.6422011852264404,2,800
posthoc_web,y,var,0.0160836149007082,2,800
posthoc_web,fx,mspe,0.10172843188047409,2,800
posthoc_web,fx,bias2,0.08980175852775574,2,800
posthoc_web,fx,var,0.01192666869610548,2,800
posthoc_web,fr,mspe,0.0787295401096344,2,800
posthoc_web,fr,bias2,0.06680287420749664,2,800
posthoc_web,fr,var,0.01192666869610548,2,800
posthoc_web,fz,mspe,0.31181836128234863,2,800
posthoc_web,fz,bias2,0.31181836128234863,2,800
posthoc_web,fz,var,0.0,2,800
refit,y,mspe,1.0180996656417847,2.5,800
refit,y,bias2,1.0073347091674805,2.5,800
refit,y,var,0.010764986276626587,2.5,800
refit,fx,mspe,0.014136698096990585,2.5,800
refit,fx,bias2,0.003909371327608824,2.5,800
refit,fx,var,0.010227327235043049,2.5,800
refit,fr,mspe,0.04053075611591339,2.5,800
refit,fr,bias2,0.030303429812192917,2.5,800
refit,fr,var,0.010227327235043049,2.5,800
refit,fz,mspe,0.007161161862313747,2.5,800
refit,fz,bias2,0.0002915140357799828,2.5,800
refit,fz,var,0.006869647651910782,2.5,800
refit_orth,y,mspe,1.0180954933166504,2.5,800
refit_orth,y,bias2,1.0073341131210327,2.5,800
refit_orth,y,var,0.010761303827166557,2.5,800
refit_orth,fx,mspe,0.0303741917014122,2.5,800
refit_orth,fx,bias2,0.023291010409593582,2.5,800
refit_orth,fx,var,0.007083178963512182,2.5,800
refit_orth,fr,mspe,0.010380680672824383,2.5,800
refit_orth,fr,bias2,0.0032975005451589823,2.5,800
refit_orth,fr,var,0.007083178963512182,2.5,800
refit_orth,fz,mspe,0.024699348956346512,2.5,800
refit_orth,fz,bias2,0.02228105627000332,2.5,800
refit_orth,fz,var,0.0024182931520044804,2.5,800
base,y,mspe,1.2631560564041138,2.5,800
base,y,bias2,1.2362834215164185,2.5,800
base,y,var,0.026872677728533745,2.5,800
base,fx,mspe,0.3311913311481476,2.5,800
base,fx,bias2,0.3080456256866455,2.5,800
base,fx,var,0.023145712912082672,2.5,800
base,fr,mspe,0.47429192066192627,2.5,800
base,fr,bias2,0.4511462450027466,2.5,800
base,fr,var,0.023145712912082672,2.5,800
base,fz,mspe,0.48721617460250854,2.5,800
base,fz,bias2,0.48721617460250854,2.5,800
base,fz,var,0.0,2.5,800
posthoc_web,y,mspe,1.9549789428710938,2.5,800
posthoc_web,y,bias2,1.931911587715149,2.5,800
posthoc_web,y,var,0.023067425936460495,2.5,800
posthoc_web,fx,mspe,0.1537543088197708,2.5,800
posthoc_web,fx,bias2,0.1365799754858017,2.5,800
posthoc_web,fx,var,0.01717434823513031,2.5,800
posthoc_web,fr,mspe,0.12947288155555725,2.5,800
posthoc_web,fr,bias2,0.11229854822158813,2.5,800
posthoc_web,fr,var,0.01717434823513031,2.5,800
posthoc_web,fz,mspe,0.48721617460250854,2.5,800
posthoc_web,fz,bias2,0.48721617460250854,2.5,800
posthoc_web,fz,var,0.0,2.5,800
refit,y,mspe,1.0185070037841797,3,800
refit,y,bias2,1.007567286491394,3,800
refit,y,var,0.010939662344753742,3,800
refit,fx,mspe,0.014079063199460506,3,800
refit,fx,bias2,0.0037260001990944147,3,800
refit,fx,var,0.01035306416451931,3,800
refit,fr,mspe,0.03998522087931633,3,800
refit,fr,bias2,0.02963215857744217,3,800
refit,fr,var,0.01035306416451931,3,800
refit,fz,mspe,0.007371855899691582,3,800
refit,fz,bias2,0.0002487966849002987,3,800
refit,fz,var,0.007123059127479792,3,800
refit_orth,y,mspe,1.0185039043426514,3,800
refit_orth,y,bias2,1.0075632333755493,3,800
refit_orth,y,var,0.010940542444586754,3,800
refit_orth,fx,mspe,0.030541853979229927,3,800
refit_orth,fx,bias2,0.02328694798052311,3,800
refit_orth,fx,var,0.007254906930029392,3,800
refit_orth,fr,mspe,0.010454995557665825,3,800
refit_orth,fr,bias2,0.0032000886276364326,3,800
refit_orth,fr,var,0.007254906930029392,3,800
refit_orth,fz,mspe,0.024967260658740997,3,800
refit_orth,fz,bias2,0.02228284627199173,3,800
refit_orth,fz,var,0.0026844185777008533,3,800
base,y,mspe,1.3530453443527222,3,800
base,y,bias2,1.3188459873199463,3,800
base,y,var,0.03419928252696991,3,800
base,fx,mspe,0.46084389090538025,3,800
base,fx,bias2,0.4352104067802429,3,800
base,fx,var,0.025633487850427628,3,800
base,fr,mspe,0.6280094385147095,3,800
base,fr,bias2,0.6023759841918945,3,800
base,fr,var,0.025633487850427628,3,800
base,fz,mspe,0.7015913128852844,3,800
base,fz,bias2,0.7015913128852844,3,800
base,fz,var,0.0,3,800
posthoc_web,y,mspe,2.2856557369232178,3,800
posthoc_web,y,bias2,2.254227638244629,3,800
posthoc_web,y,var,0.03142780810594559,3,800
posthoc_web,fx,mspe,0.2012743353843689,3,800
posthoc_web,fx,bias2,0.18120475113391876,3,800
posthoc_web,fx,var,0.020069580525159836,3,800
posthoc_web,fr,mspe,0.1759204864501953,3,800
posthoc_web,fr,bias2,0.15585088729858398,3,800
posthoc_web,fr,var,0.020069580525159836,3,800
posthoc_web,fz,mspe,0.7015913128852844,3,800
posthoc_web,fz,bias2,0.7015913128852844,3,800
posthoc_web,fz,var,0.0,3,800
refit,y,mspe,1.0182898044586182,3.5,800
refit,y,bias2,1.0074859857559204,3.5,800
refit,y,var,0.010803845711052418,3.5,800
refit,fx,mspe,0.013998196460306644,3.5,800
refit,fx,bias2,0.003652840154245496,3.5,800
refit,fx,var,0.010345356538891792,3.5,800
refit,fr,mspe,0.03924030810594559,3.5,800
refit,fr,bias2,0.028894949704408646,3.5,800
refit,fr,var,0.010345356538891792,3.5,800
refit,fz,mspe,0.00753954891115427,3.5,800
refit,fz,bias2,0.00017342146020382643,3.5,800
refit,fz,var,0.007366126868873835,3.5,800
refit_orth,y,mspe,1.0182867050170898,3.5,800
refit_orth,y,bias2,1.0074892044067383,3.5,800
refit_orth,y,var,0.010797500610351562,3.5,800
refit_orth,fx,mspe,0.030293161049485207,3.5,800
refit_orth,fx,bias2,0.023194916546344757,3.5,800
refit_orth,fx,var,0.0070982445031404495,3.5,800
refit_orth,fr,mspe,0.010326303541660309,3.5,800
refit_orth,fr,bias2,0.0032280595041811466,3.5,800
refit_orth,fr,var,0.0070982445031404495,3.5,800
refit_orth,fz,mspe,0.025275908410549164,3.5,800
refit_orth,fz,bias2,0.02228523977100849,3.5,800
refit_orth,fz,var,0.0029906670097261667,3.5,800
base,y,mspe,1.467003345489502,3.5,800
base,y,bias2,1.4210788011550903,3.5,800
base,y,var,0.04592454060912132,3.5,800
base,fx,mspe,0.5705967545509338,3.5,800
base,fx,bias2,0.535372257232666,3.5,800
base,fx,var,0.03522452712059021,3.5,800
base,fr,mspe,0.7538765072822571,3.5,800
base,fr,bias2,0.7186520099639893,3.5,800
base,fr,var,0.03522452712059021,3.5,800
base,fz,mspe,0.9549437165260315,3.5,800
base,fz,bias2,0.954943835735321,3.5,800
base,fz,var,0.0,3.5,800
posthoc_web,y,mspe,2.651676654815674,3.5,800
posthoc_web,y,bias2,2.611130714416504,3.5,800
posthoc_web,y,var,0.04054609313607216,3.5,800
posthoc_web,fx,mspe,0.24582642316818237,3.5,800
posthoc_web,fx,bias2,0.21844547986984253,3.5,800
posthoc_web,fx,var,0.027380919083952904,3.5,800
posthoc_web,fr,mspe,0.21921607851982117,3.5,800
posthoc_web,fr,bias2,0.1918351799249649,3.5,800
posthoc_web,fr,var,0.027380919083952904,3.5,800
posthoc_web,fz,mspe,0.9549437165260315,3.5,800
posthoc_web,fz,bias2,0.954943835735321,3.5,800
posthoc_web,fz,var,0.0,3.5,800
refit,y,mspe,1.0183770656585693,4,800
refit,y,bias2,1.0072773694992065,4,800
refit,y,var,0.011099743656814098,4,800
refit,fx,mspe,0.014115018770098686,4,800
refit,fx,bias2,0.003268637927249074,4,800
refit,fx,var,0.010846381075680256,4,800
refit,fr,mspe,0.038758352398872375,4,800
refit,fr,bias2,0.027911972254514694,4,800
refit,fr,var,0.010846381075680256,4,800
refit,fz,mspe,0.0077768838964402676,4,800
refit,fz,bias2,0.00013867813686374575,4,800
refit,fz,var,0.00763820530846715,4,800
refit_orth,y,mspe,1.018369197845459,4,800
refit_orth,y,bias2,1.0072742700576782,4,800
refit_orth,y,var,0.011094838380813599,4,800
refit_orth,fx,mspe,0.030416447669267654,4,800
refit_orth,fx,bias2,0.02302790805697441,4,800
refit_orth,fx,var,0.007388538680970669,4,800
refit_orth,fr,mspe,0.010318644344806671,4,800
refit_orth,fr,bias2,0.0029301054310053587,4,800
refit_orth,fr,var,0.007388538680970669,4,800
refit_orth,fz,mspe,0.025625266134738922,4,800
refit_orth,fz,bias2,0.022288229316473007,4,800
refit_orth,fz,var,0.003337037516757846,4,800
base,y,mspe,1.5965462923049927,4,800
base,y,bias2,1.5362433195114136,4,800
base,y,var,0.06030307710170746,4,800
base,fx,mspe,0.7710316181182861,4,800
base,fx,bias2,0.7259742617607117,4,800
base,fx,var,0.0450575053691864,4,800
base,fr,mspe,0.9809564352035522,4,800
base,fr,bias2,0.9358989000320435,4,800
base,fr,var,0.0450575053691864,4,800
base,fz,mspe,1.2472734451293945,4,800
base,fz,bias2,1.2472734451293945,4,800
base,fz,var,0.0,4,800
posthoc_web,y,mspe,3.0980794429779053,4,800
posthoc_web,y,bias2,3.042621374130249,4,800
posthoc_web,y,var,0.05545800179243088,4,800
posthoc_web,fx,mspe,0.32483646273612976,4,800
posthoc_web,fx,bias2,0.28921157121658325,4,800
posthoc_web,fx,var,0.035624872893095016,4,800
posthoc_web,fr,mspe,0.2971956729888916,4,800
posthoc_web,fr,bias2,0.2615708112716675,4,800
posthoc_web,fr,var,0.035624872893095016,4,800
posthoc_web,fz,mspe,1.2472734451293945,4,800
posthoc_web,fz,bias2,1.2472734451293945,4,800
posthoc_web,fz,var,0.0,4,800
