,confounding,q,Run,Model,Metric,MSE,Bias,Var
0,False,16,0,NN,yhat,1.9947592,-0.045827944,1.9928583
1,False,16,0,NN,fxhat,0.0049456805,-0.029736023,0.004061856
2,False,16,0,NN,fzhat,0.9988769,-0.029472802,0.99810797
3,False,16,0,Covar NN,yhat,1.00273,-0.002082605,1.0028259
4,False,16,0,Covar NN,fxhat,0.0012424757,0.0091727795,0.0011584515
5,False,16,0,Covar NN,fzhat,0.0013130564,-0.02463626,0.00070618186
6,False,16,1,NN,yhat,1.9971483,0.046465646,1.9951886
7,False,16,1,NN,fxhat,0.008178096,0.06461687,0.0040031574
8,False,16,1,NN,fzhat,1.0116807,-0.028961608,1.010943
9,False,16,1,Covar NN,yhat,0.99186623,0.018094065,0.991638
10,False,16,1,Covar NN,fxhat,0.0032108552,0.030320572,0.0022917474
11,False,16,1,Covar NN,fzhat,0.0011766993,-0.023036903,0.00064606493
12,False,16,2,NN,yhat,1.9995369,0.0018135079,1.9997338
13,False,16,2,NN,fxhat,0.0024502852,0.020133711,0.0020451236
14,False,16,2,NN,fzhat,0.98663527,-0.014665239,0.9865189
15,False,16,2,Covar NN,yhat,1.0079299,0.022355154,1.0075309
16,False,16,2,Covar NN,fxhat,0.0012851993,0.011136488,0.0011612939
17,False,16,2,Covar NN,fzhat,0.00044745847,0.014873636,0.00022625612
18,False,16,3,NN,yhat,2.0129685,0.013034552,2.013
19,False,16,3,NN,fxhat,0.0031877737,0.002649388,0.0031810727
20,False,16,3,NN,fzhat,0.9702774,0.015043219,0.9701481
21,False,16,3,Covar NN,yhat,1.0106846,-0.008382207,1.0107154
22,False,16,3,Covar NN,fxhat,0.0013945575,0.0042076115,0.0013769912
23,False,16,3,Covar NN,fzhat,0.0014053641,-0.007931764,0.0013425854
24,False,16,4,NN,yhat,2.017389,0.022617344,2.017079
25,False,16,4,NN,fxhat,0.013456427,0.09749932,0.003950702
26,False,16,4,NN,fzhat,1.0209296,-0.08182697,1.0143354
27,False,16,4,Covar NN,yhat,1.005365,0.0074663726,1.0054098
28,False,16,4,Covar NN,fxhat,0.0025579594,0.036955114,0.0011923979
29,False,16,4,Covar NN,fzhat,0.0017257376,-0.036433727,0.0003983608
30,False,16,5,NN,yhat,1.9976662,0.0053026835,1.9978379
31,False,16,5,NN,fxhat,0.0041653854,0.005380173,0.004136853
32,False,16,5,NN,fzhat,0.99555725,-0.008191119,0.99558973
33,False,16,5,Covar NN,yhat,0.9856252,0.009265564,0.98563796
34,False,16,5,Covar NN,fxhat,0.0021415967,0.02065737,0.001715041
35,False,16,5,Covar NN,fzhat,0.0012704277,-0.019505437,0.0008900545
36,False,16,6,NN,yhat,1.9470524,-0.0045198244,1.9472266
37,False,16,6,NN,fxhat,0.006816484,-0.019398442,0.006440829
38,False,16,6,NN,fzhat,0.9872697,0.023972344,0.9867938
39,False,16,6,Covar NN,yhat,1.0002218,0.005572564,1.0002909
40,False,16,6,Covar NN,fxhat,0.0020588331,0.016077965,0.0018005124
41,False,16,6,Covar NN,fzhat,0.001585164,-0.0014116729,0.0015833295
42,False,16,7,NN,yhat,2.018217,0.0278052,2.0176456
43,False,16,7,NN,fxhat,0.003351346,0.030025665,0.00245005
44,False,16,7,NN,fzhat,0.99774003,-0.013983614,0.9976442
45,False,16,7,Covar NN,yhat,1.0088612,0.010980935,1.0088415
46,False,16,7,Covar NN,fxhat,0.001113417,-0.02332324,0.00056950044
47,False,16,7,Covar NN,fzhat,0.0009590943,0.022541031,0.00045104127
48,False,16,8,NN,yhat,2.0313082,-0.014293604,2.031307
49,False,16,8,NN,fxhat,0.008757954,-0.076669425,0.002880042
50,False,16,8,NN,fzhat,1.0256231,0.06618907,1.0213442
51,False,16,8,Covar NN,yhat,1.0057943,-0.016224941,1.0056314
52,False,16,8,Covar NN,fxhat,0.0060110046,-0.06593538,0.001663696
53,False,16,8,Covar NN,fzhat,0.0036382836,0.05352369,0.00077357556
54,False,16,9,NN,yhat,2.0473204,-0.01960821,2.0471406
55,False,16,9,NN,fxhat,0.010163766,0.07836122,0.00402369
56,False,16,9,NN,fzhat,1.0009336,-0.09312154,0.9923611
57,False,16,9,Covar NN,yhat,1.0280565,-0.030083133,1.0272542
58,False,16,9,Covar NN,fxhat,0.0026555022,0.038413517,0.0011800219
59,False,16,9,Covar NN,fzhat,0.0046552694,-0.063648775,0.0006041639
60,False,16,10,NN,yhat,2.0258083,0.026899705,2.0252874
61,False,16,10,NN,fxhat,0.0016630084,-0.007022941,0.001613848
62,False,16,10,NN,fzhat,0.9975331,0.029732239,0.99674886
63,False,16,10,Covar NN,yhat,1.0169612,0.0104415035,1.0169538
64,False,16,10,Covar NN,fxhat,0.0014118085,-0.0016114387,0.0014093528
65,False,16,10,Covar NN,fzhat,0.00060339575,0.00786254,0.0005416303
66,False,16,11,NN,yhat,1.9522406,-0.01581108,1.9521858
67,False,16,11,NN,fxhat,0.004553642,0.0074650873,0.004498364
68,False,16,11,NN,fzhat,0.99109334,-0.013262629,0.99101657
69,False,16,11,Covar NN,yhat,1.0013368,0.00883869,1.0013589
70,False,16,11,Covar NN,fxhat,0.0007830847,0.00048818297,0.0007829247
71,False,16,11,Covar NN,fzhat,0.0010335961,0.018364048,0.00069642754
72,False,16,12,NN,yhat,1.9887131,-0.02159407,1.9884456
73,False,16,12,NN,fxhat,0.002975746,0.03659875,0.0016364419
74,False,16,12,NN,fzhat,0.97878027,-0.055426642,0.9758058
75,False,16,12,Covar NN,yhat,1.0007493,0.0014073616,1.0008475
76,False,16,12,Covar NN,fxhat,0.0011152196,0.0045393803,0.001094723
77,False,16,12,Covar NN,fzhat,0.0006929906,-0.0003658411,0.000692926
78,False,16,13,NN,yhat,2.0180485,0.010866885,2.0181322
79,False,16,13,NN,fxhat,0.0019433638,0.008930819,0.0018637904
80,False,16,13,NN,fzhat,0.99750334,-0.011641518,0.9974675
81,False,16,13,Covar NN,yhat,0.9946205,0.0073234453,0.9946664
82,False,16,13,Covar NN,fxhat,0.002772072,0.029077196,0.0019267813
83,False,16,13,Covar NN,fzhat,0.001779052,-0.03533134,0.0005308013
84,False,16,14,NN,yhat,1.9772135,0.00769159,1.977352
85,False,16,14,NN,fxhat,0.0013205612,0.021898374,0.0008411067
86,False,16,14,NN,fzhat,0.98249036,-0.0017274218,0.98258555
87,False,16,14,Covar NN,yhat,0.99935323,-0.036054045,0.99815303
88,False,16,14,Covar NN,fxhat,0.0017532783,-0.031169051,0.0007818468
89,False,16,14,Covar NN,fzhat,0.0008151891,0.0075943694,0.00075759034
90,False,16,15,NN,yhat,2.0178108,-0.04325426,2.0161414
91,False,16,15,NN,fxhat,0.007818348,-0.043904625,0.0058913208
92,False,16,15,NN,fzhat,1.0184172,0.01724085,1.0182217
93,False,16,15,Covar NN,yhat,1.0101999,-0.030032111,1.0093988
94,False,16,15,Covar NN,fxhat,0.0011216792,-0.0118212085,0.0009820365
95,False,16,15,Covar NN,fzhat,0.001245559,-0.0016204092,0.0012430574
96,False,16,16,NN,yhat,2.0163476,0.019709988,2.016161
97,False,16,16,NN,fxhat,0.003852044,-0.00053614995,0.0038521416
98,False,16,16,NN,fzhat,0.9781373,0.015492049,0.97799516
99,False,16,16,Covar NN,yhat,0.99533975,0.011305285,0.99531144
100,False,16,16,Covar NN,fxhat,0.0027518922,0.025614811,0.0020959831
101,False,16,16,Covar NN,fzhat,0.0016217188,-0.019063607,0.0012584236
102,False,16,17,NN,yhat,2.0006351,0.012448065,2.0006804
103,False,16,17,NN,fxhat,0.003935281,-0.021055978,0.0034922764
104,False,16,17,NN,fzhat,1.0148983,0.026645029,1.0142899
105,False,16,17,Covar NN,yhat,1.0054703,-0.010984778,1.0054501
106,False,16,17,Covar NN,fxhat,0.0013603921,0.0078228135,0.0012993256
107,False,16,17,Covar NN,fzhat,0.0014402688,-0.025666604,0.0007815725
108,False,16,18,NN,yhat,2.0266442,0.02099176,2.0264063
109,False,16,18,NN,fxhat,0.0029557587,0.02353304,0.0024021948
110,False,16,18,NN,fzhat,1.024244,-9.966907e-05,1.0243464
111,False,16,18,Covar NN,yhat,1.0102445,-0.02583138,1.0096782
112,False,16,18,Covar NN,fxhat,0.0014341149,0.0058142613,0.0014004493
113,False,16,18,Covar NN,fzhat,0.0016258098,-0.029204028,0.0007730121
114,False,16,19,NN,yhat,2.0181758,-0.0046941615,2.0183558
115,False,16,19,NN,fxhat,0.0025845591,-0.0275888,0.0018235999
116,False,16,19,NN,fzhat,1.0155655,0.033930864,1.0145156
117,False,16,19,Covar NN,yhat,1.0093505,-0.031159332,1.0084804
118,False,16,19,Covar NN,fxhat,0.0052203275,-0.060075775,0.0016113892
119,False,16,19,Covar NN,fzhat,0.0020307982,0.03995267,0.0004346258
120,False,16,20,NN,yhat,1.9835719,0.03365205,1.9826379
121,False,16,20,NN,fxhat,0.001929175,0.010232219,0.0018246592
122,False,16,20,NN,fzhat,1.0072707,0.001497462,1.0073692
123,False,16,20,Covar NN,yhat,1.0174406,0.0046258783,1.0175209
124,False,16,20,Covar NN,fxhat,0.0022390871,-0.024854504,0.0016215028
125,False,16,20,Covar NN,fzhat,0.0008827687,0.007558016,0.0008257277
126,False,16,21,NN,yhat,1.9945918,-0.026738599,1.9940763
127,False,16,21,NN,fxhat,0.002960474,0.028372144,0.0021557112
128,False,16,21,NN,fzhat,1.0056139,-0.06047754,1.0020567
129,False,16,21,Covar NN,yhat,1.0002595,-0.011088099,1.0002367
130,False,16,21,Covar NN,fxhat,0.0017480546,0.025405148,0.0011027434
131,False,16,21,Covar NN,fzhat,0.0022118487,-0.041860048,0.00045963103
132,False,16,22,NN,yhat,1.9784985,0.03719797,1.9773124
133,False,16,22,NN,fxhat,0.0028343387,-0.018482404,0.0024929887
134,False,16,22,NN,fzhat,0.9949248,0.03284931,0.99394506
135,False,16,22,Covar NN,yhat,0.98685545,0.02410033,0.9863732
136,False,16,22,Covar NN,fxhat,0.0016449726,-0.011223964,0.0015191472
137,False,16,22,Covar NN,fzhat,0.0017376301,0.012493235,0.0015817073
138,False,16,23,NN,yhat,1.9995568,-0.002364997,1.9997512
139,False,16,23,NN,fxhat,0.003178159,-0.0106331,0.0030654029
140,False,16,23,NN,fzhat,0.98943996,0.004708021,0.98951674
141,False,16,23,Covar NN,yhat,0.99971443,-0.006590621,0.99977094
142,False,16,23,Covar NN,fxhat,0.0020523258,-0.01176542,0.0019140921
143,False,16,23,Covar NN,fzhat,0.0006504488,0.0016147175,0.00064790633
144,False,16,24,NN,yhat,1.9938705,-0.002380628,1.9940642
145,False,16,24,NN,fxhat,0.0030963565,-0.028575117,0.0022800474
146,False,16,24,NN,fzhat,1.0073551,0.023776365,1.0068904
147,False,16,24,Covar NN,yhat,0.9980805,0.017991936,0.99785656
148,False,16,24,Covar NN,fxhat,0.0049671275,-0.0578791,0.0016172987
149,False,16,24,Covar NN,fzhat,0.0057877456,0.07345291,0.00039245447
150,False,32,0,NN,yhat,2.0101926,0.020529566,2.0099723
151,False,32,0,NN,fxhat,0.03201217,-0.1526548,0.008709555
152,False,32,0,NN,fzhat,1.0196818,0.1679579,0.9915712
153,False,32,0,Covar NN,yhat,1.0080125,0.010276213,1.0080076
154,False,32,0,Covar NN,fxhat,0.011802881,-0.0936196,0.0030385558
155,False,32,0,Covar NN,fzhat,0.010584529,0.09866935,0.00084897137
156,False,32,1,NN,yhat,1.991508,-0.008152693,1.9916407
157,False,32,1,NN,fxhat,0.009553666,-0.06130407,0.0057960586
158,False,32,1,NN,fzhat,1.0008267,0.06106837,0.9971972
159,False,32,1,Covar NN,yhat,0.98777336,-0.016980542,0.98758376
160,False,32,1,Covar NN,fxhat,0.006040336,-0.05471514,0.0030468944
161,False,32,1,Covar NN,fzhat,0.0022557967,0.045651592,0.00017174579
162,False,32,2,NN,yhat,2.0386689,0.019557511,2.0384903
163,False,32,2,NN,fxhat,0.00753144,-0.04433707,0.0055662207
164,False,32,2,NN,fzhat,0.98947,0.054751966,0.9865709
165,False,32,2,Covar NN,yhat,1.038083,0.011581023,1.0380527
166,False,32,2,Covar NN,fxhat,0.0025262972,-0.014926048,0.002303741
167,False,32,2,Covar NN,fzhat,0.0011687439,0.01736446,0.0008673062
168,False,32,3,NN,yhat,1.9781108,0.0011165119,1.9783074
169,False,32,3,NN,fxhat,0.005186389,0.0077743316,0.005126461
170,False,32,3,NN,fzhat,0.98157823,-0.016423928,0.98140657
171,False,32,3,Covar NN,yhat,0.9917904,0.045534756,0.98981607
172,False,32,3,Covar NN,fxhat,0.004320729,0.046252064,0.002181694
173,False,32,3,Covar NN,fzhat,0.0012138493,-0.010483431,0.0011040573
174,False,32,4,NN,yhat,2.0527122,-0.023054156,2.052386
175,False,32,4,NN,fxhat,0.006762662,0.033035487,0.0056718853
176,False,32,4,NN,fzhat,1.0252105,-0.06077048,1.0216196
177,False,32,4,Covar NN,yhat,1.0122702,-0.02106889,1.0119276
178,False,32,4,Covar NN,fxhat,0.0039770287,0.0016579559,0.003974677
179,False,32,4,Covar NN,fzhat,0.0010158815,-0.027407678,0.00026472704
180,False,32,5,NN,yhat,1.9996822,-0.0063149063,1.9998426
181,False,32,5,NN,fxhat,0.0147167705,0.082789004,0.007863538
182,False,32,5,NN,fzhat,0.99513465,-0.09894397,0.98544335
183,False,32,5,Covar NN,yhat,1.0156784,0.007086432,1.0157298
184,False,32,5,Covar NN,fxhat,0.009091118,0.07956623,0.0027606084
185,False,32,5,Covar NN,fzhat,0.007826436,-0.08231987,0.001049979
186,False,32,6,NN,yhat,1.9823589,0.0039205286,1.9825419
187,False,32,6,NN,fxhat,0.0047963313,-0.024782531,0.0041825757
188,False,32,6,NN,fzhat,0.9905828,0.040823072,0.9890151
189,False,32,6,Covar NN,yhat,0.9903531,-0.007100261,0.99040186
190,False,32,6,Covar NN,fxhat,0.002830421,0.024758894,0.00221764
191,False,32,6,Covar NN,fzhat,0.0020630176,-0.01973915,0.001673551
192,False,32,7,NN,yhat,2.0010808,0.002647689,2.001274
193,False,32,7,NN,fxhat,0.009240716,-0.03080752,0.008292442
194,False,32,7,NN,fzhat,0.998418,0.04186965,0.9967645
195,False,32,7,Covar NN,yhat,1.0150948,-0.00052299927,1.015196
196,False,32,7,Covar NN,fxhat,0.010057147,-0.07214442,0.0048528155
197,False,32,7,Covar NN,fzhat,0.0073676743,0.08003585,0.0009620331
198,False,32,8,NN,yhat,2.0252247,0.0008861938,2.0254266
199,False,32,8,NN,fxhat,0.013300033,0.09162779,0.0049048723
200,False,32,8,NN,fzhat,0.99652463,-0.07433241,0.9910984
201,False,32,8,Covar NN,yhat,1.0371356,-0.008407574,1.0371684
202,False,32,8,Covar NN,fxhat,0.006392834,0.059302624,0.0028763202
203,False,32,8,Covar NN,fzhat,0.0029975101,-0.051301006,0.0003657537
204,False,32,9,NN,yhat,2.0074494,0.01961733,2.0072653
205,False,32,9,NN,fxhat,0.007984764,0.042215914,0.0062032016
206,False,32,9,NN,fzhat,0.9860919,-0.022028973,0.9857052
207,False,32,9,Covar NN,yhat,1.0155659,0.023599554,1.0151105
208,False,32,9,Covar NN,fxhat,0.005827548,0.03666956,0.00448334
209,False,32,9,Covar NN,fzhat,0.0009356451,-0.012500388,0.0007794634
210,False,32,10,NN,yhat,2.0446541,0.00419348,2.044841
211,False,32,10,NN,fxhat,0.0064238305,-0.004966916,0.0063997996
212,False,32,10,NN,fzhat,1.0071671,-0.0046876585,1.0072459
213,False,32,10,Covar NN,yhat,1.0253712,0.018484483,1.0251321
214,False,32,10,Covar NN,fxhat,0.0030249285,0.014643115,0.0028107886
215,False,32,10,Covar NN,fzhat,0.00037596028,-0.010006686,0.0002758541
216,False,32,11,NN,yhat,1.988334,0.013870495,1.9883404
217,False,32,11,NN,fxhat,0.009785266,0.074999735,0.0041607227
218,False,32,11,NN,fzhat,1.0035064,-0.05675476,1.0003855
219,False,32,11,Covar NN,yhat,0.9983833,0.005081413,0.9984574
220,False,32,11,Covar NN,fxhat,0.0030775573,0.013526852,0.0028948712
221,False,32,11,Covar NN,fzhat,0.0011906826,-0.0040709674,0.0011742275
222,False,32,12,NN,yhat,1.9926996,-0.002181868,1.9928939
223,False,32,12,NN,fxhat,0.0090962555,0.050924227,0.006503629
224,False,32,12,NN,fzhat,0.98378885,-0.046900176,0.9816875
225,False,32,12,Covar NN,yhat,1.0084604,-0.005279841,1.0085332
226,False,32,12,Covar NN,fxhat,0.0025829573,-0.005101457,0.0025571883
227,False,32,12,Covar NN,fzhat,0.00076941727,0.006027541,0.0007331593
228,False,32,13,NN,yhat,1.9584119,0.029232655,1.9577531
229,False,32,13,NN,fxhat,0.0051488504,0.041376695,0.0034371633
230,False,32,13,NN,fzhat,0.98850226,-0.03083992,0.98765
231,False,32,13,Covar NN,yhat,1.0030996,0.009803311,1.0031037
232,False,32,13,Covar NN,fxhat,0.006029829,0.0555579,0.002943443
233,False,32,13,Covar NN,fzhat,0.0048075938,-0.06445047,0.00065379636
234,False,32,14,NN,yhat,1.9794518,-0.00987884,1.9795519
235,False,32,14,NN,fxhat,0.012656493,0.07255749,0.0073926444
236,False,32,14,NN,fzhat,0.99463475,-0.07312523,0.9893864
237,False,32,14,Covar NN,yhat,1.0174731,0.0038541139,1.01756
238,False,32,14,Covar NN,fxhat,0.0070386305,0.063444175,0.0030137692
239,False,32,14,Covar NN,fzhat,0.0031498147,-0.05027896,0.00062190293
240,False,32,15,NN,yhat,1.9812306,0.00058639987,1.9814284
241,False,32,15,NN,fxhat,0.007946127,0.0067679826,0.007901113
242,False,32,15,NN,fzhat,0.9682305,0.0022837697,0.9683221
243,False,32,15,Covar NN,yhat,1.0107003,-0.005457767,1.0107716
244,False,32,15,Covar NN,fxhat,0.004442761,-0.007287048,0.004390099
245,False,32,15,Covar NN,fzhat,0.00036719287,0.010294629,0.00026123962
246,False,32,16,NN,yhat,1.997581,-0.013349867,1.9976026
247,False,32,16,NN,fxhat,0.0066259596,0.018829508,0.0062720375
248,False,32,16,NN,fzhat,0.9809629,-0.038794518,0.97955585
249,False,32,16,Covar NN,yhat,1.002309,-0.001184227,1.0024077
250,False,32,16,Covar NN,fxhat,0.0036495056,-0.020062534,0.0032473248
251,False,32,16,Covar NN,fzhat,0.00041961198,0.012263165,0.0002692537
252,False,32,17,NN,yhat,2.0481787,-0.0044352883,2.048364
253,False,32,17,NN,fxhat,0.008252075,0.031869963,0.007237104
254,False,32,17,NN,fzhat,1.0026969,-0.05175807,1.000118
255,False,32,17,Covar NN,yhat,1.0074337,0.0043952097,1.0075151
256,False,32,17,Covar NN,fxhat,0.0021518748,0.0059282286,0.0021169425
257,False,32,17,Covar NN,fzhat,0.0005658298,-0.01698583,0.0002773392
258,False,32,18,NN,yhat,1.977859,1.5375519e-05,1.9780567
259,False,32,18,NN,fxhat,0.0062269736,-0.035920337,0.0049371966
260,False,32,18,NN,fzhat,0.97914475,0.029876232,0.97835
261,False,32,18,Covar NN,yhat,0.9901242,0.019208862,0.9898542
262,False,32,18,Covar NN,fxhat,0.0036054237,0.033079363,0.0025114305
263,False,32,18,Covar NN,fzhat,0.0009435116,-0.019929979,0.0005463623
264,False,32,19,NN,yhat,1.9906737,-0.027586658,1.9901116
265,False,32,19,NN,fxhat,0.0072365114,0.03365668,0.006104349
266,False,32,19,NN,fzhat,1.0043261,-0.058156542,1.0010439
267,False,32,19,Covar NN,yhat,0.9913307,-0.01594093,0.9911756
268,False,32,19,Covar NN,fxhat,0.0031126712,0.013716147,0.0029248311
269,False,32,19,Covar NN,fzhat,0.0016792791,-0.02657028,0.0009733968
270,False,32,20,NN,yhat,2.05225,0.017480299,2.0521495
271,False,32,20,NN,fxhat,0.0050878595,-0.033748206,0.0039493125
272,False,32,20,NN,fzhat,1.0314193,0.0449733,1.0294998
273,False,32,20,Covar NN,yhat,1.0110387,0.006115836,1.0111023
274,False,32,20,Covar NN,fxhat,0.0043144324,-0.035876304,0.0030276256
275,False,32,20,Covar NN,fzhat,0.0017586548,0.035736937,0.00048157427
276,False,32,21,NN,yhat,2.028149,0.017340668,2.0280507
277,False,32,21,NN,fxhat,0.006596735,-0.048752267,0.0042203735
278,False,32,21,NN,fzhat,1.0135471,0.060067687,1.0100399
279,False,32,21,Covar NN,yhat,1.0124819,0.015342279,1.0123478
280,False,32,21,Covar NN,fxhat,0.0023649032,-0.015169856,0.0021349923
281,False,32,21,Covar NN,fzhat,0.0016660772,0.024486892,0.001066576
282,False,32,22,NN,yhat,2.0054839,0.027977366,2.004902
283,False,32,22,NN,fxhat,0.0051441994,-0.024381483,0.0045501976
284,False,32,22,NN,fzhat,0.99972403,0.055433486,0.9967509
285,False,32,22,Covar NN,yhat,1.0039746,0.016498448,1.0038028
286,False,32,22,Covar NN,fxhat,0.002928573,-0.008363931,0.0028589033
287,False,32,22,Covar NN,fzhat,0.0010986974,0.027937017,0.00031825245
288,False,32,23,NN,yhat,1.9968457,0.014485245,1.9968355
289,False,32,23,NN,fxhat,0.0090747345,-0.021671569,0.008605939
290,False,32,23,NN,fzhat,1.0080475,0.030327115,1.0072285
291,False,32,23,Covar NN,yhat,1.0071906,-0.008373243,1.0072213
292,False,32,23,Covar NN,fxhat,0.0041288496,0.009778506,0.004033634
293,False,32,23,Covar NN,fzhat,0.0015252379,-0.023981443,0.0009502233
294,False,32,24,NN,yhat,1.9767213,0.016443005,1.9766484
295,False,32,24,NN,fxhat,0.0067613916,0.04842697,0.004416661
296,False,32,24,NN,fzhat,1.0199175,-0.028044827,1.019233
297,False,32,24,Covar NN,yhat,0.9890684,0.0015546104,0.9891648
298,False,32,24,Covar NN,fxhat,0.0022478383,-0.004701615,0.0022259557
299,False,32,24,Covar NN,fzhat,0.0008523905,0.010195371,0.0007485197
300,False,64,0,NN,yhat,2.0079758,0.003415523,2.008165
301,False,64,0,NN,fxhat,0.020802557,-0.08004705,0.014396465
302,False,64,0,NN,fzhat,0.996854,0.090118006,0.9888317
303,False,64,0,Covar NN,yhat,1.0075063,-0.008400511,1.0075364
304,False,64,0,Covar NN,fxhat,0.0069161835,-0.021218369,0.006466611
305,False,64,0,Covar NN,fzhat,0.0013612076,0.019473283,0.0009820969
306,False,64,1,NN,yhat,2.038957,-0.013831322,2.03897
307,False,64,1,NN,fxhat,0.016135061,-0.05888122,0.012669331
308,False,64,1,NN,fzhat,1.0068178,0.05827189,1.0035225
309,False,64,1,Covar NN,yhat,1.0148134,-0.012193432,1.0147662
310,False,64,1,Covar NN,fxhat,0.008057196,-0.035456717,0.006800697
311,False,64,1,Covar NN,fzhat,0.0018902548,0.036485266,0.0005591361
312,False,64,2,NN,yhat,2.0188534,0.011846058,2.0189147
313,False,64,2,NN,fxhat,0.019181198,-0.08795197,0.011446795
314,False,64,2,NN,fzhat,1.0325058,0.09697006,1.0232049
315,False,64,2,Covar NN,yhat,1.0122595,0.005378084,1.0123318
316,False,64,2,Covar NN,fxhat,0.0073187393,-0.035710707,0.00604409
317,False,64,2,Covar NN,fzhat,0.002053761,0.038260814,0.00058993
318,False,64,3,NN,yhat,2.02376,0.010347716,2.0238552
319,False,64,3,NN,fxhat,0.016844215,-0.00055128965,0.016845595
320,False,64,3,NN,fzhat,0.99336857,0.009052893,0.9933859
321,False,64,3,Covar NN,yhat,0.9932915,0.013516378,0.99320817
322,False,64,3,Covar NN,fxhat,0.008737098,0.040800896,0.007073093
323,False,64,3,Covar NN,fzhat,0.001752676,-0.02913063,0.00090417283
324,False,64,4,NN,yhat,2.0503218,0.05399897,2.0476108
325,False,64,4,NN,fxhat,0.009800005,0.016515499,0.0095281955
326,False,64,4,NN,fzhat,1.0142511,0.036732286,1.0130031
327,False,64,4,Covar NN,yhat,1.0062647,0.008760349,1.0062886
328,False,64,4,Covar NN,fxhat,0.012856975,0.08317288,0.005939841
329,False,64,4,Covar NN,fzhat,0.0069062393,-0.07516372,0.0012567805
330,False,64,5,NN,yhat,1.9952012,-0.0012660588,1.995399
331,False,64,5,NN,fxhat,0.012531782,-0.026744805,0.011817678
332,False,64,5,NN,fzhat,0.9902186,0.03253507,0.989259
333,False,64,5,Covar NN,yhat,0.9932869,-0.0038823502,0.9933712
334,False,64,5,Covar NN,fxhat,0.013934499,-0.08536515,0.006647953
335,False,64,5,Covar NN,fzhat,0.008121999,0.08853914,0.00028284948
336,False,64,6,NN,yhat,1.9918588,0.002491059,1.9920516
337,False,64,6,NN,fxhat,0.0080329925,-0.013729194,0.007845286
338,False,64,6,NN,fzhat,0.9939317,0.0044832095,0.994011
339,False,64,6,Covar NN,yhat,1.0121658,0.0014002048,1.0122651
340,False,64,6,Covar NN,fxhat,0.006063033,0.0034494766,0.006051739
341,False,64,6,Covar NN,fzhat,0.0015814187,-0.013786314,0.0013914955
342,False,64,7,NN,yhat,2.0882099,0.035553426,2.0871544
343,False,64,7,NN,fxhat,0.03461303,0.15402775,0.010889568
344,False,64,7,NN,fzhat,1.047843,-0.11669407,1.0343289
345,False,64,7,Covar NN,yhat,1.025655,0.013983641,1.025562
346,False,64,7,Covar NN,fxhat,0.0153892245,0.0946603,0.006429298
347,False,64,7,Covar NN,fzhat,0.006938301,-0.078896396,0.0007137312
348,False,64,8,NN,yhat,2.045681,-0.045078374,2.0438533
349,False,64,8,NN,fxhat,0.016924717,-0.021989569,0.016442819
350,False,64,8,NN,fzhat,1.018607,-0.0276063,1.0179466
351,False,64,8,Covar NN,yhat,1.0198172,-0.01765556,1.0196077
352,False,64,8,Covar NN,fxhat,0.009116344,0.012759185,0.008954443
353,False,64,8,Covar NN,fzhat,0.0023603798,-0.034932237,0.0011402328
354,False,64,9,NN,yhat,1.9818645,0.008364488,1.9819927
355,False,64,9,NN,fxhat,0.014451921,0.05851631,0.011028865
356,False,64,9,NN,fzhat,1.004904,-0.035647426,1.0037336
357,False,64,9,Covar NN,yhat,1.0212309,-0.0043798126,1.0213139
358,False,64,9,Covar NN,fxhat,0.0069148117,-0.002384401,0.006909817
359,False,64,9,Covar NN,fzhat,0.0008704486,0.012508984,0.00071404525
360,False,64,10,NN,yhat,1.998094,-0.0058552986,1.9982594
361,False,64,10,NN,fxhat,0.017383564,-0.060022216,0.013782277
362,False,64,10,NN,fzhat,0.9928922,0.037795573,0.9915629
363,False,64,10,Covar NN,yhat,1.0153084,0.025118064,1.014779
364,False,64,10,Covar NN,fxhat,0.0066797654,-0.013104905,0.0065086777
365,False,64,10,Covar NN,fzhat,0.00080571603,0.021851623,0.00032825535
366,False,64,11,NN,yhat,1.9827019,0.017541876,1.9825926
367,False,64,11,NN,fxhat,0.016116407,0.032934535,0.015033226
368,False,64,11,NN,fzhat,1.0118935,-0.011984603,1.011851
369,False,64,11,Covar NN,yhat,0.99613553,-0.02173557,0.99576265
370,False,64,11,Covar NN,fxhat,0.008967147,-0.012095571,0.008821727
371,False,64,11,Covar NN,fzhat,0.0017692455,-0.006231939,0.0017305816
372,False,64,12,NN,yhat,1.9821943,-0.01537823,1.982156
373,False,64,12,NN,fxhat,0.011152367,0.020204214,0.010745231
374,False,64,12,NN,fzhat,0.9857543,-0.04226411,0.9840664
375,False,64,12,Covar NN,yhat,0.99989474,0.018046983,0.99966896
376,False,64,12,Covar NN,fxhat,0.006419373,-0.02244202,0.005916321
377,False,64,12,Covar NN,fzhat,0.0015599664,0.03380734,0.00041707192
378,False,64,13,NN,yhat,2.0006034,-0.029809821,1.9999149
379,False,64,13,NN,fxhat,0.011473354,-0.013949848,0.011279884
380,False,64,13,NN,fzhat,1.0099707,-0.0008798479,1.0100709
381,False,64,13,Covar NN,yhat,1.0031482,-0.0219764,1.0027654
382,False,64,13,Covar NN,fxhat,0.0064442633,0.043631252,0.004541031
383,False,64,13,Covar NN,fzhat,0.0032121358,-0.050627533,0.00064905366
384,False,64,14,NN,yhat,2.005146,0.010842698,2.005229
385,False,64,14,NN,fxhat,0.016036237,-0.04656026,0.013869766
386,False,64,14,NN,fzhat,0.98066163,0.0541596,0.97782606
387,False,64,14,Covar NN,yhat,1.0035853,0.007184785,1.0036341
388,False,64,14,Covar NN,fxhat,0.005016769,0.0049930867,0.0049923365
389,False,64,14,Covar NN,fzhat,0.00036926378,-0.0010516625,0.0003681946
390,False,64,15,NN,yhat,2.0064375,-0.020115012,2.0062335
391,False,64,15,NN,fxhat,0.015548152,0.038642857,0.014056287
392,False,64,15,NN,fzhat,1.0084614,-0.06853901,1.003864
393,False,64,15,Covar NN,yhat,1.0078439,-0.00036524562,1.0079445
394,False,64,15,Covar NN,fxhat,0.010205606,0.06111107,0.006471691
395,False,64,15,Covar NN,fzhat,0.005848403,-0.07125745,0.00077085657
396,False,64,16,NN,yhat,2.0065427,0.019295396,2.006371
397,False,64,16,NN,fxhat,0.021269925,-0.0905575,0.013070571
398,False,64,16,NN,fzhat,1.0185724,0.09026662,1.0105255
399,False,64,16,Covar NN,yhat,1.0041181,0.007889807,1.0041564
400,False,64,16,Covar NN,fxhat,0.007287153,-0.034639753,0.0060878494
401,False,64,16,Covar NN,fzhat,0.001118501,0.02294328,0.00059216603
402,False,64,17,NN,yhat,2.0528872,0.043887615,2.051166
403,False,64,17,NN,fxhat,0.022172231,-0.09259051,0.013600589
404,False,64,17,NN,fzhat,1.0316256,0.12492516,1.0161209
405,False,64,17,Covar NN,yhat,1.0085305,0.004264113,1.0086131
406,False,64,17,Covar NN,fxhat,0.009984521,0.0480722,0.0076743523
407,False,64,17,Covar NN,fzhat,0.003945388,-0.055361055,0.0008806303
408,False,64,18,NN,yhat,1.988682,0.011005284,1.9887596
409,False,64,18,NN,fxhat,0.016393607,-0.05375097,0.013505791
410,False,64,18,NN,fzhat,0.99737364,0.053132433,0.99465007
411,False,64,18,Covar NN,yhat,0.9827645,0.015409833,0.9826253
412,False,64,18,Covar NN,fxhat,0.01170559,-0.06574519,0.0073839007
413,False,64,18,Covar NN,fzhat,0.0057627656,0.0695312,0.00092827046
414,False,64,19,NN,yhat,1.9899424,0.012231161,1.9899917
415,False,64,19,NN,fxhat,0.017701868,0.092245944,0.009193471
416,False,64,19,NN,fzhat,1.0047065,-0.11015828,0.992671
417,False,64,19,Covar NN,yhat,1.0087167,0.013067078,1.0086468
418,False,64,19,Covar NN,fxhat,0.012698652,0.08355951,0.0057170303
419,False,64,19,Covar NN,fzhat,0.010686353,-0.10063592,0.00055881805
420,False,64,20,NN,yhat,2.024332,-0.016874189,2.0242496
421,False,64,20,NN,fxhat,0.015818302,0.01797128,0.0154968845
422,False,64,20,NN,fzhat,1.0030848,-0.027860828,1.0024087
423,False,64,20,Covar NN,yhat,1.0072365,-0.012303104,1.0071858
424,False,64,20,Covar NN,fxhat,0.0066754944,0.0063585,0.0066357274
425,False,64,20,Covar NN,fzhat,0.00053767534,-0.01167697,0.0004013639
426,False,64,21,NN,yhat,1.9674687,-0.0036737183,1.9676523
427,False,64,21,NN,fxhat,0.031333312,0.123305455,0.016130691
428,False,64,21,NN,fzhat,1.0014129,-0.12781669,0.98517424
429,False,64,21,Covar NN,yhat,1.0129465,-0.008539371,1.0129749
430,False,64,21,Covar NN,fxhat,0.009083203,0.042670738,0.007263137
431,False,64,21,Covar NN,fzhat,0.0032471614,-0.052047614,0.0005382611
432,False,64,22,NN,yhat,2.062413,-0.0033929986,2.0626075
433,False,64,22,NN,fxhat,0.0148369875,0.0064821206,0.014796449
434,False,64,22,NN,fzhat,0.9806638,-0.014352139,0.9805559
435,False,64,22,Covar NN,yhat,1.015374,0.006531996,1.0154327
436,False,64,22,Covar NN,fxhat,0.007333532,-0.0042453646,0.0073162406
437,False,64,22,Covar NN,fzhat,0.0008595144,0.0063003357,0.00081990217
438,False,64,23,NN,yhat,1.9886925,0.029618394,1.9880141
439,False,64,23,NN,fxhat,0.014951746,-0.029572986,0.014078592
440,False,64,23,NN,fzhat,1.0033872,0.069145404,0.99870604
441,False,64,23,Covar NN,yhat,0.9974839,-0.021877298,0.997105
442,False,64,23,Covar NN,fxhat,0.0045375167,-0.0050289403,0.0045126774
443,False,64,23,Covar NN,fzhat,0.0004912561,-0.006894342,0.00044376857
444,False,64,24,NN,yhat,2.0126922,-0.0309064,2.011938
445,False,64,24,NN,fxhat,0.015573212,-0.060834337,0.011873582
446,False,64,24,NN,fzhat,1.0210564,0.041552488,1.0194318
447,False,64,24,Covar NN,yhat,1.0138669,-0.03258258,1.0129066
448,False,64,24,Covar NN,fxhat,0.009208327,-0.03066867,0.008268586
449,False,64,24,Covar NN,fzhat,0.000987114,0.009710637,0.000892907
450,False,128,0,NN,yhat,1.9939373,0.022028295,1.9936512
451,False,128,0,NN,fxhat,0.028498385,0.033113588,0.027404616
452,False,128,0,NN,fzhat,0.97435194,-0.041125774,0.9727578
453,False,128,0,Covar NN,yhat,1.0172797,0.04849916,1.0150291
454,False,128,0,Covar NN,fxhat,0.014829663,0.052285075,0.012097144
455,False,128,0,Covar NN,fzhat,0.0030105694,-0.033826403,0.0018665305
456,False,128,1,NN,yhat,2.0763223,0.0041306056,2.076513
457,False,128,1,NN,fxhat,0.025627332,0.0069562704,0.0255815
458,False,128,1,NN,fzhat,1.0060195,-0.003404187,1.0061086
459,False,128,1,Covar NN,yhat,1.0412318,0.019932158,1.0409385
460,False,128,1,Covar NN,fxhat,0.03664751,0.14320098,0.016142603
461,False,128,1,Covar NN,fzhat,0.016920391,-0.12384735,0.0015823843
462,False,128,2,NN,yhat,1.960504,-0.008466863,1.9606284
463,False,128,2,NN,fxhat,0.08596632,0.24266045,0.027084958
464,False,128,2,NN,fzhat,1.0545008,-0.25746477,0.98831147
465,False,128,2,Covar NN,yhat,1.0047783,0.0029286759,1.0048703
466,False,128,2,Covar NN,fxhat,0.04374001,0.17677397,0.01249223
467,False,128,2,Covar NN,fzhat,0.032730874,-0.18018281,0.00026505734
468,False,128,3,NN,yhat,2.011971,0.03281419,2.0110953
469,False,128,3,NN,fxhat,0.033778865,0.06478236,0.02958507
470,False,128,3,NN,fzhat,0.9999006,-0.033487722,0.9988791
471,False,128,3,Covar NN,yhat,1.0088849,0.004302904,1.0089673
472,False,128,3,Covar NN,fxhat,0.02198715,0.09338711,0.013267323
473,False,128,3,Covar NN,fzhat,0.008804326,-0.09060376,0.0005953435
474,False,128,4,NN,yhat,2.0289023,-0.026741168,2.0283902
475,False,128,4,NN,fxhat,0.03289448,0.07268741,0.027613781
476,False,128,4,NN,fzhat,1.0156393,-0.11114739,1.0033858
477,False,128,4,Covar NN,yhat,1.0012525,0.017873429,1.0010332
478,False,128,4,Covar NN,fxhat,0.017451556,0.067633465,0.012878558
479,False,128,4,Covar NN,fzhat,0.0047796923,-0.06147882,0.0010001459
480,False,128,5,NN,yhat,2.0421999,-0.0020846112,2.0423996
481,False,128,5,NN,fxhat,0.025724288,-0.062276192,0.021848148
482,False,128,5,NN,fzhat,1.0011531,0.065933764,0.99690557
483,False,128,5,Covar NN,yhat,1.018584,-0.013307253,1.0185087
484,False,128,5,Covar NN,fxhat,0.021661164,-0.087994404,0.0139195435
485,False,128,5,Covar NN,fzhat,0.007542706,0.080429345,0.0010739337
486,False,128,6,NN,yhat,2.0398176,0.011364429,2.0398922
487,False,128,6,NN,fxhat,0.039245427,0.11500851,0.02602107
488,False,128,6,NN,fzhat,1.0183126,-0.11088579,1.0061175
489,False,128,6,Covar NN,yhat,1.0144086,0.024221532,1.0139234
490,False,128,6,Covar NN,fxhat,0.020244354,0.08681826,0.012708214
491,False,128,6,Covar NN,fzhat,0.006022134,-0.06983844,0.0011448397
492,False,128,7,NN,yhat,1.970119,-0.027790686,1.9695436
493,False,128,7,NN,fxhat,0.02781427,0.022546293,0.027308663
494,False,128,7,NN,fzhat,0.9748629,-0.036533143,0.97362554
495,False,128,7,Covar NN,yhat,1.0142943,-0.012514019,1.0142391
496,False,128,7,Covar NN,fxhat,0.013745568,-0.007188275,0.013695265
497,False,128,7,Covar NN,fzhat,0.0012432417,0.008478094,0.0011714809
498,False,128,8,NN,yhat,2.0289073,0.0019674264,2.0291061
499,False,128,8,NN,fxhat,0.038389098,-0.10644867,0.027060485
500,False,128,8,NN,fzhat,1.0171174,0.11934404,1.0029747
501,False,128,8,Covar NN,yhat,1.0156354,-0.013292401,1.0155602
502,False,128,8,Covar NN,fxhat,0.022014681,-0.09364858,0.01324595
503,False,128,8,Covar NN,fzhat,0.009406132,0.09128412,0.001073447
504,False,128,9,NN,yhat,2.0011508,-0.009275475,2.0012648
505,False,128,9,NN,fxhat,0.028242279,-0.0049448684,0.02822065
506,False,128,9,NN,fzhat,0.9765965,0.0042338455,0.97667617
507,False,128,9,Covar NN,yhat,1.0004975,-0.020393062,1.0001816
508,False,128,9,Covar NN,fxhat,0.016144942,-0.03073296,0.015201947
509,False,128,9,Covar NN,fzhat,0.0005868569,0.01890435,0.00022950531
510,False,128,10,NN,yhat,2.0243616,0.0018171989,2.0245607
511,False,128,10,NN,fxhat,0.022853518,0.021149557,0.022408454
512,False,128,10,NN,fzhat,1.0015982,-0.026870294,1.0009763
513,False,128,10,Covar NN,yhat,0.9812009,-0.012561929,0.98114115
514,False,128,10,Covar NN,fxhat,0.012159156,0.01222876,0.012010814
515,False,128,10,Covar NN,fzhat,0.0015086385,-0.032328624,0.000463545
516,False,128,11,NN,yhat,2.005455,-0.03677057,2.0043035
517,False,128,11,NN,fxhat,0.021822434,0.00722034,0.021772476
518,False,128,11,NN,fzhat,0.98645675,-0.030558642,0.98562133
519,False,128,11,Covar NN,yhat,1.0204339,-0.025240412,1.0198988
520,False,128,11,Covar NN,fxhat,0.012653188,0.0007946775,0.01265382
521,False,128,11,Covar NN,fzhat,0.000637612,-0.012602821,0.0004788288
522,False,128,12,NN,yhat,2.0249104,0.008269445,2.0250447
523,False,128,12,NN,fxhat,0.034717012,-0.0883872,0.026907401
524,False,128,12,NN,fzhat,1.0108323,0.10079341,1.0007731
525,False,128,12,Covar NN,yhat,1.0081635,-0.012064689,1.0081186
526,False,128,12,Covar NN,fxhat,0.019987352,-0.08689347,0.012438121
527,False,128,12,Covar NN,fzhat,0.0068620546,0.07896553,0.000626562
528,False,128,13,NN,yhat,1.999983,-0.0071767378,2.0001316
529,False,128,13,NN,fxhat,0.04463434,0.11168615,0.03216376
530,False,128,13,NN,fzhat,1.0082245,-0.13264754,0.9907281
531,False,128,13,Covar NN,yhat,1.0394561,0.005555658,1.0395293
532,False,128,13,Covar NN,fxhat,0.024583502,0.09755949,0.0150671555
533,False,128,13,Covar NN,fzhat,0.011465152,-0.10578849,0.00027397383
534,False,128,14,NN,yhat,2.0003886,-0.011133363,2.0004647
535,False,128,14,NN,fxhat,0.022766655,-0.011181097,0.022643901
536,False,128,14,NN,fzhat,0.9980415,-0.009149725,0.9980577
537,False,128,14,Covar NN,yhat,1.0069772,-0.028756086,1.006251
538,False,128,14,Covar NN,fxhat,0.016250303,-0.06747343,0.011698808
539,False,128,14,Covar NN,fzhat,0.0013835501,0.029519878,0.0005121778
540,False,128,15,NN,yhat,1.9666717,-0.013363972,1.9666897
541,False,128,15,NN,fxhat,0.02340843,0.021591907,0.022944512
542,False,128,15,NN,fzhat,0.97043896,-0.05054452,0.96798104
543,False,128,15,Covar NN,yhat,0.9929941,-0.018247101,0.9927604
544,False,128,15,Covar NN,fxhat,0.012909862,0.033996973,0.011755242
545,False,128,15,Covar NN,fzhat,0.0052720476,-0.0678327,0.0006708387
546,False,128,16,NN,yhat,1.9897703,-0.03052287,1.9890376
547,False,128,16,NN,fxhat,0.022943683,0.025048349,0.022318495
548,False,128,16,NN,fzhat,0.9834592,-0.069180965,0.97877115
549,False,128,16,Covar NN,yhat,1.0197889,0.025933173,1.0192182
550,False,128,16,Covar NN,fxhat,0.016062656,-0.043303315,0.014188898
551,False,128,16,Covar NN,fzhat,0.0041866987,0.05562674,0.001092474
552,False,128,17,NN,yhat,2.0099099,0.023466263,2.00956
553,False,128,17,NN,fxhat,0.03483747,-0.09825431,0.025186079
554,False,128,17,NN,fzhat,0.9948343,0.10611841,0.9836715
555,False,128,17,Covar NN,yhat,1.0297949,0.025675278,1.0292386
556,False,128,17,Covar NN,fxhat,0.041740857,-0.16660766,0.01398414
557,False,128,17,Covar NN,fzhat,0.032301053,0.17668076,0.0010850679
558,False,128,18,NN,yhat,1.9475111,-0.03374958,1.9465666
559,False,128,18,NN,fxhat,0.030969314,-0.08069278,0.024460435
560,False,128,18,NN,fzhat,0.9764158,0.037156846,0.97513264
561,False,128,18,Covar NN,yhat,0.99152607,0.030516662,0.9906939
562,False,128,18,Covar NN,fxhat,0.0112405615,0.021417394,0.010782936
563,False,128,18,Covar NN,fzhat,0.0010054117,-0.00068707956,0.0010050401
564,False,128,19,NN,yhat,2.0220995,-0.028609373,2.0214832
565,False,128,19,NN,fxhat,0.03489202,-0.094119936,0.026036058
566,False,128,19,NN,fzhat,1.01338,0.0948735,1.0044795
567,False,128,19,Covar NN,yhat,0.9925497,-0.036432967,0.9913215
568,False,128,19,Covar NN,fxhat,0.011770224,0.016360598,0.011503706
569,False,128,19,Covar NN,fzhat,0.0009935575,-0.023430614,0.0004446082
570,False,128,20,NN,yhat,2.0226505,0.01242028,2.0226984
571,False,128,20,NN,fxhat,0.05987894,0.18189158,0.026797075
572,False,128,20,NN,fzhat,1.0177293,-0.18050928,0.9852442
573,False,128,20,Covar NN,yhat,1.0228198,0.022001782,1.0224378
574,False,128,20,Covar NN,fxhat,0.03628156,0.13977976,0.016744846
575,False,128,20,Covar NN,fzhat,0.017853007,-0.12881596,0.0012595817
576,False,128,21,NN,yhat,2.020784,-0.05799659,2.0176222
577,False,128,21,NN,fxhat,0.029050875,-0.06201604,0.025207408
578,False,128,21,NN,fzhat,0.99369365,0.014277478,0.99358916
579,False,128,21,Covar NN,yhat,0.99566424,-0.019542616,0.9953819
580,False,128,21,Covar NN,fxhat,0.013124461,-0.045121413,0.011089629
581,False,128,21,Covar NN,fzhat,0.001907188,0.035836812,0.0006229732
582,False,128,22,NN,yhat,2.0675743,-0.0058118775,2.0677474
583,False,128,22,NN,fxhat,0.029320953,0.07070369,0.024324372
584,False,128,22,NN,fzhat,1.0181797,-0.070828505,1.0132643
585,False,128,22,Covar NN,yhat,1.00469,-0.024084115,1.0042104
586,False,128,22,Covar NN,fxhat,0.014829361,0.034266554,0.013656529
587,False,128,22,Covar NN,fzhat,0.0030411363,-0.052663587,0.00026770929
588,False,128,23,NN,yhat,1.9875264,-0.008057146,1.9876604
589,False,128,23,NN,fxhat,0.02305067,0.033743396,0.021914244
590,False,128,23,NN,fzhat,0.9800911,-0.045913223,0.9780809
591,False,128,23,Covar NN,yhat,1.0155236,0.0026868344,1.0156178
592,False,128,23,Covar NN,fxhat,0.02226651,0.09499801,0.013243212
593,False,128,23,Covar NN,fzhat,0.010904457,-0.09642385,0.0016070578
594,False,128,24,NN,yhat,2.0438857,0.010762896,2.0439744
595,False,128,24,NN,fxhat,0.03826712,-0.11875015,0.024167938
596,False,128,24,NN,fzhat,1.04681,0.11877678,1.0328054
597,False,128,24,Covar NN,yhat,1.0021154,-0.0008274296,1.0022149
598,False,128,24,Covar NN,fxhat,0.02713159,-0.120166734,0.012692816
599,False,128,24,Covar NN,fzhat,0.012252424,0.10860304,0.00045785168
600,False,256,0,NN,yhat,2.1057038,0.0051705223,2.1058877
601,False,256,0,NN,fxhat,0.1294668,0.26577413,0.058836795
602,False,256,0,NN,fzhat,1.0787891,-0.2621913,1.0101459
603,False,256,0,Covar NN,yhat,1.0361875,0.026235322,1.0356027
604,False,256,0,Covar NN,fxhat,0.03021864,0.022576917,0.029711895
605,False,256,0,Covar NN,fzhat,0.00047255796,0.0020708472,0.00046831643
606,False,256,1,NN,yhat,2.0425165,0.0014898984,2.0427184
607,False,256,1,NN,fxhat,0.0539916,0.052550476,0.051235173
608,False,256,1,NN,fzhat,1.0203085,-0.053004637,1.0176008
609,False,256,1,Covar NN,yhat,1.0129921,0.026562124,1.0123879
610,False,256,1,Covar NN,fxhat,0.09748565,-0.26407084,0.027755013
611,False,256,1,Covar NN,fzhat,0.083748505,0.28868893,0.00040725537
612,False,256,2,NN,yhat,2.0174727,-0.021708641,2.017203
613,False,256,2,NN,fxhat,0.17671174,0.34013256,0.06102766
614,False,256,2,NN,fzhat,1.1261376,-0.36371803,0.9939462
615,False,256,2,Covar NN,yhat,1.0082637,0.02016689,1.0079578
616,False,256,2,Covar NN,fxhat,0.032251958,-0.01674632,0.031974714
617,False,256,2,Covar NN,fzhat,0.0029107146,0.035036378,0.001683335
618,False,256,3,NN,yhat,1.9846586,0.015563021,1.9846145
619,False,256,3,NN,fxhat,0.15171717,0.3163611,0.051637985
620,False,256,3,NN,fzhat,1.0663399,-0.2986544,0.97724307
621,False,256,3,Covar NN,yhat,1.013525,-0.0022486544,1.0136213
622,False,256,3,Covar NN,fxhat,0.02589135,0.013221686,0.025719108
623,False,256,3,Covar NN,fzhat,0.0013979165,-0.01332665,0.001220439
624,False,256,4,NN,yhat,2.0154989,-0.020233594,2.0152907
625,False,256,4,NN,fxhat,0.08245266,0.17745866,0.05096618
626,False,256,4,NN,fzhat,1.0277965,-0.20130906,0.98737
627,False,256,4,Covar NN,yhat,1.0208931,-0.00891305,1.0209157
628,False,256,4,Covar NN,fxhat,0.028674847,-0.037939485,0.027238166
629,False,256,4,Covar NN,fzhat,0.0012709429,0.025409741,0.0006253505
630,False,256,5,NN,yhat,2.0706577,-0.017209198,2.0705686
631,False,256,5,NN,fxhat,0.22314002,0.41207695,0.053337935
632,False,256,5,NN,fzhat,1.1710331,-0.42037222,0.99441975
633,False,256,5,Covar NN,yhat,1.0275065,-0.0093312785,1.0275221
634,False,256,5,Covar NN,fxhat,0.028298007,2.2352933e-06,0.028300839
635,False,256,5,Covar NN,fzhat,0.00040669012,-0.00041967555,0.00040655464
636,False,256,6,NN,yhat,2.0462906,-0.008561786,2.046422
637,False,256,6,NN,fxhat,0.1687349,0.33845183,0.0541907
638,False,256,6,NN,fzhat,1.1142744,-0.34324336,0.99655807
639,False,256,6,Covar NN,yhat,1.0448794,0.017994968,1.0446602
640,False,256,6,Covar NN,fxhat,0.11572134,-0.29055986,0.031299442
641,False,256,6,Covar NN,fzhat,0.09810846,0.31232506,0.0005615739
642,False,256,7,NN,yhat,2.0383544,-0.016887128,2.038273
643,False,256,7,NN,fxhat,0.08074018,0.17613871,0.049720317
644,False,256,7,NN,fzhat,1.0326573,-0.20298393,0.99155396
645,False,256,7,Covar NN,yhat,1.0306666,0.014140271,1.0305698
646,False,256,7,Covar NN,fxhat,0.04516688,-0.14307094,0.024700055
647,False,256,7,Covar NN,fzhat,0.022605022,0.1472532,0.00092161435
648,False,256,8,NN,yhat,2.0643418,0.04591845,2.0624394
649,False,256,8,NN,fxhat,0.11694674,0.2413966,0.05868029
650,False,256,8,NN,fzhat,1.050631,-0.20799676,1.0074692
651,False,256,8,Covar NN,yhat,1.0200047,0.02507492,1.019478
652,False,256,8,Covar NN,fxhat,0.02770158,-0.017299574,0.02740505
653,False,256,8,Covar NN,fzhat,0.0012608086,0.029855795,0.00036947682
654,False,256,9,NN,yhat,1.9985754,0.016075414,1.9985169
655,False,256,9,NN,fxhat,0.22307695,0.41469175,0.05111279
656,False,256,9,NN,fzhat,1.1402789,-0.407469,0.9743454
657,False,256,9,Covar NN,yhat,1.0322556,-0.0038356117,1.0323442
658,False,256,9,Covar NN,fxhat,0.030368151,-0.068070166,0.025737178
659,False,256,9,Covar NN,fzhat,0.0040635285,0.055381767,0.0009964874
660,False,256,10,NN,yhat,2.0711179,-0.013072442,2.071154
661,False,256,10,NN,fxhat,0.05042649,-0.07017662,0.045506284
662,False,256,10,NN,fzhat,1.0054955,0.05262943,1.002826
663,False,256,10,Covar NN,yhat,1.0460424,0.021210961,1.0456971
664,False,256,10,Covar NN,fxhat,0.054693688,-0.17122295,0.025378931
665,False,256,10,Covar NN,fzhat,0.03583991,0.18795921,0.0005112966
666,False,256,11,NN,yhat,2.041154,0.007521921,2.0413015
667,False,256,11,NN,fxhat,0.059326805,0.0992307,0.04948502
668,False,256,11,NN,fzhat,1.0084277,-0.11354618,0.99563456
669,False,256,11,Covar NN,yhat,1.0201905,0.020163212,1.0198859
670,False,256,11,Covar NN,fxhat,0.037861444,-0.09199505,0.029401295
671,False,256,11,Covar NN,fzhat,0.009316214,0.090320945,0.0011584598
672,False,256,12,NN,yhat,2.0545483,0.054747716,2.0517561
673,False,256,12,NN,fxhat,0.32681516,0.52881956,0.04716978
674,False,256,12,NN,fzhat,1.22321,-0.4750688,0.9976193
675,False,256,12,Covar NN,yhat,1.0222361,0.021582123,1.0218725
676,False,256,12,Covar NN,fxhat,0.035647087,0.11422079,0.02260296
677,False,256,12,Covar NN,fzhat,0.009334536,-0.09363551,0.0005669838
678,False,256,13,NN,yhat,2.00911,-0.027851377,2.0085351
679,False,256,13,NN,fxhat,0.101822294,0.21667737,0.054878693
680,False,256,13,NN,fzhat,1.0454774,-0.24116462,0.9874158
681,False,256,13,Covar NN,yhat,1.0077984,-0.010297946,1.0077932
682,False,256,13,Covar NN,fxhat,0.03168872,0.04788705,0.02939849
683,False,256,13,Covar NN,fzhat,0.0042017926,-0.05482087,0.001196585
684,False,256,14,NN,yhat,2.0949771,-0.0046222345,2.0951653
685,False,256,14,NN,fxhat,0.38292205,0.5707587,0.05716231
686,False,256,14,NN,fzhat,1.3309224,-0.57196295,1.0038811
687,False,256,14,Covar NN,yhat,1.0452247,-0.010409262,1.0452209
688,False,256,14,Covar NN,fxhat,0.025926925,0.033593807,0.02480086
689,False,256,14,Covar NN,fzhat,0.0029675323,-0.040585104,0.0013205133
690,False,256,15,NN,yhat,2.054562,0.02887702,2.0539336
691,False,256,15,NN,fxhat,0.30373472,0.4971103,0.05662173
692,False,256,15,NN,fzhat,1.234885,-0.46587598,1.0179464
693,False,256,15,Covar NN,yhat,1.0171751,-0.008596112,1.0172031
694,False,256,15,Covar NN,fxhat,0.02470706,0.020181054,0.024302216
695,False,256,15,Covar NN,fzhat,0.0014562834,-0.026419837,0.0007583514
696,False,256,16,NN,yhat,1.9903454,-0.00094526826,1.9905435
697,False,256,16,NN,fxhat,0.1166542,0.26253217,0.047735836
698,False,256,16,NN,fzhat,1.0581762,-0.27319467,0.9836391
699,False,256,16,Covar NN,yhat,0.9979757,-0.005936081,0.99804026
700,False,256,16,Covar NN,fxhat,0.025659446,0.0061347275,0.02562437
701,False,256,16,Covar NN,fzhat,0.0013594362,-0.021788035,0.0008848063
702,False,256,17,NN,yhat,2.057081,0.024481628,2.0566876
703,False,256,17,NN,fxhat,0.097934246,0.20827593,0.054560836
704,False,256,17,NN,fzhat,1.0367688,-0.1821367,1.0036955
705,False,256,17,Covar NN,yhat,1.0205883,0.011058557,1.0205681
706,False,256,17,Covar NN,fxhat,0.041885678,-0.11660184,0.02829252
707,False,256,17,Covar NN,fzhat,0.017439669,0.12931801,0.0007165947
708,False,256,18,NN,yhat,2.0730987,0.02044572,2.0728877
709,False,256,18,NN,fxhat,0.081633374,0.1510503,0.05882306
710,False,256,18,NN,fzhat,1.0297741,-0.14217243,1.009662
711,False,256,18,Covar NN,yhat,1.0139204,0.009484012,1.0139319
712,False,256,18,Covar NN,fxhat,0.069496,-0.20392141,0.027914854
713,False,256,18,Covar NN,fzhat,0.041767765,0.20183748,0.001029499
714,False,256,19,NN,yhat,2.1104698,-0.006336566,2.1106408
715,False,256,19,NN,fxhat,0.09060573,0.17118838,0.061306402
716,False,256,19,NN,fzhat,1.0514337,-0.16138199,1.025492
717,False,256,19,Covar NN,yhat,1.0310925,-0.01085672,1.0310777
718,False,256,19,Covar NN,fxhat,0.06561232,-0.1931772,0.028297726
719,False,256,19,Covar NN,fzhat,0.040621817,0.19846345,0.0012342067
720,False,256,20,NN,yhat,2.0046124,0.0042051063,2.0047953
721,False,256,20,NN,fxhat,0.16788739,0.34001788,0.05228047
722,False,256,20,NN,fzhat,1.1092634,-0.32375807,1.0045446
723,False,256,20,Covar NN,yhat,1.0042583,-0.015501761,1.0041184
724,False,256,20,Covar NN,fxhat,0.038726166,-0.11228291,0.02612133
725,False,256,20,Covar NN,fzhat,0.012243377,0.10883574,0.00039819864
726,False,256,21,NN,yhat,2.0648398,-0.012601689,2.0648875
727,False,256,21,NN,fxhat,0.2758429,0.46874428,0.056127347
728,False,256,21,NN,fzhat,1.1960328,-0.47345826,0.9719672
729,False,256,21,Covar NN,yhat,1.0483706,-0.002739166,1.048468
730,False,256,21,Covar NN,fxhat,0.04149906,0.10459036,0.03056297
731,False,256,21,Covar NN,fzhat,0.011046964,-0.09944185,0.0011584004
732,False,256,22,NN,yhat,2.0372486,0.0075368956,2.0373957
733,False,256,22,NN,fxhat,0.13670292,0.29320434,0.050739214
734,False,256,22,NN,fzhat,1.0785174,-0.28187993,0.99916106
735,False,256,22,Covar NN,yhat,1.0344495,-0.023253592,1.0340121
736,False,256,22,Covar NN,fxhat,0.03519846,-0.08088287,0.028659292
737,False,256,22,Covar NN,fzhat,0.00510819,0.061416887,0.0013362898
738,False,256,23,NN,yhat,2.0762696,0.020647174,2.076051
739,False,256,23,NN,fxhat,0.099074244,0.21556906,0.052609477
740,False,256,23,NN,fzhat,1.0456649,-0.20090215,1.0054039
741,False,256,23,Covar NN,yhat,1.032551,0.032136537,1.0316215
742,False,256,23,Covar NN,fxhat,0.033217918,-0.06787495,0.02861377
743,False,256,23,Covar NN,fzhat,0.010998186,0.09403135,0.002156507
744,False,256,24,NN,yhat,2.0759196,0.023349805,2.075582
745,False,256,24,NN,fxhat,0.13361962,0.27688384,0.05696066
746,False,256,24,NN,fzhat,1.0499375,-0.24914624,0.9879625
747,False,256,24,Covar NN,yhat,1.0359347,0.0006998537,1.0360377
748,False,256,24,Covar NN,fxhat,0.03863963,-0.10558709,0.027493743
749,False,256,24,Covar NN,fzhat,0.013362262,0.11067475,0.0011134734
750,False,512,0,NN,yhat,2.1519117,-0.010492783,2.1520169
751,False,512,0,NN,fxhat,1.5277512,1.1881889,0.115969874
752,False,512,0,NN,fzhat,2.441046,-1.2019274,0.9965165
753,False,512,0,Covar NN,yhat,1.0518577,-0.012492638,1.0518068
754,False,512,0,Covar NN,fxhat,0.0543917,-0.016264074,0.054132592
755,False,512,0,Covar NN,fzhat,0.000364356,0.00052608346,0.00036411567
756,False,512,1,NN,yhat,2.1138735,-0.042130824,2.1123095
757,False,512,1,NN,fxhat,1.9656287,1.3603497,0.11508875
758,False,512,1,NN,fzhat,2.9302,-1.3860123,1.009271
759,False,512,1,Covar NN,yhat,1.0255835,-0.02245781,1.0251817
760,False,512,1,Covar NN,fxhat,0.06893889,0.12433142,0.053485934
761,False,512,1,Covar NN,fzhat,0.01738093,-0.13032062,0.00039750547
762,False,512,2,NN,yhat,2.1164925,0.0057335068,2.1166713
763,False,512,2,NN,fxhat,1.3397609,1.1034689,0.12212959
764,False,512,2,NN,fzhat,2.2246864,-1.1027888,1.0086443
765,False,512,2,Covar NN,yhat,1.0381672,-0.0114716245,1.0381393
766,False,512,2,Covar NN,fxhat,0.08166871,-0.16207643,0.05540548
767,False,512,2,Covar NN,fzhat,0.022105625,0.14555153,0.00092046685
768,False,512,3,NN,yhat,2.0990043,0.0002968767,2.099214
769,False,512,3,NN,fxhat,1.1894934,1.0351261,0.11801923
770,False,512,3,NN,fzhat,2.0637488,-1.0199027,1.0236496
771,False,512,3,Covar NN,yhat,1.049204,-0.025922699,1.0486368
772,False,512,3,Covar NN,fxhat,0.061554957,-0.060850915,0.05785791
773,False,512,3,Covar NN,fzhat,0.0029343667,0.049854837,0.0004489068
774,False,512,4,NN,yhat,2.1377833,0.019054612,2.137634
775,False,512,4,NN,fxhat,1.30517,1.0941955,0.107917145
776,False,512,4,NN,fzhat,2.1579423,-1.0738713,1.0048431
777,False,512,4,Covar NN,yhat,1.0630031,0.010494931,1.0629992
778,False,512,4,Covar NN,fxhat,0.068497166,-0.112988755,0.055736285
779,False,512,4,Covar NN,fzhat,0.016523946,0.124753274,0.00096066506
780,False,512,5,NN,yhat,2.0887496,-0.011388171,2.088829
781,False,512,5,NN,fxhat,1.6320552,1.2298976,0.11941871
782,False,512,5,NN,fzhat,2.5332863,-1.2442927,0.98512036
783,False,512,5,Covar NN,yhat,1.0403099,-0.0015112839,1.0404116
784,False,512,5,Covar NN,fxhat,0.05995337,0.06240357,0.05606477
785,False,512,5,Covar NN,fzhat,0.004983653,-0.066921875,0.0005051662
786,False,512,6,NN,yhat,2.1009648,0.013950288,2.1009803
787,False,512,6,NN,fxhat,1.5413972,1.1936611,0.1165818
788,False,512,6,NN,fzhat,2.4236798,-1.2020352,0.97888887
789,False,512,6,Covar NN,yhat,1.0539896,0.040110003,1.0524862
790,False,512,6,Covar NN,fxhat,0.05782893,-0.0445753,0.05584756
791,False,512,6,Covar NN,fzhat,0.005245406,0.062361095,0.0013566357
792,False,512,7,NN,yhat,2.0678146,0.02006026,2.0676188
793,False,512,7,NN,fxhat,1.6244671,1.2278879,0.11677025
794,False,512,7,NN,fzhat,2.4715886,-1.2213628,0.97995996
795,False,512,7,Covar NN,yhat,1.0440785,0.027010553,1.0434533
796,False,512,7,Covar NN,fxhat,0.05137611,-0.019094134,0.051016625
797,False,512,7,Covar NN,fzhat,0.0016796078,0.03256954,0.000618895
798,False,512,8,NN,yhat,2.137321,0.011352701,2.1374056
799,False,512,8,NN,fxhat,1.4692189,1.1603318,0.122861035
800,False,512,8,NN,fzhat,2.3074746,-1.139074,1.010086
801,False,512,8,Covar NN,yhat,1.0613812,-0.037976418,1.060045
802,False,512,8,Covar NN,fxhat,0.069719486,-0.11335024,0.0568769
803,False,512,8,Covar NN,fzhat,0.008341478,0.085279,0.0010690759
804,False,512,9,NN,yhat,2.1059241,-0.007096007,2.1060843
805,False,512,9,NN,fxhat,1.8447074,1.3145893,0.1165739
806,False,512,9,NN,fzhat,2.7358365,-1.3254639,0.97908
807,False,512,9,Covar NN,yhat,1.0562563,0.008309217,1.0562929
808,False,512,9,Covar NN,fxhat,0.051023662,0.020119064,0.050623953
809,False,512,9,Covar NN,fzhat,0.0010242206,-0.015588402,0.00078130054
810,False,512,10,NN,yhat,2.0887272,0.0047411383,2.088914
811,False,512,10,NN,fxhat,1.484163,1.1701306,0.114968956
812,False,512,10,NN,fzhat,2.3520415,-1.1655695,0.99358815
813,False,512,10,Covar NN,yhat,1.028584,0.006713498,1.0286417
814,False,512,10,Covar NN,fxhat,0.10428407,0.22285591,0.054624785
815,False,512,10,Covar NN,fzhat,0.04797854,-0.21632244,0.0011832571
816,False,512,11,NN,yhat,2.1036766,0.0018850403,2.1038835
817,False,512,11,NN,fxhat,1.5944006,1.2150179,0.11814413
818,False,512,11,NN,fzhat,2.4335566,-1.2109421,0.96727264
819,False,512,11,Covar NN,yhat,1.0785563,-0.0016695649,1.0786614
820,False,512,11,Covar NN,fxhat,0.09599769,-0.19018829,0.05983209
821,False,512,11,Covar NN,fzhat,0.036993667,0.19070928,0.0006236991
822,False,512,12,NN,yhat,2.088184,-0.015226898,2.088161
823,False,512,12,NN,fxhat,1.3072675,1.096312,0.10537808
824,False,512,12,NN,fzhat,2.2212167,-1.098108,1.0154771
825,False,512,12,Covar NN,yhat,1.0428984,-0.014612741,1.0427891
826,False,512,12,Covar NN,fxhat,0.050888654,-0.012644015,0.050733857
827,False,512,12,Covar NN,fzhat,0.0008881443,0.011462056,0.0007568412
828,False,512,13,NN,yhat,2.0561385,-0.016393758,2.056075
829,False,512,13,NN,fxhat,1.1669283,1.0246087,0.11711692
830,False,512,13,NN,fzhat,2.0253224,-1.0272928,0.9700888
831,False,512,13,Covar NN,yhat,1.0392119,-0.014040111,1.0391186
832,False,512,13,Covar NN,fxhat,0.06061963,0.07356322,0.055213597
833,False,512,13,Covar NN,fzhat,0.0067663863,-0.07389354,0.0013062618
834,False,512,14,NN,yhat,2.0529845,0.020618096,2.0527644
835,False,512,14,NN,fxhat,1.3940724,1.1270223,0.12390561
836,False,512,14,NN,fzhat,2.225944,-1.1159759,0.98064005
837,False,512,14,Covar NN,yhat,1.0193709,0.009756538,1.0193776
838,False,512,14,Covar NN,fxhat,0.054036528,-0.018281948,0.053707674
839,False,512,14,Covar NN,fzhat,0.0014084249,0.018466705,0.0010675126
840,False,512,15,NN,yhat,2.0975595,-0.0050922614,2.097743
841,False,512,15,NN,fxhat,1.4277474,1.1404923,0.12703755
842,False,512,15,NN,fzhat,2.3273683,-1.1490444,1.0071657
843,False,512,15,Covar NN,yhat,1.0525756,-0.0032216057,1.0526705
844,False,512,15,Covar NN,fxhat,0.058459923,-0.045310494,0.05641252
845,False,512,15,Covar NN,fzhat,0.0023137962,0.03862884,0.000821691
846,False,512,16,NN,yhat,2.1482313,0.016243804,2.1481822
847,False,512,16,NN,fxhat,1.0351351,0.9574981,0.11834455
848,False,512,16,NN,fzhat,1.9161931,-0.94904375,1.0156106
849,False,512,16,Covar NN,yhat,1.0733273,0.042724326,1.0716093
850,False,512,16,Covar NN,fxhat,0.07467885,0.14042148,0.054966148
851,False,512,16,Covar NN,fzhat,0.012409241,-0.105486825,0.0012818973
852,False,512,17,NN,yhat,2.1084023,-0.022105012,2.1081243
853,False,512,17,NN,fxhat,1.5656644,1.209475,0.10284456
854,False,512,17,NN,fzhat,2.529692,-1.2243338,1.0308015
855,False,512,17,Covar NN,yhat,1.0303459,0.0009522251,1.0304481
856,False,512,17,Covar NN,fxhat,0.054668304,0.063084185,0.050693758
857,False,512,17,Covar NN,fzhat,0.0035911717,-0.054885656,0.0005787939
858,False,512,18,NN,yhat,2.1422231,0.011181982,2.1423123
859,False,512,18,NN,fxhat,1.4322307,1.1427599,0.12634322
860,False,512,18,NN,fzhat,2.2334933,-1.1160017,0.9881324
861,False,512,18,Covar NN,yhat,1.0680976,-0.015038235,1.0679783
862,False,512,18,Covar NN,fxhat,0.09924018,-0.19995289,0.059264943
863,False,512,18,Covar NN,fzhat,0.041081004,0.20049073,0.00088455924
864,False,512,19,NN,yhat,2.1759505,0.0058530197,2.1761339
865,False,512,19,NN,fxhat,1.5757122,1.2046318,0.124586664
866,False,512,19,NN,fzhat,2.4653585,-1.2018553,1.0210043
867,False,512,19,Covar NN,yhat,1.0762069,-0.025914636,1.0756428
868,False,512,19,Covar NN,fxhat,0.058891762,0.051154125,0.05628065
869,False,512,19,Covar NN,fzhat,0.0073146257,-0.08014534,0.00089143997
870,False,512,20,NN,yhat,2.133405,0.044649467,2.1316245
871,False,512,20,NN,fxhat,1.8323195,1.3072518,0.12342465
872,False,512,20,NN,fzhat,2.6235073,-1.273037,1.0029848
873,False,512,20,Covar NN,yhat,1.0617939,0.023205597,1.0613616
874,False,512,20,Covar NN,fxhat,0.09097211,0.18462634,0.05689091
875,False,512,20,Covar NN,fzhat,0.030074816,-0.17185538,0.0005406018
876,False,512,21,NN,yhat,2.091578,-0.006385967,2.0917463
877,False,512,21,NN,fxhat,1.2183625,1.0465721,0.12306194
878,False,512,21,NN,fzhat,2.1027353,-1.0498681,1.0006121
879,False,512,21,Covar NN,yhat,1.0346735,-0.016576393,1.0345021
880,False,512,21,Covar NN,fxhat,0.10771502,-0.22125518,0.058767032
881,False,512,21,Covar NN,fzhat,0.04373928,0.20776837,0.0005716474
882,False,512,22,NN,yhat,2.087658,-0.005387212,2.087838
883,False,512,22,NN,fxhat,1.194595,1.0379758,0.11721287
884,False,512,22,NN,fzhat,2.059545,-1.0349101,0.9886051
885,False,512,22,Covar NN,yhat,1.0661424,-0.013076338,1.066078
886,False,512,22,Covar NN,fxhat,0.06246609,-0.05970376,0.058907446
887,False,512,22,Covar NN,fzhat,0.0044143633,0.05508047,0.0013806432
888,False,512,23,NN,yhat,2.1493535,0.023512933,2.1490157
889,False,512,23,NN,fxhat,1.4767665,1.170829,0.10593641
890,False,512,23,NN,fzhat,2.280719,-1.1272012,1.0102378
891,False,512,23,Covar NN,yhat,1.0681243,-0.0030803548,1.0682217
892,False,512,23,Covar NN,fxhat,0.06118561,-0.08807602,0.053433564
893,False,512,23,Covar NN,fzhat,0.011996452,0.105110765,0.0009482727
894,False,512,24,NN,yhat,2.1256032,0.031040922,2.124852
895,False,512,24,NN,fxhat,1.6140085,1.2232012,0.11779937
896,False,512,24,NN,fzhat,2.4597278,-1.2094938,0.9969523
897,False,512,24,Covar NN,yhat,1.0465873,0.05867081,1.0432495
898,False,512,24,Covar NN,fxhat,0.072369665,-0.1434528,0.051796146
899,False,512,24,Covar NN,fzhat,0.034786157,0.18479015,0.0006388199
900,False,1024,0,NN,yhat,2.1360757,-0.07429473,2.130769
901,False,1024,0,NN,fxhat,7.5672164,2.7159321,0.19094744
902,False,1024,0,NN,fzhat,8.77487,-2.788543,0.9989994
903,False,1024,0,Covar NN,yhat,1.1133448,-0.053779036,1.1105638
904,False,1024,0,Covar NN,fxhat,0.15439901,0.21289968,0.10908365
905,False,1024,0,Covar NN,fzhat,0.07131446,-0.2649946,0.001092443
906,False,1024,1,NN,yhat,2.2271528,-0.06889217,2.2226288
907,False,1024,1,NN,fxhat,7.580789,2.7167256,0.20021152
908,False,1024,1,NN,fzhat,8.752062,-2.7841413,1.0007194
909,False,1024,1,Covar NN,yhat,1.129484,-0.005792883,1.1295635
910,False,1024,1,Covar NN,fxhat,0.123867504,-3.8147737e-05,0.12387988
911,False,1024,1,Covar NN,fzhat,0.0010830502,-0.0042782756,0.0010648529
912,False,1024,2,NN,yhat,2.154277,-0.03821165,2.1530323
913,False,1024,2,NN,fxhat,7.87676,2.7696648,0.20573793
914,False,1024,2,NN,fzhat,8.781742,-2.7938387,0.976306
915,False,1024,2,Covar NN,yhat,1.0870043,-0.034649186,1.0859122
916,False,1024,2,Covar NN,fxhat,0.12509556,0.14298713,0.10466069
917,False,1024,2,Covar NN,fzhat,0.028140265,-0.16359885,0.0013758225
918,False,1024,3,NN,yhat,2.2300658,0.12966771,2.2134733
919,False,1024,3,NN,fxhat,8.677921,2.9124448,0.19560619
920,False,1024,3,NN,fzhat,8.776862,-2.7881842,1.0029914
921,False,1024,3,Covar NN,yhat,1.1412594,0.09841671,1.1316867
922,False,1024,3,Covar NN,fxhat,0.23407729,0.3573018,0.106423326
923,False,1024,3,Covar NN,fzhat,0.07077717,-0.26429215,0.00092692464
924,False,1024,4,NN,yhat,2.1644297,-0.011813657,2.1645067
925,False,1024,4,NN,fxhat,7.7421875,2.7444382,0.21026771
926,False,1024,4,NN,fzhat,8.554808,-2.7455897,1.0166476
927,False,1024,4,Covar NN,yhat,1.0952054,-0.0011836018,1.0953135
928,False,1024,4,Covar NN,fxhat,0.11967069,0.07079376,0.11467041
929,False,1024,4,Covar NN,fzhat,0.004322721,-0.061315697,0.00056316186
930,False,1024,5,NN,yhat,2.196179,-0.052601043,2.1936314
931,False,1024,5,NN,fxhat,7.7389054,2.7440736,0.20898537
932,False,1024,5,NN,fzhat,8.774288,-2.7921414,0.9783314
933,False,1024,5,Covar NN,yhat,1.1322104,0.08747774,1.1246704
934,False,1024,5,Covar NN,fxhat,0.11672236,0.1158345,0.10331506
935,False,1024,5,Covar NN,fzhat,0.00088974915,-0.023823306,0.00032223144
936,False,1024,6,NN,yhat,2.1691117,-0.08285039,2.1624637
937,False,1024,6,NN,fxhat,7.432141,2.6906135,0.19276017
938,False,1024,6,NN,fzhat,8.612484,-2.757772,1.0072784
939,False,1024,6,Covar NN,yhat,1.1017326,-0.068981476,1.0970838
940,False,1024,6,Covar NN,fxhat,0.16186635,-0.22750445,0.110119075
941,False,1024,6,Covar NN,fzhat,0.0317922,0.1742147,0.0014415777
942,False,1024,7,NN,yhat,2.2406645,-0.0064212326,2.240847
943,False,1024,7,NN,fxhat,4.1983967,1.989832,0.23899035
944,False,1024,7,NN,fzhat,4.97008,-1.9962939,0.98498976
945,False,1024,7,Covar NN,yhat,1.1452662,-0.010826422,1.1452637
946,False,1024,7,Covar NN,fxhat,0.117653586,0.041507997,0.11594228
947,False,1024,7,Covar NN,fzhat,0.0048389044,-0.05237498,0.0020959757
948,False,1024,8,NN,yhat,2.214202,-0.069013245,2.20966
949,False,1024,8,NN,fxhat,7.669649,2.7331636,0.19948572
950,False,1024,8,NN,fzhat,8.773374,-2.7870893,1.0056067
951,False,1024,8,Covar NN,yhat,1.1153363,-0.02661073,1.1147397
952,False,1024,8,Covar NN,fxhat,0.21233052,-0.3221372,0.108568996
953,False,1024,8,Covar NN,fzhat,0.097690664,0.31061366,0.001209935
954,False,1024,9,NN,yhat,2.276949,-0.0137628345,2.2769873
955,False,1024,9,NN,fxhat,4.3179274,2.0166724,0.25098535
956,False,1024,9,NN,fzhat,5.1619964,-2.0337641,1.0259035
957,False,1024,9,Covar NN,yhat,1.1180266,-0.001300352,1.1181366
958,False,1024,9,Covar NN,fxhat,0.19129685,-0.26017484,0.12361826
959,False,1024,9,Covar NN,fzhat,0.06586248,0.25554603,0.0005587702
960,False,1024,10,NN,yhat,2.1937253,-0.069044165,2.1891773
961,False,1024,10,NN,fxhat,7.406238,2.6812348,0.21724017
962,False,1024,10,NN,fzhat,8.546442,-2.7465487,1.003013
963,False,1024,10,Covar NN,yhat,1.1051677,-0.04056218,1.1036327
964,False,1024,10,Covar NN,fxhat,0.11759496,0.09236377,0.10907481
965,False,1024,10,Covar NN,fzhat,0.018279696,-0.12919532,0.0015884269
966,False,1024,11,NN,yhat,2.2625594,-0.031194458,2.2618124
967,False,1024,11,NN,fxhat,7.8348804,2.7588944,0.22340532
968,False,1024,11,NN,fzhat,8.750196,-2.7849634,0.9942754
969,False,1024,11,Covar NN,yhat,1.1472238,4.7542573e-05,1.1473385
970,False,1024,11,Covar NN,fxhat,0.1351612,-0.1275912,0.11889358
971,False,1024,11,Covar NN,fzhat,0.018911615,0.13276418,0.001285416
972,False,1024,12,NN,yhat,2.1810946,0.11609972,2.1678321
973,False,1024,12,NN,fxhat,8.719863,2.9206336,0.18978001
974,False,1024,12,NN,fzhat,8.859916,-2.807917,0.97561425
975,False,1024,12,Covar NN,yhat,1.1192125,0.021260643,1.1188724
976,False,1024,12,Covar NN,fxhat,0.19101529,0.2912303,0.106210835
977,False,1024,12,Covar NN,fzhat,0.07773032,-0.2733523,0.00300915
978,False,1024,13,NN,yhat,2.196972,-0.0521685,2.19447
979,False,1024,13,NN,fxhat,7.5328326,2.7104414,0.18635829
980,False,1024,13,NN,fzhat,8.6920395,-2.7740848,0.99659246
981,False,1024,13,Covar NN,yhat,1.1202346,0.0762677,1.1145293
982,False,1024,13,Covar NN,fxhat,0.13956304,0.19507262,0.101519875
983,False,1024,13,Covar NN,fzhat,0.018228965,-0.13027985,0.0012562516
984,False,1024,14,NN,yhat,2.25113,-0.13697799,2.2325904
985,False,1024,14,NN,fxhat,7.0725813,2.6156957,0.23074095
986,False,1024,14,NN,fzhat,8.570181,-2.754624,0.9823266
987,False,1024,14,Covar NN,yhat,1.1317898,-0.0026216994,1.1318961
988,False,1024,14,Covar NN,fxhat,0.19346291,-0.2736711,0.11857891
989,False,1024,14,Covar NN,fzhat,0.07294243,0.2690992,0.0005281068
990,False,1024,15,NN,yhat,2.259241,0.11583817,2.2460475
991,False,1024,15,NN,fxhat,8.521685,2.8836198,0.20644175
992,False,1024,15,NN,fzhat,8.711153,-2.7767932,1.0006737
993,False,1024,15,Covar NN,yhat,1.1342176,0.078276254,1.1282033
994,False,1024,15,Covar NN,fxhat,0.2828707,0.41641486,0.109480344
995,False,1024,15,Covar NN,fzhat,0.12245731,-0.34715,0.0019443933
996,False,1024,16,NN,yhat,2.2655985,-0.031211844,2.2648509
997,False,1024,16,NN,fxhat,4.8568892,2.145875,0.25213423
998,False,1024,16,NN,fzhat,5.6815963,-2.1633937,1.0014243
999,False,1024,16,Covar NN,yhat,1.1281757,-0.027890304,1.1275108
1000,False,1024,16,Covar NN,fxhat,0.15323453,0.21441525,0.10727136
1001,False,1024,16,Covar NN,fzhat,0.054534644,-0.22861242,0.002271227
1002,False,1024,17,NN,yhat,2.2676601,0.08706742,2.2603054
1003,False,1024,17,NN,fxhat,8.014711,2.7923667,0.21742001
1004,False,1024,17,NN,fzhat,8.377276,-2.7144816,1.0089647
1005,False,1024,17,Covar NN,yhat,1.1296768,0.0048093824,1.1297667
1006,False,1024,17,Covar NN,fxhat,0.21348216,0.31428817,0.11471658
1007,False,1024,17,Covar NN,fzhat,0.10289397,-0.3186618,0.0013487322
1008,False,1024,18,NN,yhat,2.1729429,-0.07800299,2.1670752
1009,False,1024,18,NN,fxhat,7.354213,2.6781402,0.1817971
1010,False,1024,18,NN,fzhat,8.601718,-2.7575302,0.9978455
1011,False,1024,18,Covar NN,yhat,1.0974308,0.05206968,1.0948291
1012,False,1024,18,Covar NN,fxhat,0.09809242,0.03897318,0.096583165
1013,False,1024,18,Covar NN,fzhat,0.002122139,0.011709523,0.001985225
1014,False,1024,19,NN,yhat,2.2089515,0.103983484,2.1983588
1015,False,1024,19,NN,fxhat,8.438683,2.8675976,0.21558999
1016,False,1024,19,NN,fzhat,8.577165,-2.753593,0.9949906
1017,False,1024,19,Covar NN,yhat,1.0871665,0.013056137,1.0871048
1018,False,1024,19,Covar NN,fxhat,0.22410594,0.35422796,0.09863835
1019,False,1024,19,Covar NN,fzhat,0.112174705,-0.33115083,0.0025140878
1020,False,1024,20,NN,yhat,2.2029104,-0.07433336,2.1976047
1021,False,1024,20,NN,fxhat,7.5238414,2.7056713,0.20320624
1022,False,1024,20,NN,fzhat,8.765104,-2.7893631,0.98465663
1023,False,1024,20,Covar NN,yhat,1.112469,0.03961942,1.1110103
1024,False,1024,20,Covar NN,fxhat,0.16339445,-0.2201468,0.11494134
1025,False,1024,20,Covar NN,fzhat,0.06507677,0.25040722,0.0023732253
1026,False,1024,21,NN,yhat,2.2078984,0.018378273,2.2077813
1027,False,1024,21,NN,fxhat,7.6431346,2.7279713,0.2013286
1028,False,1024,21,NN,fzhat,8.4526415,-2.7285047,1.0080036
1029,False,1024,21,Covar NN,yhat,1.1210166,0.12877989,1.1045429
1030,False,1024,21,Covar NN,fxhat,0.23661846,0.36486983,0.103498794
1031,False,1024,21,Covar NN,fzhat,0.066842906,-0.25500232,0.0018169044
1032,False,1024,22,NN,yhat,2.206725,0.07593183,2.2011793
1033,False,1024,22,NN,fxhat,8.370434,2.8609183,0.18559845
1034,False,1024,22,NN,fzhat,8.7622795,-2.7876804,0.9912179
1035,False,1024,22,Covar NN,yhat,1.1143267,0.016279344,1.114173
1036,False,1024,22,Covar NN,fxhat,0.15604107,-0.21859045,0.108270116
1037,False,1024,22,Covar NN,fzhat,0.055321187,0.23217566,0.0014157916
1038,False,1024,23,NN,yhat,2.1585817,-0.09059336,2.1505895
1039,False,1024,23,NN,fxhat,7.327861,2.6694891,0.20170763
1040,False,1024,23,NN,fzhat,8.740832,-2.786002,0.979124
1041,False,1024,23,Covar NN,yhat,1.0913157,0.081583604,1.0847683
1042,False,1024,23,Covar NN,fxhat,0.1315639,-0.14467162,0.110645086
1043,False,1024,23,Covar NN,fzhat,0.041476343,0.20033592,0.0013419968
1044,False,1024,24,NN,yhat,2.2304175,0.12150461,2.2158759
1045,False,1024,24,NN,fxhat,8.614562,2.901174,0.1977711
1046,False,1024,24,NN,fzhat,8.701706,-2.7754385,0.99874806
1047,False,1024,24,Covar NN,yhat,1.1180276,0.0101484945,1.1180364
1048,False,1024,24,Covar NN,fxhat,0.1307779,-0.13882731,0.11151602
1049,False,1024,24,Covar NN,fzhat,0.024014631,0.15320705,0.00054228416
1050,False,2048,0,NN,yhat,2.2701724,-0.11839452,2.2563808
1051,False,2048,0,NN,fxhat,7.536996,2.689095,0.3057963
1052,False,2048,0,NN,fzhat,8.868029,-2.8046339,1.0021579
1053,False,2048,0,Covar NN,yhat,1.1933188,-0.09401203,1.184599
1054,False,2048,0,Covar NN,fxhat,0.20540838,-0.120601244,0.1908828
1055,False,2048,0,Covar NN,fzhat,0.0028873098,0.029444344,0.0020205425
1056,False,2048,1,NN,yhat,2.3589945,0.14600538,2.337911
1057,False,2048,1,NN,fxhat,9.126902,2.9659243,0.3302295
1058,False,2048,1,NN,fzhat,8.942227,-2.8182123,1.0000064
1059,False,2048,1,Covar NN,yhat,1.2313199,0.01694805,1.2311559
1060,False,2048,1,Covar NN,fxhat,0.2335064,-0.058024157,0.2301626
1061,False,2048,1,Covar NN,fzhat,0.0065403115,0.07667813,0.0006608411
1062,False,2048,2,NN,yhat,2.2949755,-0.040541187,2.2935615
1063,False,2048,2,NN,fxhat,7.972218,2.7684605,0.3078743
1064,False,2048,2,NN,fzhat,8.937016,-2.8174367,0.9991663
1065,False,2048,2,Covar NN,yhat,1.1973724,0.06432537,1.193354
1066,False,2048,2,Covar NN,fxhat,0.24060762,-0.218403,0.19292702
1067,False,2048,2,Covar NN,fzhat,0.07675475,0.2742935,0.0015179651
1068,False,2048,3,NN,yhat,2.3567224,-0.015209883,2.3567271
1069,False,2048,3,NN,fxhat,8.137203,2.7960386,0.31940183
1070,False,2048,3,NN,fzhat,8.909459,-2.810083,1.0129938
1071,False,2048,3,Covar NN,yhat,1.212101,-0.08115569,1.2056354
1072,False,2048,3,Covar NN,fxhat,0.40703592,0.4568704,0.19832519
1073,False,2048,3,Covar NN,fzhat,0.29943424,-0.5368605,0.011216122
1074,False,2048,4,NN,yhat,2.292939,-0.13176951,2.2758033
1075,False,2048,4,NN,fxhat,7.351372,2.6540487,0.30742973
1076,False,2048,4,NN,fzhat,8.782846,-2.7897222,1.0003968
1077,False,2048,4,Covar NN,yhat,1.1958313,-0.045900334,1.1938437
1078,False,2048,4,Covar NN,fxhat,0.30806193,0.3313079,0.19831686
1079,False,2048,4,Covar NN,fzhat,0.15156381,-0.3811129,0.006317379
1080,False,2048,5,NN,yhat,2.2891579,0.02843393,2.288578
1081,False,2048,5,NN,fxhat,8.39626,2.8461757,0.29557273
1082,False,2048,5,NN,fzhat,8.890217,-2.812423,0.98059225
1083,False,2048,5,Covar NN,yhat,1.1846081,0.03610014,1.1834233
1084,False,2048,5,Covar NN,fxhat,0.23978154,0.23134057,0.1862817
1085,False,2048,5,Covar NN,fzhat,0.03988438,-0.18992116,0.003814718
1086,False,2048,6,NN,yhat,2.384182,0.18137838,2.351519
1087,False,2048,6,NN,fxhat,9.36825,3.0069852,0.32632276
1088,False,2048,6,NN,fzhat,8.956012,-2.8198452,1.0045837
1089,False,2048,6,Covar NN,yhat,1.2762929,0.12627953,1.2604725
1090,False,2048,6,Covar NN,fxhat,0.40847754,0.41753373,0.23416652
1091,False,2048,6,Covar NN,fzhat,0.08336113,-0.28549242,0.0018553807
1092,False,2048,7,NN,yhat,2.385989,0.07194867,2.3810503
1093,False,2048,7,NN,fxhat,8.491269,2.8523312,0.35550985
1094,False,2048,7,NN,fzhat,8.644374,-2.7648995,0.9998041
1095,False,2048,7,Covar NN,yhat,1.230387,0.060904827,1.2268002
1096,False,2048,7,Covar NN,fxhat,0.21486045,-0.09049738,0.20669135
1097,False,2048,7,Covar NN,fzhat,0.028822714,0.16688514,0.0009721647
1098,False,2048,8,NN,yhat,2.3147461,0.18512136,2.2807043
1099,False,2048,8,NN,fxhat,9.178938,2.9789028,0.30510488
1100,False,2048,8,NN,fzhat,8.852775,-2.8015094,1.0044194
1101,False,2048,8,Covar NN,yhat,1.2247357,0.13096096,1.2077057
1102,False,2048,8,Covar NN,fxhat,0.43248695,0.45419496,0.22621655
1103,False,2048,8,Covar NN,fzhat,0.11135552,-0.33096159,0.0018201167
1104,False,2048,9,NN,yhat,2.2861493,-0.04094153,2.2847013
1105,False,2048,9,NN,fxhat,7.68843,2.7206724,0.28640145
1106,False,2048,9,NN,fzhat,8.677656,-2.7694929,1.0076654
1107,False,2048,9,Covar NN,yhat,1.2436547,0.055583972,1.2406892
1108,False,2048,9,Covar NN,fxhat,0.22263242,-0.020310417,0.22224212
1109,False,2048,9,Covar NN,fzhat,0.005058469,0.0680153,0.00043243074
1110,False,2048,10,NN,yhat,2.3479512,-0.07797945,2.3421044
1111,False,2048,10,NN,fxhat,7.75962,2.728392,0.3155315
1112,False,2048,10,NN,fzhat,8.799653,-2.7943666,0.99126786
1113,False,2048,10,Covar NN,yhat,1.2671884,0.20563225,1.2250262
1114,False,2048,10,Covar NN,fxhat,0.65542006,0.67322797,0.20220435
1115,False,2048,10,Covar NN,fzhat,0.2141259,-0.4555919,0.0065626195
1116,False,2048,11,NN,yhat,2.2989204,-0.04735723,2.2969074
1117,False,2048,11,NN,fxhat,7.737029,2.730711,0.28027645
1118,False,2048,11,NN,fzhat,8.821667,-2.7940567,1.0150163
1119,False,2048,11,Covar NN,yhat,1.2076751,-0.10373667,1.1970336
1120,False,2048,11,Covar NN,fxhat,0.23580834,0.23121895,0.18236439
1121,False,2048,11,Covar NN,fzhat,0.12468509,-0.3509442,0.0015234137
1122,False,2048,12,NN,yhat,2.3453593,0.16441426,2.318559
1123,False,2048,12,NN,fxhat,8.980746,2.9434543,0.31685495
1124,False,2048,12,NN,fzhat,8.651147,-2.7663612,0.99849176
1125,False,2048,12,Covar NN,yhat,1.2234904,-0.016528811,1.2233394
1126,False,2048,12,Covar NN,fxhat,0.23164797,-0.17833199,0.19986565
1127,False,2048,12,Covar NN,fzhat,0.031629805,0.1744823,0.001185848
1128,False,2048,13,NN,yhat,2.3189821,0.0112976795,2.3190863
1129,False,2048,13,NN,fxhat,8.373958,2.8303049,0.36336905
1130,False,2048,13,NN,fzhat,8.925316,-2.8169527,0.990192
1131,False,2048,13,Covar NN,yhat,1.1781727,-0.02174142,1.1778177
1132,False,2048,13,Covar NN,fxhat,0.43353426,0.49760845,0.18593869
1133,False,2048,13,Covar NN,fzhat,0.2754477,-0.51729566,0.007853701
1134,False,2048,14,NN,yhat,2.3404803,0.02562655,2.3400574
1135,False,2048,14,NN,fxhat,8.030391,2.7799282,0.30241993
1136,False,2048,14,NN,fzhat,8.614748,-2.7569196,1.014242
1137,False,2048,14,Covar NN,yhat,1.2154641,0.04821355,1.213261
1138,False,2048,14,Covar NN,fxhat,0.22472009,0.1519095,0.20166378
1139,False,2048,14,Covar NN,fzhat,0.012631426,-0.106314085,0.0013288718
1140,False,2048,15,NN,yhat,2.2949872,-0.028051801,2.29443
1141,False,2048,15,NN,fxhat,8.062712,2.7838497,0.3129241
1142,False,2048,15,NN,fzhat,8.937144,-2.8156693,1.009251
1143,False,2048,15,Covar NN,yhat,1.2345436,-0.14457533,1.2137629
1144,False,2048,15,Covar NN,fxhat,0.19618528,0.046153635,0.19407453
1145,False,2048,15,Covar NN,fzhat,0.0424575,-0.19449693,0.0046289093
1146,False,2048,16,NN,yhat,2.3059497,0.13516454,2.287909
1147,False,2048,16,NN,fxhat,8.872444,2.9259188,0.31147495
1148,False,2048,16,NN,fzhat,8.810404,-2.793673,1.0058949
1149,False,2048,16,Covar NN,yhat,1.2057664,0.1250454,1.1902491
1150,False,2048,16,Covar NN,fxhat,0.5912702,0.63167304,0.19227865
1151,False,2048,16,Covar NN,fzhat,0.26766625,-0.5095466,0.008029342
1152,False,2048,17,NN,yhat,2.3512824,0.08248362,2.3447137
1153,False,2048,17,NN,fxhat,8.707859,2.894428,0.33017692
1154,False,2048,17,NN,fzhat,8.969306,-2.8219767,1.0058545
1155,False,2048,17,Covar NN,yhat,1.2314123,0.12951665,1.2147593
1156,False,2048,17,Covar NN,fxhat,0.18907058,0.026506647,0.18838681
1157,False,2048,17,Covar NN,fzhat,0.011382185,0.09297809,0.0027375338
1158,False,2048,18,NN,yhat,2.3310726,-0.1624074,2.3049269
1159,False,2048,18,NN,fxhat,7.1204844,2.6097054,0.30995336
1160,False,2048,18,NN,fzhat,8.730812,-2.780578,0.99929976
1161,False,2048,18,Covar NN,yhat,1.1938477,-0.11121427,1.1815972
1162,False,2048,18,Covar NN,fxhat,0.25426468,-0.23218837,0.20037332
1163,False,2048,18,Covar NN,fzhat,0.017597215,0.11250913,0.0049394057
1164,False,2048,19,NN,yhat,2.3689153,0.24274324,2.310222
1165,False,2048,19,NN,fxhat,9.711826,3.064683,0.3195759
1166,False,2048,19,NN,fzhat,8.998014,-2.8269718,1.0063453
1167,False,2048,19,Covar NN,yhat,1.2167705,0.057100847,1.2136315
1168,False,2048,19,Covar NN,fxhat,0.24166664,-0.16582726,0.21418938
1169,False,2048,19,Covar NN,fzhat,0.05073329,0.21789649,0.0032547326
1170,False,2048,20,NN,yhat,2.2943804,-0.11855542,2.280553
1171,False,2048,20,NN,fxhat,7.2917624,2.6467457,0.28652787
1172,False,2048,20,NN,fzhat,8.722636,-2.7781124,1.004828
1173,False,2048,20,Covar NN,yhat,1.2437866,-0.13844211,1.2247428
1174,False,2048,20,Covar NN,fxhat,0.2079348,0.043432865,0.20606898
1175,False,2048,20,Covar NN,fzhat,0.042147975,-0.19468614,0.004245703
1176,False,2048,21,NN,yhat,2.338753,-0.020111177,2.3385823
1177,False,2048,21,NN,fxhat,8.060994,2.7882683,0.2865835
1178,False,2048,21,NN,fzhat,8.842103,-2.8005812,0.99894774
1179,False,2048,21,Covar NN,yhat,1.2696887,0.21214244,1.2248068
1180,False,2048,21,Covar NN,fxhat,0.34137076,0.37489712,0.20084296
1181,False,2048,21,Covar NN,fzhat,0.025744662,-0.15495689,0.0017332021
1182,False,2048,22,NN,yhat,2.3093388,0.02367453,2.3090093
1183,False,2048,22,NN,fxhat,8.39641,2.847314,0.28924128
1184,False,2048,22,NN,fzhat,8.953022,-2.820433,0.9982809
1185,False,2048,22,Covar NN,yhat,1.2068425,-0.09418625,1.1980913
1186,False,2048,22,Covar NN,fxhat,0.23634653,0.21267486,0.19113506
1187,False,2048,22,Covar NN,fzhat,0.094224155,-0.303654,0.0020186205
1188,False,2048,23,NN,yhat,2.3629436,-0.21879406,2.3153043
1189,False,2048,23,NN,fxhat,6.86258,2.5565228,0.3268046
1190,False,2048,23,NN,fzhat,8.679026,-2.7714355,0.9982717
1191,False,2048,23,Covar NN,yhat,1.2243949,-0.13842456,1.205354
1192,False,2048,23,Covar NN,fxhat,0.20223705,-0.079947345,0.1958651
1193,False,2048,23,Covar NN,fzhat,0.005370237,-0.054595433,0.0023898145
1194,False,2048,24,NN,yhat,2.2723954,0.065459475,2.2683375
1195,False,2048,24,NN,fxhat,8.237953,2.8212323,0.2786304
1196,False,2048,24,NN,fzhat,8.6723,-2.772984,0.982957
1197,False,2048,24,Covar NN,yhat,1.190683,-0.085208975,1.1835407
1198,False,2048,24,Covar NN,fxhat,0.29203624,-0.30119288,0.20133917
1199,False,2048,24,Covar NN,fzhat,0.040490765,0.19877255,0.0009803366
1200,False,4096,0,NN,yhat,2.5243444,0.07615707,2.5187967
1201,False,4096,0,NN,fxhat,8.989204,2.9140723,0.4974382
1202,False,4096,0,NN,fzhat,8.968441,-2.8272767,0.9750438
1203,False,4096,0,Covar NN,yhat,1.3478823,0.033083953,1.3469224
1204,False,4096,0,Covar NN,fxhat,0.36202365,0.062848404,0.35810956
1205,False,4096,0,Covar NN,fzhat,0.0032812462,-0.019126376,0.0029157195
1206,False,4096,1,NN,yhat,2.5558078,-0.21599898,2.509403
1207,False,4096,1,NN,fxhat,7.30584,2.6088314,0.49988785
1208,False,4096,1,NN,fzhat,8.835274,-2.8019476,0.9844608
1209,False,4096,1,Covar NN,yhat,1.4421551,0.20577925,1.3999499
1210,False,4096,1,Covar NN,fxhat,0.51897436,0.3827286,0.3725304
1211,False,4096,1,Covar NN,fzhat,0.051794466,-0.15406728,0.02806054
1212,False,4096,2,NN,yhat,2.534182,0.23925203,2.477188
1213,False,4096,2,NN,fxhat,9.763661,3.0356765,0.5483826
1214,False,4096,2,NN,fzhat,8.859604,-2.8048005,0.99279666
1215,False,4096,2,Covar NN,yhat,1.3459628,-0.055544507,1.3430119
1216,False,4096,2,Covar NN,fxhat,0.5118408,0.38084474,0.3668348
1217,False,4096,2,Covar NN,fzhat,0.20832591,-0.4447658,0.010510347
1218,False,4096,3,NN,yhat,2.5103862,-0.09000636,2.5025353
1219,False,4096,3,NN,fxhat,7.9214654,2.723227,0.50555146
1220,False,4096,3,NN,fzhat,8.918634,-2.813077,1.005332
1221,False,4096,3,Covar NN,yhat,1.3631209,-0.117859654,1.349365
1222,False,4096,3,Covar NN,fxhat,0.55103457,0.46127176,0.33829677
1223,False,4096,3,Covar NN,fzhat,0.35348853,-0.57897615,0.018276945
1224,False,4096,4,NN,yhat,2.4967809,-0.19258648,2.4599376
1225,False,4096,4,NN,fxhat,7.2992525,2.6065392,0.5052554
1226,False,4096,4,NN,fzhat,8.880197,-2.8102803,0.98261905
1227,False,4096,4,Covar NN,yhat,1.4051251,-0.0027100914,1.4052584
1228,False,4096,4,Covar NN,fxhat,0.5360614,0.36009634,0.40643272
1229,False,4096,4,Covar NN,fzhat,0.14588992,-0.37396118,0.006043569
1230,False,4096,5,NN,yhat,2.5075088,-0.0019282484,2.507756
1231,False,4096,5,NN,fxhat,8.382085,2.8057392,0.50996166
1232,False,4096,5,NN,fzhat,8.955754,-2.8192298,1.0077984
1233,False,4096,5,Covar NN,yhat,1.4086213,-0.03693379,1.4073979
1234,False,4096,5,Covar NN,fxhat,0.5754262,0.4620857,0.3619392
1235,False,4096,5,Covar NN,fzhat,0.2882429,-0.5105813,0.027552396
1236,False,4096,6,NN,yhat,2.5205753,0.03871261,2.5193286
1237,False,4096,6,NN,fxhat,8.544544,2.834506,0.51016986
1238,False,4096,6,NN,fzhat,8.894662,-2.8030496,1.0376784
1239,False,4096,6,Covar NN,yhat,1.326917,-0.014275548,1.326846
1240,False,4096,6,Covar NN,fxhat,0.42150933,0.31557563,0.32195356
1241,False,4096,6,Covar NN,fzhat,0.11913359,-0.3371075,0.005492672
1242,False,4096,7,NN,yhat,2.5438745,0.01812642,2.5438006
1243,False,4096,7,NN,fxhat,8.417429,2.814797,0.49439678
1244,False,4096,7,NN,fzhat,8.850936,-2.7974658,1.025224
1245,False,4096,7,Covar NN,yhat,1.3619016,0.088720515,1.3541657
1246,False,4096,7,Covar NN,fxhat,0.5734892,0.48587206,0.33745128
1247,False,4096,7,Covar NN,fzhat,0.17116113,-0.3979473,0.012800345
1248,False,4096,8,NN,yhat,2.5230644,0.08462419,2.5161545
1249,False,4096,8,NN,fxhat,8.801699,2.8804743,0.50461674
1250,False,4096,8,NN,fzhat,8.779094,-2.7896821,0.99686635
1251,False,4096,8,Covar NN,yhat,1.3687323,0.060279753,1.3652351
1252,False,4096,8,Covar NN,fxhat,0.4351129,0.28503725,0.35390207
1253,False,4096,8,Covar NN,fzhat,0.06253234,-0.21858943,0.014752472
1254,False,4096,9,NN,yhat,2.5204098,0.019563207,2.520279
1255,False,4096,9,NN,fxhat,8.523308,2.830115,0.5138091
1256,False,4096,9,NN,fzhat,8.873468,-2.8036141,1.0133153
1257,False,4096,9,Covar NN,yhat,1.3461051,0.037674863,1.3448201
1258,False,4096,9,Covar NN,fxhat,0.5444075,0.4580573,0.3346244
1259,False,4096,9,Covar NN,fzhat,0.18543951,-0.41344458,0.014504574
1260,False,4096,10,NN,yhat,2.55328,0.11424244,2.5404828
1261,False,4096,10,NN,fxhat,9.233197,2.9420083,0.5778433
1262,False,4096,10,NN,fzhat,8.979683,-2.824781,1.0003948
1263,False,4096,10,Covar NN,yhat,1.369369,-0.07211906,1.3643043
1264,False,4096,10,Covar NN,fxhat,0.538558,0.3963764,0.3814819
1265,False,4096,10,Covar NN,fzhat,0.22388469,-0.46551055,0.0071852817
1266,False,4096,11,NN,yhat,2.5972338,0.059392683,2.5939655
1267,False,4096,11,NN,fxhat,8.727788,2.8580718,0.5592683
1268,False,4096,11,NN,fzhat,8.841867,-2.800017,1.0018711
1269,False,4096,11,Covar NN,yhat,1.3658826,0.036194127,1.3647091
1270,False,4096,11,Covar NN,fxhat,0.47921377,0.36109203,0.3488612
1271,False,4096,11,Covar NN,fzhat,0.114233814,-0.32623678,0.0078041563
1272,False,4096,12,NN,yhat,2.5403037,-0.1251679,2.5248892
1273,False,4096,12,NN,fxhat,7.677622,2.6757698,0.5179293
1274,False,4096,12,NN,fzhat,8.844072,-2.8001542,1.0033078
1275,False,4096,12,Covar NN,yhat,1.3768085,0.03390843,1.3757962
1276,False,4096,12,Covar NN,fxhat,0.6837607,0.5678061,0.361393
1277,False,4096,12,Covar NN,fzhat,0.30462146,-0.53311455,0.020412367
1278,False,4096,13,NN,yhat,2.4115083,0.05751133,2.4084415
1279,False,4096,13,NN,fxhat,8.5204315,2.8328495,0.49544442
1280,False,4096,13,NN,fzhat,8.794586,-2.798701,0.9619559
1281,False,4096,13,Covar NN,yhat,1.3165807,-0.11537949,1.3033986
1282,False,4096,13,Covar NN,fxhat,0.38578793,0.1823506,0.3525715
1283,False,4096,13,Covar NN,fzhat,0.1081145,-0.3210931,0.00501423
1284,False,4096,14,NN,yhat,2.5237417,-0.013959354,2.5237994
1285,False,4096,14,NN,fxhat,8.374991,2.8049326,0.5073943
1286,False,4096,14,NN,fzhat,8.917535,-2.8138664,0.9997917
1287,False,4096,14,Covar NN,yhat,1.3901404,-0.11538727,1.376964
1288,False,4096,14,Covar NN,fxhat,0.69760114,0.5798392,0.3614238
1289,False,4096,14,Covar NN,fzhat,0.5059488,-0.6902005,0.02957495
1290,False,4096,15,NN,yhat,2.5672565,0.15774092,2.5426285
1291,False,4096,15,NN,fxhat,9.3027115,2.9674854,0.49679148
1292,False,4096,15,NN,fzhat,8.863143,-2.8005855,1.0199656
1293,False,4096,15,Covar NN,yhat,1.3996154,-0.0053108567,1.3997272
1294,False,4096,15,Covar NN,fxhat,0.4459221,0.30059868,0.35559812
1295,False,4096,15,Covar NN,fzhat,0.0997906,-0.2967506,0.011730843
1296,False,4096,16,NN,yhat,2.544022,-0.03989111,2.5426853
1297,False,4096,16,NN,fxhat,8.180321,2.7678792,0.5192163
1298,False,4096,16,NN,fzhat,8.923015,-2.8140497,1.0042393
1299,False,4096,16,Covar NN,yhat,1.3655725,-0.050222352,1.3631866
1300,False,4096,16,Covar NN,fxhat,0.3571073,-0.09926746,0.34728804
1301,False,4096,16,Covar NN,fzhat,0.01459371,0.04276546,0.012766102
1302,False,4096,17,NN,yhat,2.5421891,0.14112346,2.5225253
1303,False,4096,17,NN,fxhat,9.168499,2.943163,0.50634223
1304,False,4096,17,NN,fzhat,8.863211,-2.8016138,1.0142722
1305,False,4096,17,Covar NN,yhat,1.3488489,0.09001662,1.34088
1306,False,4096,17,Covar NN,fxhat,0.5689291,0.48423564,0.33447838
1307,False,4096,17,Covar NN,fzhat,0.16578743,-0.39379296,0.0107156
1308,False,4096,18,NN,yhat,2.5260568,0.0022059993,2.5263047
1309,False,4096,18,NN,fxhat,8.427456,2.811483,0.5230724
1310,False,4096,18,NN,fzhat,8.797421,-2.7907295,1.0093532
1311,False,4096,18,Covar NN,yhat,1.4067719,-0.12534468,1.3911998
1312,False,4096,18,Covar NN,fxhat,0.35757616,-0.08932728,0.34963176
1313,False,4096,18,Covar NN,fzhat,0.013483126,-0.017470218,0.013179235
1314,False,4096,19,NN,yhat,2.5883822,-0.18611361,2.5539992
1315,False,4096,19,NN,fxhat,7.392551,2.614677,0.5560705
1316,False,4096,19,NN,fzhat,8.92627,-2.8136954,1.0094877
1317,False,4096,19,Covar NN,yhat,1.4243206,0.047644198,1.4221929
1318,False,4096,19,Covar NN,fxhat,0.6612936,0.5362742,0.37374103
1319,False,4096,19,Covar NN,fzhat,0.29004976,-0.50153434,0.038516935
1320,False,4096,20,NN,yhat,2.5274289,0.08648077,2.520202
1321,False,4096,20,NN,fxhat,8.801783,2.8791034,0.51259565
1322,False,4096,20,NN,fzhat,8.806522,-2.7945774,0.9969593
1323,False,4096,20,Covar NN,yhat,1.4282655,0.24102503,1.3703095
1324,False,4096,20,Covar NN,fxhat,0.41244555,0.24186596,0.35398182
1325,False,4096,20,Covar NN,fzhat,0.012696054,-0.002794598,0.012689514
1326,False,4096,21,NN,yhat,2.5165508,-0.07565567,2.5110784
1327,False,4096,21,NN,fxhat,8.054413,2.7509112,0.48694858
1328,False,4096,21,NN,fzhat,8.865518,-2.8045995,0.99983656
1329,False,4096,21,Covar NN,yhat,1.431163,-0.07249913,1.4260494
1330,False,4096,21,Covar NN,fxhat,0.37639058,0.117971376,0.3625096
1331,False,4096,21,Covar NN,fzhat,0.039432384,-0.16850229,0.011040469
1332,False,4096,22,NN,yhat,2.4361293,-0.06721526,2.4318547
1333,False,4096,22,NN,fxhat,8.065366,2.7495785,0.5052359
1334,False,4096,22,NN,fzhat,8.970368,-2.8245788,0.9922226
1335,False,4096,22,Covar NN,yhat,1.409418,-0.01595512,1.4093044
1336,False,4096,22,Covar NN,fxhat,0.4464028,0.2644127,0.37652633
1337,False,4096,22,Covar NN,fzhat,0.11998202,-0.28815284,0.036953654
1338,False,4096,23,NN,yhat,2.5358634,0.13733682,2.5172536
1339,False,4096,23,NN,fxhat,9.099301,2.933908,0.49153328
1340,False,4096,23,NN,fzhat,8.829839,-2.799646,0.9919199
1341,False,4096,23,Covar NN,yhat,1.4078842,-0.057778295,1.4046865
1342,False,4096,23,Covar NN,fxhat,0.40298066,0.16855213,0.3746083
1343,False,4096,23,Covar NN,fzhat,0.07064269,-0.2294058,0.018017458
1344,False,4096,24,NN,yhat,2.3916378,-0.056520056,2.3886824
1345,False,4096,24,NN,fxhat,7.9052625,2.7175207,0.52039623
1346,False,4096,24,NN,fzhat,8.885355,-2.8088963,0.9955557
1347,False,4096,24,Covar NN,yhat,1.3295941,0.04519728,1.327684
1348,False,4096,24,Covar NN,fxhat,0.38902178,0.15341456,0.36552227
1349,False,4096,24,Covar NN,fzhat,0.027313285,-0.14307374,0.0068438747
1350,False,8192,0,NN,yhat,2.7380867,-0.006096833,2.7383232
1351,False,8192,0,NN,fxhat,8.830722,2.8375313,0.7792144
1352,False,8192,0,NN,fzhat,8.992623,-2.8274298,0.998363
1353,False,8192,0,Covar NN,yhat,1.6894498,-0.06965685,1.6847663
1354,False,8192,0,Covar NN,fxhat,1.1182573,0.69163,0.6399692
1355,False,8192,0,Covar NN,fzhat,0.61620754,-0.7450877,0.06105798
1356,False,8192,1,NN,yhat,2.735028,-0.070381165,2.7303474
1357,False,8192,1,NN,fxhat,8.230389,2.7336667,0.7575329
1358,False,8192,1,NN,fzhat,8.919459,-2.8161871,0.9886485
1359,False,8192,1,Covar NN,yhat,1.6516662,0.11294109,1.6390744
1360,False,8192,1,Covar NN,fxhat,0.7101188,0.3215124,0.60680926
1361,False,8192,1,Covar NN,fzhat,0.08479483,-0.2207103,0.0360854
1362,False,8192,2,NN,yhat,2.876075,0.21423481,2.8304615
1363,False,8192,2,NN,fxhat,9.8610325,3.0149074,0.7714407
1364,False,8192,2,NN,fzhat,8.905619,-2.8090568,1.0149196
1365,False,8192,2,Covar NN,yhat,1.6698928,-0.04385733,1.668136
1366,False,8192,2,Covar NN,fxhat,1.2688886,0.81848025,0.5990385
1367,False,8192,2,Covar NN,fzhat,0.8215779,-0.8707225,0.06342666
1368,False,8192,3,NN,yhat,2.7547393,0.11685188,2.741359
1369,False,8192,3,NN,fxhat,9.253853,2.9149652,0.7569067
1370,False,8192,3,NN,fzhat,8.833773,-2.7993274,0.99763846
1371,False,8192,3,Covar NN,yhat,1.6661924,0.05826471,1.662964
1372,False,8192,3,Covar NN,fxhat,0.98721385,0.6030113,0.62365353
1373,False,8192,3,Covar NN,fzhat,0.33969253,-0.5459601,0.04162421
1374,False,8192,4,NN,yhat,2.9281595,0.35130954,2.8050218
1375,False,8192,4,NN,fxhat,10.742014,3.1579685,0.76932395
1376,False,8192,4,NN,fzhat,8.892321,-2.8134532,0.9768996
1377,False,8192,4,Covar NN,yhat,1.6378596,0.007550292,1.6379663
1378,False,8192,4,Covar NN,fxhat,0.80115956,0.48990303,0.56121075
1379,False,8192,4,Covar NN,fzhat,0.2925426,-0.48914737,0.05328281
1380,False,8192,5,NN,yhat,2.8477466,0.07111755,2.8429732
1381,False,8192,5,NN,fxhat,9.03519,2.8794777,0.74387294
1382,False,8192,5,NN,fzhat,8.94577,-2.8156042,1.0182462
1383,False,8192,5,Covar NN,yhat,1.645304,-0.04473775,1.6434668
1384,False,8192,5,Covar NN,fxhat,0.6244778,0.17666738,0.5933258
1385,False,8192,5,Covar NN,fzhat,0.06919987,-0.22864868,0.01692135
1386,False,8192,6,NN,yhat,2.7763653,-0.24150686,2.7183115
1387,False,8192,6,NN,fxhat,7.344353,2.572992,0.72413766
1388,False,8192,6,NN,fzhat,8.903261,-2.811001,1.0016327
1389,False,8192,6,Covar NN,yhat,1.6750269,-0.021663861,1.674725
1390,False,8192,6,Covar NN,fxhat,0.96659523,0.6115106,0.5927093
1391,False,8192,6,Covar NN,fzhat,0.45204058,-0.62967706,0.055553105
1392,False,8192,7,NN,yhat,2.7812397,0.10550391,2.7703857
1393,False,8192,7,NN,fxhat,9.352102,2.9268625,0.78565663
1394,False,8192,7,NN,fzhat,8.898521,-2.8096108,1.0047086
1395,False,8192,7,Covar NN,yhat,1.6311659,-0.072305344,1.6261003
1396,False,8192,7,Covar NN,fxhat,0.7678402,0.44120947,0.57323176
1397,False,8192,7,Covar NN,fzhat,0.28033283,-0.50176734,0.028565267
1398,False,8192,8,NN,yhat,2.74597,0.019014759,2.7458832
1399,False,8192,8,NN,fxhat,8.688114,2.815055,0.7636562
1400,False,8192,8,NN,fzhat,8.804374,-2.7951622,0.99154264
1401,False,8192,8,Covar NN,yhat,1.6714941,0.11482499,1.6584753
1402,False,8192,8,Covar NN,fxhat,1.4755411,0.9477374,0.5773927
1403,False,8192,8,Covar NN,fzhat,0.7572406,-0.8320339,0.06496661
1404,False,8192,9,NN,yhat,2.7553563,-0.02527813,2.7549927
1405,False,8192,9,NN,fxhat,8.508575,2.7816482,0.7710872
1406,False,8192,9,NN,fzhat,8.887397,-2.807471,1.0056033
1407,False,8192,9,Covar NN,yhat,1.6320126,0.09998133,1.6221784
1408,False,8192,9,Covar NN,fxhat,1.3893808,0.90089434,0.577828
1409,False,8192,9,Covar NN,fzhat,0.68779045,-0.8014585,0.045459222
1410,False,8192,10,NN,yhat,2.7946658,-0.056302845,2.791775
1411,False,8192,10,NN,fxhat,8.477398,2.7761052,0.77071315
1412,False,8192,10,NN,fzhat,8.987785,-2.8217843,1.0254215
1413,False,8192,10,Covar NN,yhat,1.636224,-0.095810734,1.6272069
1414,False,8192,10,Covar NN,fxhat,0.7157373,0.38770872,0.5654758
1415,False,8192,10,Covar NN,fzhat,0.272438,-0.47289547,0.048812743
1416,False,8192,11,NN,yhat,2.7564003,-0.14158623,2.7366276
1417,False,8192,11,NN,fxhat,8.135481,2.7138536,0.7705557
1418,False,8192,11,NN,fzhat,9.039493,-2.8412778,0.96672994
1419,False,8192,11,Covar NN,yhat,1.6892757,0.048472997,1.6870948
1420,False,8192,11,Covar NN,fxhat,1.7541479,1.0743746,0.5999272
1421,False,8192,11,Covar NN,fzhat,1.1116482,-1.0117399,0.08803931
1422,False,8192,12,NN,yhat,2.7317593,-0.15979405,2.7064958
1423,False,8192,12,NN,fxhat,7.727767,2.6342616,0.7885132
1424,False,8192,12,NN,fzhat,8.795838,-2.794988,0.98397875
1425,False,8192,12,Covar NN,yhat,1.6615684,-0.057263654,1.658455
1426,False,8192,12,Covar NN,fxhat,1.0896871,0.6723343,0.6377173
1427,False,8192,12,Covar NN,fzhat,0.5893992,-0.7305311,0.0557291
1428,False,8192,13,NN,yhat,2.8483646,0.21666464,2.801701
1429,False,8192,13,NN,fxhat,9.98749,3.031084,0.8000999
1430,False,8192,13,NN,fzhat,8.980785,-2.8246434,1.0022769
1431,False,8192,13,Covar NN,yhat,1.6587211,0.002365322,1.6588813
1432,False,8192,13,Covar NN,fxhat,0.7959923,0.4033359,0.6333757
1433,False,8192,13,Covar NN,fzhat,0.22934821,-0.41119516,0.06027277
1434,False,8192,14,NN,yhat,2.816265,-0.07673571,2.8106575
1435,False,8192,14,NN,fxhat,8.364341,2.7466714,0.8202171
1436,False,8192,14,NN,fzhat,8.952516,-2.8226562,0.9852255
1437,False,8192,14,Covar NN,yhat,1.587898,-0.032588713,1.5869946
1438,False,8192,14,Covar NN,fxhat,0.7402073,0.41380155,0.5690325
1439,False,8192,14,Covar NN,fzhat,0.21748677,-0.44564018,0.018893529
1440,False,8192,15,NN,yhat,2.7304623,-0.00035629235,2.7307353
1441,False,8192,15,NN,fxhat,8.639539,2.8011758,0.79303205
1442,False,8192,15,NN,fzhat,8.852142,-2.8028674,0.9961771
1443,False,8192,15,Covar NN,yhat,1.7033504,0.057297833,1.7002375
1444,False,8192,15,Covar NN,fxhat,1.6942365,1.0331448,0.6269109
1445,False,8192,15,Covar NN,fzhat,1.026375,-0.977183,0.07149552
1446,False,8192,16,NN,yhat,2.7947557,-0.09686146,2.785652
1447,False,8192,16,NN,fxhat,8.157731,2.7195652,0.76177186
1448,False,8192,16,NN,fzhat,8.950413,-2.8184237,1.0070016
1449,False,8192,16,Covar NN,yhat,1.6581922,-0.048040442,1.6560501
1450,False,8192,16,Covar NN,fxhat,0.9735296,0.5957245,0.61870366
1451,False,8192,16,Covar NN,fzhat,0.46855152,-0.64576125,0.05154911
1452,False,8192,17,NN,yhat,2.7403286,0.035495862,2.7393425
1453,False,8192,17,NN,fxhat,8.7609005,2.8315153,0.7434975
1454,False,8192,17,NN,fzhat,8.915347,-2.8119674,1.0082874
1455,False,8192,17,Covar NN,yhat,1.5661024,0.053876814,1.5633559
1456,False,8192,17,Covar NN,fxhat,0.669717,0.37429562,0.5296727
1457,False,8192,17,Covar NN,fzhat,0.14366052,-0.33636805,0.030520089
1458,False,8192,18,NN,yhat,2.793807,-0.0034239371,2.7940748
1459,False,8192,18,NN,fxhat,8.721713,2.8191068,0.7744254
1460,False,8192,18,NN,fzhat,8.972311,-2.8206458,1.0163691
1461,False,8192,18,Covar NN,yhat,1.6608278,-0.09727553,1.6515304
1462,False,8192,18,Covar NN,fxhat,0.6119459,0.05951353,0.60846496
1463,False,8192,18,Covar NN,fzhat,0.055431616,-0.15490474,0.03143929
1464,False,8192,19,NN,yhat,2.8717244,-0.355594,2.745552
1465,False,8192,19,NN,fxhat,6.834271,2.4614444,0.77564
1466,False,8192,19,NN,fzhat,8.931797,-2.8209443,0.9741687
1467,False,8192,19,Covar NN,yhat,1.6592723,0.00032190705,1.659438
1468,False,8192,19,Covar NN,fxhat,0.7976718,0.408653,0.6307376
1469,False,8192,19,Covar NN,fzhat,0.20454532,-0.4122378,0.034608737
1470,False,8192,20,NN,yhat,2.7371938,0.010871805,2.7373493
1471,False,8192,20,NN,fxhat,8.7961,2.8362641,0.75178134
1472,False,8192,20,NN,fzhat,8.9819565,-2.8290796,0.9783626
1473,False,8192,20,Covar NN,yhat,1.6161844,0.041634664,1.6146125
1474,False,8192,20,Covar NN,fxhat,0.70901775,0.3782186,0.5660251
1475,False,8192,20,Covar NN,fzhat,0.16927227,-0.34027228,0.05349237
1476,False,8192,21,NN,yhat,2.7688956,0.06802351,2.7645447
1477,False,8192,21,NN,fxhat,9.097015,2.8866382,0.76441205
1478,False,8192,21,NN,fzhat,8.9196825,-2.8109965,1.0180837
1479,False,8192,21,Covar NN,yhat,1.6803734,-0.057282794,1.6772598
1480,False,8192,21,Covar NN,fxhat,1.424102,0.9069916,0.6015282
1481,False,8192,21,Covar NN,fzhat,0.98767483,-0.9566554,0.07249282
1482,False,8192,22,NN,yhat,2.7239413,-0.0047161,2.7241914
1483,False,8192,22,NN,fxhat,8.730869,2.8204877,0.7757957
1484,False,8192,22,NN,fzhat,8.955115,-2.8249333,0.9749662
1485,False,8192,22,Covar NN,yhat,1.6990883,0.07709683,1.6933138
1486,False,8192,22,Covar NN,fxhat,0.8180013,0.44681928,0.61841565
1487,False,8192,22,Covar NN,fzhat,0.20120335,-0.36945212,0.06471492
1488,False,8192,23,NN,yhat,2.7829576,0.046789963,2.7810464
1489,False,8192,23,NN,fxhat,8.841066,2.838041,0.7866692
1490,False,8192,23,NN,fzhat,8.885755,-2.8056884,1.0139692
1491,False,8192,23,Covar NN,yhat,1.6190507,-0.07677079,1.6133183
1492,False,8192,23,Covar NN,fxhat,0.7740087,0.4118981,0.60440916
1493,False,8192,23,Covar NN,fzhat,0.28242385,-0.5031053,0.029311901
1494,False,8192,24,NN,yhat,2.7794242,0.16324031,2.7530522
1495,False,8192,24,NN,fxhat,9.506259,2.9579058,0.7571286
1496,False,8192,24,NN,fzhat,8.854606,-2.8013566,1.0071057
1497,False,8192,24,Covar NN,yhat,1.6415539,-0.072732426,1.6364275
1498,False,8192,24,Covar NN,fxhat,1.2033144,0.79378825,0.57327205
1499,False,8192,24,Covar NN,fzhat,0.828972,-0.87321174,0.066479936
1500,False,16384,0,NN,yhat,2.977613,0.0356123,2.9766428
1501,False,16384,0,NN,fxhat,9.144933,2.861672,0.9558619
1502,False,16384,0,NN,fzhat,8.919203,-2.812774,1.0076069
1503,False,16384,0,Covar NN,yhat,1.9472151,-0.06727914,1.9428829
1504,False,16384,0,Covar NN,fxhat,1.4325409,0.82344675,0.7545517
1505,False,16384,0,Covar NN,fzhat,0.93847716,-0.87743986,0.16859336
1506,False,16384,1,NN,yhat,3.0635812,0.06534994,3.0596168
1507,False,16384,1,NN,fxhat,9.377275,2.8968976,0.9853585
1508,False,16384,1,NN,fzhat,8.988864,-2.8236208,1.0161306
1509,False,16384,1,Covar NN,yhat,1.856651,0.03609365,1.8555338
1510,False,16384,1,Covar NN,fxhat,1.6274744,0.9604885,0.7050068
1511,False,16384,1,Covar NN,fzhat,0.9791361,-0.9164675,0.13923737
1512,False,16384,2,NN,yhat,2.9537358,0.10360267,2.9432964
1513,False,16384,2,NN,fxhat,9.426725,2.9096358,0.96084195
1514,False,16384,2,NN,fzhat,8.842117,-2.800783,0.997834
1515,False,16384,2,Covar NN,yhat,1.8547508,-0.018349225,1.8545997
1516,False,16384,2,Covar NN,fxhat,0.92250246,0.4060232,0.7577234
1517,False,16384,2,Covar NN,fzhat,0.29953113,-0.41912284,0.12387958
1518,False,16384,3,NN,yhat,2.975845,0.036638606,2.9748
1519,False,16384,3,NN,fxhat,9.2432785,2.8754878,0.97494626
1520,False,16384,3,NN,fzhat,9.025786,-2.8309112,1.0118296
1521,False,16384,3,Covar NN,yhat,1.7780305,-0.04889827,1.7758169
1522,False,16384,3,Covar NN,fxhat,0.89626133,0.45290443,0.69120795
1523,False,16384,3,Covar NN,fzhat,0.33300668,-0.49386603,0.089111894
1524,False,16384,4,NN,yhat,3.072496,-0.006690892,3.0727584
1525,False,16384,4,NN,fxhat,8.852282,2.8024402,0.9987093
1526,False,16384,4,NN,fzhat,8.870363,-2.8058836,0.9974802
1527,False,16384,4,Covar NN,yhat,1.900825,0.06371556,1.896955
1528,False,16384,4,Covar NN,fxhat,1.2820332,0.7415693,0.7321815
1529,False,16384,4,Covar NN,fzhat,0.5760168,-0.6746067,0.120934695
1530,False,16384,5,NN,yhat,3.015269,-0.03349209,3.0144486
1531,False,16384,5,NN,fxhat,8.708316,2.77748,0.9940202
1532,False,16384,5,NN,fzhat,8.979796,-2.8238914,1.0055324
1533,False,16384,5,Covar NN,yhat,1.8053343,0.08234142,1.7987342
1534,False,16384,5,Covar NN,fxhat,1.1302334,0.6632933,0.6903445
1535,False,16384,5,Covar NN,fzhat,0.44417042,-0.5938714,0.09149631
1536,False,16384,6,NN,yhat,2.9535804,0.060099855,2.9502637
1537,False,16384,6,NN,fxhat,9.236586,2.8805914,0.93887043
1538,False,16384,6,NN,fzhat,8.963064,-2.8223515,0.9974967
1539,False,16384,6,Covar NN,yhat,1.9091209,-0.043605804,1.90741
1540,False,16384,6,Covar NN,fxhat,1.3027136,0.74903387,0.741736
1541,False,16384,6,Covar NN,fzhat,0.8114044,-0.7944999,0.18019234
1542,False,16384,7,NN,yhat,2.9871516,-0.14641145,2.9660118
1543,False,16384,7,NN,fxhat,8.177225,2.6788967,1.0008379
1544,False,16384,7,NN,fzhat,9.08069,-2.8397727,1.0164835
1545,False,16384,7,Covar NN,yhat,1.8876069,-0.032601427,1.8867328
1546,False,16384,7,Covar NN,fxhat,1.8576514,1.0442215,0.7673296
1547,False,16384,7,Covar NN,fzhat,1.3424563,-1.0912877,0.1515626
1548,False,16384,8,NN,yhat,2.9869862,-0.1234297,2.9720483
1549,False,16384,8,NN,fxhat,8.252854,2.696779,0.9803352
1550,False,16384,8,NN,fzhat,8.98465,-2.8258502,0.9993218
1551,False,16384,8,Covar NN,yhat,1.7165368,-0.022289837,1.7162113
1552,False,16384,8,Covar NN,fxhat,1.120502,0.6787329,0.65988976
1553,False,16384,8,Covar NN,fzhat,0.5678328,-0.7066631,0.06846703
1554,False,16384,9,NN,yhat,3.0468898,0.030207258,3.046282
1555,False,16384,9,NN,fxhat,8.99687,2.8343933,0.96318394
1556,False,16384,9,NN,fzhat,8.868037,-2.802686,1.013089
1557,False,16384,9,Covar NN,yhat,1.7648027,-0.0019142532,1.7649755
1558,False,16384,9,Covar NN,fxhat,0.91174805,0.4926666,0.6690947
1559,False,16384,9,Covar NN,fzhat,0.31567535,-0.49308106,0.072553724
1560,False,16384,10,NN,yhat,2.983642,-0.1479873,2.962038
1561,False,16384,10,NN,fxhat,8.194364,2.6837454,0.9919741
1562,False,16384,10,NN,fzhat,8.95403,-2.8203459,0.9997782
1563,False,16384,10,Covar NN,yhat,1.8562535,0.029701654,1.8555568
1564,False,16384,10,Covar NN,fxhat,2.0621858,1.1578082,0.7217381
1565,False,16384,10,Covar NN,fzhat,1.3913707,-1.1167195,0.14432217
1566,False,16384,11,NN,yhat,3.004353,-0.0484509,3.0023057
1567,False,16384,11,NN,fxhat,8.774161,2.7843766,1.0215118
1568,False,16384,11,NN,fzhat,8.982836,-2.8256183,0.9988159
1569,False,16384,11,Covar NN,yhat,1.8724,0.11161991,1.860127
1570,False,16384,11,Covar NN,fxhat,2.3026853,1.2516416,0.73615223
1571,False,16384,11,Covar NN,fzhat,1.3973252,-1.1328118,0.11407394
1572,False,16384,12,NN,yhat,3.0148196,-0.10689877,3.0036924
1573,False,16384,12,NN,fxhat,8.379231,2.7162383,1.0013812
1574,False,16384,12,NN,fzhat,8.9286785,-2.817092,0.99276954
1575,False,16384,12,Covar NN,yhat,1.9673953,0.019797556,1.9672002
1576,False,16384,12,Covar NN,fxhat,1.5487683,0.8620469,0.805724
1577,False,16384,12,Covar NN,fzhat,0.8470751,-0.8362044,0.14785205
1578,False,16384,13,NN,yhat,2.9243953,0.03464318,2.9234877
1579,False,16384,13,NN,fxhat,9.153844,2.8629758,0.95730823
1580,False,16384,13,NN,fzhat,8.982812,-2.8253775,1.0001525
1581,False,16384,13,Covar NN,yhat,1.8071707,-0.048801992,1.8049695
1582,False,16384,13,Covar NN,fxhat,1.5740578,0.91856563,0.7303682
1583,False,16384,13,Covar NN,fzhat,1.0406168,-0.9644115,0.11053841
1584,False,16384,14,NN,yhat,2.9351857,0.03041493,2.934554
1585,False,16384,14,NN,fxhat,9.028476,2.8387027,0.9703394
1586,False,16384,14,NN,fzhat,8.898777,-2.8155448,0.97158164
1587,False,16384,14,Covar NN,yhat,1.9690317,0.057360023,1.9659382
1588,False,16384,14,Covar NN,fxhat,2.634858,1.3534795,0.80303144
1589,False,16384,14,Covar NN,fzhat,1.8692358,-1.3033769,0.17046148
1590,False,16384,15,NN,yhat,3.0038278,0.019050006,3.0037653
1591,False,16384,15,NN,fxhat,9.033227,2.843369,0.9485761
1592,False,16384,15,NN,fzhat,8.857027,-2.8059032,0.9840334
1593,False,16384,15,Covar NN,yhat,1.922619,-0.07629465,1.9169898
1594,False,16384,15,Covar NN,fxhat,1.9925859,1.1266494,0.72331935
1595,False,16384,15,Covar NN,fzhat,1.5523417,-1.1845274,0.1492515
1596,False,16384,16,NN,yhat,3.040407,-0.08263766,3.0338814
1597,False,16384,16,NN,fxhat,8.36093,2.7170818,0.9784943
1598,False,16384,16,NN,fzhat,8.970501,-2.822333,1.005037
1599,False,16384,16,Covar NN,yhat,1.9337877,0.06424314,1.9298536
1600,False,16384,16,Covar NN,fxhat,1.5754967,0.908392,0.7503958
1601,False,16384,16,Covar NN,fzhat,0.88776463,-0.86676174,0.13650246
1602,False,16384,17,NN,yhat,2.9605718,0.13985717,2.9413059
1603,False,16384,17,NN,fxhat,9.807698,2.9743443,0.96106964
1604,False,16384,17,NN,fzhat,9.049952,-2.8380523,0.9955088
1605,False,16384,17,Covar NN,yhat,1.875689,-0.027186587,1.8751373
1606,False,16384,17,Covar NN,fxhat,1.925649,1.0896541,0.7383769
1607,False,16384,17,Covar NN,fzhat,1.4002912,-1.1204059,0.14499626
1608,False,16384,18,NN,yhat,2.950054,-0.14991246,2.927873
1609,False,16384,18,NN,fxhat,8.153458,2.678924,0.97692215
1610,False,16384,18,NN,fzhat,8.956937,-2.8207657,1.0003188
1611,False,16384,18,Covar NN,yhat,1.8986137,0.057879817,1.8954531
1612,False,16384,18,Covar NN,fxhat,1.4966269,0.8512263,0.7721181
1613,False,16384,18,Covar NN,fzhat,0.76886487,-0.7852759,0.15222196
1614,False,16384,19,NN,yhat,2.950432,-0.09969856,2.9407861
1615,False,16384,19,NN,fxhat,8.359625,2.7209423,0.95619285
1616,False,16384,19,NN,fzhat,8.954951,-2.820001,1.0026454
1617,False,16384,19,Covar NN,yhat,1.7032883,-0.015760303,1.7032102
1618,False,16384,19,Covar NN,fxhat,1.3279954,0.81793076,0.65905046
1619,False,16384,19,Covar NN,fzhat,0.7575488,-0.8330509,0.06358152
1620,False,16384,20,NN,yhat,3.0065372,-0.075174846,3.001186
1621,False,16384,20,NN,fxhat,8.391842,2.722542,0.9797042
1622,False,16384,20,NN,fzhat,8.943052,-2.8164883,1.0105473
1623,False,16384,20,Covar NN,yhat,2.0063508,-0.04615747,2.0044208
1624,False,16384,20,Covar NN,fxhat,2.6904726,1.3779248,0.79187524
1625,False,16384,20,Covar NN,fzhat,2.2864754,-1.4428544,0.20466687
1626,False,16384,21,NN,yhat,3.0209613,-0.0048373123,3.02124
1627,False,16384,21,NN,fxhat,8.89235,2.8074875,1.0104665
1628,False,16384,21,NN,fzhat,8.868658,-2.8055782,0.9974873
1629,False,16384,21,Covar NN,yhat,1.8933448,0.044686683,1.891537
1630,False,16384,21,Covar NN,fxhat,1.2683959,0.7141869,0.7584088
1631,False,16384,21,Covar NN,fzhat,0.5793564,-0.6627531,0.14012869
1632,False,16384,22,NN,yhat,2.8980305,0.022676237,2.8978062
1633,False,16384,22,NN,fxhat,9.183715,2.8664563,0.96724063
1634,False,16384,22,NN,fzhat,8.987227,-2.8311577,0.9718712
1635,False,16384,22,Covar NN,yhat,1.8013937,-0.021015497,1.8011323
1636,False,16384,22,Covar NN,fxhat,1.3772428,0.8136949,0.7152147
1637,False,16384,22,Covar NN,fzhat,0.7837423,-0.82208896,0.10792287
1638,False,16384,23,NN,yhat,3.0459344,-0.04421461,3.0442839
1639,False,16384,23,NN,fxhat,8.685698,2.7752123,0.9839934
1640,False,16384,23,NN,fzhat,8.888018,-2.8097513,0.9934152
1641,False,16384,23,Covar NN,yhat,1.9007193,-0.015713396,1.9006625
1642,False,16384,23,Covar NN,fxhat,1.585005,0.9259214,0.7277475
1643,False,16384,23,Covar NN,fzhat,1.0249007,-0.93196,0.15636693
1644,False,16384,24,NN,yhat,2.9829547,0.11064176,2.9710104
1645,False,16384,24,NN,fxhat,9.66136,2.9438522,0.99519485
1646,False,16384,24,NN,fzhat,8.977353,-2.8238144,1.0035243
1647,False,16384,24,Covar NN,yhat,1.9440554,0.018708672,1.9438998
1648,False,16384,24,Covar NN,fxhat,1.4926119,0.8400114,0.7870713
1649,False,16384,24,Covar NN,fzhat,0.8275294,-0.81190616,0.16835466
1650,False,32768,0,NN,yhat,2.77396,-0.010687066,2.7741232
1651,False,32768,0,NN,fxhat,8.622279,2.7908335,0.8336114
1652,False,32768,0,NN,fzhat,8.883637,-2.807571,1.0012838
1653,False,32768,0,Covar NN,yhat,1.8411165,0.0018231919,1.8412974
1654,False,32768,0,Covar NN,fxhat,2.5761697,1.4067549,0.5972698
1655,False,32768,0,Covar NN,fzhat,2.2406151,-1.4109807,0.2497737
1656,False,32768,1,NN,yhat,2.841853,0.0050527975,2.8421116
1657,False,32768,1,NN,fxhat,8.748491,2.809383,0.85594356
1658,False,32768,1,NN,fzhat,8.907062,-2.8122458,0.9984352
1659,False,32768,1,Covar NN,yhat,2.014256,0.023223054,2.0139182
1660,False,32768,1,Covar NN,fxhat,2.6124132,1.4002256,0.6518465
1661,False,32768,1,Covar NN,fzhat,2.2802026,-1.3849194,0.36223707
1662,False,32768,2,NN,yhat,2.7681413,-0.023729369,2.767855
1663,False,32768,2,NN,fxhat,8.754299,2.816424,0.8221389
1664,False,32768,2,NN,fzhat,9.018763,-2.8344123,0.98496604
1665,False,32768,2,Covar NN,yhat,1.9133785,0.0018060883,1.9135667
1666,False,32768,2,Covar NN,fxhat,3.099434,1.5716363,0.62945634
1667,False,32768,2,Covar NN,fzhat,2.7618651,-1.5640879,0.31552514
1668,False,32768,3,NN,yhat,2.872795,-0.024532001,2.8724806
1669,False,32768,3,NN,fxhat,8.595219,2.7837868,0.84583455
1670,False,32768,3,NN,fzhat,8.935844,-2.8167374,1.0019376
1671,False,32768,3,Covar NN,yhat,2.0487578,0.02782442,2.0481887
1672,False,32768,3,Covar NN,fxhat,4.4093904,1.9350317,0.66510916
1673,False,32768,3,Covar NN,fzhat,4.037078,-1.9156264,0.36748955
1674,False,32768,4,NN,yhat,2.8097897,0.08258582,2.8032496
1675,False,32768,4,NN,fxhat,9.227216,2.8945458,0.848905
1676,False,32768,4,NN,fzhat,8.969058,-2.8232386,0.99848044
1677,False,32768,4,Covar NN,yhat,1.8188404,0.034510545,1.8178313
1678,False,32768,4,Covar NN,fxhat,2.146819,1.2473037,0.5911116
1679,False,32768,4,Covar NN,fzhat,1.7501281,-1.2240711,0.25180307
1680,False,32768,5,NN,yhat,2.821068,-0.04936297,2.8189132
1681,False,32768,5,NN,fxhat,8.598216,2.7876856,0.82710606
1682,False,32768,5,NN,fzhat,8.963005,-2.821906,0.99995005
1683,False,32768,5,Covar NN,yhat,2.2237208,-0.025034357,2.2233167
1684,False,32768,5,Covar NN,fxhat,3.9089978,1.7847601,0.72370076
1685,False,32768,5,Covar NN,fzhat,3.7537231,-1.7946523,0.5329998
1686,False,32768,6,NN,yhat,2.8315835,-9.843102e-05,2.831867
1687,False,32768,6,NN,fxhat,8.626239,2.7910554,0.8363318
1688,False,32768,6,NN,fzhat,8.869793,-2.8040657,1.0071093
1689,False,32768,6,Covar NN,yhat,1.951332,0.017389847,1.9512246
1690,False,32768,6,Covar NN,fxhat,2.754696,1.4585845,0.62728965
1691,False,32768,6,Covar NN,fzhat,2.4577835,-1.4541063,0.34339243
1692,False,32768,7,NN,yhat,2.8905456,0.021154981,2.8903873
1693,False,32768,7,NN,fxhat,8.936436,2.8440528,0.84788436
1694,False,32768,7,NN,fzhat,9.001886,-2.828426,1.0019945
1695,False,32768,7,Covar NN,yhat,1.8471838,0.00377324,1.8473542
1696,False,32768,7,Covar NN,fxhat,1.7388834,1.068479,0.59729564
1697,False,32768,7,Covar NN,fzhat,1.3853055,-1.0702327,0.2399314
1698,False,32768,8,NN,yhat,2.7952108,-0.024638504,2.7948833
1699,False,32768,8,NN,fxhat,8.694139,2.8018286,0.84397906
1700,False,32768,8,NN,fzhat,8.931777,-2.8169074,0.9969081
1701,False,32768,8,Covar NN,yhat,2.1453874,-0.016720084,2.1453223
1702,False,32768,8,Covar NN,fxhat,2.9654183,1.5086025,0.6896062
1703,False,32768,8,Covar NN,fzhat,2.7686934,-1.5157622,0.4712058
1704,False,32768,9,NN,yhat,2.860741,0.009246703,2.8609414
1705,False,32768,9,NN,fxhat,8.856647,2.8320117,0.8364394
1706,False,32768,9,NN,fzhat,8.943672,-2.8202477,0.9899736
1707,False,32768,9,Covar NN,yhat,1.7978644,0.0032410184,1.7980336
1708,False,32768,9,Covar NN,fxhat,1.5654969,0.99824065,0.5690696
1709,False,32768,9,Covar NN,fzhat,1.1868305,-0.99248105,0.20183218
1710,False,32768,10,NN,yhat,2.8443897,-0.011579051,2.84454
1711,False,32768,10,NN,fxhat,8.736414,2.8056176,0.8650101
1712,False,32768,10,NN,fzhat,8.935368,-2.8199039,0.9836077
1713,False,32768,10,Covar NN,yhat,1.7851835,-0.024720138,1.784751
1714,False,32768,10,Covar NN,fxhat,2.5803282,1.4133235,0.582903
1715,False,32768,10,Covar NN,fzhat,2.3022578,-1.4407513,0.22651659
1716,False,32768,11,NN,yhat,2.7488642,-0.023604084,2.748582
1717,False,32768,11,NN,fxhat,8.594059,2.788822,0.8166146
1718,False,32768,11,NN,fzhat,8.950945,-2.8238559,0.97687995
1719,False,32768,11,Covar NN,yhat,1.9740168,0.009489283,1.9741242
1720,False,32768,11,Covar NN,fxhat,2.871231,1.4968119,0.6308478
1721,False,32768,11,Covar NN,fzhat,2.6138823,-1.4987534,0.36765733
1722,False,32768,12,NN,yhat,2.8499262,0.00419894,2.8501935
1723,False,32768,12,NN,fxhat,8.61279,2.78602,0.8509695
1724,False,32768,12,NN,fzhat,8.846849,-2.7986119,1.0147239
1725,False,32768,12,Covar NN,yhat,1.9014883,0.039106674,1.900149
1726,False,32768,12,Covar NN,fxhat,2.7560565,1.4655365,0.6083202
1727,False,32768,12,Covar NN,fzhat,2.3538306,-1.4432206,0.27097204
1728,False,32768,13,NN,yhat,2.7697937,0.037671976,2.7686512
1729,False,32768,13,NN,fxhat,8.949101,2.8483028,0.8363557
1730,False,32768,13,NN,fzhat,8.98558,-2.828338,0.9861833
1731,False,32768,13,Covar NN,yhat,1.8253058,0.0464362,1.8233317
1732,False,32768,13,Covar NN,fxhat,1.995158,1.1818187,0.5985225
1733,False,32768,13,Covar NN,fzhat,1.5760809,-1.1530876,0.2464945
1734,False,32768,14,NN,yhat,2.7874186,0.03202701,2.7866714
1735,False,32768,14,NN,fxhat,8.978018,2.857691,0.8117029
1736,False,32768,14,NN,fzhat,9.038006,-2.8297796,1.0304554
1737,False,32768,14,Covar NN,yhat,2.2339816,0.017493235,2.2338989
1738,False,32768,14,Covar NN,fxhat,5.5206933,2.1897247,0.72587276
1739,False,32768,14,Covar NN,fzhat,5.3127813,-2.1763468,0.57635295
1740,False,32768,15,NN,yhat,2.843487,-0.01387229,2.843579
1741,False,32768,15,NN,fxhat,8.753663,2.815926,0.8243057
1742,False,32768,15,NN,fzhat,9.002764,-2.8263402,1.0146658
1743,False,32768,15,Covar NN,yhat,1.8683399,0.004685641,1.8685049
1744,False,32768,15,Covar NN,fxhat,2.8478072,1.4970922,0.6065828
1745,False,32768,15,Covar NN,fzhat,2.4974067,-1.4889483,0.28046784
1746,False,32768,16,NN,yhat,2.787529,-0.05681502,2.784579
1747,False,32768,16,NN,fxhat,8.487116,2.7679427,0.82569164
1748,False,32768,16,NN,fzhat,8.983997,-2.822956,1.0150182
1749,False,32768,16,Covar NN,yhat,1.8231155,0.009426825,1.8232089
1750,False,32768,16,Covar NN,fxhat,1.8320273,1.112771,0.5938271
1751,False,32768,16,Covar NN,fzhat,1.4556385,-1.1015426,0.24226652
1752,False,32768,17,NN,yhat,2.7974615,0.0781438,2.791634
1753,False,32768,17,NN,fxhat,9.301559,2.9081137,0.8445196
1754,False,32768,17,NN,fzhat,9.005325,-2.8308945,0.9914614
1755,False,32768,17,Covar NN,yhat,1.770755,0.035426334,1.7696772
1756,False,32768,17,Covar NN,fxhat,2.8284543,1.4967369,0.58829206
1757,False,32768,17,Covar NN,fzhat,2.3465924,-1.4622369,0.20847718
1758,False,32768,18,NN,yhat,2.8539572,0.034306325,2.8530655
1759,False,32768,18,NN,fxhat,8.907304,2.8408048,0.837215
1760,False,32768,18,NN,fzhat,8.924069,-2.8135085,1.0083416
1761,False,32768,18,Covar NN,yhat,1.7017914,0.0064556138,1.7019202
1762,False,32768,18,Covar NN,fxhat,0.99523026,0.6684376,0.54847634
1763,False,32768,18,Covar NN,fzhat,0.59916943,-0.66899323,0.15163267
1764,False,32768,19,NN,yhat,2.7551942,0.039773345,2.753888
1765,False,32768,19,NN,fxhat,8.994692,2.8578622,0.82739925
1766,False,32768,19,NN,fzhat,8.946291,-2.8233602,0.9750276
1767,False,32768,19,Covar NN,yhat,1.8572888,0.03567424,1.8562019
1768,False,32768,19,Covar NN,fxhat,2.292041,1.2975265,0.60852724
1769,False,32768,19,Covar NN,fzhat,1.8658429,-1.2671216,0.26027215
1770,False,32768,20,NN,yhat,2.902885,-0.023957977,2.902601
1771,False,32768,20,NN,fxhat,8.635368,2.7908661,0.8465182
1772,False,32768,20,NN,fzhat,8.96178,-2.818163,1.0198388
1773,False,32768,20,Covar NN,yhat,1.8030214,-0.010144772,1.8030988
1774,False,32768,20,Covar NN,fxhat,1.6992469,1.0565877,0.5829276
1775,False,32768,20,Covar NN,fzhat,1.3731188,-1.07007,0.22809179
1776,False,32768,21,NN,yhat,2.874518,-0.010768977,2.8746896
1777,False,32768,21,NN,fxhat,8.602472,2.7822173,0.86182433
1778,False,32768,21,NN,fzhat,8.888942,-2.8070793,1.0093501
1779,False,32768,21,Covar NN,yhat,2.0704718,0.02105658,2.0702355
1780,False,32768,21,Covar NN,fxhat,3.1145418,1.5618926,0.675101
1781,False,32768,21,Covar NN,fzhat,2.8083103,-1.5549289,0.3905455
1782,False,32768,22,NN,yhat,2.9153702,0.034400214,2.914478
1783,False,32768,22,NN,fxhat,8.947626,2.8469265,0.8427194
1784,False,32768,22,NN,fzhat,8.946222,-2.816465,1.0138509
1785,False,32768,22,Covar NN,yhat,1.9121674,-0.019106494,1.9119936
1786,False,32768,22,Covar NN,fxhat,2.8787544,1.5061623,0.61029035
1787,False,32768,22,Covar NN,fzhat,2.6111982,-1.5292058,0.27275544
1788,False,32768,23,NN,yhat,2.9316525,-0.015304828,2.9317114
1789,False,32768,23,NN,fxhat,8.857697,2.832403,0.8352736
1790,False,32768,23,NN,fzhat,9.057842,-2.8375778,1.0060946
1791,False,32768,23,Covar NN,yhat,1.9823558,-0.04578993,1.980457
1792,False,32768,23,Covar NN,fxhat,3.3261938,1.6440213,0.62344974
1793,False,32768,23,Covar NN,fzhat,3.1299713,-1.6796824,0.30866885
1794,False,32768,24,NN,yhat,2.823424,-0.015657373,2.823461
1795,False,32768,24,NN,fxhat,8.6717205,2.8024147,0.8182759
1796,False,32768,24,NN,fzhat,9.032812,-2.8336518,1.0033303
1797,False,32768,24,Covar NN,yhat,2.0308943,0.013882904,2.0309048
1798,False,32768,24,Covar NN,fxhat,3.3520815,1.6485293,0.6344959
1799,False,32768,24,Covar NN,fzhat,3.109202,-1.6502275,0.38598952
1800,True,16,0,NN,yhat,1.0379853,0.0099797705,1.0379895
1801,True,16,0,NN,fxhat,8.566957,2.7555447,0.9740282
1802,True,16,0,NN,fzhat,8.538552,-2.7469406,0.99296933
1803,True,16,0,Covar NN,yhat,1.0122774,0.00069848006,1.0123781
1804,True,16,0,Covar NN,fxhat,0.002225831,-0.036253907,0.0009115765
1805,True,16,0,Covar NN,fzhat,0.001743409,0.035576686,0.0004777562
1806,True,16,1,NN,yhat,1.0585816,-0.0014222171,1.0586855
1807,True,16,1,NN,fxhat,7.618202,2.587568,0.92278767
1808,True,16,1,NN,fzhat,7.7607093,-2.6001642,0.99995524
1809,True,16,1,Covar NN,yhat,1.0066627,0.011684875,1.0066268
1810,True,16,1,Covar NN,fxhat,0.0014736096,0.0018476021,0.001470343
1811,True,16,1,Covar NN,fzhat,0.00037575437,-0.0013369056,0.00037400445
1812,True,16,2,NN,yhat,1.0305423,-0.0047098007,1.0306232
1813,True,16,2,NN,fxhat,8.227004,2.6976326,0.94987816
1814,True,16,2,NN,fzhat,8.2776575,-2.6983361,0.99673885
1815,True,16,2,Covar NN,yhat,0.9962716,-0.009120081,0.996288
1816,True,16,2,Covar NN,fxhat,0.003336674,0.043797534,0.0014185922
1817,True,16,2,Covar NN,fzhat,0.0035915978,-0.048911262,0.0011994066
1818,True,16,3,NN,yhat,1.0023125,-0.026907774,1.0016887
1819,True,16,3,NN,fxhat,8.784062,2.7933836,0.98117024
1820,True,16,3,NN,fzhat,8.831624,-2.8000445,0.9914744
1821,True,16,3,Covar NN,yhat,0.9804578,-0.034541395,0.9793627
1822,True,16,3,Covar NN,fxhat,0.010827715,-0.08471684,0.0036511382
1823,True,16,3,Covar NN,fzhat,0.0069862786,0.07042205,0.0020272154
1824,True,16,4,NN,yhat,1.0116374,0.0036247638,1.0117254
1825,True,16,4,NN,fxhat,8.835993,2.8030028,0.97926736
1826,True,16,4,NN,fzhat,8.819143,-2.7998652,0.9799946
1827,True,16,4,Covar NN,yhat,0.9926189,-0.0028054034,0.99271023
1828,True,16,4,Covar NN,fxhat,0.0582349,0.22336745,0.008342713
1829,True,16,4,Covar NN,fzhat,0.057802815,-0.22666009,0.006428669
1830,True,16,5,NN,yhat,1.0441878,0.019563703,1.0439094
1831,True,16,5,NN,fxhat,8.230844,2.7007942,0.9366498
1832,True,16,5,NN,fzhat,8.22209,-2.69352,0.96713614
1833,True,16,5,Covar NN,yhat,0.9999133,0.021997157,0.99952936
1834,True,16,5,Covar NN,fxhat,0.0033627052,0.02714291,0.0026262305
1835,True,16,5,Covar NN,fzhat,0.0015764748,-0.017435737,0.0012725971
1836,True,16,6,NN,yhat,1.038217,0.004962238,1.0382961
1837,True,16,6,NN,fxhat,8.723501,2.778334,1.0044625
1838,True,16,6,NN,fzhat,8.650975,-2.7630782,1.0164758
1839,True,16,6,Covar NN,yhat,1.007604,-0.0013192283,1.0077031
1840,True,16,6,Covar NN,fxhat,0.01067434,0.088020936,0.0029269473
1841,True,16,6,Covar NN,fzhat,0.008045872,-0.07904699,0.0017976256
1842,True,16,7,NN,yhat,1.0682948,0.012635627,1.068242
1843,True,16,7,NN,fxhat,7.3293014,2.5409062,0.8731846
1844,True,16,7,NN,fzhat,7.4543147,-2.539602,1.004836
1845,True,16,7,Covar NN,yhat,0.9902353,0.011590355,0.99020004
1846,True,16,7,Covar NN,fxhat,0.0034830903,0.0008368166,0.003482738
1847,True,16,7,Covar NN,fzhat,0.0014411088,-0.0005783073,0.0014409185
1848,True,16,8,NN,yhat,1.0269407,0.000977181,1.0270424
1849,True,16,8,NN,fxhat,8.384867,2.724149,0.96397525
1850,True,16,8,NN,fzhat,8.423396,-2.726472,0.9898464
1851,True,16,8,Covar NN,yhat,1.0068681,0.022116859,1.0064796
1852,True,16,8,Covar NN,fxhat,0.004566355,0.05405638,0.0016444277
1853,True,16,8,Covar NN,fzhat,0.0015124549,-0.03523931,0.00027067304
1854,True,16,9,NN,yhat,1.0768673,-0.0028776452,1.0769668
1855,True,16,9,NN,fxhat,8.063153,2.6677408,0.94640577
1856,True,16,9,NN,fzhat,8.134171,-2.6716514,0.9965495
1857,True,16,9,Covar NN,yhat,1.0231756,-0.019408036,1.0229013
1858,True,16,9,Covar NN,fxhat,0.003924659,-0.02557843,0.00327073
1859,True,16,9,Covar NN,fzhat,0.0006537242,0.0051379725,0.0006273882
1860,True,16,10,NN,yhat,1.0560635,0.00019959411,1.056169
1861,True,16,10,NN,fxhat,8.602973,2.7622724,0.9729236
1862,True,16,10,NN,fzhat,8.702285,-2.7767642,0.9919643
1863,True,16,10,Covar NN,yhat,1.0201938,0.008240445,1.0202279
1864,True,16,10,Covar NN,fxhat,0.001703738,0.020902514,0.0012669496
1865,True,16,10,Covar NN,fzhat,0.0014880524,-0.027353732,0.0007398998
1866,True,16,11,NN,yhat,1.0147264,0.0073500252,1.0147738
1867,True,16,11,NN,fxhat,8.703978,2.7728179,1.0155594
1868,True,16,11,NN,fzhat,8.719906,-2.776223,1.0125943
1869,True,16,11,Covar NN,yhat,1.0020279,-0.0011208007,1.0021268
1870,True,16,11,Covar NN,fxhat,0.04941885,-0.20608889,0.006946917
1871,True,16,11,Covar NN,fzhat,0.04346833,0.1942128,0.0057502924
1872,True,16,12,NN,yhat,1.0622894,-0.01735085,1.0620946
1873,True,16,12,NN,fxhat,8.370524,2.7164538,0.9915012
1874,True,16,12,NN,fzhat,8.392075,-2.7177536,1.0059903
1875,True,16,12,Covar NN,yhat,1.0170459,-0.019299958,1.0167751
1876,True,16,12,Covar NN,fxhat,0.03977281,0.18027085,0.007275955
1877,True,16,12,Covar NN,fzhat,0.04104371,-0.1835195,0.0073650423
1878,True,16,13,NN,yhat,1.1023699,-0.0124816075,1.1023244
1879,True,16,13,NN,fxhat,7.1657586,2.507003,0.88078207
1880,True,16,13,NN,fzhat,7.370454,-2.524444,0.9977346
1881,True,16,13,Covar NN,yhat,1.0015782,-0.009535592,1.0015875
1882,True,16,13,Covar NN,fxhat,0.0065769134,-0.07058794,0.0015944166
1883,True,16,13,Covar NN,fzhat,0.004445145,0.056092773,0.001298876
1884,True,16,14,NN,yhat,1.0766405,-0.01904582,1.0763855
1885,True,16,14,NN,fxhat,8.131315,2.6773472,0.9632222
1886,True,16,14,NN,fzhat,8.241057,-2.6887863,1.0115875
1887,True,16,14,Covar NN,yhat,1.0415355,-0.01963665,1.041254
1888,True,16,14,Covar NN,fxhat,0.038520303,0.17792992,0.0068619386
1889,True,16,14,Covar NN,fzhat,0.044683117,-0.1899596,0.00859932
1890,True,16,15,NN,yhat,1.0034678,-0.0008799141,1.0035673
1891,True,16,15,NN,fxhat,8.582089,2.7573557,0.97917753
1892,True,16,15,NN,fzhat,8.616132,-2.7605274,0.99572176
1893,True,16,15,Covar NN,yhat,0.9801313,0.012640582,0.9800696
1894,True,16,15,Covar NN,fxhat,0.025338361,0.14636135,0.0039171074
1895,True,16,15,Covar NN,fzhat,0.021393629,-0.13601229,0.0028945713
1896,True,16,16,NN,yhat,1.0376595,-0.01773974,1.0374485
1897,True,16,16,NN,fxhat,8.575656,2.7540758,0.99082166
1898,True,16,16,NN,fzhat,8.598665,-2.7583687,0.99016726
1899,True,16,16,Covar NN,yhat,1.0021414,-0.030696442,1.0012993
1900,True,16,16,Covar NN,fxhat,0.018158827,0.11566216,0.0047815703
1901,True,16,16,Covar NN,fzhat,0.019168757,-0.13291176,0.0015033704
1902,True,16,17,NN,yhat,1.0133054,0.025264923,1.0127684
1903,True,16,17,NN,fxhat,8.590464,2.7580628,0.98365134
1904,True,16,17,NN,fzhat,8.478176,-2.7326882,1.0106937
1905,True,16,17,Covar NN,yhat,0.9905875,0.009250024,0.990601
1906,True,16,17,Covar NN,fxhat,0.006353803,-0.067273304,0.001828288
1907,True,16,17,Covar NN,fzhat,0.0072721145,0.07663341,0.0013995755
1908,True,16,18,NN,yhat,1.1598057,-0.007930813,1.1598588
1909,True,16,18,NN,fxhat,6.6132655,2.403818,0.83500737
1910,True,16,18,NN,fzhat,6.8026595,-2.4117696,0.9861249
1911,True,16,18,Covar NN,yhat,1.0181258,-0.02086938,1.0177921
1912,True,16,18,Covar NN,fxhat,0.004934913,0.056420356,0.001751832
1913,True,16,18,Covar NN,fzhat,0.007767387,-0.07731045,0.0017906607
1914,True,16,19,NN,yhat,1.0352954,0.0073175216,1.0353454
1915,True,16,19,NN,fxhat,8.118781,2.680866,0.93183327
1916,True,16,19,NN,fzhat,8.165847,-2.6809533,0.97843426
1917,True,16,19,Covar NN,yhat,0.9863555,0.005676669,0.9864219
1918,True,16,19,Covar NN,fxhat,0.005444983,-0.061586145,0.001652295
1919,True,16,19,Covar NN,fzhat,0.005145459,0.05985791,0.0015626459
1920,True,16,20,NN,yhat,1.0385555,-0.0094804745,1.0385696
1921,True,16,20,NN,fxhat,9.047632,2.8350878,1.0100111
1922,True,16,20,NN,fzhat,9.062117,-2.8429275,0.9799773
1923,True,16,20,Covar NN,yhat,1.0190481,-0.0020581721,1.0191458
1924,True,16,20,Covar NN,fxhat,0.0011941973,-0.01466102,0.0009793497
1925,True,16,20,Covar NN,fzhat,0.0019828223,0.014243515,0.0017801228
1926,True,16,21,NN,yhat,1.0683165,-0.0069224653,1.0683755
1927,True,16,21,NN,fxhat,7.470237,2.5585501,0.9241488
1928,True,16,21,NN,fzhat,7.521827,-2.5580826,0.978138
1929,True,16,21,Covar NN,yhat,0.98976535,-0.005887345,0.9898297
1930,True,16,21,Covar NN,fxhat,0.0031919586,-0.03742041,0.0017918505
1931,True,16,21,Covar NN,fzhat,0.0019343918,0.038923036,0.00041943073
1932,True,16,22,NN,yhat,1.0211366,0.009549337,1.0211476
1933,True,16,22,NN,fxhat,8.826075,2.8013673,0.9785137
1934,True,16,22,NN,fzhat,8.769678,-2.7907538,0.9814685
1935,True,16,22,Covar NN,yhat,1.0009527,0.0033578265,1.0010417
1936,True,16,22,Covar NN,fxhat,0.0032795684,0.04001915,0.001678204
1937,True,16,22,Covar NN,fzhat,0.0015030416,-0.03559779,0.00023586252
1938,True,16,23,NN,yhat,1.0783515,-0.009099205,1.0783765
1939,True,16,23,NN,fxhat,7.7057595,2.6014814,0.93814695
1940,True,16,23,NN,fzhat,7.7963,-2.6040597,1.0152742
1941,True,16,23,Covar NN,yhat,1.0162241,0.008781691,1.0162486
1942,True,16,23,Covar NN,fxhat,0.008017114,-0.07214641,0.0028122896
1943,True,16,23,Covar NN,fzhat,0.008626788,0.087449335,0.0009794992
1944,True,16,24,NN,yhat,0.9976352,-0.021386392,0.9972775
1945,True,16,24,NN,fxhat,8.397759,2.7244804,0.97506464
1946,True,16,24,NN,fzhat,8.567764,-2.7466908,1.0235554
1947,True,16,24,Covar NN,yhat,0.97385186,-0.025997816,0.97327316
1948,True,16,24,Covar NN,fxhat,0.0058879666,0.068529524,0.0011917907
1949,True,16,24,Covar NN,fzhat,0.010917482,-0.09535172,0.0018257147
1950,True,32,0,NN,yhat,1.0440189,0.0012425791,1.0441217
1951,True,32,0,NN,fxhat,8.265864,2.690412,1.0276494
1952,True,32,0,NN,fzhat,8.219601,-2.681728,1.0280385
1953,True,32,0,Covar NN,yhat,1.003791,0.021666456,1.0034219
1954,True,32,0,Covar NN,fxhat,0.0062118,0.029228052,0.0053580566
1955,True,32,0,Covar NN,fzhat,0.0005869031,-0.00012011182,0.00058694737
1956,True,32,1,NN,yhat,1.0359808,-0.023123821,1.0355496
1957,True,32,1,NN,fxhat,8.796659,2.78988,1.0133297
1958,True,32,1,NN,fzhat,8.966657,-2.8193636,1.0179493
1959,True,32,1,Covar NN,yhat,1.0150795,-0.016022103,1.0149244
1960,True,32,1,Covar NN,fxhat,0.09684465,0.29093102,0.012204999
1961,True,32,1,Covar NN,fzhat,0.10715024,-0.31331256,0.008986382
1962,True,32,2,NN,yhat,1.0575792,0.00530653,1.0576566
1963,True,32,2,NN,fxhat,7.8399634,2.6282887,0.9321555
1964,True,32,2,NN,fzhat,7.9168305,-2.6319978,0.9895164
1965,True,32,2,Covar NN,yhat,1.0240059,0.013343518,1.0239303
1966,True,32,2,Covar NN,fxhat,0.052028637,-0.20869336,0.008476555
1967,True,32,2,Covar NN,fzhat,0.049304485,0.21302104,0.003926905
1968,True,32,3,NN,yhat,1.0182881,-0.002783404,1.0183823
1969,True,32,3,NN,fxhat,8.61803,2.7565832,1.0193802
1970,True,32,3,NN,fzhat,8.6554165,-2.7609422,1.0327184
1971,True,32,3,Covar NN,yhat,1.0064791,-0.0046559866,1.0065582
1972,True,32,3,Covar NN,fxhat,0.16273874,0.37101147,0.02509175
1973,True,32,3,Covar NN,fzhat,0.16242464,-0.37724286,0.02011448
1974,True,32,4,NN,yhat,0.98811346,0.010620642,0.9880995
1975,True,32,4,NN,fxhat,8.7182045,2.7826135,0.97536576
1976,True,32,4,NN,fzhat,8.636711,-2.7674916,0.97779995
1977,True,32,4,Covar NN,yhat,0.9751589,0.005267967,0.9752287
1978,True,32,4,Covar NN,fxhat,0.00475351,0.04080633,0.0030886624
1979,True,32,4,Covar NN,fzhat,0.0016539168,-0.031037051,0.0006906873
1980,True,32,5,NN,yhat,1.0355465,-0.0043487367,1.0356313
1981,True,32,5,NN,fxhat,8.941609,2.8116937,1.0360911
1982,True,32,5,NN,fzhat,8.915875,-2.8094642,1.0228882
1983,True,32,5,Covar NN,yhat,1.0196391,0.020296505,1.0193292
1984,True,32,5,Covar NN,fxhat,0.0043667834,0.031485282,0.003375798
1985,True,32,5,Covar NN,fzhat,0.00050246203,-0.004610528,0.00048125323
1986,True,32,6,NN,yhat,1.032976,0.0008631878,1.0330787
1987,True,32,6,NN,fxhat,8.52057,2.7484388,0.96674865
1988,True,32,6,NN,fzhat,8.497146,-2.7405114,0.98684114
1989,True,32,6,Covar NN,yhat,1.01481,-0.005721343,1.0148787
1990,True,32,6,Covar NN,fxhat,0.029362854,-0.15751232,0.004553171
1991,True,32,6,Covar NN,fzhat,0.02822646,0.15885557,0.0029916724
1992,True,32,7,NN,yhat,1.0290897,0.0063940766,1.0291518
1993,True,32,7,NN,fxhat,8.409938,2.7336185,0.93736106
1994,True,32,7,NN,fzhat,8.463163,-2.7383013,0.9649666
1995,True,32,7,Covar NN,yhat,1.0107025,0.004094167,1.0107869
1996,True,32,7,Covar NN,fxhat,0.0072430694,-0.066254914,0.0028536415
1997,True,32,7,Covar NN,fzhat,0.0039599463,0.059272412,0.00044677284
1998,True,32,8,NN,yhat,1.0294132,0.014358705,1.0293101
1999,True,32,8,NN,fxhat,8.895367,2.803743,1.034494
2000,True,32,8,NN,fzhat,8.79766,-2.7878942,1.0254072
2001,True,32,8,Covar NN,yhat,1.0107749,0.013154158,1.010703
2002,True,32,8,Covar NN,fxhat,0.10415338,0.29987913,0.014227324
2003,True,32,8,Covar NN,fzhat,0.09027696,-0.2852347,0.008919016
2004,True,32,9,NN,yhat,1.0119383,0.0037381912,1.0120256
2005,True,32,9,NN,fxhat,8.927544,2.8096368,1.0335864
2006,True,32,9,NN,fzhat,8.890761,-2.806102,1.0166554
2007,True,32,9,Covar NN,yhat,0.9980248,-0.0045141764,0.9981042
2008,True,32,9,Covar NN,fxhat,0.13340731,0.3396429,0.018051788
2009,True,32,9,Covar NN,fzhat,0.13180797,-0.34436017,0.0132253645
2010,True,32,10,NN,yhat,1.0517784,-0.007622512,1.0518255
2011,True,32,10,NN,fxhat,8.282172,2.7030864,0.9755938
2012,True,32,10,NN,fzhat,8.385288,-2.7132714,1.0235498
2013,True,32,10,Covar NN,yhat,1.021153,0.00053497276,1.0212549
2014,True,32,10,Covar NN,fxhat,0.07547537,-0.24562712,0.015144203
2015,True,32,10,Covar NN,fzhat,0.07076242,0.24359953,0.011422828
2016,True,32,11,NN,yhat,1.019609,-0.00014980002,1.0197109
2017,True,32,11,NN,fxhat,9.05877,2.8346012,1.0239078
2018,True,32,11,NN,fzhat,9.083362,-2.8404398,1.0153654
2019,True,32,11,Covar NN,yhat,1.0039508,0.021950545,1.0035692
2020,True,32,11,Covar NN,fxhat,0.016248623,0.10545527,0.0051283166
2021,True,32,11,Covar NN,fzhat,0.009241219,-0.08919333,0.0012858959
2022,True,32,12,NN,yhat,1.0528436,-0.0028827018,1.0529406
2023,True,32,12,NN,fxhat,8.387893,2.729891,0.9356825
2024,True,32,12,NN,fzhat,8.449813,-2.7355282,0.96679693
2025,True,32,12,Covar NN,yhat,1.0390124,-0.0006808035,1.0391158
2026,True,32,12,Covar NN,fxhat,0.040827688,0.1787536,0.008875726
2027,True,32,12,Covar NN,fzhat,0.039173182,-0.18218881,0.005981011
2028,True,32,13,NN,yhat,1.0066323,0.011788397,1.0065941
2029,True,32,13,NN,fxhat,8.909701,2.8150704,0.9851793
2030,True,32,13,NN,fzhat,8.931272,-2.8161032,1.000934
2031,True,32,13,Covar NN,yhat,0.99338156,0.018627653,0.9931339
2032,True,32,13,Covar NN,fxhat,0.22686099,0.44808564,0.026082866
2033,True,32,13,Covar NN,fzhat,0.21929522,-0.4422792,0.023686728
2034,True,32,14,NN,yhat,1.017668,-0.014781916,1.0175513
2035,True,32,14,NN,fxhat,8.618808,2.7679405,0.957409
2036,True,32,14,NN,fzhat,8.76223,-2.789348,0.9818675
2037,True,32,14,Covar NN,yhat,0.9981367,-0.0031032257,0.998227
2038,True,32,14,Covar NN,fxhat,0.08132035,0.26643804,0.010332167
2039,True,32,14,Covar NN,fzhat,0.08489498,-0.27616647,0.008627926
2040,True,32,15,NN,yhat,0.993609,0.005798662,0.99367476
2041,True,32,15,NN,fxhat,8.557876,2.7490344,1.0007855
2042,True,32,15,NN,fzhat,8.602032,-2.7547884,1.0132724
2043,True,32,15,Covar NN,yhat,0.985324,0.004101073,0.98540574
2044,True,32,15,Covar NN,fxhat,0.003921183,0.006852932,0.003874608
2045,True,32,15,Covar NN,fzhat,0.0010335771,-0.014304329,0.0008290461
2046,True,32,16,NN,yhat,1.0299879,0.024546657,1.0294886
2047,True,32,16,NN,fxhat,8.873605,2.812351,0.96438086
2048,True,32,16,NN,fzhat,8.897497,-2.81541,0.9710612
2049,True,32,16,Covar NN,yhat,1.0203556,0.029613111,1.0195806
2050,True,32,16,Covar NN,fxhat,0.06961369,0.24323298,0.010452444
2051,True,32,16,Covar NN,fzhat,0.06495598,-0.24122481,0.006767243
2052,True,32,17,NN,yhat,1.0151021,-0.024846807,1.0145863
2053,True,32,17,NN,fxhat,8.464822,2.7350707,0.98430854
2054,True,32,17,NN,fzhat,8.563775,-2.7495902,1.0036283
2055,True,32,17,Covar NN,yhat,0.98936015,-0.026648844,0.9887489
2056,True,32,17,Covar NN,fxhat,0.0047109127,-0.042064235,0.002941807
2057,True,32,17,Covar NN,fzhat,0.0010021682,0.025742637,0.0003395188
2058,True,32,18,NN,yhat,1.0127225,0.004832708,1.0128003
2059,True,32,18,NN,fxhat,8.815331,2.8026278,0.96070397
2060,True,32,18,NN,fzhat,8.768371,-2.7926161,0.9697656
2061,True,32,18,Covar NN,yhat,1.0017627,0.006517923,1.0018204
2062,True,32,18,Covar NN,fxhat,0.23096555,0.45280826,0.025932815
2063,True,32,18,Covar NN,fzhat,0.21967807,-0.44111073,0.025101904
2064,True,32,19,NN,yhat,1.0492082,0.021579536,1.0488473
2065,True,32,19,NN,fxhat,8.63692,2.7642872,0.99573785
2066,True,32,19,NN,fzhat,8.557328,-2.7496834,0.99666804
2067,True,32,19,Covar NN,yhat,1.0220338,0.016813586,1.0218532
2068,True,32,19,Covar NN,fxhat,0.0070899474,-0.06299828,0.0031214766
2069,True,32,19,Covar NN,fzhat,0.006521476,0.07283583,0.0012165385
2070,True,32,20,NN,yhat,0.9886916,0.0042253006,0.98877263
2071,True,32,20,NN,fxhat,8.694212,2.7750983,0.9931394
2072,True,32,20,NN,fzhat,8.71732,-2.7769878,1.0057601
2073,True,32,20,Covar NN,yhat,0.9798205,0.009195276,0.97983396
2074,True,32,20,Covar NN,fxhat,0.0040575094,-0.045297235,0.0020058707
2075,True,32,20,Covar NN,fzhat,0.003076116,0.048377622,0.0007357958
2076,True,32,21,NN,yhat,1.0541667,0.0030678364,1.0542628
2077,True,32,21,NN,fxhat,7.933027,2.6394656,0.96634537
2078,True,32,21,NN,fzhat,7.941332,-2.63401,1.0034231
2079,True,32,21,Covar NN,yhat,0.9946309,0.014919432,0.99450773
2080,True,32,21,Covar NN,fxhat,0.0025217296,-0.007432916,0.0024667282
2081,True,32,21,Covar NN,fzhat,0.0021428063,0.024739742,0.0015309048
2082,True,32,22,NN,yhat,1.02895,-0.026230648,1.0283648
2083,True,32,22,NN,fxhat,8.589677,2.7621047,0.9605499
2084,True,32,22,NN,fzhat,8.735997,-2.7814236,0.9997795
2085,True,32,22,Covar NN,yhat,1.0194824,-0.003762673,1.0195701
2086,True,32,22,Covar NN,fxhat,0.6619876,0.7655436,0.07593814
2087,True,32,22,Covar NN,fzhat,0.65884405,-0.7623944,0.07760657
2088,True,32,23,NN,yhat,1.0144669,-0.0034539504,1.0145563
2089,True,32,23,NN,fxhat,8.564787,2.7582715,0.9568208
2090,True,32,23,NN,fzhat,8.586674,-2.7596118,0.971313
2091,True,32,23,Covar NN,yhat,1.0008873,0.005899773,1.0009525
2092,True,32,23,Covar NN,fxhat,0.23862964,0.4572486,0.02955634
2093,True,32,23,Covar NN,fzhat,0.2302869,-0.4492356,0.028477147
2094,True,32,24,NN,yhat,1.0579596,0.024186382,1.0574805
2095,True,32,24,NN,fxhat,8.285137,2.7081652,0.95107466
2096,True,32,24,NN,fzhat,8.24292,-2.689696,1.0085559
2097,True,32,24,Covar NN,yhat,1.0226463,0.028897095,1.0219134
2098,True,32,24,Covar NN,fxhat,0.021090763,0.13140076,0.0038249837
2099,True,32,24,Covar NN,fzhat,0.014190402,-0.10822126,0.002478808
2100,True,64,0,NN,yhat,1.0263836,-0.0042527877,1.0264682
2101,True,64,0,NN,fxhat,8.659897,2.7711957,0.98046845
2102,True,64,0,NN,fzhat,8.767972,-2.7893806,0.98742634
2103,True,64,0,Covar NN,yhat,1.0163807,0.015640626,1.0162377
2104,True,64,0,Covar NN,fxhat,0.056080334,0.21332033,0.010575824
2105,True,64,0,Covar NN,fzhat,0.050301466,-0.21161138,0.0055226376
2106,True,64,1,NN,yhat,1.0208797,-0.0024942681,1.0209756
2107,True,64,1,NN,fxhat,8.837336,2.8011165,0.9911804
2108,True,64,1,NN,fzhat,8.81507,-2.7983367,0.98447955
2109,True,64,1,Covar NN,yhat,1.0132208,-0.008012966,1.0132579
2110,True,64,1,Covar NN,fxhat,0.36488563,0.56441593,0.046324804
2111,True,64,1,Covar NN,fzhat,0.36487097,-0.5671549,0.04321058
2112,True,64,2,NN,yhat,1.0213977,0.020533584,1.0210781
2113,True,64,2,NN,fxhat,8.943297,2.8204753,0.9883149
2114,True,64,2,NN,fzhat,8.775271,-2.7899137,0.9917516
2115,True,64,2,Covar NN,yhat,1.0122166,0.0016496833,1.0123152
2116,True,64,2,Covar NN,fxhat,0.12449724,-0.3224469,0.020527253
2117,True,64,2,Covar NN,fzhat,0.12548947,0.33412448,0.013851699
2118,True,64,3,NN,yhat,1.0393527,-0.026970994,1.038729
2119,True,64,3,NN,fxhat,9.145216,2.853762,1.0013587
2120,True,64,3,NN,fzhat,9.20336,-2.865963,0.9897148
2121,True,64,3,Covar NN,yhat,1.0333579,-0.021586452,1.0329951
2122,True,64,3,Covar NN,fxhat,0.39041206,0.5872982,0.045497388
2123,True,64,3,Covar NN,fzhat,0.38941288,-0.5941147,0.0364441
2124,True,64,4,NN,yhat,1.0005655,0.00021083432,1.0006655
2125,True,64,4,NN,fxhat,8.903329,2.8070865,1.0236961
2126,True,64,4,NN,fzhat,8.902638,-2.809531,1.0092746
2127,True,64,4,Covar NN,yhat,0.99646574,0.0015627147,0.9965629
2128,True,64,4,Covar NN,fxhat,1.5827072,1.1802782,0.18966943
2129,True,64,4,Covar NN,fzhat,1.5718687,-1.1813709,0.17624883
2130,True,64,5,NN,yhat,1.027538,-0.013101532,1.027469
2131,True,64,5,NN,fxhat,8.615702,2.7640173,0.9760053
2132,True,64,5,NN,fzhat,8.650198,-2.7650387,1.0048604
2133,True,64,5,Covar NN,yhat,1.0145836,-0.012224846,1.0145355
2134,True,64,5,Covar NN,fxhat,0.020131357,-0.10175727,0.009777788
2135,True,64,5,Covar NN,fzhat,0.013009297,0.10161291,0.0026843809
2136,True,64,6,NN,yhat,1.0033371,0.020063583,1.0030347
2137,True,64,6,NN,fxhat,9.099073,2.838807,1.0403526
2138,True,64,6,NN,fzhat,9.011375,-2.830501,0.9997411
2139,True,64,6,Covar NN,yhat,0.9975155,0.015598778,0.99737203
2140,True,64,6,Covar NN,fxhat,0.029246833,0.14170055,0.00916871
2141,True,64,6,Covar NN,fzhat,0.02061218,-0.137859,0.0016072345
2142,True,64,7,NN,yhat,1.0146202,-0.019059,1.0143584
2143,True,64,7,NN,fxhat,8.402247,2.7261643,0.9703739
2144,True,64,7,NN,fzhat,8.51001,-2.7397714,1.0037636
2145,True,64,7,Covar NN,yhat,1.0023891,-0.0031015624,1.0024797
2146,True,64,7,Covar NN,fxhat,0.27147552,0.48215747,0.03900368
2147,True,64,7,Covar NN,fzhat,0.26519832,-0.47980747,0.034986578
2148,True,64,8,NN,yhat,1.0381688,0.011382135,1.038143
2149,True,64,8,NN,fxhat,9.229382,2.868204,1.0028878
2150,True,64,8,NN,fzhat,9.089224,-2.846074,0.98918515
2151,True,64,8,Covar NN,yhat,1.0294263,-0.0013912349,1.0295273
2152,True,64,8,Covar NN,fxhat,0.46685293,0.6390841,0.058430295
2153,True,64,8,Covar NN,fzhat,0.44051158,-0.6297279,0.043958798
2154,True,64,9,NN,yhat,1.0207332,-0.020054925,1.0204331
2155,True,64,9,NN,fxhat,9.261907,2.867085,1.0418332
2156,True,64,9,NN,fzhat,9.296687,-2.8799067,1.0029273
2157,True,64,9,Covar NN,yhat,1.0148306,-0.0315078,1.0139393
2158,True,64,9,Covar NN,fxhat,0.5040938,0.66740376,0.05867185
2159,True,64,9,Covar NN,fzhat,0.52644646,-0.691678,0.04803289
2160,True,64,10,NN,yhat,1.0254011,-0.01607274,1.0252454
2161,True,64,10,NN,fxhat,8.938311,2.8138185,1.0208383
2162,True,64,10,NN,fzhat,9.05004,-2.8360493,1.0069658
2163,True,64,10,Covar NN,yhat,1.018553,0.026713727,1.0179414
2164,True,64,10,Covar NN,fxhat,1.823517,1.2758181,0.19582431
2165,True,64,10,Covar NN,fzhat,1.7622089,-1.2552626,0.18654366
2166,True,64,11,NN,yhat,1.0053207,-0.011265784,1.0052943
2167,True,64,11,NN,fxhat,8.873287,2.805322,1.0035567
2168,True,64,11,NN,fzhat,8.901463,-2.8092175,1.009862
2169,True,64,11,Covar NN,yhat,0.998226,0.005927717,0.99829066
2170,True,64,11,Covar NN,fxhat,0.38889703,0.5838362,0.0480371
2171,True,64,11,Covar NN,fzhat,0.3665434,-0.5705386,0.04103327
2172,True,64,12,NN,yhat,1.0016407,-0.011315199,1.0016128
2173,True,64,12,NN,fxhat,8.146781,2.676483,0.9833202
2174,True,64,12,NN,fzhat,8.232764,-2.6858099,1.019291
2175,True,64,12,Covar NN,yhat,0.9949365,-0.00883805,0.9949579
2176,True,64,12,Covar NN,fxhat,0.010386937,-0.031229215,0.009412615
2177,True,64,12,Covar NN,fzhat,0.0013210463,0.024379333,0.0007267668
2178,True,64,13,NN,yhat,1.0257939,-0.056139607,1.0227445
2179,True,64,13,NN,fxhat,8.68922,2.7773485,0.97565126
2180,True,64,13,NN,fzhat,8.920512,-2.8158832,0.99141234
2181,True,64,13,Covar NN,yhat,1.019955,-0.03899589,1.0185362
2182,True,64,13,Covar NN,fxhat,0.14321007,0.35236162,0.019053232
2183,True,64,13,Covar NN,fzhat,0.15660441,-0.37375253,0.016915133
2184,True,64,14,NN,yhat,1.0398924,0.026666474,1.0392852
2185,True,64,14,NN,fxhat,8.816863,2.795721,1.000908
2186,True,64,14,NN,fzhat,8.681725,-2.774419,0.98442316
2187,True,64,14,Covar NN,yhat,1.0280389,-0.0016634003,1.028139
2188,True,64,14,Covar NN,fxhat,0.069713905,0.230157,0.016743328
2189,True,64,14,Covar NN,fzhat,0.0638532,-0.23718467,0.0075973873
2190,True,64,15,NN,yhat,1.0343055,0.0110026505,1.0342879
2191,True,64,15,NN,fxhat,8.92132,2.812726,1.0099918
2192,True,64,15,NN,fzhat,8.98415,-2.8234396,1.0124398
2193,True,64,15,Covar NN,yhat,1.0246565,0.011559777,1.0246253
2194,True,64,15,Covar NN,fxhat,0.009404003,-0.012741574,0.00924258
2195,True,64,15,Covar NN,fzhat,0.00045611445,0.002584841,0.00044947796
2196,True,64,16,NN,yhat,1.0356876,-0.010420929,1.0356826
2197,True,64,16,NN,fxhat,8.9946375,2.8313127,0.9784029
2198,True,64,16,NN,fzhat,9.004564,-2.8317366,0.9859312
2199,True,64,16,Covar NN,yhat,1.0262165,-0.009523266,1.0262284
2200,True,64,16,Covar NN,fxhat,0.22653149,0.44387388,0.029510397
2201,True,64,16,Covar NN,fzhat,0.22093771,-0.4434,0.024336573
2202,True,64,17,NN,yhat,1.0158639,0.021696767,1.0154947
2203,True,64,17,NN,fxhat,8.956161,2.8135178,1.0403806
2204,True,64,17,NN,fzhat,8.834619,-2.79578,1.0183346
2205,True,64,17,Covar NN,yhat,1.0083864,0.034035664,1.0073286
2206,True,64,17,Covar NN,fxhat,0.6642759,0.76224846,0.083261415
2207,True,64,17,Covar NN,fzhat,0.6053506,-0.73217154,0.069282375
2208,True,64,18,NN,yhat,1.0091441,-0.005801141,1.0092113
2209,True,64,18,NN,fxhat,8.735254,2.7835574,0.9871596
2210,True,64,18,NN,fzhat,8.787576,-2.7882555,1.0133098
2211,True,64,18,Covar NN,yhat,1.0040077,-0.0040953252,1.0040914
2212,True,64,18,Covar NN,fxhat,0.95785594,0.91746855,0.1161191
2213,True,64,18,Covar NN,fzhat,0.9635438,-0.92046016,0.116308734
2214,True,64,19,NN,yhat,1.0170125,0.029518347,1.0162427
2215,True,64,19,NN,fxhat,8.952514,2.8155046,1.0255501
2216,True,64,19,NN,fzhat,8.777225,-2.7891808,0.9977959
2217,True,64,19,Covar NN,yhat,0.9984663,0.011679896,0.99842966
2218,True,64,19,Covar NN,fxhat,0.013256128,0.045243517,0.011210274
2219,True,64,19,Covar NN,fzhat,0.0018336268,-0.03675837,0.00048249745
2220,True,64,20,NN,yhat,1.0107636,0.017126543,1.0105714
2221,True,64,20,NN,fxhat,9.156545,2.8524919,1.0199362
2222,True,64,20,NN,fzhat,9.145972,-2.8558524,0.9901778
2223,True,64,20,Covar NN,yhat,1.0038956,0.0035967971,1.003983
2224,True,64,20,Covar NN,fxhat,1.5982289,1.1899076,0.18236728
2225,True,64,20,Covar NN,fzhat,1.6276302,-1.2067978,0.17128623
2226,True,64,21,NN,yhat,1.0104553,-0.03484045,1.0093424
2227,True,64,21,NN,fxhat,9.1785965,2.8532093,1.0378982
2228,True,64,21,NN,fzhat,9.300259,-2.8775692,1.0199568
2229,True,64,21,Covar NN,yhat,1.0009502,-0.029081061,1.0002046
2230,True,64,21,Covar NN,fxhat,0.29809305,0.51190805,0.03604677
2231,True,64,21,Covar NN,fzhat,0.30863717,-0.5305084,0.027200734
2232,True,64,22,NN,yhat,1.0212756,-0.009716271,1.0212834
2233,True,64,22,NN,fxhat,8.9754715,2.8268394,0.98454756
2234,True,64,22,NN,fzhat,8.967132,-2.8261628,0.9800325
2235,True,64,22,Covar NN,yhat,1.0154599,-0.018136097,1.0152324
2236,True,64,22,Covar NN,fxhat,0.011364913,0.06882331,0.0066289273
2237,True,64,22,Covar NN,fzhat,0.007638365,-0.076566584,0.0017761005
2238,True,64,23,NN,yhat,1.0261258,0.011793431,1.0260894
2239,True,64,23,NN,fxhat,8.943279,2.8139396,1.0251261
2240,True,64,23,NN,fzhat,8.828871,-2.7965665,1.0081882
2241,True,64,23,Covar NN,yhat,1.016952,0.015949141,1.0167993
2242,True,64,23,Covar NN,fxhat,0.009810114,0.06265585,0.0058849477
2243,True,64,23,Covar NN,fzhat,0.0023324178,-0.041127186,0.0006410362
2244,True,64,24,NN,yhat,1.023401,0.0011955041,1.023502
2245,True,64,24,NN,fxhat,8.829622,2.8002498,0.9883226
2246,True,64,24,NN,fzhat,8.789618,-2.7934768,0.98620325
2247,True,64,24,Covar NN,yhat,1.0117046,0.0019156055,1.0118021
2248,True,64,24,Covar NN,fxhat,0.075253084,0.25287092,0.011310496
2249,True,64,24,Covar NN,fzhat,0.06763516,-0.24537815,0.007425463
2250,True,128,0,NN,yhat,1.0259767,0.01809641,1.0257518
2251,True,128,0,NN,fxhat,9.720319,2.9425602,1.0617644
2252,True,128,0,NN,fzhat,9.594841,-2.929218,1.0146246
2253,True,128,0,Covar NN,yhat,1.0245038,-0.011665991,1.0244701
2254,True,128,0,Covar NN,fxhat,2.2221563,1.4057605,0.24601822
2255,True,128,0,Covar NN,fzhat,2.2409804,-1.4221805,0.2184048
2256,True,128,1,NN,yhat,1.0215464,0.006103474,1.0216112
2257,True,128,1,NN,fxhat,9.245651,2.866864,1.0268426
2258,True,128,1,NN,fzhat,9.231364,-2.8678434,1.0069388
2259,True,128,1,Covar NN,yhat,1.0199865,0.0018566685,1.0200851
2260,True,128,1,Covar NN,fxhat,2.8839145,1.5981328,0.32991934
2261,True,128,1,Covar NN,fzhat,2.8763046,-1.6033592,0.3055746
2262,True,128,2,NN,yhat,1.0126259,-0.013772778,1.0125375
2263,True,128,2,NN,fxhat,8.557606,2.7463827,1.0150889
2264,True,128,2,NN,fzhat,8.587995,-2.7555456,0.9950618
2265,True,128,2,Covar NN,yhat,1.0135636,-0.01561494,1.0134212
2266,True,128,2,Covar NN,fxhat,1.153065,0.99893457,0.15521027
2267,True,128,2,Covar NN,fzhat,1.161162,-1.0099398,0.14119759
2268,True,128,3,NN,yhat,1.0111121,-0.020232113,1.0108039
2269,True,128,3,NN,fxhat,8.677681,2.7710242,0.9992068
2270,True,128,3,NN,fzhat,8.775882,-2.789453,0.9949337
2271,True,128,3,Covar NN,yhat,1.0079705,-0.015925497,1.0078175
2272,True,128,3,Covar NN,fxhat,1.2991049,1.0655111,0.1638073
2273,True,128,3,Covar NN,fzhat,1.3147881,-1.0796337,0.14919417
2274,True,128,4,NN,yhat,0.99891806,0.021158546,0.9985702
2275,True,128,4,NN,fxhat,8.896164,2.807586,1.0137271
2276,True,128,4,NN,fzhat,8.8434,-2.8000085,1.0034512
2277,True,128,4,Covar NN,yhat,0.9957136,-0.0032836308,0.9958024
2278,True,128,4,Covar NN,fxhat,1.3454449,1.084828,0.16861
2279,True,128,4,Covar NN,fzhat,1.372314,-1.1016924,0.15860336
2280,True,128,5,NN,yhat,0.99719363,0.026246294,0.99660444
2281,True,128,5,NN,fxhat,8.765726,2.7875094,0.99561787
2282,True,128,5,NN,fzhat,8.655588,-2.767786,0.9950471
2283,True,128,5,Covar NN,yhat,0.99371624,0.024085108,0.9932354
2284,True,128,5,Covar NN,fxhat,1.363075,1.094792,0.16452187
2285,True,128,5,Covar NN,fzhat,1.3190154,-1.0772302,0.15860647
2286,True,128,6,NN,yhat,0.9905697,-0.004755352,0.9906462
2287,True,128,6,NN,fxhat,8.721609,2.7802005,0.9921945
2288,True,128,6,NN,fzhat,8.6549225,-2.7691762,0.98668474
2289,True,128,6,Covar NN,yhat,0.9882785,0.0010445972,0.9883762
2290,True,128,6,Covar NN,fxhat,1.0951327,0.9789873,0.13673042
2291,True,128,6,Covar NN,fzhat,1.0478327,-0.9621628,0.122087754
2292,True,128,7,NN,yhat,1.0186712,0.0067154616,1.0187279
2293,True,128,7,NN,fxhat,8.685085,2.7682908,1.021755
2294,True,128,7,NN,fzhat,8.683068,-2.767314,1.0251448
2295,True,128,7,Covar NN,yhat,1.0146674,0.0027432374,1.0147613
2296,True,128,7,Covar NN,fxhat,0.706262,0.7820249,0.09470859
2297,True,128,7,Covar NN,fzhat,0.7051124,-0.78502065,0.08886393
2298,True,128,8,NN,yhat,1.0127598,-0.020644626,1.0124348
2299,True,128,8,NN,fxhat,8.604161,2.758189,0.9966559
2300,True,128,8,NN,fzhat,8.819529,-2.794571,1.0100023
2301,True,128,8,Covar NN,yhat,1.0128593,0.015584602,1.0127177
2302,True,128,8,Covar NN,fxhat,2.5992017,1.5180373,0.29479352
2303,True,128,8,Covar NN,fzhat,2.576892,-1.518191,0.27201498
2304,True,128,9,NN,yhat,1.0378674,0.028806344,1.0371413
2305,True,128,9,NN,fxhat,9.146362,2.8478084,1.0364543
2306,True,128,9,NN,fzhat,8.951479,-2.8207188,0.9951233
2307,True,128,9,Covar NN,yhat,1.0375142,0.015823726,1.0373675
2308,True,128,9,Covar NN,fxhat,4.987413,2.1013925,0.57161885
2309,True,128,9,Covar NN,fzhat,4.8966627,-2.0872862,0.53995323
2310,True,128,10,NN,yhat,1.0166668,0.038417526,1.0152924
2311,True,128,10,NN,fxhat,9.359187,2.8861313,1.0295365
2312,True,128,10,NN,fzhat,9.137953,-2.855546,0.9839076
2313,True,128,10,Covar NN,yhat,1.0189244,0.045907166,1.0169187
2314,True,128,10,Covar NN,fxhat,3.0585814,1.6486281,0.34064043
2315,True,128,10,Covar NN,fzhat,2.8978887,-1.6105531,0.3040374
2316,True,128,11,NN,yhat,1.0200746,-0.0015562233,1.0201743
2317,True,128,11,NN,fxhat,9.1767645,2.8544195,1.0291532
2318,True,128,11,NN,fzhat,9.139646,-2.8535511,0.9969917
2319,True,128,11,Covar NN,yhat,1.0191756,-0.0030633074,1.0192683
2320,True,128,11,Covar NN,fxhat,2.2595396,1.4140612,0.25999653
2321,True,128,11,Covar NN,fzhat,2.2384744,-1.4146996,0.23712313
2322,True,128,12,NN,yhat,1.0184429,-0.010118106,1.0184424
2323,True,128,12,NN,fxhat,9.435583,2.895851,1.0497346
2324,True,128,12,NN,fzhat,9.482933,-2.9074864,1.0295583
2325,True,128,12,Covar NN,yhat,1.0179424,-0.016247585,1.0177803
2326,True,128,12,Covar NN,fxhat,3.5133762,1.7681028,0.38722736
2327,True,128,12,Covar NN,fzhat,3.555606,-1.7858679,0.36631793
2328,True,128,13,NN,yhat,1.0321482,0.0028168983,1.0322436
2329,True,128,13,NN,fxhat,8.854058,2.7901595,1.0691749
2330,True,128,13,NN,fzhat,8.755515,-2.7841287,1.0042431
2331,True,128,13,Covar NN,yhat,1.0357593,-0.064382926,1.0317174
2332,True,128,13,Covar NN,fxhat,1.3484071,1.0626359,0.21923397
2333,True,128,13,Covar NN,fzhat,1.4637082,-1.1238049,0.20079072
2334,True,128,14,NN,yhat,1.0247141,-0.013010492,1.0246474
2335,True,128,14,NN,fxhat,8.311339,2.6988,1.0279206
2336,True,128,14,NN,fzhat,8.3794155,-2.7148154,1.0092932
2337,True,128,14,Covar NN,yhat,1.0193303,-0.024063814,1.0188531
2338,True,128,14,Covar NN,fxhat,4.3806787,1.9589522,0.54323894
2339,True,128,14,Covar NN,fzhat,4.483708,-1.9860209,0.53948325
2340,True,128,15,NN,yhat,1.0097283,-0.013806595,1.0096387
2341,True,128,15,NN,fxhat,9.303993,2.8807132,1.0055839
2342,True,128,15,NN,fzhat,9.410516,-2.9037125,0.97906625
2343,True,128,15,Covar NN,yhat,1.0090183,0.007964682,1.0090559
2344,True,128,15,Covar NN,fxhat,4.8787775,2.0850062,0.53157943
2345,True,128,15,Covar NN,fzhat,4.8735085,-2.0862346,0.5211855
2346,True,128,16,NN,yhat,1.0199255,-0.015028133,1.0198016
2347,True,128,16,NN,fxhat,8.248153,2.6939154,0.9910716
2348,True,128,16,NN,fzhat,8.371604,-2.7086759,1.0347815
2349,True,128,16,Covar NN,yhat,1.0173097,0.019793186,1.0170195
2350,True,128,16,Covar NN,fxhat,1.6388414,1.1959671,0.20852478
2351,True,128,16,Covar NN,fzhat,1.5943228,-1.1759064,0.21158764
2352,True,128,17,NN,yhat,1.0249572,-0.0058723707,1.0250252
2353,True,128,17,NN,fxhat,9.205832,2.850331,1.081552
2354,True,128,17,NN,fzhat,9.129663,-2.8500128,1.0071895
2355,True,128,17,Covar NN,yhat,1.0252033,0.0061235437,1.0252683
2356,True,128,17,Covar NN,fxhat,3.4568098,1.7409447,0.42596436
2357,True,128,17,Covar NN,fzhat,3.3600621,-1.7286304,0.37193608
2358,True,128,18,NN,yhat,1.0149366,-0.015710397,1.0147914
2359,True,128,18,NN,fxhat,8.768234,2.791154,0.9777901
2360,True,128,18,NN,fzhat,8.835813,-2.7993052,0.9998037
2361,True,128,18,Covar NN,yhat,1.0139016,0.0064712386,1.0139612
2362,True,128,18,Covar NN,fxhat,1.4078174,1.1161824,0.16197051
2363,True,128,18,Covar NN,fzhat,1.3697991,-1.1021515,0.15507677
2364,True,128,19,NN,yhat,1.0001153,-0.020155657,0.9998089
2365,True,128,19,NN,fxhat,9.078701,2.8453028,0.98305
2366,True,128,19,NN,fzhat,9.231845,-2.86949,0.9979723
2367,True,128,19,Covar NN,yhat,0.99633574,0.012742246,0.99627304
2368,True,128,19,Covar NN,fxhat,0.3820581,0.5779022,0.04809202
2369,True,128,19,Covar NN,fzhat,0.36103547,-0.5691918,0.037059866
2370,True,128,20,NN,yhat,1.0073072,0.014104007,1.007209
2371,True,128,20,NN,fxhat,9.262643,2.8719037,1.0149131
2372,True,128,20,NN,fzhat,9.186399,-2.8605144,1.0039563
2373,True,128,20,Covar NN,yhat,1.005556,-0.012382907,1.0055032
2374,True,128,20,Covar NN,fxhat,1.216439,1.0381727,0.13865025
2375,True,128,20,Covar NN,fzhat,1.2405485,-1.0532705,0.13118306
2376,True,128,21,NN,yhat,1.0244738,-5.535927e-05,1.0245762
2377,True,128,21,NN,fxhat,8.67847,2.7690835,1.0107471
2378,True,128,21,NN,fzhat,8.656996,-2.7669437,1.0011185
2379,True,128,21,Covar NN,yhat,1.0189967,-0.026399126,1.0184017
2380,True,128,21,Covar NN,fxhat,0.6955302,0.7772893,0.09136074
2381,True,128,21,Covar NN,fzhat,0.7292456,-0.8014933,0.086862914
2382,True,128,22,NN,yhat,1.0081072,-0.0043917005,1.0081887
2383,True,128,22,NN,fxhat,9.19032,2.8568456,1.0288556
2384,True,128,22,NN,fzhat,9.220636,-2.8650546,1.0121995
2385,True,128,22,Covar NN,yhat,1.0051628,0.0069287894,1.0052153
2386,True,128,22,Covar NN,fxhat,1.5439094,1.169548,0.17608435
2387,True,128,22,Covar NN,fzhat,1.5192516,-1.1664368,0.15869266
2388,True,128,23,NN,yhat,1.0046649,0.015328515,1.0045305
2389,True,128,23,NN,fxhat,8.421841,2.7275631,0.9823388
2390,True,128,23,NN,fzhat,8.3537855,-2.7144976,0.9853874
2391,True,128,23,Covar NN,yhat,1.0016332,0.005261538,1.0017056
2392,True,128,23,Covar NN,fxhat,1.1650697,1.0050132,0.1550336
2393,True,128,23,Covar NN,fzhat,1.1554656,-1.0020142,0.15144828
2394,True,128,24,NN,yhat,1.0462791,-0.0010760544,1.0463825
2395,True,128,24,NN,fxhat,9.20528,2.858398,1.0349452
2396,True,128,24,NN,fzhat,9.072283,-2.8419132,0.99591047
2397,True,128,24,Covar NN,yhat,1.045334,-0.010294419,1.0453324
2398,True,128,24,Covar NN,fxhat,1.9301939,1.3064367,0.22343948
2399,True,128,24,Covar NN,fzhat,1.8858441,-1.2991707,0.19801953
2400,True,256,0,NN,yhat,1.0377522,-0.028484296,1.0370444
2401,True,256,0,NN,fxhat,9.0482645,2.833273,1.0209317
2402,True,256,0,NN,fzhat,9.053047,-2.8365223,1.0072904
2403,True,256,0,Covar NN,yhat,1.0381455,-0.028058117,1.037462
2404,True,256,0,Covar NN,fxhat,4.4552426,1.9900707,0.49491066
2405,True,256,0,Covar NN,fzhat,4.4461346,-1.9928942,0.4745539
2406,True,256,1,NN,yhat,1.0378196,0.01481577,1.0377039
2407,True,256,1,NN,fxhat,8.548852,2.742649,1.0268307
2408,True,256,1,NN,fzhat,8.476725,-2.7320244,1.0128684
2409,True,256,1,Covar NN,yhat,1.0384545,0.023167124,1.0380217
2410,True,256,1,Covar NN,fxhat,8.114156,2.672423,0.972409
2411,True,256,1,Covar NN,fzhat,7.951523,-2.653447,0.9108346
2412,True,256,2,NN,yhat,1.0313044,0.027273584,1.0306636
2413,True,256,2,NN,fxhat,9.242986,2.8685548,1.0144811
2414,True,256,2,NN,fzhat,9.055796,-2.842262,0.9774398
2415,True,256,2,Covar NN,yhat,1.0249838,-0.021710709,1.0246149
2416,True,256,2,Covar NN,fxhat,7.4445796,2.574334,0.817466
2417,True,256,2,Covar NN,fzhat,7.5451946,-2.5970252,0.8007344
2418,True,256,3,NN,yhat,1.0479945,-0.014419577,1.0478915
2419,True,256,3,NN,fxhat,8.259339,2.6965964,0.9878073
2420,True,256,3,NN,fzhat,8.339667,-2.7090173,1.0009942
2421,True,256,3,Covar NN,yhat,1.0477258,0.0051791263,1.0478038
2422,True,256,3,Covar NN,fxhat,2.7429018,1.5401653,0.37082943
2423,True,256,3,Covar NN,fzhat,2.719242,-1.5329883,0.36922634
2424,True,256,4,NN,yhat,1.0339528,0.015801726,1.0338066
2425,True,256,4,NN,fxhat,9.048397,2.8265538,1.0590978
2426,True,256,4,NN,fzhat,9.014722,-2.8271558,1.0220141
2427,True,256,4,Covar NN,yhat,1.036294,0.010186079,1.0362937
2428,True,256,4,Covar NN,fxhat,4.28717,1.9452415,0.50325626
2429,True,256,4,Covar NN,fzhat,4.27305,-1.9514586,0.46490562
2430,True,256,5,NN,yhat,1.0261002,-0.018000275,1.0258788
2431,True,256,5,NN,fxhat,8.724939,2.776265,1.0173944
2432,True,256,5,NN,fzhat,8.767196,-2.7847562,1.0124291
2433,True,256,5,Covar NN,yhat,1.025289,0.011398712,1.0252618
2434,True,256,5,Covar NN,fxhat,3.5673695,1.7732476,0.42300534
2435,True,256,5,Covar NN,fzhat,3.4546108,-1.7523401,0.38395354
2436,True,256,6,NN,yhat,1.0004658,0.034651533,0.9993649
2437,True,256,6,NN,fxhat,8.844686,2.798179,1.0149838
2438,True,256,6,NN,fzhat,8.582045,-2.7549512,0.9923879
2439,True,256,6,Covar NN,yhat,0.9987074,-0.018597579,0.99846154
2440,True,256,6,Covar NN,fxhat,6.24883,2.3516114,0.7188264
2441,True,256,6,Covar NN,fzhat,6.3062415,-2.3616333,0.7290029
2442,True,256,7,NN,yhat,1.0581902,0.029775606,1.0574094
2443,True,256,7,NN,fxhat,9.223807,2.866318,1.008129
2444,True,256,7,NN,fzhat,9.073675,-2.8422325,0.9954887
2445,True,256,7,Covar NN,yhat,1.0571617,0.0027645673,1.0572597
2446,True,256,7,Covar NN,fxhat,7.7097654,2.6144118,0.8747045
2447,True,256,7,Covar NN,fzhat,7.68319,-2.617337,0.83282053
2448,True,256,8,NN,yhat,1.0369699,0.026940878,1.0363477
2449,True,256,8,NN,fxhat,8.932484,2.812219,1.0240105
2450,True,256,8,NN,fzhat,8.821912,-2.7904556,1.0353737
2451,True,256,8,Covar NN,yhat,1.0325668,-0.006451015,1.0326284
2452,True,256,8,Covar NN,fxhat,4.400619,1.9695929,0.52137524
2453,True,256,8,Covar NN,fzhat,4.4604697,-1.9812214,0.5352843
2454,True,256,9,NN,yhat,1.0340303,-0.018456953,1.0337931
2455,True,256,9,NN,fxhat,8.894817,2.8075237,1.0127281
2456,True,256,9,NN,fzhat,8.937638,-2.8185134,0.99372053
2457,True,256,9,Covar NN,yhat,1.0328184,-0.0033664561,1.0329103
2458,True,256,9,Covar NN,fxhat,4.694718,2.0334024,0.5600482
2459,True,256,9,Covar NN,fzhat,4.633431,-2.0293016,0.5154174
2460,True,256,10,NN,yhat,1.0071471,0.001558274,1.0072453
2461,True,256,10,NN,fxhat,8.831216,2.7984266,1.0001222
2462,True,256,10,NN,fzhat,8.89169,-2.8065493,1.0150731
2463,True,256,10,Covar NN,yhat,1.0045276,0.005293819,1.0045999
2464,True,256,10,Covar NN,fxhat,4.8781986,2.0739923,0.5768121
2465,True,256,10,Covar NN,fzhat,4.890417,-2.0783796,0.5708126
2466,True,256,11,NN,yhat,1.048286,0.024189787,1.0478055
2467,True,256,11,NN,fxhat,8.702683,2.7731981,1.0121579
2468,True,256,11,NN,fzhat,8.557069,-2.7511282,0.9884608
2469,True,256,11,Covar NN,yhat,1.053098,0.008880881,1.0531244
2470,True,256,11,Covar NN,fxhat,6.4466367,2.3807497,0.7787461
2471,True,256,11,Covar NN,fzhat,6.3737593,-2.3739889,0.73801005
2472,True,256,12,NN,yhat,1.0374571,-0.032955114,1.0364747
2473,True,256,12,NN,fxhat,8.643642,2.7644386,1.0016227
2474,True,256,12,NN,fzhat,8.800052,-2.7943246,0.99190205
2475,True,256,12,Covar NN,yhat,1.0287529,-0.01670027,1.028577
2476,True,256,12,Covar NN,fxhat,5.399432,2.174126,0.6726765
2477,True,256,12,Covar NN,fzhat,5.423681,-2.1877568,0.6374638
2478,True,256,13,NN,yhat,1.0310004,0.033968236,1.0299495
2479,True,256,13,NN,fxhat,8.728187,2.7731838,1.0377399
2480,True,256,13,NN,fzhat,8.597745,-2.7553308,1.005998
2481,True,256,13,Covar NN,yhat,1.0341046,0.030700812,1.0332655
2482,True,256,13,Covar NN,fxhat,3.3748384,1.7170539,0.42660663
2483,True,256,13,Covar NN,fzhat,3.3195899,-1.7024679,0.42123505
2484,True,256,14,NN,yhat,1.0528922,0.027664242,1.0522321
2485,True,256,14,NN,fxhat,8.630595,2.7429743,1.1067984
2486,True,256,14,NN,fzhat,8.412642,-2.713755,1.0482804
2487,True,256,14,Covar NN,yhat,1.0471053,0.0007290039,1.0472096
2488,True,256,14,Covar NN,fxhat,3.1226842,1.6521058,0.39327016
2489,True,256,14,Covar NN,fzhat,3.1013186,-1.6498222,0.3794434
2490,True,256,15,NN,yhat,1.0226436,0.008377621,1.0226756
2491,True,256,15,NN,fxhat,8.721518,2.7792876,0.9971782
2492,True,256,15,NN,fzhat,8.628252,-2.7660651,0.9772317
2493,True,256,15,Covar NN,yhat,1.0294205,0.027882826,1.0287459
2494,True,256,15,Covar NN,fxhat,3.0482314,1.6330676,0.38135988
2495,True,256,15,Covar NN,fzhat,2.8896186,-1.6003407,0.32856095
2496,True,256,16,NN,yhat,1.0362976,-0.044676725,1.034405
2497,True,256,16,NN,fxhat,8.447845,2.7305667,0.99194896
2498,True,256,16,NN,fzhat,8.702907,-2.777682,0.98748827
2499,True,256,16,Covar NN,yhat,1.0364333,-0.020526495,1.0361155
2500,True,256,16,Covar NN,fxhat,3.7630978,1.8184558,0.45636165
2501,True,256,16,Covar NN,fzhat,3.8312573,-1.8414207,0.4404714
2502,True,256,17,NN,yhat,1.0546758,-0.0025109395,1.0547749
2503,True,256,17,NN,fxhat,8.958199,2.8060298,1.0845016
2504,True,256,17,NN,fzhat,8.904628,-2.8113327,1.0011374
2505,True,256,17,Covar NN,yhat,1.0508487,0.0058369217,1.0509198
2506,True,256,17,Covar NN,fxhat,4.634946,2.020698,0.55178106
2507,True,256,17,Covar NN,fzhat,4.5910673,-2.0176525,0.52019775
2508,True,256,18,NN,yhat,1.0472875,0.024150008,1.0468088
2509,True,256,18,NN,fxhat,8.653867,2.7590246,1.0417538
2510,True,256,18,NN,fzhat,8.546979,-2.7455325,1.0091311
2511,True,256,18,Covar NN,yhat,1.0491879,0.011663908,1.0491567
2512,True,256,18,Covar NN,fxhat,4.9996896,2.093989,0.6149614
2513,True,256,18,Covar NN,fzhat,4.9706655,-2.0929825,0.59014845
2514,True,256,19,NN,yhat,1.0279725,-0.040781558,1.0264119
2515,True,256,19,NN,fxhat,8.352218,2.7088056,1.0146921
2516,True,256,19,NN,fzhat,8.553963,-2.747368,1.0060326
2517,True,256,19,Covar NN,yhat,1.0298059,-0.015466513,1.0296696
2518,True,256,19,Covar NN,fxhat,2.0976617,1.3538561,0.26476178
2519,True,256,19,Covar NN,fzhat,2.1330593,-1.3671035,0.2641146
2520,True,256,20,NN,yhat,1.036866,-0.00068753434,1.0369691
2521,True,256,20,NN,fxhat,8.914778,2.8084617,1.0274231
2522,True,256,20,NN,fzhat,8.9045925,-2.8087008,1.0158948
2523,True,256,20,Covar NN,yhat,1.0509987,-0.018864322,1.0507479
2524,True,256,20,Covar NN,fxhat,16.438114,3.8353083,1.7286946
2525,True,256,20,Covar NN,fzhat,16.67691,-3.8537247,1.8259034
2526,True,256,21,NN,yhat,1.0281923,-0.028998185,1.0274541
2527,True,256,21,NN,fxhat,8.392025,2.7245586,0.96890306
2528,True,256,21,NN,fzhat,8.567677,-2.7534986,0.98602223
2529,True,256,21,Covar NN,yhat,1.0323344,-0.05302518,1.0296258
2530,True,256,21,Covar NN,fxhat,4.7974324,2.062062,0.5453878
2531,True,256,21,Covar NN,fzhat,4.997418,-2.1150281,0.52412546
2532,True,256,22,NN,yhat,1.052706,-0.058032002,1.0494432
2533,True,256,22,NN,fxhat,8.566685,2.752226,0.9920344
2534,True,256,22,NN,fzhat,8.823089,-2.801675,0.9738028
2535,True,256,22,Covar NN,yhat,1.0506605,0.011430478,1.0506349
2536,True,256,22,Covar NN,fxhat,8.04044,2.6705306,0.90879714
2537,True,256,22,Covar NN,fzhat,7.8803916,-2.6505165,0.85523885
2538,True,256,23,NN,yhat,1.0285523,-0.019748483,1.0282652
2539,True,256,23,NN,fxhat,8.907935,2.8035743,1.0480113
2540,True,256,23,NN,fzhat,8.9866495,-2.8243165,1.0099881
2541,True,256,23,Covar NN,yhat,1.0311615,-0.041226033,1.029565
2542,True,256,23,Covar NN,fxhat,3.866812,1.8414418,0.47595164
2543,True,256,23,Covar NN,fzhat,3.9940245,-1.8836623,0.44588587
2544,True,256,24,NN,yhat,1.041535,-0.04920329,1.039218
2545,True,256,24,NN,fxhat,8.571938,2.7490513,1.0147545
2546,True,256,24,NN,fzhat,8.772781,-2.784425,1.01986
2547,True,256,24,Covar NN,yhat,1.0445534,-0.015622961,1.0444137
2548,True,256,24,Covar NN,fxhat,4.3121843,1.922441,0.6164662
2549,True,256,24,Covar NN,fzhat,4.261125,-1.9242351,0.55850077
2550,True,512,0,NN,yhat,1.0892307,-0.033858053,1.088193
2551,True,512,0,NN,fxhat,8.582734,2.744502,1.0505497
2552,True,512,0,NN,fzhat,8.64376,-2.7687745,0.9777456
2553,True,512,0,Covar NN,yhat,1.0908024,0.021223238,1.090461
2554,True,512,0,Covar NN,fxhat,6.8246922,2.464199,0.75249213
2555,True,512,0,Covar NN,fzhat,6.588337,-2.4333901,0.667017
2556,True,512,1,NN,yhat,1.0754106,0.07728676,1.0695443
2557,True,512,1,NN,fxhat,9.252771,2.851871,1.1197134
2558,True,512,1,NN,fzhat,8.719781,-2.778851,0.9978664
2559,True,512,1,Covar NN,yhat,1.074157,0.06083147,1.0705637
2560,True,512,1,Covar NN,fxhat,3.4776878,1.721151,0.5153781
2561,True,512,1,Covar NN,fzhat,3.1411679,-1.6645854,0.37036029
2562,True,512,2,NN,yhat,1.0633572,0.0032995937,1.0634527
2563,True,512,2,NN,fxhat,8.915906,2.8063557,1.0403798
2564,True,512,2,NN,fzhat,8.803949,-2.7947032,0.99368066
2565,True,512,2,Covar NN,yhat,1.0627522,-0.050922714,1.0602652
2566,True,512,2,Covar NN,fxhat,5.703824,2.2595296,0.59841
2567,True,512,2,Covar NN,fzhat,5.8503904,-2.3020992,0.5507854
2568,True,512,3,NN,yhat,1.0636754,0.0053550275,1.0637531
2569,True,512,3,NN,fxhat,9.053381,2.8179655,1.1125629
2570,True,512,3,NN,fzhat,8.8355465,-2.7964857,1.015315
2571,True,512,3,Covar NN,yhat,1.0728449,-0.052187867,1.0702282
2572,True,512,3,Covar NN,fxhat,9.753613,2.9068968,1.3036939
2573,True,512,3,Covar NN,fzhat,9.9198885,-2.9429605,1.2589976
2574,True,512,4,NN,yhat,1.0486785,-0.029622158,1.0479058
2575,True,512,4,NN,fxhat,8.861564,2.7992089,1.026096
2576,True,512,4,NN,fzhat,8.865506,-2.8009708,1.02017
2577,True,512,4,Covar NN,yhat,1.0531666,-0.049765773,1.0507951
2578,True,512,4,Covar NN,fxhat,10.482182,3.0369406,1.2592981
2579,True,512,4,Covar NN,fzhat,10.586692,-3.0588458,1.2302778
2580,True,512,5,NN,yhat,1.0552133,-0.036077373,1.0540172
2581,True,512,5,NN,fxhat,8.663209,2.7622054,1.0335335
2582,True,512,5,NN,fzhat,8.847356,-2.8007712,1.0031363
2583,True,512,5,Covar NN,yhat,1.0573821,0.07836892,1.0513457
2584,True,512,5,Covar NN,fxhat,7.2450023,2.4989913,1.0001462
2585,True,512,5,Covar NN,fzhat,6.7900033,-2.4231107,0.91862875
2586,True,512,6,NN,yhat,1.0667732,0.028675724,1.0660574
2587,True,512,6,NN,fxhat,9.195177,2.85066,1.0690211
2588,True,512,6,NN,fzhat,8.989901,-2.82636,1.0016918
2589,True,512,6,Covar NN,yhat,1.0453241,-0.011077278,1.0453061
2590,True,512,6,Covar NN,fxhat,9.078356,2.8439724,0.99027574
2591,True,512,6,Covar NN,fzhat,9.152021,-2.8594253,0.97580767
2592,True,512,7,NN,yhat,1.0870353,-0.033839017,1.0859988
2593,True,512,7,NN,fxhat,8.6821375,2.7649348,1.0373771
2594,True,512,7,NN,fzhat,8.860728,-2.8001096,1.0202156
2595,True,512,7,Covar NN,yhat,1.103928,-0.0369389,1.1026739
2596,True,512,7,Covar NN,fxhat,8.138184,2.6642277,1.0401785
2597,True,512,7,Covar NN,fzhat,8.23074,-2.7025025,0.92731315
2598,True,512,8,NN,yhat,1.0394205,0.0025279403,1.039518
2599,True,512,8,NN,fxhat,8.564982,2.765966,0.9145052
2600,True,512,8,NN,fzhat,8.68524,-2.7768052,0.9746892
2601,True,512,8,Covar NN,yhat,1.0495996,0.017745322,1.0493896
2602,True,512,8,Covar NN,fxhat,9.187013,2.8656342,0.97525114
2603,True,512,8,Covar NN,fzhat,9.143407,-2.8612552,0.9567211
2604,True,512,9,NN,yhat,1.0165333,0.022032833,1.0161494
2605,True,512,9,NN,fxhat,9.205844,2.8405907,1.137001
2606,True,512,9,NN,fzhat,8.943502,-2.8153286,1.0175285
2607,True,512,9,Covar NN,yhat,1.0223358,0.03835341,1.0209669
2608,True,512,9,Covar NN,fxhat,4.437396,1.9410129,0.6699312
2609,True,512,9,Covar NN,fzhat,4.222655,-1.8994309,0.6148782
2610,True,512,10,NN,yhat,1.085067,-0.022663672,1.0846618
2611,True,512,10,NN,fxhat,8.929427,2.8141692,1.0099802
2612,True,512,10,NN,fzhat,9.010384,-2.8281417,1.0121013
2613,True,512,10,Covar NN,yhat,1.0837657,-0.074918345,1.0782608
2614,True,512,10,Covar NN,fxhat,4.5952544,2.0027325,0.58437556
2615,True,512,10,Covar NN,fzhat,4.811983,-2.0689588,0.53144485
2616,True,512,11,NN,yhat,1.0368215,0.08081406,1.0303936
2617,True,512,11,NN,fxhat,9.613759,2.9158154,1.1118928
2618,True,512,11,NN,fzhat,9.0750675,-2.841031,1.0037103
2619,True,512,11,Covar NN,yhat,1.0604914,0.101477414,1.0502988
2620,True,512,11,Covar NN,fxhat,9.949814,2.9594052,1.1918525
2621,True,512,11,Covar NN,fzhat,9.271287,-2.863957,1.0691446
2622,True,512,12,NN,yhat,1.0521578,0.034517415,1.0510716
2623,True,512,12,NN,fxhat,8.855401,2.7928157,1.0556866
2624,True,512,12,NN,fzhat,8.738486,-2.7819495,0.9993424
2625,True,512,12,Covar NN,yhat,1.0576563,-5.314808e-05,1.0577621
2626,True,512,12,Covar NN,fxhat,3.5487454,1.769208,0.41869
2627,True,512,12,Covar NN,fzhat,3.587036,-1.7929124,0.37253904
2628,True,512,13,NN,yhat,1.0550641,-0.046968188,1.0529634
2629,True,512,13,NN,fxhat,8.337815,2.7059538,1.0157301
2630,True,512,13,NN,fzhat,8.672693,-2.7715058,0.9915457
2631,True,512,13,Covar NN,yhat,1.0564841,0.006371755,1.0565492
2632,True,512,13,Covar NN,fxhat,12.136339,3.291843,1.3002386
2633,True,512,13,Covar NN,fzhat,12.188244,-3.3040543,1.2715956
2634,True,512,14,NN,yhat,1.0614351,0.034010723,1.0603844
2635,True,512,14,NN,fxhat,8.843668,2.7903833,1.0575354
2636,True,512,14,NN,fzhat,8.580117,-2.7534192,0.9989001
2637,True,512,14,Covar NN,yhat,1.0653241,-0.011999782,1.0652865
2638,True,512,14,Covar NN,fxhat,2.8281305,1.5706301,0.3612879
2639,True,512,14,Covar NN,fzhat,2.810257,-1.5796773,0.31490815
2640,True,512,15,NN,yhat,1.0633683,-0.06453707,1.0593092
2641,True,512,15,NN,fxhat,8.738754,2.785705,0.9787
2642,True,512,15,NN,fzhat,9.135194,-2.8496814,1.0146115
2643,True,512,15,Covar NN,yhat,1.0589043,-0.019070016,1.0586466
2644,True,512,15,Covar NN,fxhat,5.1094933,2.115429,0.6345169
2645,True,512,15,Covar NN,fzhat,5.1592116,-2.1339386,0.6055787
2646,True,512,16,NN,yhat,1.0513985,-0.037519872,1.0500958
2647,True,512,16,NN,fxhat,8.946268,2.8005896,1.1030765
2648,True,512,16,NN,fzhat,8.991371,-2.8247876,1.0120457
2649,True,512,16,Covar NN,yhat,1.0503049,-0.01349654,1.0502278
2650,True,512,16,Covar NN,fxhat,5.022359,2.1152096,0.5483028
2651,True,512,16,Covar NN,fzhat,4.9585457,-2.1153848,0.4837414
2652,True,512,17,NN,yhat,1.071638,0.05533642,1.0686828
2653,True,512,17,NN,fxhat,8.965292,2.81485,1.0420157
2654,True,512,17,NN,fzhat,8.682436,-2.7737613,0.98878306
2655,True,512,17,Covar NN,yhat,1.0735309,0.023977552,1.0730633
2656,True,512,17,Covar NN,fxhat,6.250658,2.3266401,0.8374877
2657,True,512,17,Covar NN,fzhat,6.1339736,-2.316911,0.7659742
2658,True,512,18,NN,yhat,1.0561106,0.076154,1.0504164
2659,True,512,18,NN,fxhat,9.406019,2.889636,1.0561291
2660,True,512,18,NN,fzhat,9.01712,-2.82958,1.0106964
2661,True,512,18,Covar NN,yhat,1.055357,0.023924686,1.0548902
2662,True,512,18,Covar NN,fxhat,2.5573475,1.4742955,0.38383874
2663,True,512,18,Covar NN,fzhat,2.477272,-1.4664688,0.3267735
2664,True,512,19,NN,yhat,1.053874,-0.032655135,1.052913
2665,True,512,19,NN,fxhat,8.359233,2.7125368,1.0014788
2666,True,512,19,NN,fzhat,8.531426,-2.7435334,1.0045524
2667,True,512,19,Covar NN,yhat,1.0516415,-0.014774704,1.0515283
2668,True,512,19,Covar NN,fxhat,2.2664814,1.390311,0.3335501
2669,True,512,19,Covar NN,fzhat,2.281475,-1.4034266,0.31189978
2670,True,512,20,NN,yhat,1.0951469,0.03008005,1.0943515
2671,True,512,20,NN,fxhat,9.293991,2.8619254,1.1034863
2672,True,512,20,NN,fzhat,9.022335,-2.8305824,1.0102383
2673,True,512,20,Covar NN,yhat,1.0936178,0.057213966,1.0904533
2674,True,512,20,Covar NN,fxhat,4.832945,2.0272093,0.72343993
2675,True,512,20,Covar NN,fzhat,4.5196047,-1.9687322,0.6437631
2676,True,512,21,NN,yhat,1.0801535,-0.07898875,1.0740216
2677,True,512,21,NN,fxhat,8.657523,2.767826,0.996761
2678,True,512,21,NN,fzhat,9.08054,-2.8431013,0.9974146
2679,True,512,21,Covar NN,yhat,1.0797279,-0.040446743,1.0781997
2680,True,512,21,Covar NN,fxhat,4.558422,1.9966769,0.5717604
2681,True,512,21,Covar NN,fzhat,4.650202,-2.03341,0.51549643
2682,True,512,22,NN,yhat,1.061823,-0.004603854,1.061908
2683,True,512,22,NN,fxhat,8.628875,2.7498524,1.0672923
2684,True,512,22,NN,fzhat,8.578686,-2.754769,0.99003226
2685,True,512,22,Covar NN,yhat,1.074434,0.018821193,1.0741872
2686,True,512,22,Covar NN,fxhat,11.772173,3.1976302,1.5474914
2687,True,512,22,Covar NN,fzhat,11.594163,-3.179122,1.4874929
2688,True,512,23,NN,yhat,1.0791564,0.02563596,1.0786071
2689,True,512,23,NN,fxhat,8.975266,2.8207068,1.0189813
2690,True,512,23,NN,fzhat,8.905448,-2.811753,0.999593
2691,True,512,23,Covar NN,yhat,1.0759691,0.033097386,1.0749811
2692,True,512,23,Covar NN,fxhat,5.6650276,2.2227976,0.72427124
2693,True,512,23,Covar NN,fzhat,5.6059017,-2.2063816,0.7378561
2694,True,512,24,NN,yhat,1.0498219,0.03414493,1.048761
2695,True,512,24,NN,fxhat,8.946731,2.807696,1.0636793
2696,True,512,24,NN,fzhat,8.69619,-2.7781491,0.9781756
2697,True,512,24,Covar NN,yhat,1.0488749,0.010252431,1.0488745
2698,True,512,24,Covar NN,fxhat,7.35402,2.555133,0.82539755
2699,True,512,24,Covar NN,fzhat,7.2804236,-2.5494785,0.7806603
2700,True,1024,0,NN,yhat,1.09468,0.0012469429,1.0947878
2701,True,1024,0,NN,fxhat,8.829293,2.775064,1.1284243
2702,True,1024,0,NN,fzhat,8.667357,-2.7669983,1.0111806
2703,True,1024,0,Covar NN,yhat,1.1034406,-0.013967316,1.103356
2704,True,1024,0,Covar NN,fxhat,6.9509764,2.4330041,1.0315698
2705,True,1024,0,Covar NN,fzhat,6.9032984,-2.4401536,0.94904315
2706,True,1024,1,NN,yhat,1.1337967,-0.018551715,1.1335658
2707,True,1024,1,NN,fxhat,8.745067,2.7674215,1.086554
2708,True,1024,1,NN,fzhat,8.758008,-2.7875547,0.98764396
2709,True,1024,1,Covar NN,yhat,1.129371,0.08402851,1.1224226
2710,True,1024,1,Covar NN,fxhat,6.929457,2.445602,0.948583
2711,True,1024,1,Covar NN,fzhat,6.4710917,-2.3631556,0.8866763
2712,True,1024,2,NN,yhat,1.1180484,0.0001239132,1.1181602
2713,True,1024,2,NN,fxhat,8.99158,2.79595,1.1743615
2714,True,1024,2,NN,fzhat,8.892829,-2.8031447,1.035312
2715,True,1024,2,Covar NN,yhat,1.131665,-0.06784427,1.1271749
2716,True,1024,2,Covar NN,fxhat,5.597971,2.227352,0.636937
2717,True,1024,2,Covar NN,fzhat,5.847536,-2.3025148,0.5460161
2718,True,1024,3,NN,yhat,1.0877408,0.0024586387,1.0878437
2719,True,1024,3,NN,fxhat,8.929906,2.801662,1.0807049
2720,True,1024,3,NN,fzhat,8.887061,-2.806861,1.0086942
2721,True,1024,3,Covar NN,yhat,1.0846734,-0.003009591,1.084773
2722,True,1024,3,Covar NN,fxhat,8.789955,2.7665064,1.1365093
2723,True,1024,3,Covar NN,fzhat,8.777899,-2.7771733,1.0653142
2724,True,1024,4,NN,yhat,1.1313943,0.01790589,1.1311868
2725,True,1024,4,NN,fxhat,9.04221,2.8045359,1.1769043
2726,True,1024,4,NN,fzhat,8.827629,-2.7926073,1.0290755
2727,True,1024,4,Covar NN,yhat,1.1232609,0.014564022,1.1231611
2728,True,1024,4,Covar NN,fxhat,16.851831,3.8756335,1.8314818
2729,True,1024,4,Covar NN,fzhat,16.6768,-3.8670454,1.7229341
2730,True,1024,5,NN,yhat,1.0872494,-0.05733815,1.0840702
2731,True,1024,5,NN,fxhat,8.612912,2.7381952,1.1153123
2732,True,1024,5,NN,fzhat,8.8661175,-2.8036036,1.0060236
2733,True,1024,5,Covar NN,yhat,1.0802772,-0.008316346,1.0803161
2734,True,1024,5,Covar NN,fxhat,6.177275,2.3220642,0.7853706
2735,True,1024,5,Covar NN,fzhat,6.217955,-2.338452,0.7496707
2736,True,1024,6,NN,yhat,1.0966243,-0.055267055,1.0936792
2737,True,1024,6,NN,fxhat,8.896227,2.8024,1.0428845
2738,True,1024,6,NN,fzhat,9.050863,-2.835614,1.0102581
2739,True,1024,6,Covar NN,yhat,1.1025286,-0.041759923,1.1008948
2740,True,1024,6,Covar NN,fxhat,14.41768,3.5803277,1.5990915
2741,True,1024,6,Covar NN,fzhat,14.4521675,-3.6000335,1.492075
2742,True,1024,7,NN,yhat,1.12964,-0.111095615,1.1174096
2743,True,1024,7,NN,fxhat,8.080944,2.674922,0.9258294
2744,True,1024,7,NN,fzhat,8.768857,-2.7872014,1.0004652
2745,True,1024,7,Covar NN,yhat,1.1163912,-0.059968956,1.1129062
2746,True,1024,7,Covar NN,fxhat,6.1429715,2.290217,0.8979673
2747,True,1024,7,Covar NN,fzhat,6.3874645,-2.35137,0.8586091
2748,True,1024,8,NN,yhat,1.1032121,-0.0686389,1.0986106
2749,True,1024,8,NN,fxhat,8.630536,2.7273655,1.1921339
2750,True,1024,8,NN,fzhat,8.826706,-2.798053,0.997705
2751,True,1024,8,Covar NN,yhat,1.1216682,-0.041934066,1.1200218
2752,True,1024,8,Covar NN,fxhat,6.552651,2.407037,0.75889987
2753,True,1024,8,Covar NN,fzhat,6.6376133,-2.45102,0.63017607
2754,True,1024,9,NN,yhat,1.0918756,-0.0675487,1.0874215
2755,True,1024,9,NN,fxhat,8.847673,2.7937374,1.0428084
2756,True,1024,9,NN,fzhat,9.149939,-2.8542109,1.0035179
2757,True,1024,9,Covar NN,yhat,1.0869108,0.03983793,1.0854323
2758,True,1024,9,Covar NN,fxhat,6.23218,2.3262746,0.8207093
2759,True,1024,9,Covar NN,fzhat,5.9272256,-2.2793634,0.7318028
2760,True,1024,10,NN,yhat,1.0823672,-0.03118519,1.0815028
2761,True,1024,10,NN,fxhat,8.729503,2.7732627,1.0386211
2762,True,1024,10,NN,fzhat,8.88205,-2.807536,0.99989146
2763,True,1024,10,Covar NN,yhat,1.0848227,0.06523831,1.0806746
2764,True,1024,10,Covar NN,fxhat,8.530992,2.7363305,1.043591
2765,True,1024,10,Covar NN,fzhat,8.087499,-2.6741788,0.9363583
2766,True,1024,11,NN,yhat,1.0757822,0.01915088,1.0755231
2767,True,1024,11,NN,fxhat,8.975963,2.8062606,1.1009743
2768,True,1024,11,NN,fzhat,8.773334,-2.784995,1.0172362
2769,True,1024,11,Covar NN,yhat,1.0889467,0.027775422,1.088284
2770,True,1024,11,Covar NN,fxhat,6.926924,2.4921978,0.7159478
2771,True,1024,11,Covar NN,fzhat,6.7140346,-2.4623084,0.65113777
2772,True,1024,12,NN,yhat,1.0632937,-0.030981116,1.0624402
2773,True,1024,12,NN,fxhat,8.687848,2.766007,1.0371575
2774,True,1024,12,NN,fzhat,8.76806,-2.7883227,0.9934165
2775,True,1024,12,Covar NN,yhat,1.0589867,-0.046736713,1.056908
2776,True,1024,12,Covar NN,fxhat,13.776073,3.5133235,1.4327778
2777,True,1024,12,Covar NN,fzhat,13.9927845,-3.5513937,1.3805265
2778,True,1024,13,NN,yhat,1.0969325,0.08204658,1.09031
2779,True,1024,13,NN,fxhat,9.308454,2.8524992,1.1718191
2780,True,1024,13,NN,fzhat,8.7777605,-2.7851155,1.020995
2781,True,1024,13,Covar NN,yhat,1.0972462,0.008098663,1.0972904
2782,True,1024,13,Covar NN,fxhat,6.0065713,2.3147907,0.6483803
2783,True,1024,13,Covar NN,fzhat,5.9397416,-2.3213553,0.55110663
2784,True,1024,14,NN,yhat,1.0854712,-0.0057211877,1.085547
2785,True,1024,14,NN,fxhat,8.859385,2.7934818,1.0559489
2786,True,1024,14,NN,fzhat,8.889495,-2.8069544,1.0106039
2787,True,1024,14,Covar NN,yhat,1.086849,0.054514416,1.0839856
2788,True,1024,14,Covar NN,fxhat,10.817584,3.1022158,1.1939598
2789,True,1024,14,Covar NN,fzhat,10.349992,-3.055452,1.0143052
2790,True,1024,15,NN,yhat,1.0997844,-0.019448282,1.099516
2791,True,1024,15,NN,fxhat,8.748086,2.764716,1.1045411
2792,True,1024,15,NN,fzhat,8.714107,-2.7802572,0.9843756
2793,True,1024,15,Covar NN,yhat,1.1021591,0.0019069199,1.1022657
2794,True,1024,15,Covar NN,fxhat,10.542915,3.0631528,1.1601261
2795,True,1024,15,Covar NN,fzhat,10.467583,-3.05734,1.1203685
2796,True,1024,16,NN,yhat,1.1148211,0.11533715,1.1016287
2797,True,1024,16,NN,fxhat,9.793922,2.9385614,1.1588954
2798,True,1024,16,NN,fzhat,8.967316,-2.8215353,1.0063546
2799,True,1024,16,Covar NN,yhat,1.1126752,-0.07342001,1.1073954
2800,True,1024,16,Covar NN,fxhat,5.701912,2.253874,0.62202597
2801,True,1024,16,Covar NN,fzhat,5.9741745,-2.325606,0.56578726
2802,True,1024,17,NN,yhat,1.0816416,-0.043976665,1.0798155
2803,True,1024,17,NN,fxhat,8.57606,2.7465587,1.0325785
2804,True,1024,17,NN,fzhat,8.74075,-2.7869537,0.9737358
2805,True,1024,17,Covar NN,yhat,1.0953153,-0.05603749,1.0922843
2806,True,1024,17,Covar NN,fxhat,2.8693235,1.552892,0.45789585
2807,True,1024,17,Covar NN,fzhat,2.9536653,-1.605348,0.37656042
2808,True,1024,18,NN,yhat,1.1006792,0.09701698,1.0913761
2809,True,1024,18,NN,fxhat,9.456074,2.8956358,1.0714717
2810,True,1024,18,NN,fzhat,8.849418,-2.8040214,0.9869817
2811,True,1024,18,Covar NN,yhat,1.0917978,-0.017240923,1.0916098
2812,True,1024,18,Covar NN,fxhat,4.501863,1.9842873,0.5645232
2813,True,1024,18,Covar NN,fzhat,4.516702,-2.006931,0.48897856
2814,True,1024,19,NN,yhat,1.0532528,0.059439696,1.0498247
2815,True,1024,19,NN,fxhat,9.030946,2.806386,1.1552583
2816,True,1024,19,NN,fzhat,8.667601,-2.769682,0.9965612
2817,True,1024,19,Covar NN,yhat,1.0619783,-0.0063669747,1.0620439
2818,True,1024,19,Covar NN,fxhat,9.254536,2.8430328,1.1718174
2819,True,1024,19,Covar NN,fzhat,9.284268,-2.8721352,1.0352098
2820,True,1024,20,NN,yhat,1.088684,-0.011023704,1.0886712
2821,True,1024,20,NN,fxhat,8.760727,2.7685347,1.0960517
2822,True,1024,20,NN,fzhat,8.765598,-2.7830658,1.0202459
2823,True,1024,20,Covar NN,yhat,1.0895733,0.035189357,1.0884438
2824,True,1024,20,Covar NN,fxhat,0.9501566,0.8382579,0.24750501
2825,True,1024,20,Covar NN,fzhat,0.8092445,-0.8065763,0.15869506
2826,True,1024,21,NN,yhat,1.0654131,0.015007987,1.0652943
2827,True,1024,21,NN,fxhat,8.971313,2.8065634,1.0946238
2828,True,1024,21,NN,fzhat,8.759944,-2.7859457,0.9985506
2829,True,1024,21,Covar NN,yhat,1.0695231,0.020458858,1.0692115
2830,True,1024,21,Covar NN,fxhat,8.468475,2.6874752,1.2460766
2831,True,1024,21,Covar NN,fzhat,8.201071,-2.6614068,1.1180967
2832,True,1024,22,NN,yhat,1.1066015,0.032408956,1.1056616
2833,True,1024,22,NN,fxhat,9.203666,2.8462353,1.1027213
2834,True,1024,22,NN,fzhat,9.005001,-2.828727,1.0034051
2835,True,1024,22,Covar NN,yhat,1.0997068,0.04851174,1.0974631
2836,True,1024,22,Covar NN,fxhat,4.4315863,1.9477557,0.63789797
2837,True,1024,22,Covar NN,fzhat,4.223171,-1.9141443,0.55927855
2838,True,1024,23,NN,yhat,1.0745716,-0.010719852,1.0745641
2839,True,1024,23,NN,fxhat,8.864001,2.7868335,1.0976709
2840,True,1024,23,NN,fzhat,8.930393,-2.8165817,0.9973618
2841,True,1024,23,Covar NN,yhat,1.0849113,0.032523695,1.083962
2842,True,1024,23,Covar NN,fxhat,7.3236094,2.5564413,0.78829545
2843,True,1024,23,Covar NN,fzhat,7.175201,-2.5429473,0.70869106
2844,True,1024,24,NN,yhat,1.0820016,0.033652216,1.0809772
2845,True,1024,24,NN,fxhat,8.943066,2.7909396,1.1538393
2846,True,1024,24,NN,fzhat,8.6378565,-2.758093,1.0308813
2847,True,1024,24,Covar NN,yhat,1.0928982,-0.048237983,1.0906805
2848,True,1024,24,Covar NN,fxhat,6.9910874,2.4945257,0.76850593
2849,True,1024,24,Covar NN,fzhat,7.1865373,-2.5435698,0.7168625
2850,True,2048,0,NN,yhat,1.1446465,0.008825589,1.144683
2851,True,2048,0,NN,fxhat,9.200136,2.8283381,1.2007604
2852,True,2048,0,NN,fzhat,8.895119,-2.8058715,1.0223068
2853,True,2048,0,Covar NN,yhat,1.144283,-0.096926585,1.1350019
2854,True,2048,0,Covar NN,fxhat,1.4866608,1.0726793,0.3360534
2855,True,2048,0,Covar NN,fzhat,1.5546472,-1.1559666,0.2184105
2856,True,2048,1,NN,yhat,1.1351445,0.019411998,1.1348813
2857,True,2048,1,NN,fxhat,9.273789,2.8501737,1.1504136
2858,True,2048,1,NN,fzhat,9.014028,-2.8267038,1.0238744
2859,True,2048,1,Covar NN,yhat,1.1516135,0.033875193,1.1505811
2860,True,2048,1,Covar NN,fxhat,9.006564,2.8200903,1.0537604
2861,True,2048,1,Covar NN,fzhat,8.614207,-2.7821562,0.87390137
2862,True,2048,2,NN,yhat,1.1595683,-0.026371328,1.158989
2863,True,2048,2,NN,fxhat,8.939969,2.7958677,1.123206
2864,True,2048,2,NN,fzhat,8.965206,-2.8234262,0.99356997
2865,True,2048,2,Covar NN,yhat,1.124777,0.007506672,1.1248331
2866,True,2048,2,Covar NN,fxhat,6.4124327,2.3267782,0.9986365
2867,True,2048,2,Covar NN,fzhat,6.2598987,-2.3204575,0.87546337
2868,True,2048,3,NN,yhat,1.1130525,0.09653812,1.1038433
2869,True,2048,3,NN,fxhat,9.517484,2.879474,1.2262344
2870,True,2048,3,NN,fzhat,8.896018,-2.8063688,1.0204158
2871,True,2048,3,Covar NN,yhat,1.1279359,0.06441374,1.1238991
2872,True,2048,3,Covar NN,fxhat,10.290379,2.979408,1.4136472
2873,True,2048,3,Covar NN,fzhat,9.861048,-2.938426,1.2268236
2874,True,2048,4,NN,yhat,1.1310613,0.005252652,1.1311468
2875,True,2048,4,NN,fxhat,9.132273,2.8301442,1.122669
2876,True,2048,4,NN,fzhat,8.936383,-2.8130233,1.0233842
2877,True,2048,4,Covar NN,yhat,1.1487019,-0.03488227,1.1475999
2878,True,2048,4,Covar NN,fxhat,5.5631785,2.1910157,0.7627061
2879,True,2048,4,Covar NN,fzhat,5.53657,-2.214029,0.6347089
2880,True,2048,5,NN,yhat,1.1262153,0.020856053,1.125893
2881,True,2048,5,NN,fxhat,9.115313,2.8095715,1.2217425
2882,True,2048,5,NN,fzhat,8.7818575,-2.7886224,1.0055442
2883,True,2048,5,Covar NN,yhat,1.121782,-0.002180004,1.1218894
2884,True,2048,5,Covar NN,fxhat,10.111187,2.9965615,1.131918
2885,True,2048,5,Covar NN,fzhat,9.950649,-2.9986472,0.9588597
2886,True,2048,6,NN,yhat,1.1749678,0.0026198772,1.1750784
2887,True,2048,6,NN,fxhat,8.8845625,2.7878597,1.1125135
2888,True,2048,6,NN,fzhat,8.784452,-2.7905748,0.9972459
2889,True,2048,6,Covar NN,yhat,1.1502973,0.031361915,1.1494287
2890,True,2048,6,Covar NN,fxhat,13.820953,3.495502,1.6025782
2891,True,2048,6,Covar NN,fzhat,13.523389,-3.4694743,1.4862857
2892,True,2048,7,NN,yhat,1.1003847,-7.804871e-06,1.1004947
2893,True,2048,7,NN,fxhat,8.954441,2.7982528,1.1243343
2894,True,2048,7,NN,fzhat,8.753924,-2.7845638,1.00023
2895,True,2048,7,Covar NN,yhat,1.1140053,0.027021851,1.1133866
2896,True,2048,7,Covar NN,fxhat,1.6101743,1.1199259,0.35597613
2897,True,2048,7,Covar NN,fzhat,1.3801491,-1.0792049,0.2154874
2898,True,2048,8,NN,yhat,1.144667,0.06438819,1.1406351
2899,True,2048,8,NN,fxhat,9.117974,2.8216212,1.156545
2900,True,2048,8,NN,fzhat,8.735025,-2.7782674,1.0163584
2901,True,2048,8,Covar NN,yhat,1.1247846,0.044033237,1.122958
2902,True,2048,8,Covar NN,fxhat,9.466115,2.899424,1.0595597
2903,True,2048,8,Covar NN,fzhat,9.204486,-2.8764243,0.93076223
2904,True,2048,9,NN,yhat,1.0937254,-0.056946862,1.0905915
2905,True,2048,9,NN,fxhat,8.652914,2.7511456,1.0842195
2906,True,2048,9,NN,fzhat,8.833119,-2.7964704,1.0129731
2907,True,2048,9,Covar NN,yhat,1.1050283,-0.017620426,1.1048282
2908,True,2048,9,Covar NN,fxhat,12.5723505,3.3134074,1.5938414
2909,True,2048,9,Covar NN,fzhat,12.512363,-3.3194063,1.4940568
2910,True,2048,10,NN,yhat,1.1592491,0.08085737,1.1528264
2911,True,2048,10,NN,fxhat,9.463666,2.8775706,1.1833723
2912,True,2048,10,NN,fzhat,8.837595,-2.8009913,0.99214303
2913,True,2048,10,Covar NN,yhat,1.1778642,0.033702575,1.176846
2914,True,2048,10,Covar NN,fxhat,3.1968074,1.6187363,0.5765578
2915,True,2048,10,Covar NN,fzhat,2.9589353,-1.5893124,0.43306494
2916,True,2048,11,NN,yhat,1.1868505,0.02724971,1.1862265
2917,True,2048,11,NN,fxhat,9.195694,2.8184786,1.2519962
2918,True,2048,11,NN,fzhat,8.831324,-2.7968316,1.0091574
2919,True,2048,11,Covar NN,yhat,1.1470314,0.040501136,1.1455057
2920,True,2048,11,Covar NN,fxhat,7.711097,2.6158118,0.86871153
2921,True,2048,11,Covar NN,fzhat,7.3572297,-2.5809145,0.69617975
2922,True,2048,12,NN,yhat,1.1728053,0.07562882,1.1672024
2923,True,2048,12,NN,fxhat,9.329513,2.863286,1.1312196
2924,True,2048,12,NN,fzhat,8.767722,-2.7899196,0.98416895
2925,True,2048,12,Covar NN,yhat,1.1719005,0.024189372,1.1714326
2926,True,2048,12,Covar NN,fxhat,11.43532,3.1913986,1.2504185
2927,True,2048,12,Covar NN,fzhat,11.182594,-3.1694708,1.1371623
2928,True,2048,13,NN,yhat,1.1226778,-0.0069581335,1.1227417
2929,True,2048,13,NN,fxhat,9.001473,2.8019438,1.1507003
2930,True,2048,13,NN,fzhat,8.877566,-2.8047037,1.0113052
2931,True,2048,13,Covar NN,yhat,1.1350651,-0.020954758,1.1347395
2932,True,2048,13,Covar NN,fxhat,7.4615993,2.516677,1.1280496
2933,True,2048,13,Covar NN,fzhat,7.434247,-2.5334322,1.0160699
2934,True,2048,14,NN,yhat,1.1323763,0.010797241,1.132373
2935,True,2048,14,NN,fxhat,9.078067,2.8203778,1.1236466
2936,True,2048,14,NN,fzhat,8.8590145,-2.8053854,0.9889272
2937,True,2048,14,Covar NN,yhat,1.1403767,-0.02861979,1.1396717
2938,True,2048,14,Covar NN,fxhat,7.7064805,2.5709174,1.096974
2939,True,2048,14,Covar NN,fzhat,7.7554054,-2.595342,1.0197076
2940,True,2048,15,NN,yhat,1.1390692,0.021415187,1.1387244
2941,True,2048,15,NN,fxhat,9.1702,2.836813,1.1228045
2942,True,2048,15,NN,fzhat,8.870004,-2.8040965,1.0071471
2943,True,2048,15,Covar NN,yhat,1.1416063,-0.009847677,1.1416235
2944,True,2048,15,Covar NN,fxhat,4.632968,2.016721,0.5658597
2945,True,2048,15,Covar NN,fzhat,4.4957914,-2.015269,0.434526
2946,True,2048,16,NN,yhat,1.1391724,0.0038248496,1.1392716
2947,True,2048,16,NN,fxhat,9.108361,2.8131304,1.1947775
2948,True,2048,16,NN,fzhat,8.936197,-2.8133671,1.0212648
2949,True,2048,16,Covar NN,yhat,1.1280073,-0.0600546,1.1245131
2950,True,2048,16,Covar NN,fxhat,3.537589,1.7282094,0.55093646
2951,True,2048,16,Covar NN,fzhat,3.6347122,-1.7923266,0.42232004
2952,True,2048,17,NN,yhat,1.1261344,-0.03829339,1.1247804
2953,True,2048,17,NN,fxhat,8.744341,2.7692223,1.0758559
2954,True,2048,17,NN,fzhat,8.932377,-2.8204384,0.97760075
2955,True,2048,17,Covar NN,yhat,1.0977626,0.048760608,1.0954946
2956,True,2048,17,Covar NN,fxhat,7.923107,2.6578062,0.8592597
2957,True,2048,17,Covar NN,fzhat,7.553401,-2.6219695,0.678745
2958,True,2048,18,NN,yhat,1.1203198,0.02404781,1.1198535
2959,True,2048,18,NN,fxhat,8.980428,2.8040125,1.1180522
2960,True,2048,18,NN,fzhat,8.792785,-2.7933764,0.9899324
2961,True,2048,18,Covar NN,yhat,1.1087391,0.0012108966,1.1088486
2962,True,2048,18,Covar NN,fxhat,10.774688,3.061086,1.4045811
2963,True,2048,18,Covar NN,fzhat,10.759089,-3.0732875,1.3141241
2964,True,2048,19,NN,yhat,1.1758949,-0.04064658,1.17436
2965,True,2048,19,NN,fxhat,8.857868,2.789853,1.0746958
2966,True,2048,19,NN,fzhat,9.066832,-2.837879,1.0133764
2967,True,2048,19,Covar NN,yhat,1.157124,0.013790716,1.1570495
2968,True,2048,19,Covar NN,fxhat,11.641009,3.2217996,1.261143
2969,True,2048,19,Covar NN,fzhat,11.510449,-3.2153869,1.1718503
2970,True,2048,20,NN,yhat,1.1770307,0.01777785,1.1768323
2971,True,2048,20,NN,fxhat,8.961866,2.7926905,1.1628615
2972,True,2048,20,NN,fzhat,8.751932,-2.7859414,0.99056196
2973,True,2048,20,Covar NN,yhat,1.1768285,0.064546466,1.1727794
2974,True,2048,20,Covar NN,fxhat,2.2582128,1.3550963,0.42196897
2975,True,2048,20,Covar NN,fzhat,1.9446889,-1.3015772,0.25061083
2976,True,2048,21,NN,yhat,1.1602802,0.054172877,1.1574614
2977,True,2048,21,NN,fxhat,9.356309,2.8589787,1.1826671
2978,True,2048,21,NN,fzhat,8.834881,-2.8023171,0.9819963
2979,True,2048,21,Covar NN,yhat,1.1357816,-0.031727735,1.1348884
2980,True,2048,21,Covar NN,fxhat,4.0142035,1.8264812,0.6782377
2981,True,2048,21,Covar NN,fzhat,3.98885,-1.8557211,0.5452032
2982,True,2048,22,NN,yhat,1.1348842,-0.04329367,1.1331232
2983,True,2048,22,NN,fxhat,8.572405,2.7350748,1.0918796
2984,True,2048,22,NN,fzhat,8.728954,-2.7838151,0.97942597
2985,True,2048,22,Covar NN,yhat,1.1417916,-0.017465655,1.1416007
2986,True,2048,22,Covar NN,fxhat,6.394332,2.349955,0.872131
2987,True,2048,22,Covar NN,fzhat,6.3832064,-2.3728683,0.7527776
2988,True,2048,23,NN,yhat,1.1420985,-0.06176732,1.1383972
2989,True,2048,23,NN,fxhat,8.608638,2.7487555,1.0530893
2990,True,2048,23,NN,fzhat,8.919182,-2.8172686,0.9822786
2991,True,2048,23,Covar NN,yhat,1.1331888,0.024830198,1.1326857
2992,True,2048,23,Covar NN,fxhat,8.072263,2.6270337,1.1710747
2993,True,2048,23,Covar NN,fzhat,7.8237844,-2.6089504,1.0172626
2994,True,2048,24,NN,yhat,1.1727653,-0.0069315354,1.1728343
2995,True,2048,24,NN,fxhat,9.05368,2.7970574,1.230273
2996,True,2048,24,NN,fzhat,8.867001,-2.8023515,1.0139282
2997,True,2048,24,Covar NN,yhat,1.1870992,-0.0011630566,1.1872166
2998,True,2048,24,Covar NN,fxhat,6.99515,2.4665792,0.91122866
2999,True,2048,24,Covar NN,fzhat,6.7654405,-2.4661043,0.6838393
3000,True,4096,0,NN,yhat,1.2095155,0.017911818,1.2093155
3001,True,4096,0,NN,fxhat,9.101707,2.8051803,1.2327952
3002,True,4096,0,NN,fzhat,8.788356,-2.794011,0.98195565
3003,True,4096,0,Covar NN,yhat,1.1946193,-0.013848278,1.1945472
3004,True,4096,0,Covar NN,fxhat,13.974007,3.5088196,1.6623586
3005,True,4096,0,Covar NN,fzhat,13.912553,-3.5294096,1.4559644
3006,True,4096,1,NN,yhat,1.2260548,-0.0636637,1.2221239
3007,True,4096,1,NN,fxhat,8.942226,2.7831984,1.1961548
3008,True,4096,1,NN,fzhat,8.981529,-2.8275058,0.9868381
3009,True,4096,1,Covar NN,yhat,1.1992993,-0.032493908,1.1983632
3010,True,4096,1,Covar NN,fxhat,14.518389,3.5562277,1.8718203
3011,True,4096,1,Covar NN,fzhat,14.382854,-3.5693657,1.6426499
3012,True,4096,2,NN,yhat,1.2443607,-0.009638837,1.2443922
3013,True,4096,2,NN,fxhat,8.943841,2.7826116,1.2010344
3014,True,4096,2,NN,fzhat,8.902207,-2.8140707,0.9833115
3015,True,4096,2,Covar NN,yhat,1.2542063,-0.0038022809,1.2543173
3016,True,4096,2,Covar NN,fxhat,13.645677,3.4660077,1.6326315
3017,True,4096,2,Covar NN,fzhat,13.599585,-3.4916296,1.408245
3018,True,4096,3,NN,yhat,1.3631873,0.028436163,1.362515
3019,True,4096,3,NN,fxhat,9.395822,2.8374336,1.3449265
3020,True,4096,3,NN,fzhat,9.000547,-2.8260148,1.0142906
3021,True,4096,3,Covar NN,yhat,1.2370142,0.031400967,1.2361517
3022,True,4096,3,Covar NN,fxhat,6.9490685,2.462641,0.88455606
3023,True,4096,3,Covar NN,fzhat,6.684225,-2.4482553,0.69034046
3024,True,4096,4,NN,yhat,1.2162247,0.006909938,1.2162987
3025,True,4096,4,NN,fxhat,9.150166,2.824771,1.170954
3026,True,4096,4,NN,fzhat,8.9373865,-2.8185189,0.99343634
3027,True,4096,4,Covar NN,yhat,1.2752867,0.015666198,1.2751688
3028,True,4096,4,Covar NN,fxhat,8.520767,2.6868825,1.3015604
3029,True,4096,4,Covar NN,fzhat,8.202133,-2.6718736,1.0633318
3030,True,4096,5,NN,yhat,1.2699198,0.0024599992,1.2700408
3031,True,4096,5,NN,fxhat,9.07298,2.7899177,1.2894664
3032,True,4096,5,NN,fzhat,8.810618,-2.7952168,0.99748236
3033,True,4096,5,Covar NN,yhat,1.2311032,0.0123650255,1.2310735
3034,True,4096,5,Covar NN,fxhat,8.54313,2.6860266,1.3285218
3035,True,4096,5,Covar NN,fzhat,8.233846,-2.6814198,1.043937
3036,True,4096,6,NN,yhat,1.2144605,0.07597839,1.2088087
3037,True,4096,6,NN,fxhat,9.701596,2.9059243,1.2573261
3038,True,4096,6,NN,fzhat,8.990842,-2.831014,0.9763002
3039,True,4096,6,Covar NN,yhat,1.2186613,-0.027381672,1.2180333
3040,True,4096,6,Covar NN,fxhat,5.4362297,2.1590636,0.7747517
3041,True,4096,6,Covar NN,fzhat,5.3282595,-2.1875103,0.5431123
3042,True,4096,7,NN,yhat,1.2109907,0.010874215,1.2109935
3043,True,4096,7,NN,fxhat,9.25163,2.827723,1.2557381
3044,True,4096,7,NN,fzhat,8.914089,-2.8138123,0.9966496
3045,True,4096,7,Covar NN,yhat,1.2355503,0.030370831,1.2347515
3046,True,4096,7,Covar NN,fxhat,5.091138,2.0899112,0.723481
3047,True,4096,7,Covar NN,fzhat,4.708902,-2.056505,0.4797373
3048,True,4096,8,NN,yhat,1.2025803,-0.0070256544,1.2026513
3049,True,4096,8,NN,fxhat,9.296374,2.840225,1.2296187
3050,True,4096,8,NN,fzhat,9.05425,-2.8416278,0.9794988
3051,True,4096,8,Covar NN,yhat,1.1832787,0.0040002046,1.1833812
3052,True,4096,8,Covar NN,fxhat,4.4859595,1.968024,0.6129012
3053,True,4096,8,Covar NN,fzhat,4.216696,-1.9584,0.3814036
3054,True,4096,9,NN,yhat,1.2515342,0.018362323,1.2513223
3055,True,4096,9,NN,fxhat,9.424138,2.8642774,1.2201749
3056,True,4096,9,NN,fzhat,9.043571,-2.8314722,1.0264405
3057,True,4096,9,Covar NN,yhat,1.2317859,-0.008569816,1.2318357
3058,True,4096,9,Covar NN,fxhat,9.437067,2.8326335,1.4133965
3059,True,4096,9,Covar NN,fzhat,9.189784,-2.826759,1.1993375
3060,True,4096,10,NN,yhat,1.241501,0.026664212,1.2409141
3061,True,4096,10,NN,fxhat,9.292369,2.8396544,1.2288553
3062,True,4096,10,NN,fzhat,8.94887,-2.8171642,1.0125567
3063,True,4096,10,Covar NN,yhat,1.2711644,-0.026115002,1.2706095
3064,True,4096,10,Covar NN,fxhat,6.3281636,2.3311675,0.8939124
3065,True,4096,10,Covar NN,fzhat,6.2638535,-2.3614576,0.68744004
3066,True,4096,11,NN,yhat,1.2263411,0.015108304,1.2262355
3067,True,4096,11,NN,fxhat,9.267754,2.8233595,1.2965239
3068,True,4096,11,NN,fzhat,8.886903,-2.8081806,1.0011246
3069,True,4096,11,Covar NN,yhat,1.1745045,0.043282256,1.1727484
3070,True,4096,11,Covar NN,fxhat,15.832639,3.758879,1.7036366
3071,True,4096,11,Covar NN,fzhat,15.299064,-3.7155247,1.4940901
3072,True,4096,12,NN,yhat,1.2256626,0.00786935,1.2257233
3073,True,4096,12,NN,fxhat,9.122545,2.813625,1.2061801
3074,True,4096,12,NN,fzhat,8.888845,-2.8089416,0.99879247
3075,True,4096,12,Covar NN,yhat,1.2510378,0.013926907,1.2509692
3076,True,4096,12,Covar NN,fxhat,7.56839,2.5414793,1.109384
3077,True,4096,12,Covar NN,fzhat,7.2687435,-2.5307362,0.8642051
3078,True,4096,13,NN,yhat,1.2379526,-0.07563539,1.2323551
3079,True,4096,13,NN,fxhat,8.870664,2.7476609,1.3211548
3080,True,4096,13,NN,fzhat,8.957081,-2.8179343,1.0164295
3081,True,4096,13,Covar NN,yhat,1.2423496,-0.011436668,1.2423431
3082,True,4096,13,Covar NN,fxhat,18.41799,4.0176635,2.276598
3083,True,4096,13,Covar NN,fzhat,18.122057,-4.0237384,1.931782
3084,True,4096,14,NN,yhat,1.222898,-0.020919407,1.2225827
3085,True,4096,14,NN,fxhat,8.906333,2.783193,1.1602842
3086,True,4096,14,NN,fzhat,8.866598,-2.8082411,0.9804762
3087,True,4096,14,Covar NN,yhat,1.2384822,0.05197331,1.2359046
3088,True,4096,14,Covar NN,fxhat,11.575032,3.1920748,1.3858302
3089,True,4096,14,Covar NN,fzhat,11.068058,-3.1442301,1.1819942
3090,True,4096,15,NN,yhat,1.207965,-0.0036446399,1.2080727
3091,True,4096,15,NN,fxhat,9.227913,2.8269525,1.2363772
3092,True,4096,15,NN,fzhat,9.037555,-2.837057,0.98876053
3093,True,4096,15,Covar NN,yhat,1.2199627,0.0037267536,1.2200708
3094,True,4096,15,Covar NN,fxhat,10.163844,2.958174,1.4131929
3095,True,4096,15,Covar NN,fzhat,10.016628,-2.9609075,1.249781
3096,True,4096,16,NN,yhat,1.2625791,0.00828638,1.2626367
3097,True,4096,16,NN,fxhat,9.216365,2.8239925,1.2415535
3098,True,4096,16,NN,fzhat,8.921359,-2.8158634,0.99237275
3099,True,4096,16,Covar NN,yhat,1.2992538,-0.03378105,1.2982426
3100,True,4096,16,Covar NN,fxhat,7.899359,2.6226606,1.0211115
3101,True,4096,16,Covar NN,fzhat,7.8350344,-2.656599,0.77759326
3102,True,4096,17,NN,yhat,1.2532789,-0.03151491,1.252411
3103,True,4096,17,NN,fxhat,8.857007,2.7586048,1.2472335
3104,True,4096,17,NN,fzhat,8.731732,-2.779146,1.0081828
3105,True,4096,17,Covar NN,yhat,1.1785371,0.009667311,1.1785616
3106,True,4096,17,Covar NN,fxhat,7.671975,2.6026833,0.8981039
3107,True,4096,17,Covar NN,fzhat,7.348689,-2.5820436,0.68180835
3108,True,4096,18,NN,yhat,1.2307378,-0.05575356,1.2277521
3109,True,4096,18,NN,fxhat,8.621122,2.721514,1.2146049
3110,True,4096,18,NN,fzhat,8.8175535,-2.7909677,1.0281554
3111,True,4096,18,Covar NN,yhat,1.2519766,0.031778276,1.2510918
3112,True,4096,18,Covar NN,fxhat,9.93,2.907439,1.4769478
3113,True,4096,18,Covar NN,fzhat,9.5107155,-2.8893595,1.1624337
3114,True,4096,19,NN,yhat,1.20508,-0.0046962923,1.2051784
3115,True,4096,19,NN,fxhat,9.119295,2.8122888,1.2104462
3116,True,4096,19,NN,fzhat,8.936458,-2.8184822,0.99271435
3117,True,4096,19,Covar NN,yhat,1.2392623,0.006902105,1.2393385
3118,True,4096,19,Covar NN,fxhat,14.002778,3.5250833,1.5767239
3119,True,4096,19,Covar NN,fzhat,13.743644,-3.5196764,1.3556547
3120,True,4096,20,NN,yhat,1.2982082,0.019214384,1.2979689
3121,True,4096,20,NN,fxhat,9.046802,2.8010006,1.2013164
3122,True,4096,20,NN,fzhat,8.766504,-2.7893515,0.98612165
3123,True,4096,20,Covar NN,yhat,1.2853863,-0.010067576,1.2854135
3124,True,4096,20,Covar NN,fxhat,6.2248125,2.3059173,0.90764904
3125,True,4096,20,Covar NN,fzhat,6.0858283,-2.3235486,0.68701845
3126,True,4096,21,NN,yhat,1.2593328,-0.02723851,1.2587167
3127,True,4096,21,NN,fxhat,8.972485,2.789869,1.1892337
3128,True,4096,21,NN,fzhat,8.922597,-2.8157992,0.9939699
3129,True,4096,21,Covar NN,yhat,1.2257295,-0.010083428,1.2257503
3130,True,4096,21,Covar NN,fxhat,11.331633,3.1381648,1.4837024
3131,True,4096,21,Covar NN,fzhat,11.11758,-3.1469407,1.2144678
3132,True,4096,22,NN,yhat,1.2414,0.00425163,1.241506
3133,True,4096,22,NN,fxhat,9.153593,2.8130407,1.24052
3134,True,4096,22,NN,fzhat,8.870992,-2.8067036,0.9935064
3135,True,4096,22,Covar NN,yhat,1.2483264,0.007234332,1.2483989
3136,True,4096,22,Covar NN,fxhat,7.238913,2.495146,1.013261
3137,True,4096,22,Covar NN,fzhat,6.9875026,-2.4858274,0.808246
3138,True,4096,23,NN,yhat,1.249809,-0.016367786,1.249666
3139,True,4096,23,NN,fxhat,9.196759,2.8192246,1.2488556
3140,True,4096,23,NN,fzhat,8.957451,-2.8243403,0.9806502
3141,True,4096,23,Covar NN,yhat,1.2585247,-0.05569613,1.2555481
3142,True,4096,23,Covar NN,fxhat,4.5702357,1.9295557,0.8471356
3143,True,4096,23,Covar NN,fzhat,4.5023465,-1.974,0.60573167
3144,True,4096,24,NN,yhat,1.2123711,0.031624697,1.2114922
3145,True,4096,24,NN,fxhat,9.414339,2.8662195,1.1992449
3146,True,4096,24,NN,fzhat,9.002529,-2.8271782,1.0096945
3147,True,4096,24,Covar NN,yhat,1.2588263,-0.049059782,1.2565451
3148,True,4096,24,Covar NN,fxhat,4.8931684,2.0002568,0.89223063
3149,True,4096,24,Covar NN,fzhat,4.8576674,-2.041898,0.6883883
3150,True,8192,0,NN,yhat,1.3895549,-0.0074264724,1.3896387
3151,True,8192,0,NN,fxhat,9.286893,2.8149078,1.3633227
3152,True,8192,0,NN,fzhat,8.9690075,-2.827011,0.9771117
3153,True,8192,0,Covar NN,yhat,1.4066954,0.0006294273,1.4068358
3154,True,8192,0,Covar NN,fxhat,5.2203054,2.0467598,1.0311822
3155,True,8192,0,Covar NN,fzhat,4.846927,-2.0508094,0.64117163
3156,True,8192,1,NN,yhat,1.4767296,0.04269913,1.4750539
3157,True,8192,1,NN,fxhat,9.611101,2.8489099,1.494964
3158,True,8192,1,NN,fzhat,8.882939,-2.8060217,1.0092813
3159,True,8192,1,Covar NN,yhat,1.3909148,0.009912839,1.3909556
3160,True,8192,1,Covar NN,fxhat,9.415913,2.8427784,1.3346549
3161,True,8192,1,Covar NN,fzhat,8.918022,-2.8326793,0.8940393
3162,True,8192,2,NN,yhat,1.3258185,-0.022178903,1.3254591
3163,True,8192,2,NN,fxhat,9.235193,2.818358,1.2921809
3164,True,8192,2,NN,fzhat,9.013202,-2.8311586,0.9978417
3165,True,8192,2,Covar NN,yhat,1.4604086,-0.018871708,1.4601985
3166,True,8192,2,Covar NN,fxhat,11.086062,3.1106462,1.4100841
3167,True,8192,2,Covar NN,fzhat,10.7497225,-3.1201417,1.0145395
3168,True,8192,3,NN,yhat,1.4364976,-0.0141892275,1.4364399
3169,True,8192,3,NN,fxhat,9.164982,2.785984,1.4034148
3170,True,8192,3,NN,fzhat,8.8565035,-2.7978272,1.0287682
3171,True,8192,3,Covar NN,yhat,1.372203,-0.018387577,1.3720021
3172,True,8192,3,Covar NN,fxhat,9.045194,2.7676082,1.3856778
3173,True,8192,3,Covar NN,fzhat,8.784602,-2.7836487,1.0360056
3174,True,8192,4,NN,yhat,1.4185824,0.016141437,1.4184638
3175,True,8192,4,NN,fxhat,9.4315815,2.841351,1.3584406
3176,True,8192,4,NN,fzhat,8.946443,-2.8186672,1.0016577
3177,True,8192,4,Covar NN,yhat,1.4314021,0.010670241,1.4314313
3178,True,8192,4,Covar NN,fxhat,9.37055,2.861417,1.1829625
3179,True,8192,4,Covar NN,fzhat,8.951373,-2.8442028,0.8619703
3180,True,8192,5,NN,yhat,1.3862784,-0.012250508,1.386267
3181,True,8192,5,NN,fxhat,9.227794,2.7981017,1.3985608
3182,True,8192,5,NN,fzhat,8.890162,-2.8066444,1.0130111
3183,True,8192,5,Covar NN,yhat,1.5087265,-0.0062823594,1.5088378
3184,True,8192,5,Covar NN,fxhat,10.7931385,3.0367448,1.5714766
3185,True,8192,5,Covar NN,fzhat,10.307602,-3.039321,1.0702379
3186,True,8192,6,NN,yhat,1.403342,0.0017448249,1.4034792
3187,True,8192,6,NN,fxhat,9.356877,2.8220499,1.3930528
3188,True,8192,6,NN,fzhat,8.928919,-2.8176174,0.99005044
3189,True,8192,6,Covar NN,yhat,1.3695077,-0.0006102598,1.3696443
3190,True,8192,6,Covar NN,fxhat,7.223979,2.44675,1.2375174
3191,True,8192,6,Covar NN,fzhat,6.819359,-2.444674,0.8430117
3192,True,8192,7,NN,yhat,1.460786,-0.018820288,1.4605778
3193,True,8192,7,NN,fxhat,9.376461,2.811068,1.4745047
3194,True,8192,7,NN,fzhat,8.99282,-2.823662,1.0198554
3195,True,8192,7,Covar NN,yhat,1.423976,-0.012387683,1.423965
3196,True,8192,7,Covar NN,fxhat,12.13049,3.2491546,1.5736407
3197,True,8192,7,Covar NN,fzhat,11.755364,-3.255313,1.1584169
3198,True,8192,8,NN,yhat,1.3947556,0.0187764,1.3945425
3199,True,8192,8,NN,fxhat,9.400756,2.825285,1.4186624
3200,True,8192,8,NN,fzhat,8.930325,-2.8156748,1.0023991
3201,True,8192,8,Covar NN,yhat,1.4763509,0.0013952736,1.4764967
3202,True,8192,8,Covar NN,fxhat,7.5172687,2.4733047,1.4001728
3203,True,8192,8,Covar NN,fzhat,7.032285,-2.4810777,0.8766251
3204,True,8192,9,NN,yhat,1.3740672,-0.03163793,1.3732035
3205,True,8192,9,NN,fxhat,9.1546,2.7910304,1.3648844
3206,True,8192,9,NN,fzhat,8.924466,-2.8148859,1.0009851
3207,True,8192,9,Covar NN,yhat,1.487987,-0.012947192,1.4879681
3208,True,8192,9,Covar NN,fxhat,1.9918436,1.163039,0.63924783
3209,True,8192,9,Covar NN,fzhat,1.5235009,-1.1682024,0.15882005
3210,True,8192,10,NN,yhat,1.8062801,0.0062815426,1.8064212
3211,True,8192,10,NN,fxhat,9.82533,2.8506124,1.6995091
3212,True,8192,10,NN,fzhat,9.091403,-2.8498755,0.9697099
3213,True,8192,10,Covar NN,yhat,1.3876793,-0.011098062,1.3876948
3214,True,8192,10,Covar NN,fxhat,6.4961705,2.3619134,0.9176278
3215,True,8192,10,Covar NN,fzhat,6.183171,-2.3785582,0.5256847
3216,True,8192,11,NN,yhat,1.4599422,0.02431071,1.4594971
3217,True,8192,11,NN,fxhat,9.411682,2.8278732,1.4149581
3218,True,8192,11,NN,fzhat,8.867709,-2.802357,1.0146054
3219,True,8192,11,Covar NN,yhat,1.5292246,-0.0027640108,1.52937
3220,True,8192,11,Covar NN,fxhat,14.695264,3.5618086,2.0089843
3221,True,8192,11,Covar NN,fzhat,14.116356,-3.5633647,1.4189277
3222,True,8192,12,NN,yhat,1.3779992,-0.025573889,1.377483
3223,True,8192,12,NN,fxhat,9.2395315,2.791261,1.4485394
3224,True,8192,12,NN,fzhat,8.842054,-2.8000753,1.0017323
3225,True,8192,12,Covar NN,yhat,1.5417417,-0.0428494,1.5400596
3226,True,8192,12,Covar NN,fxhat,6.1422358,2.2009926,1.2979972
3227,True,8192,12,Covar NN,fzhat,5.6527014,-2.2270863,0.6928585
3228,True,8192,13,NN,yhat,1.3890004,0.021590035,1.3886731
3229,True,8192,13,NN,fxhat,9.461563,2.8412867,1.3887923
3230,True,8192,13,NN,fzhat,8.962518,-2.8252976,0.98030764
3231,True,8192,13,Covar NN,yhat,1.553586,0.0039186953,1.5537261
3232,True,8192,13,Covar NN,fxhat,6.114425,2.2166176,1.2011518
3233,True,8192,13,Covar NN,fzhat,5.571382,-2.2182984,0.6505992
3234,True,8192,14,NN,yhat,1.4662752,-0.012490709,1.4662658
3235,True,8192,14,NN,fxhat,9.278087,2.8083854,1.3911978
3236,True,8192,14,NN,fzhat,8.944704,-2.8236942,0.971552
3237,True,8192,14,Covar NN,yhat,1.3270324,-0.018420825,1.3268259
3238,True,8192,14,Covar NN,fxhat,14.796095,3.5788813,1.9879043
3239,True,8192,14,Covar NN,fzhat,14.5592785,-3.6001222,1.5985583
3240,True,8192,15,NN,yhat,1.4454877,-0.020406052,1.4452158
3241,True,8192,15,NN,fxhat,9.450371,2.820799,1.4936101
3242,True,8192,15,NN,fzhat,8.991176,-2.8273478,0.9973808
3243,True,8192,15,Covar NN,yhat,1.3503689,-0.0035101029,1.3504915
3244,True,8192,15,Covar NN,fxhat,2.9842758,1.5377736,0.61959
3245,True,8192,15,Covar NN,fzhat,2.6029482,-1.5274239,0.2699516
3246,True,8192,16,NN,yhat,1.3585191,0.0016139259,1.3586522
3247,True,8192,16,NN,fxhat,9.273535,2.8118806,1.3669996
3248,True,8192,16,NN,fzhat,8.918947,-2.8102713,1.0214247
3249,True,8192,16,Covar NN,yhat,1.4062492,-0.01506098,1.406163
3250,True,8192,16,Covar NN,fxhat,8.035485,2.5715778,1.4226154
3251,True,8192,16,Covar NN,fzhat,7.6380224,-2.5866427,0.9473962
3252,True,8192,17,NN,yhat,1.5458982,0.03025675,1.5451372
3253,True,8192,17,NN,fxhat,9.68749,2.8655212,1.4764264
3254,True,8192,17,NN,fzhat,9.021214,-2.8296864,1.0141903
3255,True,8192,17,Covar NN,yhat,1.4244866,-0.012349858,1.4244765
3256,True,8192,17,Covar NN,fxhat,4.7154183,1.9284701,0.9965208
3257,True,8192,17,Covar NN,fzhat,4.3138056,-1.9352397,0.5687091
3258,True,8192,18,NN,yhat,1.3500041,0.007669162,1.3500803
3259,True,8192,18,NN,fxhat,9.269951,2.8190312,1.3231461
3260,True,8192,18,NN,fzhat,8.919708,-2.8145978,0.997848
3261,True,8192,18,Covar NN,yhat,1.4213586,0.0033212467,1.4214897
3262,True,8192,18,Covar NN,fxhat,12.210172,3.1942194,2.0073376
3263,True,8192,18,Covar NN,fzhat,11.768054,-3.194134,1.5657189
3264,True,8192,19,NN,yhat,1.5262502,0.020421363,1.5259858
3265,True,8192,19,NN,fxhat,9.480009,2.823602,1.507432
3266,True,8192,19,NN,fzhat,8.944732,-2.8188167,0.9991039
3267,True,8192,19,Covar NN,yhat,1.4243,0.036245447,1.4231285
3268,True,8192,19,Covar NN,fxhat,7.979709,2.6134315,1.149801
3269,True,8192,19,Covar NN,fzhat,7.5207367,-2.5928235,0.7980845
3270,True,8192,20,NN,yhat,1.3881527,0.0112975985,1.3881639
3271,True,8192,20,NN,fxhat,9.335524,2.821321,1.3758101
3272,True,8192,20,NN,fzhat,8.921899,-2.8152523,0.9963515
3273,True,8192,20,Covar NN,yhat,1.4292145,-0.0024327599,1.4293516
3274,True,8192,20,Covar NN,fxhat,8.709112,2.736611,1.2201946
3275,True,8192,20,Covar NN,fzhat,8.31789,-2.7442763,0.7869158
3276,True,8192,21,NN,yhat,1.4720812,-0.028355839,1.4714242
3277,True,8192,21,NN,fxhat,9.178922,2.7982008,1.3491282
3278,True,8192,21,NN,fzhat,8.975629,-2.8209226,1.0181265
3279,True,8192,21,Covar NN,yhat,1.4683658,-0.015944984,1.4682583
3280,True,8192,21,Covar NN,fxhat,9.840074,2.8676972,1.6165469
3281,True,8192,21,Covar NN,fzhat,9.511117,-2.8780057,1.2283227
3282,True,8192,22,NN,yhat,1.3644924,-0.0045849252,1.3646078
3283,True,8192,22,NN,fxhat,9.313809,2.8168652,1.3792176
3284,True,8192,22,NN,fzhat,8.955787,-2.8233697,0.98446816
3285,True,8192,22,Covar NN,yhat,1.4287559,0.00088489533,1.428898
3286,True,8192,22,Covar NN,fxhat,8.852298,2.7324488,1.3861594
3287,True,8192,22,Covar NN,fzhat,8.455263,-2.7334833,0.9834317
3288,True,8192,23,NN,yhat,1.4564015,0.023345156,1.4560021
3289,True,8192,23,NN,fxhat,9.345256,2.8131888,1.4313684
3290,True,8192,23,NN,fzhat,8.886117,-2.8057914,1.0137519
3291,True,8192,23,Covar NN,yhat,1.4348599,0.030240772,1.4340887
3292,True,8192,23,Covar NN,fxhat,5.147142,2.075042,0.8414261
3293,True,8192,23,Covar NN,fzhat,4.74554,-2.06075,0.49890023
3294,True,8192,24,NN,yhat,1.3733329,0.016454438,1.3731992
3295,True,8192,24,NN,fxhat,9.336677,2.8211272,1.3780538
3296,True,8192,24,NN,fzhat,8.855903,-2.8042307,0.9922937
3297,True,8192,24,Covar NN,yhat,1.4146563,-0.008658617,1.4147228
3298,True,8192,24,Covar NN,fxhat,8.84255,2.7569458,1.2419229
3299,True,8192,24,Covar NN,fzhat,8.41936,-2.765161,0.7733205
3300,True,16384,0,NN,yhat,1.813509,0.018957837,1.813331
3301,True,16384,0,NN,fxhat,9.685707,2.816428,1.7536156
3302,True,16384,0,NN,fzhat,8.903639,-2.8087487,1.0146722
3303,True,16384,0,Covar NN,yhat,1.7266108,0.016956637,1.7264959
3304,True,16384,0,Covar NN,fxhat,9.05299,2.7461507,1.511796
3305,True,16384,0,Covar NN,fzhat,8.395276,-2.7404754,0.88515943
3306,True,16384,1,NN,yhat,1.907542,-0.0032357248,1.9077222
3307,True,16384,1,NN,fxhat,9.867512,2.8379312,1.8138394
3308,True,16384,1,NN,fzhat,9.027865,-2.8306653,1.0153015
3309,True,16384,1,Covar NN,yhat,1.8732717,-0.012857798,1.8732936
3310,True,16384,1,Covar NN,fxhat,14.000114,3.4232616,2.2816222
3311,True,16384,1,Covar NN,fzhat,13.326302,-3.4256155,1.5916178
3312,True,16384,2,NN,yhat,1.7390604,0.02373767,1.7386708
3313,True,16384,2,NN,fxhat,9.643913,2.8075528,1.7617378
3314,True,16384,2,NN,fzhat,8.828595,-2.800373,0.98660725
3315,True,16384,2,Covar NN,yhat,1.7562051,0.012699104,1.7562193
3316,True,16384,2,Covar NN,fxhat,17.465855,3.8828523,2.389553
3317,True,16384,2,Covar NN,fzhat,16.747534,-3.8867078,1.641201
3318,True,16384,3,NN,yhat,1.7453535,-0.016473843,1.7452565
3319,True,16384,3,NN,fxhat,9.767286,2.820112,1.8144367
3320,True,16384,3,NN,fzhat,8.971918,-2.8229952,1.0027163
3321,True,16384,3,Covar NN,yhat,1.6848059,0.0005735163,1.6849741
3322,True,16384,3,Covar NN,fxhat,16.79971,3.799153,2.3663812
3323,True,16384,3,Covar NN,fzhat,16.130491,-3.7849927,1.804501
3324,True,16384,4,NN,yhat,1.9431881,-0.032992803,1.9422939
3325,True,16384,4,NN,fxhat,9.776058,2.801095,1.9301181
3326,True,16384,4,NN,fzhat,8.940495,-2.8191373,0.9930593
3327,True,16384,4,Covar NN,yhat,2.0496383,0.008208197,2.0497758
3328,True,16384,4,Covar NN,fxhat,8.607874,2.5949411,1.8743423
3329,True,16384,4,Covar NN,fzhat,7.598203,-2.5717807,0.9842461
3330,True,16384,5,NN,yhat,1.6181711,-0.0028005699,1.618325
3331,True,16384,5,NN,fxhat,9.553027,2.8165476,1.6202484
3332,True,16384,5,NN,fzhat,8.935229,-2.8164368,1.0030141
3333,True,16384,5,Covar NN,yhat,1.9142491,0.012502833,1.9142841
3334,True,16384,5,Covar NN,fxhat,6.051539,2.1275947,1.5250324
3335,True,16384,5,Covar NN,fzhat,5.1985965,-2.112184,0.73734844
3336,True,16384,6,NN,yhat,1.7136445,-0.0105757145,1.7137041
3337,True,16384,6,NN,fxhat,9.579219,2.8014493,1.731273
3338,True,16384,6,NN,fzhat,8.853793,-2.8033278,0.995246
3339,True,16384,6,Covar NN,yhat,1.6068602,-0.0045801867,1.6069999
3340,True,16384,6,Covar NN,fxhat,5.9565396,2.211152,1.0674533
3341,True,16384,6,Covar NN,fzhat,5.3518343,-2.207033,0.4808883
3342,True,16384,7,NN,yhat,1.6200619,0.00011565151,1.6202239
3343,True,16384,7,NN,fxhat,9.668593,2.8388722,1.6095579
3344,True,16384,7,NN,fzhat,9.044076,-2.8346016,1.0092111
3345,True,16384,7,Covar NN,yhat,1.8425684,-0.0058694123,1.842718
3346,True,16384,7,Covar NN,fxhat,13.625174,3.386266,2.1585922
3347,True,16384,7,Covar NN,fzhat,12.855679,-3.3879805,1.3774036
3348,True,16384,8,NN,yhat,1.8242043,0.011929082,1.8242444
3349,True,16384,8,NN,fxhat,9.873853,2.8461943,1.7732075
3350,True,16384,8,NN,fzhat,9.031891,-2.831018,1.0173308
3351,True,16384,8,Covar NN,yhat,1.8181609,0.019423107,1.8179654
3352,True,16384,8,Covar NN,fxhat,15.5751295,3.6681914,2.1197128
3353,True,16384,8,Covar NN,fzhat,14.881635,-3.6455243,1.5919484
3354,True,16384,9,NN,yhat,2.0195124,0.031148542,2.0187442
3355,True,16384,9,NN,fxhat,9.84184,2.82063,1.8860762
3356,True,16384,9,NN,fzhat,8.808134,-2.7969203,0.9854703
3357,True,16384,9,Covar NN,yhat,2.0719316,-0.0043759416,2.0721197
3358,True,16384,9,Covar NN,fxhat,10.704595,2.9601486,1.9423075
3359,True,16384,9,Covar NN,fzhat,9.856806,-2.9719653,1.0243312
3360,True,16384,10,NN,yhat,1.981195,0.008639776,1.9813184
3361,True,16384,10,NN,fxhat,9.838222,2.8235214,1.8661374
3362,True,16384,10,NN,fzhat,8.881161,-2.8094382,0.9883151
3363,True,16384,10,Covar NN,yhat,1.857982,-0.011952396,1.858025
3364,True,16384,10,Covar NN,fxhat,17.58724,3.849752,2.766927
3365,True,16384,10,Covar NN,fzhat,16.811447,-3.8562648,1.940863
3366,True,16384,11,NN,yhat,1.7314768,-0.0053493422,1.7316211
3367,True,16384,11,NN,fxhat,9.552581,2.8030868,1.6954545
3368,True,16384,11,NN,fzhat,8.84923,-2.8019962,0.99814606
3369,True,16384,11,Covar NN,yhat,1.9197524,0.033042893,1.9188526
3370,True,16384,11,Covar NN,fxhat,3.9805453,1.6542238,1.2442132
3371,True,16384,11,Covar NN,fzhat,3.1091652,-1.6147408,0.5018277
3372,True,16384,12,NN,yhat,1.713836,-0.01887208,1.7136512
3373,True,16384,12,NN,fxhat,9.632416,2.821112,1.6739105
3374,True,16384,12,NN,fzhat,8.910469,-2.814208,0.99080217
3375,True,16384,12,Covar NN,yhat,1.8313612,-0.024821978,1.8309282
3376,True,16384,12,Covar NN,fxhat,15.10297,3.5622797,2.4133751
3377,True,16384,12,Covar NN,fzhat,14.229647,-3.5613275,1.5467515
3378,True,16384,13,NN,yhat,1.8626055,0.026551263,1.8620869
3379,True,16384,13,NN,fxhat,9.8545475,2.8362007,1.8106933
3380,True,16384,13,NN,fzhat,8.906909,-2.8117452,1.0011001
3381,True,16384,13,Covar NN,yhat,1.8542327,0.01608284,1.8541591
3382,True,16384,13,Covar NN,fxhat,6.041613,2.18002,1.289255
3383,True,16384,13,Covar NN,fzhat,5.2139387,-2.166035,0.5222839
3384,True,16384,14,NN,yhat,1.7657918,-0.012966423,1.7658001
3385,True,16384,14,NN,fxhat,9.691507,2.8264196,1.7030303
3386,True,16384,14,NN,fzhat,8.942804,-2.8208044,0.98596644
3387,True,16384,14,Covar NN,yhat,2.2105901,0.033109542,2.2097151
3388,True,16384,14,Covar NN,fxhat,5.053954,1.8995627,1.4457603
3389,True,16384,14,Covar NN,fzhat,3.8863986,-1.8478748,0.47180408
3390,True,16384,15,NN,yhat,1.8461957,-0.00070945226,1.8463799
3391,True,16384,15,NN,fxhat,9.781396,2.8196886,1.8309355
3392,True,16384,15,NN,fzhat,8.969504,-2.822944,1.0005915
3393,True,16384,15,Covar NN,yhat,1.6930112,0.022917919,1.6926551
3394,True,16384,15,Covar NN,fxhat,9.641195,2.7995093,1.8041222
3395,True,16384,15,Covar NN,fzhat,8.940369,-2.7791402,1.2168698
3396,True,16384,16,NN,yhat,1.7682217,0.02422665,1.7678114
3397,True,16384,16,NN,fxhat,9.843571,2.864549,1.6380935
3398,True,16384,16,NN,fzhat,9.010324,-2.835196,0.972084
3399,True,16384,16,Covar NN,yhat,1.8738794,-0.009385286,1.8739789
3400,True,16384,16,Covar NN,fxhat,8.442964,2.5930238,1.7193632
3401,True,16384,16,Covar NN,fzhat,7.644212,-2.597282,0.89842993
3402,True,16384,17,NN,yhat,1.8488213,-0.0072893747,1.8489529
3403,True,16384,17,NN,fxhat,9.843298,2.812097,1.9356004
3404,True,16384,17,NN,fzhat,8.9834795,-2.8232653,1.0127552
3405,True,16384,17,Covar NN,yhat,2.0077717,-0.0031391708,2.0079627
3406,True,16384,17,Covar NN,fxhat,8.709527,2.5817683,2.0442038
3407,True,16384,17,Covar NN,fzhat,7.6870127,-2.5887854,0.9853024
3408,True,16384,18,NN,yhat,1.8845239,0.0110119,1.8845912
3409,True,16384,18,NN,fxhat,9.720952,2.8105452,1.82197
3410,True,16384,18,NN,fzhat,8.858391,-2.8048382,0.99137187
3411,True,16384,18,Covar NN,yhat,1.8253137,0.018145548,1.8251671
3412,True,16384,18,Covar NN,fxhat,8.673022,2.662597,1.5837581
3413,True,16384,18,Covar NN,fzhat,7.798116,-2.6497586,0.7769745
3414,True,16384,19,NN,yhat,1.5826235,-0.0017155068,1.5827788
3415,True,16384,19,NN,fxhat,9.692753,2.8489716,1.5762707
3416,True,16384,19,NN,fzhat,9.058219,-2.8397655,0.9940513
3417,True,16384,19,Covar NN,yhat,1.9675277,0.0040473626,1.9677082
3418,True,16384,19,Covar NN,fxhat,16.489414,3.697002,2.821872
3419,True,16384,19,Covar NN,fzhat,15.429852,-3.6820316,1.8726809
3420,True,16384,20,NN,yhat,1.6930296,-0.023219949,1.6926596
3421,True,16384,20,NN,fxhat,9.556389,2.807368,1.6752441
3422,True,16384,20,NN,fzhat,8.936491,-2.8190875,0.9893364
3423,True,16384,20,Covar NN,yhat,1.844372,-0.04160221,1.8428255
3424,True,16384,20,Covar NN,fxhat,13.538499,3.3488915,2.323658
3425,True,16384,20,Covar NN,fzhat,12.80768,-3.3789895,1.3902507
3426,True,16384,21,NN,yhat,1.5525582,0.035555877,1.5514491
3427,True,16384,21,NN,fxhat,9.822229,2.8738656,1.5632839
3428,True,16384,21,NN,fzhat,9.113535,-2.8474889,1.0054425
3429,True,16384,21,Covar NN,yhat,1.8813269,0.0034973435,1.8815026
3430,True,16384,21,Covar NN,fxhat,11.031416,3.0195477,1.9139402
3431,True,16384,21,Covar NN,fzhat,10.191826,-3.0252259,1.0399392
3432,True,16384,22,NN,yhat,1.921707,-0.014184283,1.9216977
3433,True,16384,22,NN,fxhat,9.892303,2.8183992,1.9491253
3434,True,16384,22,NN,fzhat,8.937338,-2.8178265,0.99729073
3435,True,16384,22,Covar NN,yhat,1.8761758,-0.007275059,1.8763103
3436,True,16384,22,Covar NN,fxhat,8.103379,2.5833647,1.4297495
3437,True,16384,22,Covar NN,fzhat,7.4106655,-2.5758803,0.775584
3438,True,16384,23,NN,yhat,2.1054506,0.011419719,2.1055307
3439,True,16384,23,NN,fxhat,10.072883,2.8063269,2.197632
3440,True,16384,23,NN,fzhat,8.841191,-2.80422,0.97763956
3441,True,16384,23,Covar NN,yhat,1.6793746,0.007151561,1.6794914
3442,True,16384,23,Covar NN,fxhat,7.023832,2.3466535,1.5172005
3443,True,16384,23,Covar NN,fzhat,6.3279104,-2.3488111,0.811077
3444,True,16384,24,NN,yhat,1.7254283,0.0063871015,1.72556
3445,True,16384,24,NN,fxhat,9.786365,2.8399825,1.7210361
3446,True,16384,24,NN,fzhat,8.979117,-2.8235805,1.0066112
3447,True,16384,24,Covar NN,yhat,1.7651842,-0.0035331573,1.7653482
3448,True,16384,24,Covar NN,fxhat,8.10446,2.5608559,1.5466337
3449,True,16384,24,Covar NN,fzhat,7.394182,-2.5543766,0.8694294
3450,True,32768,0,NN,yhat,2.3115456,0.046999156,2.3095675
3451,True,32768,0,NN,fxhat,10.341844,2.8379648,2.2880297
3452,True,32768,0,NN,fzhat,8.906984,-2.8094883,1.0138612
3453,True,32768,0,Covar NN,yhat,3.9284167,0.06413402,3.9246962
3454,True,32768,0,Covar NN,fxhat,8.477739,2.2873232,3.246216
3455,True,32768,0,Covar NN,fzhat,5.7713923,-2.2417116,0.7461965
3456,True,32768,1,NN,yhat,2.5280054,-0.013778818,2.5280683
3457,True,32768,1,NN,fxhat,10.546696,2.827586,2.551707
3458,True,32768,1,NN,fzhat,8.999354,-2.8280985,1.0013129
3459,True,32768,1,Covar NN,yhat,3.1993837,-0.0029560027,3.1996949
3460,True,32768,1,Covar NN,fxhat,9.050823,2.5030105,2.7860405
3461,True,32768,1,Covar NN,fzhat,7.1199493,-2.4927063,0.9064557
3462,True,32768,2,NN,yhat,3.659608,0.020054692,3.659572
3463,True,32768,2,NN,fxhat,11.610281,2.8247082,3.631669
3464,True,32768,2,NN,fzhat,8.916527,-2.8125489,1.0061946
3465,True,32768,2,Covar NN,yhat,2.8281925,-0.012190916,2.8283267
3466,True,32768,2,Covar NN,fxhat,10.059128,2.7382061,2.5616105
3467,True,32768,2,Covar NN,fzhat,8.584035,-2.7582936,0.9759496
3468,True,32768,3,NN,yhat,2.7125056,-0.02853691,2.7119627
3469,True,32768,3,NN,fxhat,10.742283,2.7977448,2.9151995
3470,True,32768,3,NN,fzhat,8.958457,-2.8261273,0.97155875
3471,True,32768,3,Covar NN,yhat,5.5351152,0.013607048,5.5354834
3472,True,32768,3,Covar NN,fxhat,12.318144,2.6295054,5.4043865
3473,True,32768,3,Covar NN,fzhat,7.8649263,-2.6157491,1.0228838
3474,True,32768,4,NN,yhat,2.8037288,0.02056336,2.8035865
3475,True,32768,4,NN,fxhat,10.80974,2.81136,2.9062872
3476,True,32768,4,NN,fzhat,8.891686,-2.8084543,1.0043715
3477,True,32768,4,Covar NN,yhat,3.702258,0.032126192,3.7015965
3478,True,32768,4,Covar NN,fxhat,8.574815,2.315905,3.2117214
3479,True,32768,4,Covar NN,fzhat,6.0341845,-2.301438,0.73764026
3480,True,32768,5,NN,yhat,2.8200305,-0.028001914,2.8195283
3481,True,32768,5,NN,fxhat,10.558176,2.7760844,2.8518152
3482,True,32768,5,NN,fzhat,8.943359,-2.8150003,1.019236
3483,True,32768,5,Covar NN,yhat,3.0790994,0.049549196,3.076952
3484,True,32768,5,Covar NN,fxhat,14.132303,3.3555698,2.8727431
3485,True,32768,5,Covar NN,fzhat,12.2755575,-3.3169308,1.2736548
3486,True,32768,6,NN,yhat,2.9374216,0.0066951965,2.9376702
3487,True,32768,6,NN,fxhat,11.076515,2.8510349,2.9484084
3488,True,32768,6,NN,fzhat,9.123542,-2.846516,1.0209913
3489,True,32768,6,Covar NN,yhat,3.424629,0.01414963,3.4247713
3490,True,32768,6,Covar NN,fxhat,4.698711,1.4095045,2.7122788
3491,True,32768,6,Covar NN,fzhat,2.371183,-1.3975369,0.4181154
3492,True,32768,7,NN,yhat,5.152268,0.003400802,5.1527715
3493,True,32768,7,NN,fxhat,13.158223,2.842987,5.076156
3494,True,32768,7,NN,fzhat,9.046559,-2.8335528,1.01764
3495,True,32768,7,Covar NN,yhat,3.1245568,0.043628488,3.1229656
3496,True,32768,7,Covar NN,fxhat,5.571463,1.8455381,2.1656692
3497,True,32768,7,Covar NN,fzhat,3.6414175,-1.7958795,0.4162757
3498,True,32768,8,NN,yhat,2.9216356,-0.030415388,2.9210026
3499,True,32768,8,NN,fxhat,10.719465,2.7831178,2.9740176
3500,True,32768,8,NN,fzhat,8.868804,-2.8043683,1.0044214
3501,True,32768,8,Covar NN,yhat,2.8380542,-0.037854936,2.836905
3502,True,32768,8,Covar NN,fxhat,8.459381,2.4339967,2.5352955
3503,True,32768,8,Covar NN,fzhat,6.8134766,-2.4626932,0.7486938
3504,True,32768,9,NN,yhat,3.4855144,-0.006473793,3.485821
3505,True,32768,9,NN,fxhat,11.375839,2.814742,3.4534123
3506,True,32768,9,NN,fzhat,8.895975,-2.8134482,0.9805808
3507,True,32768,9,Covar NN,yhat,2.7609954,0.008107947,2.7612057
3508,True,32768,9,Covar NN,fxhat,6.757466,2.1142905,2.287471
3509,True,32768,9,Covar NN,fzhat,5.1622114,-2.0984182,0.75892925
3510,True,32768,10,NN,yhat,2.34636,-0.017104693,2.3463023
3511,True,32768,10,NN,fxhat,10.330302,2.816526,2.3977227
3512,True,32768,10,NN,fzhat,9.0468,-2.8357317,1.0055256
3513,True,32768,10,Covar NN,yhat,3.0471725,-0.022081135,3.0469897
3514,True,32768,10,Covar NN,fxhat,7.4608335,2.1696348,2.753794
3515,True,32768,10,Covar NN,fzhat,5.551006,-2.1938138,0.7382596
3516,True,32768,11,NN,yhat,2.892133,-0.02842593,2.891614
3517,True,32768,11,NN,fxhat,10.777093,2.808447,2.8900065
3518,True,32768,11,NN,fzhat,9.021882,-2.829154,1.0178719
3519,True,32768,11,Covar NN,yhat,4.04516,-0.03225798,4.0445237
3520,True,32768,11,Covar NN,fxhat,9.599281,2.407025,3.805893
3521,True,32768,11,Covar NN,fzhat,6.8108406,-2.4315593,0.8984492
3522,True,32768,12,NN,yhat,2.5568337,-0.0146838855,2.5568738
3523,True,32768,12,NN,fxhat,10.592365,2.8258991,2.6069186
3524,True,32768,12,NN,fzhat,8.966302,-2.8233507,0.9950909
3525,True,32768,12,Covar NN,yhat,3.128948,0.0011850311,3.1292593
3526,True,32768,12,Covar NN,fxhat,17.37948,3.74537,3.3520215
3527,True,32768,12,Covar NN,fzhat,15.60573,-3.7269535,1.7157189
3528,True,32768,13,NN,yhat,3.306678,-0.018621655,3.3066623
3529,True,32768,13,NN,fxhat,11.243679,2.7824194,3.5021725
3530,True,32768,13,NN,fzhat,8.895673,-2.8052235,1.0264953
3531,True,32768,13,Covar NN,yhat,4.9202447,0.031995796,4.9197125
3532,True,32768,13,Covar NN,fxhat,14.14373,3.0442913,4.8765087
3533,True,32768,13,Covar NN,fzhat,10.411372,-3.0164812,1.3123451
3534,True,32768,14,NN,yhat,2.5151417,0.020062316,2.514991
3535,True,32768,14,NN,fxhat,10.464339,2.825446,2.4814434
3536,True,32768,14,NN,fzhat,8.913283,-2.8134685,0.9977797
3537,True,32768,14,Covar NN,yhat,2.4301584,0.008885403,2.4303224
3538,True,32768,14,Covar NN,fxhat,13.70874,3.3336675,2.5956626
3539,True,32768,14,Covar NN,fzhat,12.476041,-3.3328712,1.3681479
3540,True,32768,15,NN,yhat,3.2145965,0.036207825,3.2136066
3541,True,32768,15,NN,fxhat,11.343738,2.8680804,3.1181633
3542,True,32768,15,NN,fzhat,9.029684,-2.8305807,1.0175991
3543,True,32768,15,Covar NN,yhat,2.7311184,-0.003043587,2.7313821
3544,True,32768,15,Covar NN,fxhat,4.9004197,1.7081437,1.9828627
3545,True,32768,15,Covar NN,fzhat,3.3380013,-1.7098912,0.41431466
3546,True,32768,16,NN,yhat,3.6301856,0.037878595,3.6291137
3547,True,32768,16,NN,fxhat,11.2986965,2.8291042,3.2951958
3548,True,32768,16,NN,fzhat,8.8164215,-2.7957597,1.0002495
3549,True,32768,16,Covar NN,yhat,4.393601,0.04559605,4.3919616
3550,True,32768,16,Covar NN,fxhat,13.997562,3.1073315,4.3424873
3551,True,32768,16,Covar NN,fzhat,10.96893,-3.0662704,1.5670741
3552,True,32768,17,NN,yhat,2.60275,0.009625708,2.6029174
3553,True,32768,17,NN,fxhat,10.711802,2.8412497,2.6393673
3554,True,32768,17,NN,fzhat,9.034078,-2.8271027,1.0416726
3555,True,32768,17,Covar NN,yhat,2.9681427,0.03893085,2.966924
3556,True,32768,17,Covar NN,fxhat,9.938846,2.683088,2.7401593
3557,True,32768,17,Covar NN,fzhat,7.991386,-2.639643,1.0237741
3558,True,32768,18,NN,yhat,2.6806226,0.02014448,2.6804852
3559,True,32768,18,NN,fxhat,10.637494,2.8398306,2.5731134
3560,True,32768,18,NN,fzhat,8.899768,-2.810194,1.0026772
3561,True,32768,18,Covar NN,yhat,2.656674,-0.0028103092,2.6569319
3562,True,32768,18,Covar NN,fxhat,6.515379,2.1177926,2.0305376
3563,True,32768,18,Covar NN,fzhat,5.123004,-2.1111066,0.6662995
3564,True,32768,19,NN,yhat,2.5156817,0.015751418,2.515685
3565,True,32768,19,NN,fxhat,10.438169,2.8307943,2.425014
3566,True,32768,19,NN,fzhat,8.944548,-2.8181052,1.0029311
3567,True,32768,19,Covar NN,yhat,2.9003847,0.043245565,2.8988047
3568,True,32768,19,Covar NN,fxhat,8.707178,2.4916172,2.4992716
3569,True,32768,19,Covar NN,fzhat,7.0098705,-2.4514306,1.0004588
3570,True,32768,20,NN,yhat,3.1620774,0.030902896,3.1614385
3571,True,32768,20,NN,fxhat,11.117624,2.8511515,2.9888587
3572,True,32768,20,NN,fzhat,8.920005,-2.8160515,0.98995745
3573,True,32768,20,Covar NN,yhat,3.4639227,-0.038038183,3.4628222
3574,True,32768,20,Covar NN,fxhat,13.541197,3.151733,3.6081367
3575,True,32768,20,Covar NN,fzhat,11.209245,-3.185577,1.06145
3576,True,32768,21,NN,yhat,2.921459,0.012161528,2.9216032
3577,True,32768,21,NN,fxhat,11.023318,2.8532066,2.8828182
3578,True,32768,21,NN,fzhat,9.002086,-2.8267498,1.0116717
3579,True,32768,21,Covar NN,yhat,4.102266,-0.011713748,4.1025386
3580,True,32768,21,Covar NN,fxhat,15.676703,3.37436,4.290826
3581,True,32768,21,Covar NN,fzhat,12.6135435,-3.3717847,1.2447348
3582,True,32768,22,NN,yhat,2.485961,0.020966113,2.4857697
3583,True,32768,22,NN,fxhat,10.416068,2.8314335,2.3992934
3584,True,32768,22,NN,fzhat,8.950597,-2.8210356,0.9924538
3585,True,32768,22,Covar NN,yhat,3.842134,0.059823576,3.8389385
3586,True,32768,22,Covar NN,fxhat,16.659937,3.569084,3.921969
3587,True,32768,22,Covar NN,fzhat,13.832911,-3.5198245,1.4438915
3588,True,32768,23,NN,yhat,2.7046595,0.024110291,2.7043483
3589,True,32768,23,NN,fxhat,10.728656,2.8351834,2.6906614
3590,True,32768,23,NN,fzhat,8.884597,-2.812361,0.9753199
3591,True,32768,23,Covar NN,yhat,2.7275982,0.0013129906,2.727869
3592,True,32768,23,Covar NN,fxhat,11.370355,2.9196465,2.846302
3593,True,32768,23,Covar NN,fzhat,9.788186,-2.919615,1.264163
3594,True,32768,24,NN,yhat,2.5886517,-0.047743145,2.5866308
3595,True,32768,24,NN,fxhat,10.440733,2.782697,2.6976018
3596,True,32768,24,NN,fzhat,8.951252,-2.8214645,0.9906889
3597,True,32768,24,Covar NN,yhat,3.1115649,-0.038972422,3.110357
3598,True,32768,24,Covar NN,fxhat,16.976128,3.6261976,3.827201
3599,True,32768,24,Covar NN,fzhat,15.1814575,-3.6561887,1.8139232
